Driver,Team,LapNumber,LapTime,Position,Stint,TyreLife,Compound,FreshTyre,TrackStatus,PitInTime,PitOutTime,IsAccurate,TrackTemp,AirTemp,Humidity,Rainfall,Year,StartingPosition
SIR,Williams,2.0,149.412,17.0,1,1.0,MEDIUM,True,4,,0 days 00:09:39.415000,False,35.0,16.0,52.9,True,2018,19.0
HAM,Mercedes,3.0,132.826,1.0,1,4.0,SOFT,False,4,,,False,35.6,16.3,51.0,True,2018,1.0
VET,Ferrari,3.0,133.906,2.0,1,5.0,SOFT,False,4,,,False,35.6,16.3,51.0,True,2018,3.0
BOT,Mercedes,3.0,132.648,3.0,2,5.0,SOFT,False,4,,,False,35.6,16.3,51.0,True,2018,2.0
RAI,Ferrari,3.0,133.153,4.0,3,5.0,SOFT,False,4,,,False,35.6,16.3,51.0,True,2018,4.0
VER,Red Bull Racing,3.0,133.094,5.0,4,5.0,SOFT,False,4,,,False,35.6,16.3,51.0,True,2018,5.0
RIC,Red Bull Racing,3.0,133.445,6.0,5,5.0,SOFT,False,4,,,False,35.6,16.3,51.0,True,2018,6.0
MAG,Haas F1 Team,3.0,133.292,7.0,5,6.0,SOFT,False,4,,,False,35.6,16.3,51.0,True,2018,7.0
SAI,Renault,3.0,133.005,8.0,6,6.0,SOFT,False,4,,,False,35.6,16.3,51.0,True,2018,9.0
LEC,Sauber,3.0,131.588,9.0,7,2.0,SOFT,True,4,,,False,35.6,16.3,51.0,True,2018,14.0
OCO,Force India,3.0,131.58,10.0,8,2.0,SOFT,True,4,,,False,35.6,16.3,51.0,True,2018,13.0
ALO,McLaren,3.0,132.147,11.0,8,5.0,SOFT,False,4,,,False,35.6,16.3,51.0,True,2018,8.0
STR,Williams,3.0,132.536,12.0,9,2.0,SOFT,True,4,,,False,35.6,16.3,51.0,True,2018,18.0
PER,Force India,3.0,132.716,13.0,10,2.0,SOFT,True,4,,,False,35.6,16.3,51.0,True,2018,15.0
VAN,McLaren,3.0,134.185,14.0,10,5.0,SOFT,False,4,,,False,35.6,16.3,51.0,True,2018,11.0
ERI,Sauber,3.0,134.154,15.0,11,2.0,MEDIUM,True,4,,,False,35.6,16.3,51.0,True,2018,17.0
HAR,Toro Rosso,3.0,135.104,16.0,12,2.0,MEDIUM,True,4,,,False,35.6,16.3,51.0,True,2018,20.0
SIR,Williams,3.0,134.646,17.0,13,2.0,MEDIUM,True,4,,,False,35.6,16.3,51.0,True,2018,19.0
HAM,Mercedes,4.0,128.778,1.0,13,5.0,SOFT,False,4,,,False,34.0,15.9,52.0,True,2018,1.0
VET,Ferrari,4.0,128.681,2.0,13,6.0,SOFT,False,4,,,False,34.0,15.9,52.0,True,2018,3.0
BOT,Mercedes,4.0,128.556,3.0,14,6.0,SOFT,False,4,,,False,34.0,15.9,52.0,True,2018,2.0
RAI,Ferrari,4.0,128.36,4.0,15,6.0,SOFT,False,4,,,False,34.0,15.9,52.0,True,2018,4.0
VER,Red Bull Racing,4.0,127.521,5.0,16,6.0,SOFT,False,4,,,False,34.0,15.9,52.0,True,2018,5.0
RIC,Red Bull Racing,4.0,128.545,6.0,17,6.0,SOFT,False,4,,,False,34.0,15.9,52.0,True,2018,6.0
MAG,Haas F1 Team,4.0,128.069,7.0,17,7.0,SOFT,False,4,,,False,34.0,15.9,52.0,True,2018,7.0
SAI,Renault,4.0,129.088,8.0,18,7.0,SOFT,False,4,,,False,34.0,15.9,52.0,True,2018,9.0
LEC,Sauber,4.0,129.653,9.0,19,3.0,SOFT,True,4,,,False,34.0,15.9,52.0,True,2018,14.0
OCO,Force India,4.0,130.739,10.0,20,3.0,SOFT,True,4,,,False,34.0,15.9,52.0,True,2018,13.0
ALO,McLaren,4.0,130.994,11.0,20,6.0,SOFT,False,4,,,False,34.0,15.9,52.0,True,2018,8.0
STR,Williams,4.0,132.029,12.0,21,3.0,SOFT,True,4,,,False,34.0,15.9,52.0,True,2018,18.0
PER,Force India,4.0,134.212,13.0,22,3.0,SOFT,True,4,,,False,34.0,15.9,52.0,True,2018,15.0
VAN,McLaren,4.0,133.553,14.0,22,6.0,SOFT,False,4,,,False,34.0,15.9,52.0,True,2018,11.0
ERI,Sauber,4.0,134.428,15.0,23,3.0,MEDIUM,True,4,,,False,34.0,15.9,52.0,True,2018,17.0
HAR,Toro Rosso,4.0,133.809,16.0,24,3.0,MEDIUM,True,4,,,False,34.0,15.9,52.0,True,2018,20.0
SIR,Williams,4.0,133.632,17.0,25,3.0,MEDIUM,True,4,,,False,34.0,15.9,52.0,True,2018,19.0
HAM,Mercedes,5.0,130.44,1.0,25,6.0,SOFT,False,4,,,False,35.6,16.0,52.6,True,2018,1.0
VET,Ferrari,5.0,129.827,2.0,25,7.0,SOFT,False,4,,,False,35.6,16.0,52.6,True,2018,3.0
BOT,Mercedes,5.0,130.238,3.0,26,7.0,SOFT,False,4,,,False,35.6,16.0,52.6,True,2018,2.0
RAI,Ferrari,5.0,130.206,4.0,27,7.0,SOFT,False,4,,,False,35.6,16.0,52.6,True,2018,4.0
VER,Red Bull Racing,5.0,131.713,5.0,28,7.0,SOFT,False,4,,,False,35.6,16.0,52.6,True,2018,5.0
RIC,Red Bull Racing,5.0,130.178,6.0,29,7.0,SOFT,False,4,,,False,35.6,16.0,52.6,True,2018,6.0
MAG,Haas F1 Team,5.0,130.421,7.0,29,8.0,SOFT,False,4,,,False,35.6,16.0,52.6,True,2018,7.0
SAI,Renault,5.0,129.964,8.0,30,8.0,SOFT,False,4,,,False,35.6,16.0,52.6,True,2018,9.0
LEC,Sauber,5.0,129.851,9.0,31,4.0,SOFT,True,4,,,False,35.6,16.0,52.6,True,2018,14.0
OCO,Force India,5.0,129.448,10.0,32,4.0,SOFT,True,4,,,False,35.6,16.0,52.6,True,2018,13.0
ALO,McLaren,5.0,129.899,11.0,32,7.0,SOFT,False,4,,,False,35.6,16.0,52.6,True,2018,8.0
STR,Williams,5.0,129.024,12.0,33,4.0,SOFT,True,4,,,False,35.6,16.0,52.6,True,2018,18.0
PER,Force India,5.0,127.474,13.0,34,4.0,SOFT,True,4,,,False,35.6,16.0,52.6,True,2018,15.0
VAN,McLaren,5.0,127.695,14.0,34,7.0,SOFT,False,4,,,False,35.6,16.0,52.6,True,2018,11.0
ERI,Sauber,5.0,126.527,15.0,35,4.0,MEDIUM,True,4,,,False,35.6,16.0,52.6,True,2018,17.0
HAR,Toro Rosso,5.0,126.671,16.0,36,4.0,MEDIUM,True,4,,,False,35.6,16.0,52.6,True,2018,20.0
SIR,Williams,5.0,127.41,17.0,37,4.0,MEDIUM,True,4,,,False,35.6,16.0,52.6,True,2018,19.0
HAM,Mercedes,6.0,133.88,1.0,37,7.0,SOFT,False,41,,,False,36.5,16.4,51.8,False,2018,1.0
VET,Ferrari,6.0,133.232,2.0,37,8.0,SOFT,False,41,,,False,36.5,16.4,51.8,False,2018,3.0
BOT,Mercedes,6.0,132.666,3.0,38,8.0,SOFT,False,41,,,False,36.5,16.4,51.8,False,2018,2.0
RAI,Ferrari,6.0,132.584,4.0,39,8.0,SOFT,False,41,,,False,36.5,16.4,51.8,False,2018,4.0
VER,Red Bull Racing,6.0,130.817,5.0,40,8.0,SOFT,False,41,,,False,36.5,16.4,51.8,False,2018,5.0
RIC,Red Bull Racing,6.0,130.561,6.0,41,8.0,SOFT,False,41,,,False,36.5,16.4,51.8,False,2018,6.0
MAG,Haas F1 Team,6.0,130.231,7.0,41,9.0,SOFT,False,41,,,False,36.5,16.4,51.8,False,2018,7.0
SAI,Renault,6.0,128.825,8.0,42,9.0,SOFT,False,41,,,False,36.5,16.4,51.8,False,2018,9.0
LEC,Sauber,6.0,127.708,9.0,43,5.0,SOFT,True,41,,,False,36.5,16.4,51.8,False,2018,14.0
OCO,Force India,6.0,126.196,10.0,44,5.0,SOFT,True,41,,,False,36.5,16.4,51.8,False,2018,13.0
ALO,McLaren,6.0,124.209,11.0,44,8.0,SOFT,False,41,,,False,36.5,16.4,51.8,False,2018,8.0
STR,Williams,6.0,123.498,12.0,45,5.0,SOFT,True,41,,,False,36.5,16.4,51.8,False,2018,18.0
PER,Force India,6.0,122.517,13.0,46,5.0,SOFT,True,41,,,False,36.5,16.4,51.8,False,2018,15.0
VAN,McLaren,6.0,121.285,14.0,46,8.0,SOFT,False,41,,,False,36.5,16.4,51.8,False,2018,11.0
ERI,Sauber,6.0,122.343,15.0,47,5.0,MEDIUM,True,41,,,False,36.5,16.4,51.8,False,2018,17.0
HAR,Toro Rosso,6.0,121.551,16.0,48,5.0,MEDIUM,True,41,,,False,36.5,16.4,51.8,False,2018,20.0
SIR,Williams,6.0,119.521,17.0,49,5.0,MEDIUM,True,41,,,False,36.5,16.4,51.8,False,2018,19.0
HAM,Mercedes,7.0,82.99,1.0,49,8.0,SOFT,False,1,,,True,36.7,16.4,50.3,False,2018,1.0
VET,Ferrari,7.0,83.604,2.0,49,9.0,SOFT,False,1,,,True,36.7,16.4,50.3,False,2018,3.0
BOT,Mercedes,7.0,83.984,3.0,50,9.0,SOFT,False,1,,,True,36.7,16.4,50.3,False,2018,2.0
RAI,Ferrari,7.0,84.405,4.0,51,9.0,SOFT,False,1,,,True,36.7,16.4,50.3,False,2018,4.0
VER,Red Bull Racing,7.0,85.139,5.0,52,9.0,SOFT,False,1,,,True,36.7,16.4,50.3,False,2018,5.0
RIC,Red Bull Racing,7.0,87.165,6.0,53,9.0,SOFT,False,1,,,True,36.7,16.4,50.3,False,2018,6.0
MAG,Haas F1 Team,7.0,87.167,7.0,53,10.0,SOFT,False,1,,,True,36.7,16.4,50.3,False,2018,7.0
SAI,Renault,7.0,87.436,8.0,54,10.0,SOFT,False,1,,,True,36.7,16.4,50.3,False,2018,9.0
LEC,Sauber,7.0,87.831,9.0,55,6.0,SOFT,True,1,,,True,36.7,16.4,50.3,False,2018,14.0
ALO,McLaren,7.0,87.75,10.0,55,9.0,SOFT,False,1,,,True,36.7,16.4,50.3,False,2018,8.0
OCO,Force India,7.0,88.685,11.0,56,6.0,SOFT,True,1,,,True,36.7,16.4,50.3,False,2018,13.0
STR,Williams,7.0,88.147,12.0,57,6.0,SOFT,True,1,,,True,36.7,16.4,50.3,False,2018,18.0
PER,Force India,7.0,88.147,13.0,58,6.0,SOFT,True,1,,,True,36.7,16.4,50.3,False,2018,15.0
VAN,McLaren,7.0,88.058,14.0,58,9.0,SOFT,False,1,,,True,36.7,16.4,50.3,False,2018,11.0
ERI,Sauber,7.0,88.655,15.0,59,6.0,MEDIUM,True,1,,,True,36.7,16.4,50.3,False,2018,17.0
SIR,Williams,7.0,89.102,16.0,60,6.0,MEDIUM,True,1,,,True,36.7,16.4,50.3,False,2018,19.0
HAR,Toro Rosso,7.0,90.479,17.0,61,6.0,MEDIUM,True,1,,,True,36.7,16.4,50.3,False,2018,20.0
HAM,Mercedes,8.0,81.631,1.0,61,9.0,SOFT,False,1,,,True,36.7,16.3,50.9,False,2018,1.0
VET,Ferrari,8.0,82.259,2.0,61,10.0,SOFT,False,1,,,True,36.7,16.3,50.9,False,2018,3.0
BOT,Mercedes,8.0,83.445,3.0,62,10.0,SOFT,False,1,,,True,36.7,16.3,50.9,False,2018,2.0
RAI,Ferrari,8.0,83.722,4.0,63,10.0,SOFT,False,1,,,True,36.7,16.3,50.9,False,2018,4.0
VER,Red Bull Racing,8.0,83.711,5.0,64,10.0,SOFT,False,1,,,True,36.7,16.3,50.9,False,2018,5.0
RIC,Red Bull Racing,8.0,83.567,6.0,65,10.0,SOFT,False,1,,,True,36.7,16.3,50.9,False,2018,6.0
MAG,Haas F1 Team,8.0,85.039,7.0,65,11.0,SOFT,False,1,,,True,36.7,16.3,50.9,False,2018,7.0
SAI,Renault,8.0,85.558,8.0,66,11.0,SOFT,False,1,,,True,36.7,16.3,50.9,False,2018,9.0
LEC,Sauber,8.0,85.76,9.0,67,7.0,SOFT,True,1,,,True,36.7,16.3,50.9,False,2018,14.0
ALO,McLaren,8.0,86.062,10.0,67,10.0,SOFT,False,1,,,True,36.7,16.3,50.9,False,2018,8.0
OCO,Force India,8.0,85.963,11.0,68,7.0,SOFT,True,1,,,True,36.7,16.3,50.9,False,2018,13.0
STR,Williams,8.0,86.534,12.0,69,7.0,SOFT,True,1,,,True,36.7,16.3,50.9,False,2018,18.0
PER,Force India,8.0,86.857,13.0,70,7.0,SOFT,True,1,,,True,36.7,16.3,50.9,False,2018,15.0
VAN,McLaren,8.0,87.011,14.0,70,10.0,SOFT,False,1,,,True,36.7,16.3,50.9,False,2018,11.0
ERI,Sauber,8.0,86.03,15.0,71,7.0,MEDIUM,True,1,,,True,36.7,16.3,50.9,False,2018,17.0
SIR,Williams,8.0,86.472,16.0,72,7.0,MEDIUM,True,1,,,True,36.7,16.3,50.9,False,2018,19.0
HAR,Toro Rosso,8.0,86.554,17.0,73,7.0,MEDIUM,True,1,,,True,36.7,16.3,50.9,False,2018,20.0
HAM,Mercedes,9.0,81.386,1.0,73,10.0,SOFT,False,1,,,True,36.5,16.5,51.0,True,2018,1.0
VET,Ferrari,9.0,82.475,2.0,73,11.0,SOFT,False,1,,,True,36.5,16.5,51.0,True,2018,3.0
BOT,Mercedes,9.0,82.313,3.0,74,11.0,SOFT,False,1,,,True,36.5,16.5,51.0,True,2018,2.0
RAI,Ferrari,9.0,82.777,4.0,75,11.0,SOFT,False,1,,,True,36.5,16.5,51.0,True,2018,4.0
VER,Red Bull Racing,9.0,83.025,5.0,76,11.0,SOFT,False,1,,,True,36.5,16.5,51.0,True,2018,5.0
RIC,Red Bull Racing,9.0,82.746,6.0,77,11.0,SOFT,False,1,,,True,36.5,16.5,51.0,True,2018,6.0
MAG,Haas F1 Team,9.0,83.739,7.0,77,12.0,SOFT,False,1,,,True,35.4,16.3,51.4,True,2018,7.0
SAI,Renault,9.0,84.454,8.0,78,12.0,SOFT,False,1,,,True,35.4,16.3,51.4,True,2018,9.0
LEC,Sauber,9.0,84.833,9.0,79,8.0,SOFT,True,1,,,True,35.4,16.3,51.4,True,2018,14.0
ALO,McLaren,9.0,84.922,10.0,79,11.0,SOFT,False,1,,,True,35.4,16.3,51.4,True,2018,8.0
OCO,Force India,9.0,85.174,11.0,80,8.0,SOFT,True,1,,,True,35.4,16.3,51.4,True,2018,13.0
STR,Williams,9.0,85.309,12.0,81,8.0,SOFT,True,1,,,True,35.4,16.3,51.4,True,2018,18.0
PER,Force India,9.0,85.64,13.0,82,8.0,SOFT,True,1,,,True,35.4,16.3,51.4,True,2018,15.0
VAN,McLaren,9.0,85.502,14.0,82,11.0,SOFT,False,1,,,True,35.4,16.3,51.4,True,2018,11.0
ERI,Sauber,9.0,85.466,15.0,83,8.0,MEDIUM,True,1,,,True,35.4,16.3,51.4,True,2018,17.0
SIR,Williams,9.0,85.775,16.0,84,8.0,MEDIUM,True,1,,,True,35.4,16.3,51.4,True,2018,19.0
HAR,Toro Rosso,9.0,85.665,17.0,85,8.0,MEDIUM,True,1,,,True,35.4,16.3,51.4,True,2018,20.0
HAM,Mercedes,10.0,81.79,1.0,85,11.0,SOFT,False,1,,,True,35.1,16.2,51.0,True,2018,1.0
VET,Ferrari,10.0,82.536,2.0,85,12.0,SOFT,False,1,,,True,35.1,16.2,51.0,True,2018,3.0
BOT,Mercedes,10.0,82.221,3.0,86,12.0,SOFT,False,1,,,True,35.1,16.2,51.0,True,2018,2.0
RAI,Ferrari,10.0,82.723,4.0,87,12.0,SOFT,False,1,,,True,35.1,16.2,51.0,True,2018,4.0
VER,Red Bull Racing,10.0,83.065,5.0,88,12.0,SOFT,False,1,,,True,35.1,16.2,51.0,True,2018,5.0
RIC,Red Bull Racing,10.0,82.555,6.0,89,12.0,SOFT,False,1,,,True,35.1,16.2,51.0,True,2018,6.0
MAG,Haas F1 Team,10.0,83.548,7.0,89,13.0,SOFT,False,1,,,True,35.1,16.2,51.0,True,2018,7.0
SAI,Renault,10.0,84.117,8.0,90,13.0,SOFT,False,1,,,True,35.1,16.2,51.0,True,2018,9.0
LEC,Sauber,10.0,84.277,9.0,91,9.0,SOFT,True,1,,,True,35.1,16.2,51.0,True,2018,14.0
ALO,McLaren,10.0,84.535,10.0,91,12.0,SOFT,False,1,,,True,35.1,16.2,51.0,True,2018,8.0
OCO,Force India,10.0,84.671,11.0,92,9.0,SOFT,True,1,,,True,35.1,16.2,51.0,True,2018,13.0
STR,Williams,10.0,84.972,12.0,93,9.0,SOFT,True,1,,,True,35.1,16.2,51.0,True,2018,18.0
PER,Force India,10.0,84.712,13.0,94,9.0,SOFT,True,1,,,True,35.1,16.2,51.0,True,2018,15.0
VAN,McLaren,10.0,84.876,14.0,94,12.0,SOFT,False,1,,,True,35.1,16.2,51.0,True,2018,11.0
ERI,Sauber,10.0,85.13,15.0,95,9.0,MEDIUM,True,1,,,True,35.1,16.2,51.0,True,2018,17.0
SIR,Williams,10.0,85.334,16.0,96,9.0,MEDIUM,True,1,,,True,35.1,16.2,51.0,True,2018,19.0
HAR,Toro Rosso,10.0,85.523,17.0,97,9.0,MEDIUM,True,1,,,True,35.1,16.2,51.0,True,2018,20.0
HAM,Mercedes,11.0,81.808,1.0,97,12.0,SOFT,False,1,,,True,35.1,16.2,51.4,True,2018,1.0
VET,Ferrari,11.0,82.3,2.0,97,13.0,SOFT,False,1,,,True,35.1,16.2,51.4,True,2018,3.0
BOT,Mercedes,11.0,82.244,3.0,98,13.0,SOFT,False,1,,,True,35.1,16.2,51.4,True,2018,2.0
RAI,Ferrari,11.0,82.73,4.0,99,13.0,SOFT,False,1,,,True,35.1,16.2,51.4,True,2018,4.0
VER,Red Bull Racing,11.0,82.627,5.0,100,13.0,SOFT,False,1,,,True,35.1,16.2,51.4,True,2018,5.0
RIC,Red Bull Racing,11.0,82.573,6.0,101,13.0,SOFT,False,1,,,True,35.1,16.2,51.4,True,2018,6.0
MAG,Haas F1 Team,11.0,83.431,7.0,101,14.0,SOFT,False,1,,,True,35.1,16.2,51.4,True,2018,7.0
SAI,Renault,11.0,83.756,8.0,102,14.0,SOFT,False,1,,,True,35.1,16.2,51.4,True,2018,9.0
LEC,Sauber,11.0,84.289,9.0,103,10.0,SOFT,True,1,,,True,35.1,16.2,51.4,True,2018,14.0
ALO,McLaren,11.0,84.695,10.0,103,13.0,SOFT,False,1,,,True,35.1,16.2,51.4,True,2018,8.0
OCO,Force India,11.0,84.377,11.0,104,10.0,SOFT,True,1,,,True,35.1,16.2,51.4,True,2018,13.0
STR,Williams,11.0,85.053,12.0,105,10.0,SOFT,True,1,,,True,35.1,16.2,51.4,True,2018,18.0
PER,Force India,11.0,84.841,13.0,106,10.0,SOFT,True,1,,,True,35.1,16.2,51.4,True,2018,15.0
VAN,McLaren,11.0,84.756,14.0,106,13.0,SOFT,False,1,,,True,35.1,16.2,51.4,True,2018,11.0
ERI,Sauber,11.0,85.028,15.0,107,10.0,MEDIUM,True,1,,,True,35.7,16.4,52.4,True,2018,17.0
SIR,Williams,11.0,85.426,16.0,108,10.0,MEDIUM,True,1,,,True,35.7,16.4,52.4,True,2018,19.0
HAR,Toro Rosso,11.0,85.151,17.0,109,10.0,MEDIUM,True,1,,,True,35.7,16.4,52.4,True,2018,20.0
HAM,Mercedes,12.0,81.81,1.0,109,13.0,SOFT,False,1,,,True,35.7,16.4,52.4,True,2018,1.0
VET,Ferrari,12.0,82.875,2.0,109,14.0,SOFT,False,1,,,True,35.7,16.4,52.4,True,2018,3.0
BOT,Mercedes,12.0,82.603,3.0,110,14.0,SOFT,False,1,,,True,35.7,16.4,52.4,True,2018,2.0
RAI,Ferrari,12.0,82.641,4.0,111,14.0,SOFT,False,1,,,True,36.3,16.6,50.7,True,2018,4.0
VER,Red Bull Racing,12.0,82.552,5.0,112,14.0,SOFT,False,1,,,True,36.3,16.6,50.7,True,2018,5.0
RIC,Red Bull Racing,12.0,82.345,6.0,113,14.0,SOFT,False,1,,,True,36.3,16.6,50.7,True,2018,6.0
MAG,Haas F1 Team,12.0,83.576,7.0,113,15.0,SOFT,False,1,,,True,36.3,16.6,50.7,True,2018,7.0
SAI,Renault,12.0,83.885,8.0,114,15.0,SOFT,False,1,,,True,36.3,16.6,50.7,True,2018,9.0
LEC,Sauber,12.0,84.2,9.0,115,11.0,SOFT,True,1,,,True,36.3,16.6,50.7,True,2018,14.0
ALO,McLaren,12.0,84.516,10.0,115,14.0,SOFT,False,1,,,True,36.3,16.6,50.7,True,2018,8.0
OCO,Force India,12.0,84.629,11.0,116,11.0,SOFT,True,1,,,True,36.3,16.6,50.7,True,2018,13.0
STR,Williams,12.0,84.877,12.0,117,11.0,SOFT,True,1,,,True,36.3,16.6,50.7,True,2018,18.0
PER,Force India,12.0,85.057,13.0,118,11.0,SOFT,True,1,,,True,36.3,16.6,50.7,True,2018,15.0
VAN,McLaren,12.0,85.283,14.0,118,14.0,SOFT,False,1,,,True,36.3,16.6,50.7,True,2018,11.0
ERI,Sauber,12.0,84.873,15.0,119,11.0,MEDIUM,True,1,,,True,36.3,16.6,50.7,True,2018,17.0
SIR,Williams,12.0,85.139,16.0,120,11.0,MEDIUM,True,1,,,True,36.3,16.6,50.7,True,2018,19.0
HAR,Toro Rosso,12.0,84.969,17.0,121,11.0,MEDIUM,True,1,,,True,36.3,16.6,50.7,True,2018,20.0
HAM,Mercedes,13.0,81.936,1.0,121,14.0,SOFT,False,1,,,True,35.8,16.5,50.2,True,2018,1.0
VET,Ferrari,13.0,82.32,2.0,121,15.0,SOFT,False,1,,,True,35.8,16.5,50.2,True,2018,3.0
BOT,Mercedes,13.0,82.41,3.0,122,15.0,SOFT,False,1,,,True,35.8,16.5,50.2,True,2018,2.0
RAI,Ferrari,13.0,82.644,4.0,123,15.0,SOFT,False,1,,,True,35.8,16.5,50.2,True,2018,4.0
VER,Red Bull Racing,13.0,82.611,5.0,124,15.0,SOFT,False,1,,,True,35.8,16.5,50.2,True,2018,5.0
RIC,Red Bull Racing,13.0,82.243,6.0,125,15.0,SOFT,False,1,,,True,35.8,16.5,50.2,True,2018,6.0
MAG,Haas F1 Team,13.0,83.564,7.0,125,16.0,SOFT,False,1,,,True,35.8,16.5,50.2,True,2018,7.0
SAI,Renault,13.0,83.631,8.0,126,16.0,SOFT,False,1,,,True,35.8,16.5,50.2,True,2018,9.0
LEC,Sauber,13.0,84.335,9.0,127,12.0,SOFT,True,1,,,True,35.8,16.5,50.2,True,2018,14.0
ALO,McLaren,13.0,84.236,10.0,127,15.0,SOFT,False,1,,,True,35.8,16.5,50.2,True,2018,8.0
OCO,Force India,13.0,84.525,11.0,128,12.0,SOFT,True,1,,,True,35.8,16.5,50.2,True,2018,13.0
STR,Williams,13.0,84.635,12.0,129,12.0,SOFT,True,1,,,True,35.8,16.5,50.2,True,2018,18.0
PER,Force India,13.0,84.648,13.0,130,12.0,SOFT,True,1,,,True,35.8,16.5,50.2,True,2018,15.0
VAN,McLaren,13.0,84.589,14.0,130,15.0,SOFT,False,1,,,True,35.8,16.5,50.2,True,2018,11.0
ERI,Sauber,13.0,85.15,15.0,131,12.0,MEDIUM,True,1,,,True,35.8,16.5,50.2,True,2018,17.0
SIR,Williams,13.0,84.989,16.0,132,12.0,MEDIUM,True,1,,,True,35.8,16.5,50.2,True,2018,19.0
HAR,Toro Rosso,13.0,85.515,17.0,133,12.0,MEDIUM,True,1,,,True,35.8,16.5,50.2,True,2018,20.0
HAM,Mercedes,14.0,81.574,1.0,133,15.0,SOFT,False,1,,,True,33.4,16.4,51.8,True,2018,1.0
VET,Ferrari,14.0,82.162,2.0,133,16.0,SOFT,False,1,,,True,33.4,16.4,51.8,True,2018,3.0
BOT,Mercedes,14.0,82.372,3.0,134,16.0,SOFT,False,1,,,True,33.4,16.4,51.8,True,2018,2.0
RAI,Ferrari,14.0,82.27,4.0,135,16.0,SOFT,False,1,,,True,33.4,16.4,51.8,True,2018,4.0
VER,Red Bull Racing,14.0,82.357,5.0,136,16.0,SOFT,False,1,,,True,33.4,16.4,51.8,True,2018,5.0
RIC,Red Bull Racing,14.0,82.595,6.0,137,16.0,SOFT,False,1,,,True,33.4,16.4,51.8,True,2018,6.0
MAG,Haas F1 Team,14.0,83.467,7.0,137,17.0,SOFT,False,1,,,True,33.4,16.4,51.8,True,2018,7.0
SAI,Renault,14.0,83.876,8.0,138,17.0,SOFT,False,1,,,True,33.2,16.4,51.8,True,2018,9.0
LEC,Sauber,14.0,83.958,9.0,139,13.0,SOFT,True,1,,,True,33.2,16.4,51.8,True,2018,14.0
ALO,McLaren,14.0,84.744,10.0,139,16.0,SOFT,False,1,,,True,33.2,16.4,51.8,True,2018,8.0
OCO,Force India,14.0,84.685,11.0,140,13.0,SOFT,True,1,,,True,33.2,16.4,51.8,True,2018,13.0
STR,Williams,14.0,84.703,12.0,141,13.0,SOFT,True,1,,,True,33.2,16.4,51.8,True,2018,18.0
PER,Force India,14.0,84.72,13.0,142,13.0,SOFT,True,1,,,True,33.2,16.4,51.8,True,2018,15.0
VAN,McLaren,14.0,84.713,14.0,142,16.0,SOFT,False,1,,,True,33.2,16.4,51.8,True,2018,11.0
ERI,Sauber,14.0,84.722,15.0,143,13.0,MEDIUM,True,1,,,True,33.2,16.4,51.8,True,2018,17.0
SIR,Williams,14.0,85.104,16.0,144,13.0,MEDIUM,True,1,,,True,33.2,16.4,51.8,True,2018,19.0
HAR,Toro Rosso,14.0,85.89,17.0,145,13.0,MEDIUM,True,1,,,True,33.2,16.4,51.8,True,2018,20.0
HAM,Mercedes,15.0,81.778,1.0,145,16.0,SOFT,False,1,,,True,33.2,16.4,51.8,True,2018,1.0
VET,Ferrari,15.0,82.231,2.0,145,17.0,SOFT,False,1,,,True,32.6,16.2,51.6,True,2018,3.0
BOT,Mercedes,15.0,82.336,3.0,146,17.0,SOFT,False,1,,,True,32.6,16.2,51.6,True,2018,2.0
RAI,Ferrari,15.0,82.25,4.0,147,17.0,SOFT,False,1,,,True,32.6,16.2,51.6,True,2018,4.0
VER,Red Bull Racing,15.0,82.242,5.0,148,17.0,SOFT,False,1,,,True,32.6,16.2,51.6,True,2018,5.0
RIC,Red Bull Racing,15.0,82.454,6.0,149,17.0,SOFT,False,1,,,True,32.6,16.2,51.6,True,2018,6.0
MAG,Haas F1 Team,15.0,83.604,7.0,149,18.0,SOFT,False,1,,,True,32.6,16.2,51.6,True,2018,7.0
SAI,Renault,15.0,83.519,8.0,150,18.0,SOFT,False,1,,,True,32.6,16.2,51.6,True,2018,9.0
LEC,Sauber,15.0,84.055,9.0,151,14.0,SOFT,True,1,,,True,32.6,16.2,51.6,True,2018,14.0
ALO,McLaren,15.0,84.22,10.0,151,17.0,SOFT,False,1,,,True,32.6,16.2,51.6,True,2018,8.0
OCO,Force India,15.0,84.527,11.0,152,14.0,SOFT,True,1,,,True,32.6,16.2,51.6,True,2018,13.0
STR,Williams,15.0,84.549,12.0,153,14.0,SOFT,True,1,,,True,32.6,16.2,51.6,True,2018,18.0
PER,Force India,15.0,85.258,13.0,154,14.0,SOFT,True,1,,,True,32.6,16.2,51.6,True,2018,15.0
VAN,McLaren,15.0,84.938,14.0,154,17.0,SOFT,False,1,,,True,32.6,16.2,51.6,True,2018,11.0
ERI,Sauber,15.0,84.611,15.0,155,14.0,MEDIUM,True,1,,,True,32.6,16.2,51.6,True,2018,17.0
SIR,Williams,15.0,84.519,16.0,156,14.0,MEDIUM,True,1,,,True,32.6,16.2,51.6,True,2018,19.0
HAR,Toro Rosso,15.0,84.707,17.0,157,14.0,MEDIUM,True,1,,,True,32.6,16.2,51.6,True,2018,20.0
HAM,Mercedes,16.0,81.562,1.0,157,17.0,SOFT,False,1,,,True,32.5,16.1,51.2,True,2018,1.0
VET,Ferrari,16.0,82.043,2.0,157,18.0,SOFT,False,1,,,True,32.5,16.1,51.2,True,2018,3.0
BOT,Mercedes,16.0,81.936,3.0,158,18.0,SOFT,False,1,,,True,32.5,16.1,51.2,True,2018,2.0
RAI,Ferrari,16.0,82.248,4.0,159,18.0,SOFT,False,1,,,True,32.5,16.1,51.2,True,2018,4.0
VER,Red Bull Racing,16.0,82.104,5.0,160,18.0,SOFT,False,1,,,True,32.5,16.1,51.2,True,2018,5.0
RIC,Red Bull Racing,16.0,82.368,6.0,161,18.0,SOFT,False,1,,,True,32.5,16.1,51.2,True,2018,6.0
MAG,Haas F1 Team,16.0,83.363,7.0,161,19.0,SOFT,False,1,,,True,32.5,16.1,51.2,True,2018,7.0
SAI,Renault,16.0,83.464,8.0,162,19.0,SOFT,False,1,,,True,32.5,16.1,51.2,True,2018,9.0
LEC,Sauber,16.0,83.736,9.0,163,15.0,SOFT,True,1,,,True,32.5,16.1,51.2,True,2018,14.0
ALO,McLaren,16.0,83.982,10.0,163,18.0,SOFT,False,1,,,True,32.5,16.1,51.2,True,2018,8.0
OCO,Force India,16.0,84.173,11.0,164,15.0,SOFT,True,1,,,True,32.5,16.1,51.2,True,2018,13.0
STR,Williams,16.0,84.245,12.0,165,15.0,SOFT,True,1,,,True,32.5,16.1,51.2,True,2018,18.0
PER,Force India,16.0,84.859,13.0,166,15.0,SOFT,True,1,,,True,32.2,16.0,53.0,True,2018,15.0
VAN,McLaren,16.0,84.84,14.0,166,18.0,SOFT,False,1,,,True,32.2,16.0,53.0,True,2018,11.0
ERI,Sauber,16.0,84.752,15.0,167,15.0,MEDIUM,True,1,,,True,32.2,16.0,53.0,True,2018,17.0
SIR,Williams,16.0,84.472,16.0,168,15.0,MEDIUM,True,1,,,True,32.2,16.0,53.0,True,2018,19.0
HAR,Toro Rosso,16.0,84.086,17.0,169,15.0,MEDIUM,True,1,,,True,32.2,16.0,53.0,True,2018,20.0
HAM,Mercedes,17.0,81.509,1.0,169,18.0,SOFT,False,1,,,True,32.2,16.0,53.0,True,2018,1.0
BOT,Mercedes,17.0,81.956,2.0,169,19.0,SOFT,False,1,,,True,32.2,16.0,53.0,True,2018,2.0
VET,Ferrari,17.0,85.601,3.0,170,19.0,SOFT,False,1,0 days 00:35:22.895000,,False,32.2,16.0,53.0,True,2018,3.0
RAI,Ferrari,17.0,81.985,4.0,171,19.0,SOFT,False,1,,,True,32.2,16.0,53.0,True,2018,4.0
VER,Red Bull Racing,17.0,82.115,5.0,172,19.0,SOFT,False,1,,,True,32.2,16.0,53.0,True,2018,5.0
RIC,Red Bull Racing,17.0,82.497,6.0,173,19.0,SOFT,False,1,,,True,32.2,16.0,53.0,True,2018,6.0
MAG,Haas F1 Team,17.0,83.027,7.0,173,20.0,SOFT,False,1,,,True,31.8,16.0,51.9,True,2018,7.0
SAI,Renault,17.0,83.52,8.0,174,20.0,SOFT,False,1,,,True,31.8,16.0,51.9,True,2018,9.0
LEC,Sauber,17.0,83.977,9.0,175,16.0,SOFT,True,1,,,True,31.8,16.0,51.9,True,2018,14.0
ALO,McLaren,17.0,84.023,10.0,175,19.0,SOFT,False,1,,,True,31.8,16.0,51.9,True,2018,8.0
OCO,Force India,17.0,84.246,11.0,176,16.0,SOFT,True,1,,,True,31.8,16.0,51.9,True,2018,13.0
STR,Williams,17.0,84.694,12.0,177,16.0,SOFT,True,1,,,True,31.8,16.0,51.9,True,2018,18.0
PER,Force India,17.0,84.545,13.0,178,16.0,SOFT,True,1,,,True,31.8,16.0,51.9,True,2018,15.0
VAN,McLaren,17.0,85.042,14.0,178,19.0,SOFT,False,1,,,True,31.8,16.0,51.9,True,2018,11.0
ERI,Sauber,17.0,84.738,15.0,179,16.0,MEDIUM,True,1,,,True,31.8,16.0,51.9,True,2018,17.0
SIR,Williams,17.0,84.526,16.0,180,16.0,MEDIUM,True,1,,,True,31.8,16.0,51.9,True,2018,19.0
HAR,Toro Rosso,17.0,84.194,17.0,181,16.0,MEDIUM,True,1,,,True,31.8,16.0,51.9,True,2018,20.0
HAM,Mercedes,18.0,81.328,1.0,181,19.0,SOFT,False,1,,,True,31.4,15.8,52.8,True,2018,1.0
BOT,Mercedes,18.0,81.485,2.0,181,20.0,SOFT,False,1,,,True,31.4,15.8,52.8,True,2018,2.0
RAI,Ferrari,18.0,82.169,3.0,182,20.0,SOFT,False,1,,,True,31.4,15.8,52.8,True,2018,4.0
VER,Red Bull Racing,18.0,82.294,4.0,183,20.0,SOFT,False,1,,,True,31.4,15.8,52.8,True,2018,5.0
RIC,Red Bull Racing,18.0,82.314,5.0,184,20.0,SOFT,False,1,,,True,31.4,15.8,52.8,True,2018,6.0
MAG,Haas F1 Team,18.0,83.077,6.0,184,21.0,SOFT,False,1,,,True,31.4,15.8,52.8,True,2018,7.0
VET,Ferrari,18.0,100.637,7.0,185,1.0,MEDIUM,True,1,,0 days 00:35:44.857000,False,31.4,15.8,52.8,True,2018,3.0
SAI,Renault,18.0,83.795,8.0,185,21.0,SOFT,False,1,,,True,31.4,15.8,52.8,True,2018,9.0
LEC,Sauber,18.0,84.176,9.0,186,17.0,SOFT,True,1,,,True,31.4,15.8,52.8,True,2018,14.0
ALO,McLaren,18.0,83.631,10.0,186,20.0,SOFT,False,1,,,True,31.4,15.8,52.8,True,2018,8.0
OCO,Force India,18.0,84.109,11.0,187,17.0,SOFT,True,1,,,True,31.4,15.8,52.8,True,2018,13.0
STR,Williams,18.0,84.34,12.0,188,17.0,SOFT,True,1,,,True,31.4,15.8,52.8,True,2018,18.0
PER,Force India,18.0,84.356,13.0,189,17.0,SOFT,True,1,,,True,31.4,15.8,52.8,True,2018,15.0
VAN,McLaren,18.0,84.299,14.0,189,20.0,SOFT,False,1,,,True,31.4,15.8,52.8,True,2018,11.0
ERI,Sauber,18.0,84.857,15.0,190,17.0,MEDIUM,True,1,,,True,31.4,15.8,52.8,True,2018,17.0
SIR,Williams,18.0,84.511,16.0,191,17.0,MEDIUM,True,1,,,True,31.4,15.8,52.8,True,2018,19.0
HAR,Toro Rosso,18.0,84.529,17.0,192,17.0,MEDIUM,True,1,,,True,31.4,15.8,52.8,True,2018,20.0
HAM,Mercedes,19.0,81.393,1.0,192,20.0,SOFT,False,1,,,True,31.1,15.9,52.8,True,2018,1.0
BOT,Mercedes,19.0,84.219,2.0,192,21.0,SOFT,False,1,0 days 00:38:06.393000,,False,31.1,15.9,52.8,True,2018,2.0
RAI,Ferrari,19.0,81.972,3.0,193,21.0,SOFT,False,1,,,True,31.1,15.9,52.8,True,2018,4.0
VER,Red Bull Racing,19.0,81.964,4.0,194,21.0,SOFT,False,1,,,True,31.1,15.9,52.8,True,2018,5.0
RIC,Red Bull Racing,19.0,82.283,5.0,195,21.0,SOFT,False,1,,,True,31.1,15.9,52.8,True,2018,6.0
MAG,Haas F1 Team,19.0,82.856,6.0,195,22.0,SOFT,False,1,,,True,31.1,15.9,52.8,True,2018,7.0
VET,Ferrari,19.0,82.334,7.0,196,2.0,MEDIUM,True,1,,,True,31.1,15.9,52.8,True,2018,3.0
SAI,Renault,19.0,83.699,8.0,196,22.0,SOFT,False,1,,,True,31.1,15.9,52.8,True,2018,9.0
LEC,Sauber,19.0,83.853,9.0,197,18.0,SOFT,True,1,,,True,30.8,15.8,53.5,True,2018,14.0
ALO,McLaren,19.0,83.553,10.0,197,21.0,SOFT,False,1,,,True,30.8,15.8,53.5,True,2018,8.0
OCO,Force India,19.0,83.893,11.0,198,18.0,SOFT,True,1,,,True,30.8,15.8,53.5,True,2018,13.0
STR,Williams,19.0,84.354,12.0,199,18.0,SOFT,True,1,,,True,30.8,15.8,53.5,True,2018,18.0
PER,Force India,19.0,84.569,13.0,200,18.0,SOFT,True,1,,,True,30.8,15.8,53.5,True,2018,15.0
VAN,McLaren,19.0,84.574,14.0,200,21.0,SOFT,False,1,,,True,30.8,15.8,53.5,True,2018,11.0
ERI,Sauber,19.0,84.891,15.0,201,18.0,MEDIUM,True,1,,,True,30.8,15.8,53.5,True,2018,17.0
SIR,Williams,19.0,84.764,16.0,202,18.0,MEDIUM,True,1,,,True,30.8,15.8,53.5,True,2018,19.0
HAR,Toro Rosso,19.0,84.758,17.0,203,18.0,MEDIUM,True,1,,,True,30.8,15.8,53.5,True,2018,20.0
HAM,Mercedes,20.0,81.334,1.0,203,21.0,SOFT,False,1,,,True,30.8,15.8,53.5,True,2018,1.0
RAI,Ferrari,20.0,81.993,2.0,203,22.0,SOFT,False,1,,,True,30.8,15.8,53.5,True,2018,4.0
VER,Red Bull Racing,20.0,81.924,3.0,204,22.0,SOFT,False,1,,,True,30.8,15.8,53.8,True,2018,5.0
RIC,Red Bull Racing,20.0,82.115,4.0,205,22.0,SOFT,False,1,,,True,30.8,15.8,53.8,True,2018,6.0
VET,Ferrari,20.0,81.421,5.0,206,3.0,MEDIUM,True,1,,,True,30.8,15.8,53.8,True,2018,3.0
MAG,Haas F1 Team,20.0,84.524,6.0,206,23.0,SOFT,False,1,,,True,30.8,15.8,53.8,True,2018,7.0
BOT,Mercedes,20.0,103.642,7.0,207,1.0,MEDIUM,True,1,,0 days 00:38:29.615000,False,30.8,15.8,53.8,True,2018,2.0
SAI,Renault,20.0,83.757,8.0,207,23.0,SOFT,False,1,,,True,30.8,15.8,53.8,True,2018,9.0
ALO,McLaren,20.0,83.646,9.0,208,22.0,SOFT,False,1,,,True,30.8,15.8,53.8,True,2018,8.0
LEC,Sauber,20.0,87.17,10.0,209,19.0,SOFT,True,1,0 days 00:40:02.878000,,False,30.8,15.8,53.8,True,2018,14.0
OCO,Force India,20.0,83.557,11.0,210,19.0,SOFT,True,1,,,True,30.8,15.8,53.8,True,2018,13.0
PER,Force India,20.0,84.102,12.0,211,19.0,SOFT,True,1,,,True,30.8,15.8,53.8,True,2018,15.0
VAN,McLaren,20.0,84.128,13.0,211,22.0,SOFT,False,1,,,True,30.8,15.8,53.8,True,2018,11.0
STR,Williams,20.0,87.849,14.0,212,19.0,SOFT,True,1,0 days 00:40:11.919000,,False,30.8,15.8,53.8,True,2018,18.0
ERI,Sauber,20.0,84.166,15.0,213,19.0,MEDIUM,True,1,,,True,30.8,15.8,53.8,True,2018,17.0
SIR,Williams,20.0,84.379,16.0,214,19.0,MEDIUM,True,1,,,True,30.8,15.8,53.8,True,2018,19.0
HAR,Toro Rosso,20.0,84.331,17.0,215,19.0,MEDIUM,True,1,,,True,30.8,15.8,53.8,True,2018,20.0
HAM,Mercedes,21.0,81.157,1.0,215,22.0,SOFT,False,1,,,True,30.6,15.9,53.3,True,2018,1.0
RAI,Ferrari,21.0,81.963,2.0,215,23.0,SOFT,False,1,,,True,30.6,15.9,53.3,True,2018,4.0
VER,Red Bull Racing,21.0,81.709,3.0,216,23.0,SOFT,False,1,,,True,30.6,15.9,53.3,True,2018,5.0
RIC,Red Bull Racing,21.0,81.91,4.0,217,23.0,SOFT,False,1,,,True,30.6,15.9,53.3,True,2018,6.0
VET,Ferrari,21.0,81.623,5.0,218,4.0,MEDIUM,True,1,,,True,30.6,15.9,53.3,True,2018,3.0
BOT,Mercedes,21.0,80.402,6.0,219,2.0,MEDIUM,True,1,,,True,30.6,15.9,53.3,True,2018,2.0
MAG,Haas F1 Team,21.0,84.423,7.0,219,24.0,SOFT,False,1,,,True,30.6,15.9,53.3,True,2018,7.0
SAI,Renault,21.0,83.798,8.0,220,24.0,SOFT,False,1,,,True,30.6,15.9,53.3,True,2018,9.0
OCO,Force India,21.0,83.687,9.0,221,20.0,SOFT,True,1,,,True,30.6,15.9,53.3,True,2018,13.0
ALO,McLaren,21.0,86.572,10.0,221,23.0,SOFT,False,1,0 days 00:41:27.923000,,False,30.6,15.9,53.3,True,2018,8.0
PER,Force India,21.0,83.727,11.0,222,20.0,SOFT,True,1,,,True,30.3,15.8,53.4,True,2018,15.0
VAN,McLaren,21.0,83.906,12.0,222,23.0,SOFT,False,1,,,True,30.3,15.8,53.4,True,2018,11.0
ERI,Sauber,21.0,84.314,13.0,223,20.0,MEDIUM,True,1,,,True,30.3,15.8,53.4,True,2018,17.0
SIR,Williams,21.0,84.097,14.0,224,20.0,MEDIUM,True,1,,,True,30.3,15.8,53.4,True,2018,19.0
HAR,Toro Rosso,21.0,84.201,15.0,225,20.0,MEDIUM,True,1,,,True,30.3,15.8,53.4,True,2018,20.0
LEC,Sauber,21.0,101.964,16.0,226,1.0,MEDIUM,True,1,,0 days 00:40:24.840000,False,30.3,15.8,53.4,True,2018,14.0
STR,Williams,21.0,101.23,17.0,227,1.0,MEDIUM,True,1,,0 days 00:40:33.388000,False,30.3,15.8,53.4,True,2018,18.0
HAM,Mercedes,22.0,80.849,1.0,227,23.0,SOFT,False,1,,,True,30.3,15.8,53.4,True,2018,1.0
RAI,Ferrari,22.0,81.946,2.0,227,24.0,SOFT,False,1,,,True,30.3,15.8,53.4,True,2018,4.0
VER,Red Bull Racing,22.0,81.798,3.0,228,24.0,SOFT,False,1,,,True,30.3,15.8,53.4,True,2018,5.0
RIC,Red Bull Racing,22.0,82.311,4.0,229,24.0,SOFT,False,1,,,True,30.3,15.8,53.4,True,2018,6.0
VET,Ferrari,22.0,81.451,5.0,230,5.0,MEDIUM,True,1,,,True,30.3,15.8,53.4,True,2018,3.0
BOT,Mercedes,22.0,81.347,6.0,231,3.0,MEDIUM,True,1,,,True,29.7,15.7,52.8,False,2018,2.0
MAG,Haas F1 Team,22.0,82.842,7.0,231,25.0,SOFT,False,1,,,True,29.7,15.7,52.8,False,2018,7.0
SAI,Renault,22.0,83.708,8.0,232,25.0,SOFT,False,1,,,True,29.7,15.7,52.8,False,2018,9.0
OCO,Force India,22.0,83.405,9.0,233,21.0,SOFT,True,1,,,True,29.7,15.7,52.8,False,2018,13.0
PER,Force India,22.0,83.845,10.0,234,21.0,SOFT,True,1,,,True,29.7,15.7,52.8,False,2018,15.0
VAN,McLaren,22.0,84.27,11.0,234,24.0,SOFT,False,1,,,True,29.7,15.7,52.8,False,2018,11.0
ERI,Sauber,22.0,84.217,12.0,235,21.0,MEDIUM,True,1,,,True,29.7,15.7,52.8,False,2018,17.0
SIR,Williams,22.0,83.907,13.0,236,21.0,MEDIUM,True,1,,,True,29.7,15.7,52.8,False,2018,19.0
HAR,Toro Rosso,22.0,84.18,14.0,237,21.0,MEDIUM,True,1,,,True,29.7,15.7,52.8,False,2018,20.0
LEC,Sauber,22.0,83.03,15.0,238,2.0,MEDIUM,True,1,,,True,29.7,15.7,52.8,False,2018,14.0
ALO,McLaren,22.0,100.941,16.0,239,1.0,MEDIUM,True,1,,0 days 00:41:49.644000,False,29.7,15.7,52.8,False,2018,8.0
STR,Williams,22.0,83.28,17.0,239,2.0,MEDIUM,True,1,,,True,29.7,15.7,52.8,False,2018,18.0
HAM,Mercedes,23.0,81.045,1.0,239,24.0,SOFT,False,1,,,True,29.7,15.7,52.8,False,2018,1.0
RAI,Ferrari,23.0,81.531,2.0,239,25.0,SOFT,False,1,,,True,30.2,15.7,53.3,True,2018,4.0
VER,Red Bull Racing,23.0,81.909,3.0,240,25.0,SOFT,False,1,,,True,30.2,15.7,53.3,True,2018,5.0
RIC,Red Bull Racing,23.0,81.895,4.0,241,25.0,SOFT,False,1,,,True,30.2,15.7,53.3,True,2018,6.0
VET,Ferrari,23.0,81.226,5.0,242,6.0,MEDIUM,True,1,,,True,30.2,15.7,53.3,True,2018,3.0
BOT,Mercedes,23.0,81.182,6.0,243,4.0,MEDIUM,True,1,,,True,30.2,15.7,53.3,True,2018,2.0
MAG,Haas F1 Team,23.0,82.559,7.0,243,26.0,SOFT,False,1,,,True,30.2,15.7,53.3,True,2018,7.0
SAI,Renault,23.0,83.629,8.0,244,26.0,SOFT,False,1,,,True,30.2,15.7,53.3,True,2018,9.0
OCO,Force India,23.0,83.35,9.0,245,22.0,SOFT,True,1,,,True,30.2,15.7,53.3,True,2018,13.0
PER,Force India,23.0,83.835,10.0,246,22.0,SOFT,True,1,,,True,30.2,15.7,53.3,True,2018,15.0
VAN,McLaren,23.0,84.002,11.0,246,25.0,SOFT,False,1,,,True,30.2,15.7,53.3,True,2018,11.0
ERI,Sauber,23.0,83.899,12.0,247,22.0,MEDIUM,True,1,,,True,30.2,15.7,53.3,True,2018,17.0
SIR,Williams,23.0,84.358,13.0,248,22.0,MEDIUM,True,1,,,True,30.2,15.7,53.3,True,2018,19.0
HAR,Toro Rosso,23.0,83.837,14.0,249,22.0,MEDIUM,True,1,,,True,30.2,15.7,53.3,True,2018,20.0
LEC,Sauber,23.0,83.539,15.0,250,3.0,MEDIUM,True,1,,,True,30.2,15.7,53.3,True,2018,14.0
ALO,McLaren,23.0,82.945,16.0,251,2.0,MEDIUM,True,1,,,True,30.2,15.7,53.2,True,2018,8.0
STR,Williams,23.0,85.187,17.0,251,3.0,MEDIUM,True,1,,,True,30.2,15.7,53.2,True,2018,18.0
HAM,Mercedes,24.0,81.662,1.0,251,25.0,SOFT,False,1,,,True,30.2,15.7,53.2,True,2018,1.0
VER,Red Bull Racing,24.0,82.241,2.0,251,26.0,SOFT,False,1,,,True,30.2,15.7,53.2,True,2018,5.0
RAI,Ferrari,24.0,85.384,3.0,252,26.0,SOFT,False,1,,,True,30.2,15.7,53.2,True,2018,4.0
RIC,Red Bull Racing,24.0,81.96,4.0,253,26.0,SOFT,False,1,,,True,30.2,15.7,53.2,True,2018,6.0
VET,Ferrari,24.0,81.449,5.0,254,7.0,MEDIUM,True,1,,,True,30.2,15.7,53.2,True,2018,3.0
BOT,Mercedes,24.0,81.249,6.0,255,5.0,MEDIUM,True,1,,,True,30.2,15.7,53.2,True,2018,2.0
MAG,Haas F1 Team,24.0,82.911,7.0,255,27.0,SOFT,False,1,,,True,30.2,15.7,53.2,True,2018,7.0
SAI,Renault,24.0,83.814,8.0,256,27.0,SOFT,False,1,,,True,30.2,15.7,53.2,True,2018,9.0
OCO,Force India,24.0,83.46,9.0,257,23.0,SOFT,True,1,,,True,29.8,15.7,53.3,True,2018,13.0
PER,Force India,24.0,84.177,10.0,258,23.0,SOFT,True,1,,,True,29.8,15.7,53.3,True,2018,15.0
VAN,McLaren,24.0,84.013,11.0,258,26.0,SOFT,False,1,,,True,29.8,15.7,53.3,True,2018,11.0
ERI,Sauber,24.0,83.911,12.0,259,23.0,MEDIUM,True,1,,,True,29.8,15.7,53.3,True,2018,17.0
HAR,Toro Rosso,24.0,83.838,13.0,260,23.0,MEDIUM,True,1,,,True,29.8,15.7,53.3,True,2018,20.0
LEC,Sauber,24.0,83.536,14.0,261,4.0,MEDIUM,True,1,,,True,29.8,15.7,53.3,True,2018,14.0
ALO,McLaren,24.0,83.559,15.0,262,3.0,MEDIUM,True,1,,,True,29.8,15.7,53.3,True,2018,8.0
SIR,Williams,24.0,87.126,16.0,262,23.0,MEDIUM,True,1,0 days 00:45:56.035000,,False,29.8,15.7,53.3,True,2018,19.0
STR,Williams,24.0,83.537,17.0,263,4.0,MEDIUM,True,1,,,True,29.8,15.7,53.3,True,2018,18.0
HAM,Mercedes,25.0,84.565,1.0,263,26.0,SOFT,False,1,0 days 00:46:04.600000,,False,29.8,15.7,53.3,True,2018,1.0
VER,Red Bull Racing,25.0,81.29,2.0,263,27.0,SOFT,False,1,,,True,29.8,15.7,53.3,True,2018,5.0
RIC,Red Bull Racing,25.0,81.736,3.0,264,27.0,SOFT,False,1,,,True,29.8,15.7,53.3,True,2018,6.0
VET,Ferrari,25.0,81.235,4.0,265,8.0,MEDIUM,True,1,,,True,29.7,15.8,53.5,True,2018,3.0
BOT,Mercedes,25.0,81.347,5.0,266,6.0,MEDIUM,True,1,,,True,29.7,15.8,53.5,True,2018,2.0
MAG,Haas F1 Team,25.0,83.194,6.0,266,28.0,SOFT,False,1,,,True,29.7,15.8,53.5,True,2018,7.0
SAI,Renault,25.0,87.618,7.0,267,28.0,SOFT,False,1,0 days 00:46:56.933000,,False,29.7,15.8,53.5,True,2018,9.0
OCO,Force India,25.0,83.716,8.0,268,24.0,SOFT,True,1,,,True,29.7,15.8,53.5,True,2018,13.0
PER,Force India,25.0,84.624,9.0,269,24.0,SOFT,True,1,,,True,29.7,15.8,53.5,True,2018,15.0
VAN,McLaren,25.0,83.925,10.0,269,27.0,SOFT,False,1,,,True,29.7,15.8,53.5,True,2018,11.0
RAI,Ferrari,25.0,130.735,11.0,270,27.0,SOFT,False,1,0 days 00:47:11.743000,,False,29.7,15.8,53.5,True,2018,4.0
ERI,Sauber,25.0,83.472,12.0,271,24.0,MEDIUM,True,1,,,True,29.7,15.8,53.5,True,2018,17.0
LEC,Sauber,25.0,83.012,13.0,272,5.0,MEDIUM,True,1,,,True,29.7,15.8,53.5,True,2018,14.0
HAR,Toro Rosso,25.0,85.381,14.0,272,24.0,MEDIUM,True,1,,,True,29.7,15.8,53.5,True,2018,20.0
ALO,McLaren,25.0,84.482,15.0,273,4.0,MEDIUM,True,1,,,True,29.7,15.8,53.5,True,2018,8.0
STR,Williams,25.0,83.001,16.0,273,5.0,MEDIUM,True,1,,,True,29.7,15.8,53.5,True,2018,18.0
SIR,Williams,25.0,103.641,17.0,274,3.0,MEDIUM,False,1,,0 days 00:46:18.275000,False,29.6,15.8,53.2,True,2018,19.0
VER,Red Bull Racing,26.0,81.192,1.0,274,28.0,SOFT,False,1,,,True,29.6,15.8,53.2,True,2018,5.0
HAM,Mercedes,26.0,100.689,2.0,275,1.0,MEDIUM,True,1,,0 days 00:46:26.663000,False,29.6,15.8,53.2,True,2018,1.0
RIC,Red Bull Racing,26.0,82.592,3.0,275,28.0,SOFT,False,1,,,True,29.6,15.8,53.2,True,2018,6.0
VET,Ferrari,26.0,81.04,4.0,276,9.0,MEDIUM,True,1,,,True,29.6,15.8,53.2,True,2018,3.0
BOT,Mercedes,26.0,80.94,5.0,277,7.0,MEDIUM,True,1,,,True,29.6,15.8,53.2,True,2018,2.0
MAG,Haas F1 Team,26.0,83.129,6.0,277,29.0,SOFT,False,1,,,True,29.6,15.8,53.2,True,2018,7.0
OCO,Force India,26.0,83.34,7.0,278,25.0,SOFT,True,1,,,True,29.6,15.8,53.2,True,2018,13.0
VAN,McLaren,26.0,84.203,8.0,278,28.0,SOFT,False,1,,,True,29.4,15.8,54.1,True,2018,11.0
ERI,Sauber,26.0,83.741,9.0,279,25.0,MEDIUM,True,1,,,True,29.4,15.8,54.1,True,2018,17.0
SAI,Renault,26.0,101.99,10.0,280,1.0,MEDIUM,True,1,,0 days 00:47:19.307000,False,29.4,15.8,54.1,True,2018,9.0
PER,Force India,26.0,88.302,11.0,280,25.0,SOFT,True,1,0 days 00:48:38.968000,,False,29.4,15.8,54.1,True,2018,15.0
LEC,Sauber,26.0,82.962,12.0,281,6.0,MEDIUM,True,1,,,True,29.4,15.8,54.1,True,2018,14.0
ALO,McLaren,26.0,82.594,13.0,282,5.0,MEDIUM,True,1,,,True,29.4,15.8,54.1,True,2018,8.0
HAR,Toro Rosso,26.0,85.172,14.0,282,25.0,MEDIUM,True,1,,,True,29.4,15.8,54.1,True,2018,20.0
STR,Williams,26.0,83.139,15.0,283,6.0,MEDIUM,True,1,,,True,29.4,15.8,54.1,True,2018,18.0
SIR,Williams,26.0,82.97,16.0,284,4.0,MEDIUM,False,1,,,True,29.4,15.8,54.1,True,2018,19.0
VER,Red Bull Racing,27.0,81.37,1.0,284,29.0,SOFT,False,1,,,True,29.4,15.8,54.1,True,2018,5.0
HAM,Mercedes,27.0,80.131,2.0,285,2.0,MEDIUM,True,1,,,True,29.4,15.8,54.1,True,2018,1.0
RIC,Red Bull Racing,27.0,82.008,3.0,285,29.0,SOFT,False,1,,,True,29.4,15.8,54.1,True,2018,6.0
VET,Ferrari,27.0,80.864,4.0,286,10.0,MEDIUM,True,1,,,True,29.4,15.8,54.1,True,2018,3.0
BOT,Mercedes,27.0,80.857,5.0,287,8.0,MEDIUM,True,1,,,True,29.4,15.8,54.1,True,2018,2.0
MAG,Haas F1 Team,27.0,82.8,6.0,287,30.0,SOFT,False,1,,,True,29.3,15.8,53.7,True,2018,7.0
OCO,Force India,27.0,83.448,7.0,288,26.0,SOFT,True,1,,,True,29.3,15.8,53.7,True,2018,13.0
VAN,McLaren,27.0,83.269,8.0,288,29.0,SOFT,False,1,,,True,29.3,15.8,53.7,True,2018,11.0
ERI,Sauber,27.0,83.524,9.0,289,26.0,MEDIUM,True,1,,,True,29.3,15.8,53.7,True,2018,17.0
SAI,Renault,27.0,83.133,10.0,290,2.0,MEDIUM,True,1,,,True,29.3,15.8,53.7,True,2018,9.0
LEC,Sauber,27.0,83.047,11.0,290,7.0,MEDIUM,True,1,,,True,29.3,15.8,53.7,True,2018,14.0
ALO,McLaren,27.0,82.669,12.0,291,6.0,MEDIUM,True,1,,,True,29.3,15.8,53.7,True,2018,8.0
HAR,Toro Rosso,27.0,83.735,13.0,291,26.0,MEDIUM,True,1,,,True,29.3,15.8,53.7,True,2018,20.0
STR,Williams,27.0,83.0,14.0,292,7.0,MEDIUM,True,1,,,True,29.3,15.8,53.7,True,2018,18.0
PER,Force India,27.0,101.614,15.0,293,1.0,MEDIUM,True,1,,0 days 00:49:01.408000,False,29.3,15.8,53.7,True,2018,15.0
SIR,Williams,27.0,86.622,16.0,293,5.0,MEDIUM,False,1,,,True,29.3,15.8,53.7,True,2018,19.0
VER,Red Bull Racing,28.0,80.603,1.0,293,30.0,SOFT,False,1,,,True,29.3,15.8,53.7,True,2018,5.0
HAM,Mercedes,28.0,80.711,2.0,294,3.0,MEDIUM,True,1,,,True,29.3,15.8,53.7,True,2018,1.0
RIC,Red Bull Racing,28.0,82.041,3.0,294,30.0,SOFT,False,1,,,True,29.3,15.8,53.7,True,2018,6.0
VET,Ferrari,28.0,80.929,4.0,295,11.0,MEDIUM,True,1,,,True,29.6,15.9,53.3,True,2018,3.0
BOT,Mercedes,28.0,81.015,5.0,296,9.0,MEDIUM,True,1,,,True,29.6,15.9,53.3,True,2018,2.0
MAG,Haas F1 Team,28.0,82.587,6.0,296,31.0,SOFT,False,1,,,True,29.6,15.9,53.3,True,2018,7.0
OCO,Force India,28.0,83.585,7.0,297,27.0,SOFT,True,1,,,True,29.6,15.9,53.3,True,2018,13.0
VAN,McLaren,28.0,83.446,8.0,297,30.0,SOFT,False,1,,,True,29.6,15.9,53.3,True,2018,11.0
ERI,Sauber,28.0,84.56,9.0,298,27.0,MEDIUM,True,1,,,True,29.6,15.9,53.3,True,2018,17.0
SAI,Renault,28.0,84.557,10.0,299,3.0,MEDIUM,True,1,,,True,29.6,15.9,53.3,True,2018,9.0
LEC,Sauber,28.0,83.625,11.0,299,8.0,MEDIUM,True,1,,,True,29.6,15.9,53.3,True,2018,14.0
ALO,McLaren,28.0,82.876,12.0,300,7.0,MEDIUM,True,1,,,True,29.6,15.9,53.3,True,2018,8.0
HAR,Toro Rosso,28.0,83.475,13.0,300,27.0,MEDIUM,True,1,,,True,29.6,15.7,53.3,True,2018,20.0
STR,Williams,28.0,83.128,14.0,301,8.0,MEDIUM,True,1,,,True,29.6,15.7,53.3,True,2018,18.0
PER,Force India,28.0,82.245,15.0,302,2.0,MEDIUM,True,1,,,True,29.6,15.7,53.3,True,2018,15.0
SIR,Williams,28.0,85.144,16.0,302,6.0,MEDIUM,False,1,,,True,29.6,15.7,53.3,True,2018,19.0
VER,Red Bull Racing,29.0,81.396,1.0,302,31.0,SOFT,False,1,,,True,29.6,15.7,53.3,True,2018,5.0
HAM,Mercedes,29.0,80.713,2.0,303,4.0,MEDIUM,True,1,,,True,29.6,15.7,53.3,True,2018,1.0
RIC,Red Bull Racing,29.0,82.459,3.0,303,31.0,SOFT,False,1,,,True,29.6,15.7,53.3,True,2018,6.0
VET,Ferrari,29.0,81.419,4.0,304,12.0,MEDIUM,True,1,,,True,29.6,15.7,53.3,True,2018,3.0
BOT,Mercedes,29.0,81.319,5.0,305,10.0,MEDIUM,True,1,,,True,29.6,15.7,53.3,True,2018,2.0
MAG,Haas F1 Team,29.0,82.505,6.0,305,32.0,SOFT,False,1,,,True,29.6,15.7,53.3,True,2018,7.0
OCO,Force India,29.0,87.102,7.0,306,28.0,SOFT,True,1,0 days 00:52:39.016000,,False,29.1,15.7,53.3,True,2018,13.0
VAN,McLaren,29.0,83.392,8.0,306,31.0,SOFT,False,1,,,True,29.1,15.7,53.3,True,2018,11.0
ERI,Sauber,29.0,83.775,9.0,307,28.0,MEDIUM,True,1,,,True,29.1,15.7,53.3,True,2018,17.0
SAI,Renault,29.0,84.037,10.0,308,4.0,MEDIUM,True,1,,,True,29.1,15.7,53.3,True,2018,9.0
LEC,Sauber,29.0,84.207,11.0,308,9.0,MEDIUM,True,1,,,True,29.1,15.7,53.3,True,2018,14.0
ALO,McLaren,29.0,84.137,12.0,309,8.0,MEDIUM,True,1,,,True,29.1,15.7,53.3,True,2018,8.0
HAR,Toro Rosso,29.0,83.522,13.0,309,28.0,MEDIUM,True,1,,,True,29.1,15.7,53.3,True,2018,20.0
STR,Williams,29.0,83.177,14.0,310,9.0,MEDIUM,True,1,,,True,29.1,15.7,53.3,True,2018,18.0
PER,Force India,29.0,82.105,15.0,311,3.0,MEDIUM,True,1,,,True,29.1,15.7,53.3,True,2018,15.0
SIR,Williams,29.0,83.875,16.0,311,7.0,MEDIUM,False,1,,,True,29.1,15.7,53.3,True,2018,19.0
VER,Red Bull Racing,30.0,81.372,1.0,311,32.0,SOFT,False,1,,,True,29.1,15.7,53.3,True,2018,5.0
HAM,Mercedes,30.0,81.074,2.0,312,5.0,MEDIUM,True,1,,,True,29.1,15.7,53.3,True,2018,1.0
RIC,Red Bull Racing,30.0,81.403,3.0,312,32.0,SOFT,False,1,,,True,29.1,15.7,53.3,True,2018,6.0
VET,Ferrari,30.0,81.202,4.0,313,13.0,MEDIUM,True,1,,,True,29.1,15.7,53.3,True,2018,3.0
BOT,Mercedes,30.0,81.445,5.0,314,11.0,MEDIUM,True,1,,,True,29.1,15.7,53.3,True,2018,2.0
MAG,Haas F1 Team,30.0,82.733,6.0,314,33.0,SOFT,False,1,,,True,29.0,15.6,53.8,True,2018,7.0
VAN,McLaren,30.0,83.479,7.0,315,32.0,SOFT,False,1,,,True,29.0,15.6,53.8,True,2018,11.0
ERI,Sauber,30.0,83.387,8.0,316,29.0,MEDIUM,True,1,,,True,29.0,15.6,53.8,True,2018,17.0
SAI,Renault,30.0,83.11,9.0,317,5.0,MEDIUM,True,1,,,True,29.0,15.6,53.8,True,2018,9.0
LEC,Sauber,30.0,83.531,10.0,317,10.0,MEDIUM,True,1,,,True,29.0,15.6,53.8,True,2018,14.0
ALO,McLaren,30.0,83.648,11.0,318,9.0,MEDIUM,True,1,,,True,29.0,15.6,53.8,True,2018,8.0
HAR,Toro Rosso,30.0,83.696,12.0,318,29.0,MEDIUM,True,1,,,True,29.0,15.6,53.8,True,2018,20.0
STR,Williams,30.0,83.093,13.0,319,10.0,MEDIUM,True,1,,,True,29.0,15.6,53.8,True,2018,18.0
PER,Force India,30.0,82.073,14.0,320,4.0,MEDIUM,True,1,,,True,29.0,15.6,53.8,True,2018,15.0
SIR,Williams,30.0,86.818,15.0,320,8.0,MEDIUM,False,1,,,True,28.9,15.6,54.5,True,2018,19.0
OCO,Force India,30.0,127.59,16.0,321,1.0,MEDIUM,True,1,,0 days 00:53:26.887000,False,28.9,15.6,54.5,True,2018,13.0
VER,Red Bull Racing,31.0,81.366,1.0,321,33.0,SOFT,False,1,,,True,29.0,15.6,53.8,True,2018,5.0
HAM,Mercedes,31.0,80.948,2.0,322,6.0,MEDIUM,True,1,,,True,29.0,15.6,53.8,True,2018,1.0
RIC,Red Bull Racing,31.0,81.285,3.0,322,33.0,SOFT,False,1,,,True,28.9,15.6,54.5,True,2018,6.0
VET,Ferrari,31.0,81.585,4.0,323,14.0,MEDIUM,True,1,,,True,28.9,15.6,54.5,True,2018,3.0
BOT,Mercedes,31.0,82.081,5.0,324,12.0,MEDIUM,True,1,,,True,28.9,15.6,54.5,True,2018,2.0
MAG,Haas F1 Team,31.0,82.771,6.0,324,34.0,SOFT,False,1,,,True,28.9,15.6,54.5,True,2018,7.0
VAN,McLaren,31.0,83.471,7.0,325,33.0,SOFT,False,1,,,True,28.9,15.7,54.7,True,2018,11.0
ERI,Sauber,31.0,83.63,8.0,326,30.0,MEDIUM,True,1,,,True,28.9,15.7,54.7,True,2018,17.0
SAI,Renault,31.0,84.076,9.0,327,6.0,MEDIUM,True,1,,,True,28.9,15.7,54.7,True,2018,9.0
LEC,Sauber,31.0,83.943,10.0,327,11.0,MEDIUM,True,1,,,True,28.9,15.7,54.7,True,2018,14.0
ALO,McLaren,31.0,83.924,11.0,328,10.0,MEDIUM,True,1,,,True,28.9,15.7,54.7,True,2018,8.0
HAR,Toro Rosso,31.0,83.623,12.0,328,30.0,MEDIUM,True,1,,,True,28.9,15.7,54.7,True,2018,20.0
STR,Williams,31.0,83.118,13.0,329,11.0,MEDIUM,True,1,,,True,28.9,15.7,54.7,True,2018,18.0
PER,Force India,31.0,85.369,14.0,330,5.0,MEDIUM,True,1,,,True,28.9,15.7,54.7,True,2018,15.0
SIR,Williams,31.0,83.132,15.0,330,9.0,MEDIUM,False,1,,,True,28.9,15.7,54.7,True,2018,19.0
OCO,Force India,31.0,82.922,16.0,331,2.0,MEDIUM,True,1,,,True,28.9,15.7,54.7,True,2018,13.0
VER,Red Bull Racing,32.0,81.232,1.0,331,34.0,SOFT,False,1,,,True,28.9,15.7,54.7,True,2018,5.0
HAM,Mercedes,32.0,81.6,2.0,332,7.0,MEDIUM,True,1,,,True,28.9,15.7,54.7,True,2018,1.0
RIC,Red Bull Racing,32.0,81.312,3.0,332,34.0,SOFT,False,1,,,True,28.9,15.7,54.7,True,2018,6.0
VET,Ferrari,32.0,81.04,4.0,333,15.0,MEDIUM,True,1,,,True,28.9,15.7,54.7,True,2018,3.0
BOT,Mercedes,32.0,80.844,5.0,334,13.0,MEDIUM,True,1,,,True,28.9,15.7,54.7,True,2018,2.0
MAG,Haas F1 Team,32.0,86.628,6.0,334,35.0,SOFT,False,1,0 days 00:56:28.705000,,False,28.9,15.7,54.7,True,2018,7.0
VAN,McLaren,32.0,83.61,7.0,335,34.0,SOFT,False,1,,,True,28.8,15.7,54.7,True,2018,11.0
ERI,Sauber,32.0,83.027,8.0,336,31.0,MEDIUM,True,1,,,True,28.8,15.7,54.7,True,2018,17.0
SAI,Renault,32.0,82.926,9.0,337,7.0,MEDIUM,True,1,,,True,28.8,15.7,54.7,True,2018,9.0
LEC,Sauber,32.0,83.429,10.0,337,12.0,MEDIUM,True,1,,,True,28.8,15.7,54.7,True,2018,14.0
ALO,McLaren,32.0,84.856,11.0,338,11.0,MEDIUM,True,1,,,True,28.8,15.7,54.7,True,2018,8.0
HAR,Toro Rosso,32.0,83.881,12.0,338,31.0,MEDIUM,True,1,,,True,28.8,15.7,54.7,True,2018,20.0
STR,Williams,32.0,83.073,13.0,339,12.0,MEDIUM,True,1,,,True,28.8,15.7,54.7,True,2018,18.0
PER,Force India,32.0,82.223,14.0,340,6.0,MEDIUM,True,1,,,True,28.8,15.7,54.7,True,2018,15.0
SIR,Williams,32.0,83.257,15.0,340,10.0,MEDIUM,False,1,,,True,28.8,15.7,54.7,True,2018,19.0
OCO,Force India,32.0,82.666,16.0,341,3.0,MEDIUM,True,1,,,True,28.9,15.8,54.4,True,2018,13.0
VER,Red Bull Racing,33.0,81.501,1.0,341,35.0,SOFT,False,1,,,True,28.8,15.7,54.7,True,2018,5.0
HAM,Mercedes,33.0,81.228,2.0,342,8.0,MEDIUM,True,1,,,True,28.8,15.7,54.7,True,2018,1.0
RIC,Red Bull Racing,33.0,84.538,3.0,342,35.0,SOFT,False,1,0 days 00:57:22.271000,,False,28.8,15.7,54.7,True,2018,6.0
VET,Ferrari,33.0,80.716,4.0,343,16.0,MEDIUM,True,1,,,True,28.8,15.7,54.7,True,2018,3.0
BOT,Mercedes,33.0,80.847,5.0,344,14.0,MEDIUM,True,1,,,True,28.8,15.7,54.7,True,2018,2.0
MAG,Haas F1 Team,33.0,102.22,6.0,345,1.0,MEDIUM,True,1,,0 days 00:56:51.612000,False,28.9,15.8,54.4,True,2018,7.0
VAN,McLaren,33.0,83.65,7.0,345,35.0,SOFT,False,1,,,True,28.9,15.8,54.4,True,2018,11.0
ERI,Sauber,33.0,83.163,8.0,346,32.0,MEDIUM,True,1,,,True,28.9,15.8,54.4,True,2018,17.0
SAI,Renault,33.0,82.837,9.0,347,8.0,MEDIUM,True,1,,,True,28.9,15.8,54.4,True,2018,9.0
LEC,Sauber,33.0,82.84,10.0,347,13.0,MEDIUM,True,1,,,True,28.9,15.8,54.4,True,2018,14.0
ALO,McLaren,33.0,82.651,11.0,348,12.0,MEDIUM,True,1,,,True,28.9,15.8,54.4,True,2018,8.0
HAR,Toro Rosso,33.0,86.966,12.0,348,32.0,MEDIUM,True,1,0 days 00:58:33.682000,,False,29.0,15.6,54.0,True,2018,20.0
STR,Williams,33.0,86.133,13.0,349,13.0,MEDIUM,True,1,,,True,29.0,15.6,54.0,True,2018,18.0
PER,Force India,33.0,82.4,14.0,350,7.0,MEDIUM,True,1,,,True,29.0,15.6,54.0,True,2018,15.0
SIR,Williams,33.0,83.41,15.0,350,11.0,MEDIUM,False,1,,,True,29.0,15.6,54.0,True,2018,19.0
OCO,Force India,33.0,83.343,16.0,351,4.0,MEDIUM,True,1,,,True,29.0,15.6,54.0,True,2018,13.0
HAM,Mercedes,34.0,81.854,1.0,351,9.0,MEDIUM,True,1,,,True,29.0,15.6,54.0,True,2018,1.0
VER,Red Bull Racing,34.0,84.621,2.0,351,36.0,SOFT,False,1,0 days 00:58:35.494000,,False,29.0,15.6,54.0,True,2018,5.0
VET,Ferrari,34.0,80.785,3.0,352,17.0,MEDIUM,True,1,,,True,29.0,15.6,54.0,True,2018,3.0
BOT,Mercedes,34.0,80.589,4.0,353,15.0,MEDIUM,True,1,,,True,29.0,15.6,54.0,True,2018,2.0
RIC,Red Bull Racing,34.0,99.339,5.0,354,1.0,MEDIUM,True,1,,0 days 00:57:43.850000,False,29.0,15.6,54.0,True,2018,6.0
MAG,Haas F1 Team,34.0,81.246,6.0,354,2.0,MEDIUM,True,1,,,True,28.8,15.6,53.4,True,2018,7.0
ERI,Sauber,34.0,83.434,7.0,354,33.0,MEDIUM,True,1,,,True,28.8,15.6,53.4,True,2018,17.0
VAN,McLaren,34.0,86.531,8.0,354,36.0,SOFT,False,1,0 days 00:59:46.640000,,False,28.8,15.6,53.4,True,2018,11.0
SAI,Renault,34.0,83.982,9.0,355,9.0,MEDIUM,True,1,,,True,28.8,15.6,53.4,True,2018,9.0
LEC,Sauber,34.0,83.227,10.0,355,14.0,MEDIUM,True,1,,,True,28.8,15.6,53.4,True,2018,14.0
ALO,McLaren,34.0,82.525,11.0,356,13.0,MEDIUM,True,1,,,True,28.8,15.6,53.4,True,2018,8.0
STR,Williams,34.0,83.113,12.0,356,14.0,MEDIUM,True,1,,,True,28.8,15.6,53.4,True,2018,18.0
PER,Force India,34.0,82.781,13.0,357,8.0,MEDIUM,True,1,,,True,28.8,15.6,53.4,True,2018,15.0
HAR,Toro Rosso,34.0,103.886,14.0,358,1.0,MEDIUM,True,1,,0 days 00:58:56.122000,False,28.8,15.6,53.4,True,2018,20.0
SIR,Williams,34.0,84.387,15.0,358,12.0,MEDIUM,False,1,,,True,28.8,15.6,53.4,True,2018,19.0
OCO,Force India,34.0,84.285,16.0,359,5.0,MEDIUM,True,1,,,True,28.8,15.6,53.4,True,2018,13.0
HAM,Mercedes,35.0,80.542,1.0,359,10.0,MEDIUM,True,1,,,True,28.8,15.6,53.4,True,2018,1.0
VET,Ferrari,35.0,80.817,2.0,359,18.0,MEDIUM,True,1,,,True,28.8,15.6,53.4,True,2018,3.0
BOT,Mercedes,35.0,80.951,3.0,360,16.0,MEDIUM,True,1,,,True,28.8,15.6,53.4,True,2018,2.0
VER,Red Bull Racing,35.0,99.586,4.0,361,1.0,MEDIUM,True,1,,0 days 00:58:57.201000,False,28.8,15.6,53.4,True,2018,5.0
RIC,Red Bull Racing,35.0,80.85,5.0,361,2.0,MEDIUM,True,1,,,True,28.8,15.6,53.4,True,2018,6.0
MAG,Haas F1 Team,35.0,81.243,6.0,361,3.0,MEDIUM,True,1,,,True,29.2,15.7,54.3,True,2018,7.0
SAI,Renault,35.0,83.071,7.0,361,10.0,MEDIUM,True,1,,,True,29.2,15.7,54.3,True,2018,9.0
LEC,Sauber,35.0,83.229,8.0,361,15.0,MEDIUM,True,1,,,True,29.2,15.7,54.3,True,2018,14.0
ALO,McLaren,35.0,82.983,9.0,362,14.0,MEDIUM,True,1,,,True,29.2,15.7,54.3,True,2018,8.0
ERI,Sauber,35.0,87.09,10.0,362,34.0,MEDIUM,True,1,0 days 01:01:13.808000,,False,29.2,15.7,54.3,True,2018,17.0
PER,Force India,35.0,81.406,11.0,363,9.0,MEDIUM,True,1,,,True,29.2,15.7,54.3,True,2018,15.0
STR,Williams,35.0,84.069,12.0,363,15.0,MEDIUM,True,1,,,True,29.2,15.7,54.3,True,2018,18.0
VAN,McLaren,35.0,106.257,13.0,364,1.0,MEDIUM,True,1,,0 days 01:00:14.017000,False,30.3,15.8,53.6,True,2018,11.0
HAR,Toro Rosso,35.0,82.622,14.0,364,2.0,MEDIUM,True,1,,,True,30.3,15.8,53.6,True,2018,20.0
OCO,Force India,35.0,82.282,15.0,364,6.0,MEDIUM,True,1,,,True,30.3,15.8,53.6,True,2018,13.0
SIR,Williams,35.0,86.513,16.0,364,13.0,MEDIUM,False,1,,,True,30.3,15.8,53.6,True,2018,19.0
HAM,Mercedes,36.0,80.359,1.0,365,11.0,MEDIUM,True,1,,,True,29.2,15.7,54.3,True,2018,1.0
VET,Ferrari,36.0,80.83,2.0,365,19.0,MEDIUM,True,1,,,True,29.2,15.7,54.3,True,2018,3.0
BOT,Mercedes,36.0,80.947,3.0,366,17.0,MEDIUM,True,1,,,True,29.2,15.7,54.3,True,2018,2.0
VER,Red Bull Racing,36.0,80.982,4.0,367,2.0,MEDIUM,True,1,,,True,30.3,15.8,53.6,True,2018,5.0
RIC,Red Bull Racing,36.0,82.436,5.0,367,3.0,MEDIUM,True,1,,,True,30.3,15.8,53.6,True,2018,6.0
MAG,Haas F1 Team,36.0,81.421,6.0,367,4.0,MEDIUM,True,1,,,True,30.3,15.8,53.6,True,2018,7.0
SAI,Renault,36.0,82.186,7.0,367,11.0,MEDIUM,True,1,,,True,30.9,15.9,52.5,True,2018,9.0
LEC,Sauber,36.0,82.926,8.0,367,16.0,MEDIUM,True,1,,,True,30.9,15.9,52.5,True,2018,14.0
ALO,McLaren,36.0,83.918,9.0,368,15.0,MEDIUM,True,1,,,True,30.9,15.9,52.5,True,2018,8.0
PER,Force India,36.0,82.081,10.0,369,10.0,MEDIUM,True,1,,,True,30.9,15.9,52.5,True,2018,15.0
STR,Williams,36.0,84.664,11.0,369,16.0,MEDIUM,True,1,,,True,30.9,15.9,52.5,True,2018,18.0
ERI,Sauber,36.0,100.795,12.0,370,1.0,SOFT,True,1,,0 days 01:01:35.853000,False,30.9,15.9,52.5,True,2018,17.0
VAN,McLaren,36.0,82.804,13.0,370,2.0,MEDIUM,True,1,,,True,30.9,15.9,52.5,True,2018,11.0
HAR,Toro Rosso,36.0,82.377,14.0,370,3.0,MEDIUM,True,1,,,True,30.9,15.9,52.5,True,2018,20.0
OCO,Force India,36.0,82.117,15.0,370,7.0,MEDIUM,True,1,,,True,30.9,15.9,52.5,True,2018,13.0
SIR,Williams,36.0,83.554,16.0,370,14.0,MEDIUM,False,1,,,True,30.9,15.9,52.5,True,2018,19.0
HAM,Mercedes,37.0,81.296,1.0,371,12.0,MEDIUM,True,1,,,True,30.9,15.9,52.5,True,2018,1.0
VET,Ferrari,37.0,81.091,2.0,371,20.0,MEDIUM,True,1,,,True,30.9,15.9,52.5,True,2018,3.0
BOT,Mercedes,37.0,81.402,3.0,372,18.0,MEDIUM,True,1,,,True,30.9,15.9,52.5,True,2018,2.0
VER,Red Bull Racing,37.0,80.825,4.0,373,3.0,MEDIUM,True,1,,,True,30.9,15.9,52.5,True,2018,5.0
RIC,Red Bull Racing,37.0,81.17,5.0,373,4.0,MEDIUM,True,1,,,True,30.9,15.9,52.5,True,2018,6.0
MAG,Haas F1 Team,37.0,81.851,6.0,373,5.0,MEDIUM,True,1,,,True,31.5,16.0,53.2,True,2018,7.0
SAI,Renault,37.0,82.216,7.0,373,12.0,MEDIUM,True,1,,,True,31.5,16.0,53.2,True,2018,9.0
LEC,Sauber,37.0,84.541,8.0,373,17.0,MEDIUM,True,1,,,True,31.5,16.0,53.2,True,2018,14.0
ALO,McLaren,37.0,83.435,9.0,374,16.0,MEDIUM,True,1,,,True,31.5,16.0,53.2,True,2018,8.0
PER,Force India,37.0,82.131,10.0,375,11.0,MEDIUM,True,1,,,True,31.5,16.0,53.2,True,2018,15.0
STR,Williams,37.0,85.055,11.0,375,17.0,MEDIUM,True,1,,,True,31.5,16.0,53.2,True,2018,18.0
ERI,Sauber,37.0,82.712,12.0,376,2.0,SOFT,True,1,,,True,31.5,16.0,53.2,True,2018,17.0
VAN,McLaren,37.0,84.923,13.0,376,3.0,MEDIUM,True,1,,,True,31.5,16.0,53.2,True,2018,11.0
HAR,Toro Rosso,37.0,82.34,14.0,376,4.0,MEDIUM,True,1,,,True,31.5,16.0,53.2,True,2018,20.0
OCO,Force India,37.0,84.816,15.0,376,8.0,MEDIUM,True,1,,,True,31.5,16.0,53.2,True,2018,13.0
SIR,Williams,37.0,83.071,16.0,376,15.0,MEDIUM,False,1,,,True,31.7,16.1,52.2,True,2018,19.0
HAM,Mercedes,38.0,80.363,1.0,377,13.0,MEDIUM,True,1,,,True,31.5,16.0,53.2,True,2018,1.0
VET,Ferrari,38.0,81.31,2.0,377,21.0,MEDIUM,True,1,,,True,31.5,16.0,53.2,True,2018,3.0
BOT,Mercedes,38.0,81.185,3.0,378,19.0,MEDIUM,True,1,,,True,31.5,16.0,53.2,True,2018,2.0
VER,Red Bull Racing,38.0,81.191,4.0,379,4.0,MEDIUM,True,1,,,True,31.5,16.0,53.2,True,2018,5.0
RIC,Red Bull Racing,38.0,81.413,5.0,379,5.0,MEDIUM,True,1,,,True,31.5,16.0,53.2,True,2018,6.0
MAG,Haas F1 Team,38.0,81.645,6.0,379,6.0,MEDIUM,True,1,,,True,31.7,16.1,52.2,True,2018,7.0
SAI,Renault,38.0,84.319,7.0,379,13.0,MEDIUM,True,1,,,True,31.7,16.1,52.2,True,2018,9.0
LEC,Sauber,38.0,82.818,8.0,379,18.0,MEDIUM,True,1,,,True,31.7,16.1,52.2,True,2018,14.0
ALO,McLaren,38.0,82.717,9.0,380,17.0,MEDIUM,True,1,,,True,31.7,16.1,52.2,True,2018,8.0
PER,Force India,38.0,82.359,10.0,381,12.0,MEDIUM,True,1,,,True,31.7,16.1,52.2,True,2018,15.0
STR,Williams,38.0,83.153,11.0,381,18.0,MEDIUM,True,1,,,True,32.2,15.9,51.7,False,2018,18.0
ERI,Sauber,38.0,84.011,12.0,382,3.0,SOFT,True,1,,,True,32.2,15.9,51.7,False,2018,17.0
VAN,McLaren,38.0,82.594,13.0,382,4.0,MEDIUM,True,1,,,True,32.2,15.9,51.7,False,2018,11.0
HAR,Toro Rosso,38.0,82.288,14.0,382,5.0,MEDIUM,True,1,,,True,32.2,15.9,51.7,False,2018,20.0
OCO,Force India,38.0,82.319,15.0,382,9.0,MEDIUM,True,1,,,True,32.2,15.9,51.7,False,2018,13.0
SIR,Williams,38.0,82.756,16.0,382,16.0,MEDIUM,False,1,,,True,32.2,15.9,51.7,False,2018,19.0
HAM,Mercedes,39.0,80.81,1.0,383,14.0,MEDIUM,True,1,,,True,31.7,16.1,52.2,True,2018,1.0
VET,Ferrari,39.0,81.336,2.0,383,22.0,MEDIUM,True,1,,,True,31.7,16.1,52.2,True,2018,3.0
BOT,Mercedes,39.0,81.265,3.0,384,20.0,MEDIUM,True,1,,,True,31.7,16.1,52.2,True,2018,2.0
VER,Red Bull Racing,39.0,80.72,4.0,385,5.0,MEDIUM,True,1,,,True,32.2,15.9,51.7,False,2018,5.0
RIC,Red Bull Racing,39.0,80.805,5.0,385,6.0,MEDIUM,True,1,,,True,32.2,15.9,51.7,False,2018,6.0
MAG,Haas F1 Team,39.0,81.588,6.0,385,7.0,MEDIUM,True,1,,,True,32.2,15.9,51.7,False,2018,7.0
SAI,Renault,39.0,82.182,7.0,385,14.0,MEDIUM,True,12,,,True,32.0,15.9,52.5,True,2018,9.0
LEC,Sauber,39.0,82.71,8.0,385,19.0,MEDIUM,True,12,,,True,32.0,15.9,52.5,True,2018,14.0
ALO,McLaren,39.0,82.807,9.0,386,18.0,MEDIUM,True,12,,,True,32.0,15.9,52.5,True,2018,8.0
PER,Force India,39.0,84.038,10.0,387,13.0,MEDIUM,True,12,,,True,32.0,15.9,52.5,True,2018,15.0
STR,Williams,39.0,82.891,11.0,387,19.0,MEDIUM,True,12,,,True,32.0,15.9,52.5,True,2018,18.0
ERI,Sauber,39.0,82.797,12.0,388,4.0,SOFT,True,126,,,False,32.0,15.9,52.5,True,2018,17.0
VAN,McLaren,39.0,82.719,13.0,388,5.0,MEDIUM,True,126,,,False,32.0,15.9,52.5,True,2018,11.0
HAR,Toro Rosso,39.0,88.644,14.0,388,6.0,MEDIUM,True,126,,,False,32.0,15.9,52.5,True,2018,20.0
SIR,Williams,39.0,90.161,15.0,388,17.0,MEDIUM,False,126,,,False,32.0,15.9,52.5,True,2018,19.0
HAM,Mercedes,40.0,80.507,1.0,389,15.0,MEDIUM,True,12,,,True,32.0,15.9,52.5,True,2018,1.0
VET,Ferrari,40.0,81.265,2.0,389,23.0,MEDIUM,True,12,,,True,32.0,15.9,52.5,True,2018,3.0
BOT,Mercedes,40.0,81.257,3.0,390,21.0,MEDIUM,True,12,,,True,32.0,15.9,52.5,True,2018,2.0
VER,Red Bull Racing,40.0,81.044,4.0,391,6.0,MEDIUM,True,12,,,True,32.0,15.9,52.5,True,2018,5.0
RIC,Red Bull Racing,40.0,82.254,5.0,391,7.0,MEDIUM,True,126,,,False,32.0,15.9,52.5,True,2018,6.0
MAG,Haas F1 Team,40.0,101.289,6.0,391,8.0,MEDIUM,True,126,,,False,31.3,16.0,53.1,True,2018,7.0
SAI,Renault,40.0,111.485,7.0,391,15.0,MEDIUM,True,26,,,False,30.7,16.2,52.6,True,2018,9.0
LEC,Sauber,40.0,113.315,8.0,391,20.0,MEDIUM,True,26,,,False,30.7,16.2,52.6,True,2018,14.0
ALO,McLaren,40.0,113.907,9.0,392,19.0,MEDIUM,True,26,,,False,30.7,16.2,52.6,True,2018,8.0
PER,Force India,40.0,117.803,10.0,393,14.0,MEDIUM,True,26,0 days 01:08:49.631000,,False,30.7,16.2,52.6,True,2018,15.0
STR,Williams,40.0,121.631,11.0,393,20.0,MEDIUM,True,26,,,False,30.7,16.2,52.6,True,2018,18.0
ERI,Sauber,40.0,121.756,12.0,394,5.0,SOFT,True,6,,,False,30.7,16.2,52.6,True,2018,17.0
VAN,McLaren,40.0,122.252,13.0,394,6.0,MEDIUM,True,6,,,False,30.7,16.2,52.6,True,2018,11.0
HAR,Toro Rosso,40.0,122.571,14.0,394,7.0,MEDIUM,True,6,,,False,30.7,16.2,52.6,True,2018,20.0
SIR,Williams,40.0,122.453,15.0,394,18.0,MEDIUM,False,6,,,False,30.7,16.2,52.6,True,2018,19.0
HAM,Mercedes,41.0,108.59,1.0,395,16.0,MEDIUM,True,26,,,False,31.3,16.0,53.1,True,2018,1.0
VET,Ferrari,41.0,115.212,2.0,395,24.0,MEDIUM,True,26,0 days 01:08:45.740000,,False,30.7,16.2,52.6,True,2018,3.0
BOT,Mercedes,41.0,116.194,3.0,396,22.0,MEDIUM,True,26,,,False,30.7,16.2,52.6,True,2018,2.0
VER,Red Bull Racing,41.0,121.224,4.0,397,7.0,MEDIUM,True,26,,,False,30.7,16.2,52.6,True,2018,5.0
RIC,Red Bull Racing,41.0,122.589,5.0,397,8.0,MEDIUM,True,6,,,False,30.7,16.2,52.6,True,2018,6.0
MAG,Haas F1 Team,41.0,120.523,6.0,397,9.0,MEDIUM,True,6,,,False,30.6,16.3,51.2,True,2018,7.0
SAI,Renault,41.0,121.759,7.0,397,16.0,MEDIUM,True,67,,,False,30.3,16.1,51.2,True,2018,9.0
LEC,Sauber,41.0,121.252,8.0,397,21.0,MEDIUM,True,671,,,False,30.3,16.1,51.2,True,2018,14.0
ALO,McLaren,41.0,120.217,9.0,398,20.0,MEDIUM,True,671,,,False,30.3,16.1,51.2,True,2018,8.0
STR,Williams,41.0,115.115,10.0,398,21.0,MEDIUM,True,6712,,,False,30.3,16.1,51.2,True,2018,18.0
ERI,Sauber,41.0,113.942,11.0,399,6.0,SOFT,True,6712,,,False,30.3,16.1,51.2,True,2018,17.0
PER,Force India,41.0,130.341,12.0,399,7.0,SOFT,False,6712,,0 days 01:09:12.625000,False,30.3,16.1,51.2,True,2018,15.0
VAN,McLaren,41.0,113.119,13.0,400,7.0,MEDIUM,True,6712,,,False,30.3,16.1,51.2,True,2018,11.0
HAR,Toro Rosso,41.0,112.25,14.0,400,8.0,MEDIUM,True,6712,,,False,30.3,16.1,51.2,True,2018,20.0
SIR,Williams,41.0,121.922,15.0,400,19.0,MEDIUM,False,6712,0 days 01:11:29.719000,,False,30.3,16.1,51.2,True,2018,19.0
HAM,Mercedes,42.0,122.018,1.0,401,17.0,MEDIUM,True,67,,,False,30.6,16.3,51.2,True,2018,1.0
BOT,Mercedes,42.0,116.214,2.0,401,23.0,MEDIUM,True,6712,,,False,30.3,16.1,51.2,True,2018,2.0
VER,Red Bull Racing,42.0,115.38,3.0,402,8.0,MEDIUM,True,6712,,,False,30.3,16.1,51.2,True,2018,5.0
VET,Ferrari,42.0,132.006,4.0,403,1.0,MEDIUM,True,6712,,0 days 01:09:09.881000,False,30.3,16.1,51.2,True,2018,3.0
RIC,Red Bull Racing,42.0,122.559,5.0,403,9.0,MEDIUM,True,6712,,,False,30.3,16.1,51.2,True,2018,6.0
MAG,Haas F1 Team,42.0,95.617,6.0,403,10.0,MEDIUM,True,6712,,,False,30.6,15.9,52.3,True,2018,7.0
SAI,Renault,42.0,84.82,7.0,403,17.0,MEDIUM,True,712,,,False,30.6,15.9,52.3,True,2018,9.0
ALO,McLaren,42.0,85.185,8.0,403,21.0,MEDIUM,True,12,,,True,30.6,15.9,52.3,True,2018,8.0
LEC,Sauber,42.0,88.474,9.0,403,22.0,MEDIUM,True,12,,,True,30.6,15.9,52.3,True,2018,14.0
STR,Williams,42.0,86.657,10.0,404,22.0,MEDIUM,True,1,,,True,30.6,15.9,52.3,True,2018,18.0
PER,Force India,42.0,82.882,11.0,405,8.0,SOFT,False,1,,,True,30.6,15.9,52.3,True,2018,15.0
ERI,Sauber,42.0,84.26,12.0,406,7.0,SOFT,True,1,,,True,30.6,15.9,52.3,True,2018,17.0
VAN,McLaren,42.0,83.812,13.0,406,8.0,MEDIUM,True,1,,,True,30.6,15.9,52.3,True,2018,11.0
HAR,Toro Rosso,42.0,83.806,14.0,406,9.0,MEDIUM,True,1,,,True,31.2,16.0,53.6,True,2018,20.0
SIR,Williams,42.0,106.753,15.0,407,1.0,SOFT,True,1,,0 days 01:11:53.565000,False,31.2,16.0,53.6,True,2018,19.0
HAM,Mercedes,43.0,84.158,1.0,407,18.0,MEDIUM,True,712,,,False,30.6,15.9,52.3,True,2018,1.0
BOT,Mercedes,43.0,81.79,2.0,407,24.0,MEDIUM,True,21,,,True,30.6,15.9,52.3,True,2018,2.0
VER,Red Bull Racing,43.0,81.016,3.0,408,9.0,MEDIUM,True,1,,,True,30.6,15.9,52.3,True,2018,5.0
VET,Ferrari,43.0,82.267,4.0,409,2.0,MEDIUM,True,1,,,True,30.6,15.9,52.3,True,2018,3.0
RIC,Red Bull Racing,43.0,82.366,5.0,409,10.0,MEDIUM,True,1,,,True,31.2,16.0,53.6,True,2018,6.0
MAG,Haas F1 Team,43.0,82.025,6.0,409,11.0,MEDIUM,True,1,,,True,31.2,16.0,53.6,True,2018,7.0
SAI,Renault,43.0,81.94,7.0,409,18.0,MEDIUM,True,1,,,True,31.2,16.0,53.6,True,2018,9.0
ALO,McLaren,43.0,84.242,8.0,409,22.0,MEDIUM,True,1,,,True,31.2,16.0,53.6,True,2018,8.0
LEC,Sauber,43.0,83.154,9.0,409,23.0,MEDIUM,True,1,,,True,31.2,16.0,53.6,True,2018,14.0
PER,Force India,43.0,81.128,10.0,410,9.0,SOFT,False,1,,,True,32.5,16.1,52.1,True,2018,15.0
STR,Williams,43.0,84.367,11.0,410,23.0,MEDIUM,True,1,,,True,32.5,16.1,52.1,True,2018,18.0
ERI,Sauber,43.0,83.593,12.0,411,8.0,SOFT,True,1,,,True,32.5,16.1,52.1,True,2018,17.0
VAN,McLaren,43.0,83.358,13.0,411,9.0,MEDIUM,True,1,,,True,32.5,16.1,52.1,True,2018,11.0
HAR,Toro Rosso,43.0,82.622,14.0,411,10.0,MEDIUM,True,1,,,True,32.5,16.1,52.1,True,2018,20.0
SIR,Williams,43.0,83.002,15.0,412,2.0,SOFT,True,1,,,True,33.0,16.1,52.4,True,2018,19.0
HAM,Mercedes,44.0,80.625,1.0,412,19.0,MEDIUM,True,1,,,True,31.2,16.0,53.6,True,2018,1.0
BOT,Mercedes,44.0,81.378,2.0,412,25.0,MEDIUM,True,1,,,True,31.2,16.0,53.6,True,2018,2.0
VER,Red Bull Racing,44.0,80.746,3.0,413,10.0,MEDIUM,True,1,,,True,32.5,16.1,52.1,True,2018,5.0
VET,Ferrari,44.0,80.475,4.0,414,3.0,MEDIUM,True,1,,,True,32.5,16.1,52.1,True,2018,3.0
RIC,Red Bull Racing,44.0,80.602,5.0,414,11.0,MEDIUM,True,1,,,True,32.5,16.1,52.1,True,2018,6.0
MAG,Haas F1 Team,44.0,81.577,6.0,414,12.0,MEDIUM,True,1,,,True,32.5,16.1,52.1,True,2018,7.0
SAI,Renault,44.0,81.606,7.0,414,19.0,MEDIUM,True,1,,,True,33.0,16.1,52.4,True,2018,9.0
ALO,McLaren,44.0,82.496,8.0,414,23.0,MEDIUM,True,1,,,True,33.0,16.1,52.4,True,2018,8.0
LEC,Sauber,44.0,82.591,9.0,414,24.0,MEDIUM,True,1,,,True,33.0,16.1,52.4,True,2018,14.0
PER,Force India,44.0,81.491,10.0,415,10.0,SOFT,False,1,,,True,33.0,16.1,52.4,True,2018,15.0
STR,Williams,44.0,82.859,11.0,415,24.0,MEDIUM,True,1,,,True,33.0,16.1,52.4,True,2018,18.0
ERI,Sauber,44.0,83.478,12.0,416,9.0,SOFT,True,1,,,True,33.0,16.1,52.4,True,2018,17.0
VAN,McLaren,44.0,83.178,13.0,416,10.0,MEDIUM,True,1,,,True,33.0,16.1,52.4,True,2018,11.0
HAR,Toro Rosso,44.0,84.224,14.0,416,11.0,MEDIUM,True,1,,,True,33.0,16.1,52.4,True,2018,20.0
SIR,Williams,44.0,83.105,15.0,417,3.0,SOFT,True,1,,,True,33.4,16.2,52.4,True,2018,19.0
HAM,Mercedes,45.0,80.425,1.0,417,20.0,MEDIUM,True,1,,,True,33.0,16.1,52.4,True,2018,1.0
BOT,Mercedes,45.0,79.944,2.0,417,26.0,MEDIUM,True,1,,,True,33.0,16.1,52.4,True,2018,2.0
VER,Red Bull Racing,45.0,80.681,3.0,418,11.0,MEDIUM,True,1,,,True,33.0,16.1,52.4,True,2018,5.0
VET,Ferrari,45.0,80.093,4.0,419,4.0,MEDIUM,True,1,,,True,33.0,16.1,52.4,True,2018,3.0
RIC,Red Bull Racing,45.0,80.605,5.0,419,12.0,MEDIUM,True,1,,,True,33.0,16.1,52.4,True,2018,6.0
MAG,Haas F1 Team,45.0,81.55,6.0,419,13.0,MEDIUM,True,1,,,True,33.4,16.2,52.4,True,2018,7.0
SAI,Renault,45.0,82.062,7.0,419,20.0,MEDIUM,True,1,,,True,33.4,16.2,52.4,True,2018,9.0
ALO,McLaren,45.0,82.195,8.0,419,24.0,MEDIUM,True,1,,,True,33.4,16.2,52.4,True,2018,8.0
LEC,Sauber,45.0,82.519,9.0,419,25.0,MEDIUM,True,1,,,True,33.4,16.2,52.4,True,2018,14.0
PER,Force India,45.0,81.383,10.0,420,11.0,SOFT,False,1,,,True,33.4,16.2,52.4,True,2018,15.0
STR,Williams,45.0,83.035,11.0,420,25.0,MEDIUM,True,1,,,True,34.0,16.5,51.9,True,2018,18.0
ERI,Sauber,45.0,83.176,12.0,421,10.0,SOFT,True,1,,,True,34.0,16.5,51.9,True,2018,17.0
VAN,McLaren,45.0,85.532,13.0,421,11.0,MEDIUM,True,1,,,True,34.0,16.5,51.9,True,2018,11.0
HAR,Toro Rosso,45.0,81.965,14.0,421,12.0,MEDIUM,True,1,,,True,34.0,16.5,51.9,True,2018,20.0
SIR,Williams,45.0,82.971,15.0,422,4.0,SOFT,True,1,,,True,34.0,16.5,51.9,True,2018,19.0
HAM,Mercedes,46.0,80.621,1.0,422,21.0,MEDIUM,True,1,,,True,33.4,16.2,52.4,True,2018,1.0
BOT,Mercedes,46.0,80.24,2.0,422,27.0,MEDIUM,True,1,,,True,33.4,16.2,52.4,True,2018,2.0
VER,Red Bull Racing,46.0,80.446,3.0,423,12.0,MEDIUM,True,1,,,True,33.4,16.2,52.4,True,2018,5.0
VET,Ferrari,46.0,80.182,4.0,424,5.0,MEDIUM,True,1,,,True,33.4,16.2,52.4,True,2018,3.0
RIC,Red Bull Racing,46.0,80.363,5.0,424,13.0,MEDIUM,True,1,,,True,34.0,16.5,51.9,True,2018,6.0
MAG,Haas F1 Team,46.0,81.419,6.0,424,14.0,MEDIUM,True,1,,,True,34.0,16.5,51.9,True,2018,7.0
SAI,Renault,46.0,81.848,7.0,424,21.0,MEDIUM,True,1,,,True,34.0,16.5,51.9,True,2018,9.0
ALO,McLaren,46.0,82.165,8.0,424,25.0,MEDIUM,True,1,,,True,34.3,16.7,51.6,True,2018,8.0
LEC,Sauber,46.0,82.358,9.0,424,26.0,MEDIUM,True,1,,,True,34.3,16.7,51.6,True,2018,14.0
PER,Force India,46.0,81.452,10.0,425,12.0,SOFT,False,1,,,True,34.3,16.7,51.6,True,2018,15.0
STR,Williams,46.0,82.478,11.0,425,26.0,MEDIUM,True,1,,,True,34.3,16.7,51.6,True,2018,18.0
ERI,Sauber,46.0,83.11,12.0,426,11.0,SOFT,True,1,,,True,34.3,16.7,51.6,True,2018,17.0
HAR,Toro Rosso,46.0,81.944,13.0,426,13.0,MEDIUM,True,1,,,True,34.3,16.7,51.6,True,2018,20.0
SIR,Williams,46.0,86.38,14.0,427,5.0,SOFT,True,1,,,True,32.3,16.8,49.9,True,2018,19.0
HAM,Mercedes,47.0,79.766,1.0,427,22.0,MEDIUM,True,1,,,True,34.0,16.5,51.9,True,2018,1.0
BOT,Mercedes,47.0,80.381,2.0,427,28.0,MEDIUM,True,1,,,True,34.0,16.5,51.9,True,2018,2.0
VER,Red Bull Racing,47.0,80.477,3.0,428,13.0,MEDIUM,True,1,,,True,34.3,16.7,51.6,True,2018,5.0
VET,Ferrari,47.0,81.139,4.0,429,6.0,MEDIUM,True,1,,,True,34.3,16.7,51.6,True,2018,3.0
RIC,Red Bull Racing,47.0,80.35,5.0,429,14.0,MEDIUM,True,1,,,True,34.3,16.7,51.6,True,2018,6.0
MAG,Haas F1 Team,47.0,82.357,6.0,429,15.0,MEDIUM,True,1,,,True,34.3,16.7,51.6,True,2018,7.0
SAI,Renault,47.0,83.432,7.0,429,22.0,MEDIUM,True,1,,,True,32.3,16.8,49.9,True,2018,9.0
ALO,McLaren,47.0,81.959,8.0,429,26.0,MEDIUM,True,1,,,True,32.3,16.8,49.9,True,2018,8.0
LEC,Sauber,47.0,86.017,9.0,429,27.0,MEDIUM,True,1,,,True,32.3,16.8,49.9,True,2018,14.0
PER,Force India,47.0,81.351,10.0,430,13.0,SOFT,False,1,,,True,32.3,16.8,49.9,True,2018,15.0
STR,Williams,47.0,82.598,11.0,430,27.0,MEDIUM,True,1,,,True,32.3,16.8,49.9,True,2018,18.0
ERI,Sauber,47.0,82.953,12.0,431,12.0,SOFT,True,1,,,True,32.3,16.8,49.9,True,2018,17.0
HAR,Toro Rosso,47.0,81.95,13.0,431,14.0,MEDIUM,True,1,,,True,32.3,16.8,49.9,True,2018,20.0
SIR,Williams,47.0,83.805,14.0,432,6.0,SOFT,True,1,,,True,31.9,16.8,49.7,True,2018,19.0
HAM,Mercedes,48.0,80.2,1.0,432,23.0,MEDIUM,True,1,,,True,32.3,16.8,49.9,True,2018,1.0
BOT,Mercedes,48.0,81.942,2.0,432,29.0,MEDIUM,True,1,,,True,32.3,16.8,49.9,True,2018,2.0
VER,Red Bull Racing,48.0,80.805,3.0,433,14.0,MEDIUM,True,1,,,True,32.3,16.8,49.9,True,2018,5.0
VET,Ferrari,48.0,80.947,4.0,434,7.0,MEDIUM,True,1,,,True,32.3,16.8,49.9,True,2018,3.0
RIC,Red Bull Racing,48.0,80.854,5.0,434,15.0,MEDIUM,True,1,,,True,32.3,16.8,49.9,True,2018,6.0
MAG,Haas F1 Team,48.0,81.37,6.0,434,16.0,MEDIUM,True,1,,,True,31.9,16.8,49.7,True,2018,7.0
SAI,Renault,48.0,82.518,7.0,434,23.0,MEDIUM,True,1,,,True,31.9,16.8,49.7,True,2018,9.0
ALO,McLaren,48.0,82.466,8.0,434,27.0,MEDIUM,True,1,,,True,31.9,16.8,49.7,True,2018,8.0
LEC,Sauber,48.0,82.445,9.0,434,28.0,MEDIUM,True,1,,,True,31.9,16.8,49.7,True,2018,14.0
PER,Force India,48.0,81.59,10.0,435,14.0,SOFT,False,1,,,True,31.9,16.8,49.7,True,2018,15.0
STR,Williams,48.0,82.629,11.0,435,28.0,MEDIUM,True,1,,,True,31.3,16.3,49.5,True,2018,18.0
ERI,Sauber,48.0,84.253,12.0,436,13.0,SOFT,True,1,,,True,31.3,16.3,49.5,True,2018,17.0
HAR,Toro Rosso,48.0,82.04,13.0,436,15.0,MEDIUM,True,1,,,True,31.3,16.3,49.5,True,2018,20.0
SIR,Williams,48.0,83.004,14.0,437,7.0,SOFT,True,1,,,True,31.2,15.8,50.7,True,2018,19.0
HAM,Mercedes,49.0,79.983,1.0,437,24.0,MEDIUM,True,1,,,True,31.9,16.8,49.7,True,2018,1.0
BOT,Mercedes,49.0,79.828,2.0,437,30.0,MEDIUM,True,1,,,True,31.9,16.8,49.7,True,2018,2.0
VER,Red Bull Racing,49.0,80.336,3.0,438,15.0,MEDIUM,True,1,,,True,31.9,16.8,49.7,True,2018,5.0
VET,Ferrari,49.0,80.151,4.0,439,8.0,MEDIUM,True,1,,,True,31.9,16.8,49.7,True,2018,3.0
RIC,Red Bull Racing,49.0,80.278,5.0,439,16.0,MEDIUM,True,1,,,True,31.3,16.3,49.5,True,2018,6.0
MAG,Haas F1 Team,49.0,81.265,6.0,439,17.0,MEDIUM,True,1,,,True,31.3,16.3,49.5,True,2018,7.0
SAI,Renault,49.0,81.822,7.0,439,24.0,MEDIUM,True,1,,,True,31.2,15.8,50.7,True,2018,9.0
ALO,McLaren,49.0,84.447,8.0,439,28.0,MEDIUM,True,1,,,True,31.2,15.8,50.7,True,2018,8.0
LEC,Sauber,49.0,82.279,9.0,439,29.0,MEDIUM,True,1,,,True,31.2,15.8,50.7,True,2018,14.0
PER,Force India,49.0,81.451,10.0,440,15.0,SOFT,False,1,,,True,31.2,15.8,50.7,True,2018,15.0
STR,Williams,49.0,83.645,11.0,440,29.0,MEDIUM,True,1,,,True,31.2,15.8,50.7,True,2018,18.0
ERI,Sauber,49.0,82.586,12.0,441,14.0,SOFT,True,1,,,True,31.2,15.8,50.7,True,2018,17.0
HAR,Toro Rosso,49.0,82.12,13.0,441,16.0,MEDIUM,True,1,,,True,31.2,15.8,50.7,True,2018,20.0
SIR,Williams,49.0,84.499,14.0,442,8.0,SOFT,True,1,,,True,31.1,15.9,51.5,True,2018,19.0
HAM,Mercedes,50.0,79.902,1.0,442,25.0,MEDIUM,True,1,,,True,31.3,16.3,49.5,True,2018,1.0
BOT,Mercedes,50.0,80.492,2.0,442,31.0,MEDIUM,True,1,,,True,31.3,16.3,49.5,True,2018,2.0
VER,Red Bull Racing,50.0,79.823,3.0,443,16.0,MEDIUM,True,1,,,True,31.2,15.8,50.7,True,2018,5.0
VET,Ferrari,50.0,80.915,4.0,444,9.0,MEDIUM,True,1,,,True,31.2,15.8,50.7,True,2018,3.0
RIC,Red Bull Racing,50.0,79.147,5.0,444,17.0,MEDIUM,True,1,,,True,31.2,15.8,50.7,True,2018,6.0
MAG,Haas F1 Team,50.0,81.322,6.0,444,18.0,MEDIUM,True,1,,,True,31.2,15.8,50.7,True,2018,7.0
SAI,Renault,50.0,81.699,7.0,444,25.0,MEDIUM,True,1,,,True,31.1,15.9,51.5,True,2018,9.0
ALO,McLaren,50.0,81.723,8.0,444,29.0,MEDIUM,True,1,,,True,31.1,15.9,51.5,True,2018,8.0
LEC,Sauber,50.0,82.264,9.0,444,30.0,MEDIUM,True,1,,,True,31.1,15.9,51.5,True,2018,14.0
PER,Force India,50.0,81.494,10.0,445,16.0,SOFT,False,1,,,True,31.1,15.9,51.5,True,2018,15.0
STR,Williams,50.0,82.475,11.0,445,30.0,MEDIUM,True,1,,,True,31.1,15.9,51.5,True,2018,18.0
ERI,Sauber,50.0,82.487,12.0,446,15.0,SOFT,True,1,,,True,31.1,15.9,51.5,True,2018,17.0
HAR,Toro Rosso,50.0,81.881,13.0,446,17.0,MEDIUM,True,1,,,True,31.4,15.8,51.2,True,2018,20.0
SIR,Williams,50.0,84.778,14.0,447,9.0,SOFT,True,1,,,True,31.4,15.8,51.2,True,2018,19.0
HAM,Mercedes,51.0,79.634,1.0,447,26.0,MEDIUM,True,1,,,True,31.1,15.9,51.5,True,2018,1.0
BOT,Mercedes,51.0,79.924,2.0,447,32.0,MEDIUM,True,1,,,True,31.1,15.9,51.5,True,2018,2.0
VER,Red Bull Racing,51.0,80.442,3.0,448,17.0,MEDIUM,True,1,,,True,31.1,15.9,51.5,True,2018,5.0
VET,Ferrari,51.0,80.079,4.0,449,10.0,MEDIUM,True,1,,,True,31.1,15.9,51.5,True,2018,3.0
RIC,Red Bull Racing,51.0,79.673,5.0,449,18.0,MEDIUM,True,1,,,True,31.1,15.9,51.5,True,2018,6.0
MAG,Haas F1 Team,51.0,81.232,6.0,449,19.0,MEDIUM,True,1,,,True,31.4,15.8,51.2,True,2018,7.0
SAI,Renault,51.0,81.561,7.0,449,26.0,MEDIUM,True,1,,,True,31.4,15.8,51.2,True,2018,9.0
ALO,McLaren,51.0,82.073,8.0,449,30.0,MEDIUM,True,1,,,True,31.4,15.8,51.2,True,2018,8.0
LEC,Sauber,51.0,82.122,9.0,449,31.0,MEDIUM,True,1,,,True,31.4,15.8,52.2,True,2018,14.0
PER,Force India,51.0,81.877,10.0,450,17.0,SOFT,False,1,,,True,31.4,15.8,52.2,True,2018,15.0
STR,Williams,51.0,82.369,11.0,450,31.0,MEDIUM,True,1,,,True,31.4,15.8,52.2,True,2018,18.0
ERI,Sauber,51.0,82.797,12.0,451,16.0,SOFT,True,1,,,True,31.4,15.8,52.2,True,2018,17.0
HAR,Toro Rosso,51.0,81.913,13.0,451,18.0,MEDIUM,True,1,,,True,31.4,15.8,52.2,True,2018,20.0
SIR,Williams,51.0,85.045,14.0,452,10.0,SOFT,True,1,,,True,30.7,15.9,51.6,True,2018,19.0
HAM,Mercedes,52.0,79.984,1.0,452,27.0,MEDIUM,True,1,,,True,31.4,15.8,51.2,True,2018,1.0
BOT,Mercedes,52.0,79.987,2.0,452,33.0,MEDIUM,True,1,,,True,31.4,15.8,51.2,True,2018,2.0
VER,Red Bull Racing,52.0,79.877,3.0,453,18.0,MEDIUM,True,1,,,True,31.4,15.8,51.2,True,2018,5.0
VET,Ferrari,52.0,79.581,4.0,454,11.0,MEDIUM,True,1,,,True,31.4,15.8,51.2,True,2018,3.0
RIC,Red Bull Racing,52.0,79.801,5.0,454,19.0,MEDIUM,True,1,,,True,31.4,15.8,52.2,True,2018,6.0
MAG,Haas F1 Team,52.0,84.213,6.0,454,20.0,MEDIUM,True,1,,,True,31.4,15.8,52.2,True,2018,7.0
SAI,Renault,52.0,81.722,7.0,454,27.0,MEDIUM,True,1,,,True,30.7,15.9,51.6,True,2018,9.0
ALO,McLaren,52.0,81.559,8.0,454,31.0,MEDIUM,True,1,,,True,30.7,15.9,51.6,True,2018,8.0
LEC,Sauber,52.0,82.264,9.0,454,32.0,MEDIUM,True,1,,,True,30.7,15.9,51.6,True,2018,14.0
PER,Force India,52.0,82.227,10.0,455,18.0,SOFT,False,1,,,True,30.7,15.9,51.6,True,2018,15.0
STR,Williams,52.0,82.419,11.0,455,32.0,MEDIUM,True,1,,,True,30.7,15.9,51.6,True,2018,18.0
ERI,Sauber,52.0,82.797,12.0,456,17.0,SOFT,True,1,,,True,30.7,15.9,51.6,True,2018,17.0
HAR,Toro Rosso,52.0,81.956,13.0,456,19.0,MEDIUM,True,1,,,True,30.7,15.9,51.6,True,2018,20.0
SIR,Williams,52.0,83.155,14.0,457,11.0,SOFT,True,1,,,True,30.7,16.0,51.7,True,2018,19.0
HAM,Mercedes,53.0,79.831,1.0,457,28.0,MEDIUM,True,1,,,True,31.4,15.8,52.2,True,2018,1.0
BOT,Mercedes,53.0,80.092,2.0,457,34.0,MEDIUM,True,1,,,True,31.4,15.8,52.2,True,2018,2.0
VER,Red Bull Racing,53.0,80.355,3.0,458,19.0,MEDIUM,True,1,,,True,30.7,15.9,51.6,True,2018,5.0
VET,Ferrari,53.0,79.833,4.0,459,12.0,MEDIUM,True,1,,,True,30.7,15.9,51.6,True,2018,3.0
RIC,Red Bull Racing,53.0,80.219,5.0,459,20.0,MEDIUM,True,1,,,True,30.7,15.9,51.6,True,2018,6.0
MAG,Haas F1 Team,53.0,81.565,6.0,459,21.0,MEDIUM,True,1,,,True,30.7,16.0,51.7,True,2018,7.0
SAI,Renault,53.0,85.543,7.0,459,28.0,MEDIUM,True,1,,,True,30.7,16.0,51.7,True,2018,9.0
ALO,McLaren,53.0,81.79,8.0,459,32.0,MEDIUM,True,1,,,True,30.7,16.0,51.7,True,2018,8.0
LEC,Sauber,53.0,84.486,9.0,459,33.0,MEDIUM,True,1,,,True,30.7,16.0,51.7,True,2018,14.0
PER,Force India,53.0,84.392,10.0,460,19.0,SOFT,False,1,,,True,30.7,16.0,51.7,True,2018,15.0
STR,Williams,53.0,82.185,11.0,460,33.0,MEDIUM,True,1,,,True,31.7,16.2,51.5,True,2018,18.0
ERI,Sauber,53.0,82.805,12.0,461,18.0,SOFT,True,1,,,True,31.7,16.2,51.5,True,2018,17.0
HAR,Toro Rosso,53.0,82.195,13.0,461,20.0,MEDIUM,True,1,,,True,31.7,16.2,51.5,True,2018,20.0
SIR,Williams,53.0,82.754,14.0,462,12.0,SOFT,True,1,,,True,32.5,15.9,51.1,True,2018,19.0
HAM,Mercedes,54.0,80.007,1.0,462,29.0,MEDIUM,True,1,,,True,30.7,16.0,51.7,True,2018,1.0
BOT,Mercedes,54.0,79.946,2.0,462,35.0,MEDIUM,True,1,,,True,30.7,16.0,51.7,True,2018,2.0
VER,Red Bull Racing,54.0,79.777,3.0,463,20.0,MEDIUM,True,1,,,True,30.7,16.0,51.7,True,2018,5.0
VET,Ferrari,54.0,80.397,4.0,464,13.0,MEDIUM,True,1,,,True,30.7,16.0,51.7,True,2018,3.0
RIC,Red Bull Racing,54.0,81.351,5.0,464,21.0,MEDIUM,True,1,,,True,30.7,16.0,51.7,True,2018,6.0
MAG,Haas F1 Team,54.0,81.165,6.0,464,22.0,MEDIUM,True,1,,,True,31.7,16.2,51.5,True,2018,7.0
SAI,Renault,54.0,81.335,7.0,464,29.0,MEDIUM,True,1,,,True,31.7,16.2,51.5,True,2018,9.0
ALO,McLaren,54.0,81.308,8.0,464,33.0,MEDIUM,True,1,,,True,32.5,15.9,51.1,True,2018,8.0
LEC,Sauber,54.0,83.617,9.0,464,34.0,MEDIUM,True,1,,,True,32.5,15.9,51.1,True,2018,14.0
PER,Force India,54.0,82.389,10.0,465,20.0,SOFT,False,1,,,True,32.5,15.9,51.1,True,2018,15.0
STR,Williams,54.0,82.205,11.0,465,34.0,MEDIUM,True,1,,,True,32.5,15.9,51.1,True,2018,18.0
ERI,Sauber,54.0,82.563,12.0,466,19.0,SOFT,True,1,,,True,32.5,15.9,51.1,True,2018,17.0
HAR,Toro Rosso,54.0,82.361,13.0,466,21.0,MEDIUM,True,1,,,True,32.5,15.9,51.1,True,2018,20.0
SIR,Williams,54.0,85.471,14.0,467,13.0,SOFT,True,1,,,True,33.2,16.1,51.8,True,2018,19.0
HAM,Mercedes,55.0,79.86,1.0,467,30.0,MEDIUM,True,1,,,True,31.7,16.2,51.5,True,2018,1.0
BOT,Mercedes,55.0,79.837,2.0,467,36.0,MEDIUM,True,1,,,True,31.7,16.2,51.5,True,2018,2.0
VER,Red Bull Racing,55.0,79.731,3.0,468,21.0,MEDIUM,True,1,,,True,31.7,16.2,51.5,True,2018,5.0
VET,Ferrari,55.0,79.564,4.0,469,14.0,MEDIUM,True,1,,,True,31.7,16.2,51.5,True,2018,3.0
RIC,Red Bull Racing,55.0,79.093,5.0,469,22.0,MEDIUM,True,1,,,True,32.5,15.9,51.1,True,2018,6.0
MAG,Haas F1 Team,55.0,80.973,6.0,469,23.0,MEDIUM,True,1,,,True,32.5,15.9,51.1,True,2018,7.0
SAI,Renault,55.0,81.414,7.0,469,30.0,MEDIUM,True,1,,,True,33.2,16.1,51.8,True,2018,9.0
ALO,McLaren,55.0,81.295,8.0,469,34.0,MEDIUM,True,1,,,True,33.2,16.1,51.8,True,2018,8.0
LEC,Sauber,55.0,82.318,9.0,469,35.0,MEDIUM,True,1,,,True,33.2,16.1,51.8,True,2018,14.0
PER,Force India,55.0,82.073,10.0,470,21.0,SOFT,False,1,,,True,33.2,16.1,51.8,True,2018,15.0
STR,Williams,55.0,82.202,11.0,470,35.0,MEDIUM,True,1,,,True,33.2,16.1,51.8,True,2018,18.0
ERI,Sauber,55.0,82.561,12.0,471,20.0,SOFT,True,1,,,True,33.2,16.1,51.8,True,2018,17.0
HAR,Toro Rosso,55.0,82.12,13.0,471,22.0,MEDIUM,True,1,,,True,33.2,16.1,51.8,True,2018,20.0
SIR,Williams,55.0,82.829,14.0,472,14.0,SOFT,True,1,,,True,33.2,16.5,51.0,True,2018,19.0
HAM,Mercedes,56.0,79.811,1.0,472,31.0,MEDIUM,True,1,,,True,32.5,15.9,51.1,True,2018,1.0
BOT,Mercedes,56.0,79.478,2.0,472,37.0,MEDIUM,True,1,,,True,32.5,15.9,51.1,True,2018,2.0
VER,Red Bull Racing,56.0,79.508,3.0,473,22.0,MEDIUM,True,1,,,True,33.2,16.1,51.8,True,2018,5.0
VET,Ferrari,56.0,79.667,4.0,474,15.0,MEDIUM,True,1,,,True,33.2,16.1,51.8,True,2018,3.0
RIC,Red Bull Racing,56.0,81.627,5.0,474,23.0,MEDIUM,True,1,,,True,33.2,16.1,51.8,True,2018,6.0
MAG,Haas F1 Team,56.0,81.106,6.0,474,24.0,MEDIUM,True,1,,,True,33.2,16.5,51.0,True,2018,7.0
SAI,Renault,56.0,81.684,7.0,474,31.0,MEDIUM,True,1,,,True,33.2,16.5,51.0,True,2018,9.0
ALO,McLaren,56.0,81.84,8.0,474,35.0,MEDIUM,True,1,,,True,33.2,16.5,51.0,True,2018,8.0
LEC,Sauber,56.0,82.628,9.0,474,36.0,MEDIUM,True,1,,,True,33.2,16.5,51.0,True,2018,14.0
PER,Force India,56.0,82.585,10.0,475,22.0,SOFT,False,1,,,True,33.2,16.5,51.0,True,2018,15.0
STR,Williams,56.0,82.421,11.0,475,36.0,MEDIUM,True,1,,,True,33.2,16.7,50.4,True,2018,18.0
ERI,Sauber,56.0,82.627,12.0,476,21.0,SOFT,True,1,,,True,33.2,16.7,50.4,True,2018,17.0
HAR,Toro Rosso,56.0,82.5,13.0,476,23.0,MEDIUM,True,1,,,True,33.2,16.7,50.4,True,2018,20.0
SIR,Williams,56.0,82.886,14.0,477,15.0,SOFT,True,1,,,True,33.2,16.7,50.4,True,2018,19.0
HAM,Mercedes,57.0,79.443,1.0,477,32.0,MEDIUM,True,1,,,True,33.2,16.5,51.0,True,2018,1.0
BOT,Mercedes,57.0,79.94,2.0,477,38.0,MEDIUM,True,1,,,True,33.2,16.5,51.0,True,2018,2.0
VER,Red Bull Racing,57.0,79.515,3.0,478,23.0,MEDIUM,True,1,,,True,33.2,16.5,51.0,True,2018,5.0
VET,Ferrari,57.0,79.674,4.0,479,16.0,MEDIUM,True,1,,,True,33.2,16.5,51.0,True,2018,3.0
RIC,Red Bull Racing,57.0,80.69,5.0,479,24.0,MEDIUM,True,1,,,True,33.2,16.5,51.0,True,2018,6.0
MAG,Haas F1 Team,57.0,80.966,6.0,479,25.0,MEDIUM,True,1,,,True,33.2,16.7,50.4,True,2018,7.0
SAI,Renault,57.0,81.53,7.0,479,32.0,MEDIUM,True,1,,,True,33.2,16.7,50.4,True,2018,9.0
ALO,McLaren,57.0,81.854,8.0,479,36.0,MEDIUM,True,1,,,True,33.2,16.7,50.4,True,2018,8.0
LEC,Sauber,57.0,82.984,9.0,479,37.0,MEDIUM,True,1,,,True,33.2,16.7,50.4,True,2018,14.0
PER,Force India,57.0,82.709,10.0,480,23.0,SOFT,False,1,,,True,33.2,16.7,50.4,True,2018,15.0
STR,Williams,57.0,83.184,11.0,480,37.0,MEDIUM,True,1,,,True,33.2,16.7,50.4,True,2018,18.0
ERI,Sauber,57.0,83.044,12.0,481,22.0,SOFT,True,1,,,True,33.2,16.7,50.4,True,2018,17.0
HAR,Toro Rosso,57.0,83.118,13.0,481,24.0,MEDIUM,True,1,,,True,33.2,16.7,50.4,True,2018,20.0
SIR,Williams,57.0,82.68,14.0,482,16.0,SOFT,True,1,,,True,32.9,16.9,49.5,False,2018,19.0
HAM,Mercedes,58.0,79.488,1.0,482,33.0,MEDIUM,True,1,,,True,33.2,16.7,50.4,True,2018,1.0
BOT,Mercedes,58.0,80.098,2.0,482,39.0,MEDIUM,True,1,,,True,33.2,16.7,50.4,True,2018,2.0
VER,Red Bull Racing,58.0,79.599,3.0,483,24.0,MEDIUM,True,1,,,True,33.2,16.7,50.4,True,2018,5.0
VET,Ferrari,58.0,79.781,4.0,484,17.0,MEDIUM,True,1,,,True,33.2,16.7,50.4,True,2018,3.0
RIC,Red Bull Racing,58.0,79.767,5.0,484,25.0,MEDIUM,True,1,,,True,33.2,16.7,50.4,True,2018,6.0
MAG,Haas F1 Team,58.0,80.984,6.0,484,26.0,MEDIUM,True,1,,,True,33.2,16.7,50.4,True,2018,7.0
SAI,Renault,58.0,81.779,7.0,484,33.0,MEDIUM,True,1,,,True,32.9,16.9,49.5,False,2018,9.0
ALO,McLaren,58.0,81.945,8.0,484,37.0,MEDIUM,True,1,,,True,32.9,16.9,49.5,False,2018,8.0
PER,Force India,58.0,82.003,9.0,485,24.0,SOFT,False,1,,,True,32.9,16.9,49.5,False,2018,15.0
LEC,Sauber,58.0,84.121,10.0,485,38.0,MEDIUM,True,1,,,True,32.9,16.9,49.5,False,2018,14.0
STR,Williams,58.0,82.627,11.0,486,38.0,MEDIUM,True,1,,,True,32.9,16.9,49.5,False,2018,18.0
ERI,Sauber,58.0,83.29,12.0,487,23.0,SOFT,True,1,,,True,32.9,16.9,49.5,False,2018,17.0
HAR,Toro Rosso,58.0,84.786,13.0,487,25.0,MEDIUM,True,1,,,True,32.4,16.7,50.4,False,2018,20.0
SIR,Williams,58.0,82.689,14.0,488,17.0,SOFT,True,1,,,True,32.3,16.8,50.2,False,2018,19.0
HAM,Mercedes,59.0,79.614,1.0,488,34.0,MEDIUM,True,1,,,True,33.2,16.7,50.4,True,2018,1.0
BOT,Mercedes,59.0,80.169,2.0,488,40.0,MEDIUM,True,1,,,True,33.2,16.7,50.4,True,2018,2.0
VER,Red Bull Racing,59.0,79.656,3.0,489,25.0,MEDIUM,True,1,,,True,32.9,16.9,49.5,False,2018,5.0
VET,Ferrari,59.0,79.435,4.0,490,18.0,MEDIUM,True,1,,,True,32.9,16.9,49.5,False,2018,3.0
RIC,Red Bull Racing,59.0,79.63,5.0,490,26.0,MEDIUM,True,1,,,True,32.9,16.9,49.5,False,2018,6.0
MAG,Haas F1 Team,59.0,80.908,6.0,490,27.0,MEDIUM,True,1,,,True,32.4,16.7,50.4,False,2018,7.0
SAI,Renault,59.0,81.856,7.0,490,34.0,MEDIUM,True,1,,,True,32.4,16.7,50.4,False,2018,9.0
ALO,McLaren,59.0,82.337,8.0,490,38.0,MEDIUM,True,1,,,True,32.4,16.7,50.4,False,2018,8.0
PER,Force India,59.0,82.474,9.0,491,25.0,SOFT,False,1,,,True,32.3,16.8,50.2,False,2018,15.0
LEC,Sauber,59.0,83.446,10.0,491,39.0,MEDIUM,True,1,,,True,32.3,16.8,50.2,False,2018,14.0
STR,Williams,59.0,82.475,11.0,492,39.0,MEDIUM,True,1,,,True,32.3,16.8,50.2,False,2018,18.0
ERI,Sauber,59.0,84.258,12.0,493,24.0,SOFT,True,1,,,True,32.3,16.8,50.2,False,2018,17.0
HAR,Toro Rosso,59.0,82.765,13.0,493,26.0,MEDIUM,True,1,,,True,32.3,16.8,50.2,False,2018,20.0
SIR,Williams,59.0,88.346,14.0,494,18.0,SOFT,True,1,,,True,32.4,17.0,49.1,False,2018,19.0
HAM,Mercedes,60.0,81.819,1.0,494,35.0,MEDIUM,True,1,,,True,32.4,16.7,50.4,False,2018,1.0
BOT,Mercedes,60.0,80.006,2.0,494,41.0,MEDIUM,True,1,,,True,32.4,16.7,50.4,False,2018,2.0
VER,Red Bull Racing,60.0,79.707,3.0,495,26.0,MEDIUM,True,1,,,True,32.4,16.7,50.4,False,2018,5.0
VET,Ferrari,60.0,79.819,4.0,496,19.0,MEDIUM,True,1,,,True,32.4,16.7,50.4,False,2018,3.0
RIC,Red Bull Racing,60.0,81.093,5.0,496,27.0,MEDIUM,True,1,,,True,32.4,16.7,50.4,False,2018,6.0
MAG,Haas F1 Team,60.0,80.793,6.0,496,28.0,MEDIUM,True,1,,,True,32.3,16.8,50.2,False,2018,7.0
SAI,Renault,60.0,82.265,7.0,496,35.0,MEDIUM,True,1,,,True,32.4,17.0,49.1,False,2018,9.0
ALO,McLaren,60.0,82.316,8.0,496,39.0,MEDIUM,True,1,,,True,32.4,17.0,49.1,False,2018,8.0
PER,Force India,60.0,82.872,9.0,497,26.0,SOFT,False,1,,,True,32.4,17.0,49.1,False,2018,15.0
LEC,Sauber,60.0,83.599,10.0,497,40.0,MEDIUM,True,1,,,True,32.4,17.0,49.1,False,2018,14.0
STR,Williams,60.0,82.095,11.0,498,40.0,MEDIUM,True,1,,,True,32.4,17.0,49.1,False,2018,18.0
ERI,Sauber,60.0,82.661,12.0,499,25.0,SOFT,True,1,,,True,32.4,17.0,49.1,False,2018,17.0
HAR,Toro Rosso,60.0,82.718,13.0,499,27.0,MEDIUM,True,1,,,True,32.4,17.0,49.1,False,2018,20.0
SIR,Williams,60.0,84.438,14.0,500,19.0,SOFT,True,1,,,True,32.3,17.0,50.1,False,2018,19.0
HAM,Mercedes,61.0,80.47,1.0,500,36.0,MEDIUM,True,1,,,True,32.3,16.8,50.2,False,2018,1.0
BOT,Mercedes,61.0,79.819,2.0,500,42.0,MEDIUM,True,1,,,True,32.3,16.8,50.2,False,2018,2.0
VER,Red Bull Racing,61.0,79.557,3.0,501,27.0,MEDIUM,True,1,,,True,32.3,16.8,50.2,False,2018,5.0
VET,Ferrari,61.0,79.128,4.0,502,20.0,MEDIUM,True,1,,,True,32.3,16.8,50.2,False,2018,3.0
RIC,Red Bull Racing,61.0,78.441,5.0,502,28.0,MEDIUM,True,1,,,True,32.4,17.0,49.1,False,2018,6.0
MAG,Haas F1 Team,61.0,80.59,6.0,502,29.0,MEDIUM,True,1,,,True,32.4,17.0,49.1,False,2018,7.0
SAI,Renault,61.0,81.324,7.0,502,36.0,MEDIUM,True,1,,,True,32.3,17.0,50.1,False,2018,9.0
ALO,McLaren,61.0,81.196,8.0,502,40.0,MEDIUM,True,1,,,True,32.3,17.0,50.1,False,2018,8.0
PER,Force India,61.0,82.312,9.0,503,27.0,SOFT,False,1,,,True,32.3,17.0,50.1,False,2018,15.0
LEC,Sauber,61.0,83.357,10.0,503,41.0,MEDIUM,True,1,,,True,32.3,17.0,50.1,False,2018,14.0
STR,Williams,61.0,83.815,11.0,504,41.0,MEDIUM,True,1,,,True,31.6,17.1,49.6,False,2018,18.0
ERI,Sauber,61.0,82.846,12.0,505,26.0,SOFT,True,1,,,True,31.6,17.1,49.6,False,2018,17.0
HAR,Toro Rosso,61.0,82.614,13.0,505,28.0,MEDIUM,True,1,,,True,31.6,17.1,49.6,False,2018,20.0
SIR,Williams,61.0,82.702,14.0,506,20.0,SOFT,True,1,,,True,30.9,17.0,49.5,False,2018,19.0
HAM,Mercedes,62.0,79.152,1.0,506,37.0,MEDIUM,True,1,,,True,32.4,17.0,49.1,False,2018,1.0
BOT,Mercedes,62.0,79.872,2.0,506,43.0,MEDIUM,True,1,,,True,32.4,17.0,49.1,False,2018,2.0
VER,Red Bull Racing,62.0,79.422,3.0,507,28.0,MEDIUM,True,1,,,True,32.3,17.0,50.1,False,2018,5.0
VET,Ferrari,62.0,79.904,4.0,508,21.0,MEDIUM,True,1,,,True,32.3,17.0,50.1,False,2018,3.0
RIC,Red Bull Racing,62.0,79.595,5.0,508,29.0,MEDIUM,True,1,,,True,32.3,17.0,50.1,False,2018,6.0
MAG,Haas F1 Team,62.0,80.564,6.0,508,30.0,MEDIUM,True,1,,,True,31.6,17.1,49.6,False,2018,7.0
SAI,Renault,62.0,81.727,7.0,508,37.0,MEDIUM,True,1,,,True,31.6,17.1,49.6,False,2018,9.0
ALO,McLaren,62.0,80.97,8.0,508,41.0,MEDIUM,True,1,,,True,31.6,17.1,49.6,False,2018,8.0
PER,Force India,62.0,82.256,9.0,509,28.0,SOFT,False,1,,,True,30.9,17.0,49.5,False,2018,15.0
LEC,Sauber,62.0,82.81,10.0,509,42.0,MEDIUM,True,1,,,True,30.9,17.0,49.5,False,2018,14.0
STR,Williams,62.0,82.751,11.0,510,42.0,MEDIUM,True,1,,,True,30.9,17.0,49.5,False,2018,18.0
HAR,Toro Rosso,62.0,81.625,12.0,511,29.0,MEDIUM,True,1,,,True,30.9,17.0,49.5,False,2018,20.0
ERI,Sauber,62.0,84.791,13.0,512,27.0,SOFT,True,1,,,True,30.9,17.0,49.5,False,2018,17.0
SIR,Williams,62.0,84.779,14.0,513,21.0,SOFT,True,1,,,True,30.7,16.9,49.5,False,2018,19.0
HAM,Mercedes,63.0,79.822,1.0,513,38.0,MEDIUM,True,1,,,True,31.6,17.1,49.6,False,2018,1.0
BOT,Mercedes,63.0,80.058,2.0,513,44.0,MEDIUM,True,1,,,True,31.6,17.1,49.6,False,2018,2.0
VER,Red Bull Racing,63.0,79.454,3.0,514,29.0,MEDIUM,True,1,,,True,31.6,17.1,49.6,False,2018,5.0
VET,Ferrari,63.0,79.767,4.0,515,22.0,MEDIUM,True,1,,,True,31.6,17.1,49.6,False,2018,3.0
RIC,Red Bull Racing,63.0,79.867,5.0,515,30.0,MEDIUM,True,1,,,True,31.6,17.1,49.6,False,2018,6.0
MAG,Haas F1 Team,63.0,81.993,6.0,515,31.0,MEDIUM,True,1,,,True,30.9,17.0,49.5,False,2018,7.0
SAI,Renault,63.0,82.849,7.0,515,38.0,MEDIUM,True,1,,,True,30.7,16.9,49.5,False,2018,9.0
ALO,McLaren,63.0,80.856,8.0,515,42.0,MEDIUM,True,1,,,True,30.7,16.9,49.5,False,2018,8.0
PER,Force India,63.0,82.603,9.0,516,29.0,SOFT,False,1,,,True,30.7,16.9,49.5,False,2018,15.0
LEC,Sauber,63.0,84.848,10.0,516,43.0,MEDIUM,True,1,,,True,30.7,16.9,49.5,False,2018,14.0
STR,Williams,63.0,82.551,11.0,517,43.0,MEDIUM,True,1,,,True,30.7,16.9,49.5,False,2018,18.0
HAR,Toro Rosso,63.0,81.439,12.0,518,30.0,MEDIUM,True,1,,,True,30.7,16.9,49.5,False,2018,20.0
ERI,Sauber,63.0,84.497,13.0,519,28.0,SOFT,True,1,,,True,30.7,16.9,49.5,False,2018,17.0
SIR,Williams,63.0,83.323,14.0,520,22.0,SOFT,True,1,,,True,29.8,16.5,51.2,False,2018,19.0
HAM,Mercedes,64.0,79.133,1.0,520,39.0,MEDIUM,True,1,,,True,30.9,17.0,49.5,False,2018,1.0
BOT,Mercedes,64.0,80.421,2.0,520,45.0,MEDIUM,True,1,,,True,30.9,17.0,49.5,False,2018,2.0
VER,Red Bull Racing,64.0,79.786,3.0,521,30.0,MEDIUM,True,1,,,True,30.9,17.0,49.5,False,2018,5.0
VET,Ferrari,64.0,79.31,4.0,522,23.0,MEDIUM,True,1,,,True,30.9,17.0,49.5,False,2018,3.0
RIC,Red Bull Racing,64.0,78.46,5.0,522,31.0,MEDIUM,True,1,,,True,30.7,16.9,49.5,False,2018,6.0
MAG,Haas F1 Team,64.0,80.246,6.0,522,32.0,MEDIUM,True,1,,,True,30.7,16.9,49.5,False,2018,7.0
SAI,Renault,64.0,81.621,7.0,522,39.0,MEDIUM,True,1,,,True,30.7,16.9,49.5,False,2018,9.0
ALO,McLaren,64.0,80.727,8.0,522,43.0,MEDIUM,True,1,,,True,30.7,16.9,49.5,False,2018,8.0
PER,Force India,64.0,85.352,9.0,523,30.0,SOFT,False,1,,,True,29.8,16.5,51.2,False,2018,15.0
LEC,Sauber,64.0,83.706,10.0,523,44.0,MEDIUM,True,1,,,True,29.8,16.5,51.2,False,2018,14.0
STR,Williams,64.0,82.894,11.0,524,44.0,MEDIUM,True,1,,,True,29.8,16.5,51.2,False,2018,18.0
HAR,Toro Rosso,64.0,86.305,12.0,525,31.0,MEDIUM,True,1,,,True,29.8,16.5,51.2,False,2018,20.0
ERI,Sauber,64.0,84.541,13.0,526,29.0,SOFT,True,1,,,True,29.8,16.5,51.2,False,2018,17.0
HAM,Mercedes,65.0,79.425,1.0,526,40.0,MEDIUM,True,1,,,True,30.7,16.9,49.5,False,2018,1.0
BOT,Mercedes,65.0,81.13,2.0,526,46.0,MEDIUM,True,1,,,True,30.7,16.9,49.5,False,2018,2.0
VER,Red Bull Racing,65.0,80.194,3.0,527,31.0,MEDIUM,True,1,,,True,30.7,16.9,49.5,False,2018,5.0
VET,Ferrari,65.0,79.859,4.0,528,24.0,MEDIUM,True,1,,,True,30.7,16.9,49.5,False,2018,3.0
RIC,Red Bull Racing,65.0,80.586,5.0,528,32.0,MEDIUM,True,1,,,True,30.7,16.9,49.5,False,2018,6.0
MAG,Haas F1 Team,65.0,82.366,6.0,528,33.0,MEDIUM,True,1,,,True,29.8,16.5,51.2,False,2018,7.0
SAI,Renault,65.0,81.89,7.0,528,40.0,MEDIUM,True,1,,,True,29.8,16.5,51.2,False,2018,9.0
ALO,McLaren,65.0,81.059,8.0,528,44.0,MEDIUM,True,1,,,True,29.8,16.5,51.2,False,2018,8.0
HAM,Mercedes,66.0,80.393,1.0,529,41.0,MEDIUM,True,1,,,True,30.7,16.9,49.5,False,2018,1.0
BOT,Mercedes,66.0,80.478,2.0,529,47.0,MEDIUM,True,1,,,True,29.8,16.5,51.2,False,2018,2.0
VER,Red Bull Racing,66.0,81.202,3.0,530,32.0,MEDIUM,True,1,,,True,29.8,16.5,51.2,False,2018,5.0
VET,Ferrari,66.0,79.64,4.0,531,25.0,MEDIUM,True,1,,,True,29.8,16.5,51.2,False,2018,3.0
RIC,Red Bull Racing,66.0,81.678,5.0,531,33.0,MEDIUM,True,1,,,True,29.8,16.5,51.2,False,2018,6.0
HAM,Mercedes,1.0,86.434,1.0,1,4.0,SOFT,False,12,,,False,41.8,19.8,57.9,False,2019,2.0
BOT,Mercedes,1.0,88.519,2.0,2,4.0,SOFT,False,12,,,False,41.8,19.8,57.9,False,2019,1.0
VER,Red Bull Racing,1.0,89.414,3.0,3,4.0,SOFT,False,12,,,False,41.8,19.8,57.9,False,2019,4.0
VET,Ferrari,1.0,90.453,4.0,4,4.0,SOFT,False,12,,,False,41.8,19.8,57.9,False,2019,3.0
LEC,Ferrari,1.0,91.214,5.0,5,4.0,SOFT,False,12,,,False,41.8,19.8,57.9,False,2019,5.0
GAS,Red Bull Racing,1.0,91.885,6.0,6,4.0,SOFT,False,12,,,False,41.8,19.8,57.9,False,2019,6.0
GRO,Haas F1 Team,1.0,92.573,7.0,7,4.0,SOFT,False,12,,,False,41.8,19.8,57.9,False,2019,7.0
MAG,Haas F1 Team,1.0,93.075,8.0,8,4.0,SOFT,False,12,,,False,41.8,19.8,57.9,False,2019,8.0
KVY,Toro Rosso,1.0,93.892,9.0,9,4.0,SOFT,False,12,,,False,41.8,19.8,57.9,False,2019,9.0
ALB,Toro Rosso,1.0,94.539,10.0,10,1.0,SOFT,True,12,,,False,41.8,19.8,57.9,False,2019,11.0
SAI,McLaren,1.0,95.138,11.0,11,1.0,SOFT,True,12,,,False,41.8,19.8,57.9,False,2019,12.0
RIC,Renault,1.0,95.756,12.0,11,4.0,SOFT,False,12,,,False,41.8,19.8,57.9,False,2019,13.0
PER,Racing Point,1.0,96.385,13.0,12,1.0,SOFT,True,12,,,False,41.8,19.8,57.9,False,2019,15.0
STR,Racing Point,1.0,96.721,14.0,13,1.0,MEDIUM,True,12,,,False,41.8,19.8,57.9,False,2019,16.0
GIO,Alfa Romeo Racing,1.0,97.251,15.0,14,1.0,SOFT,True,12,,,False,41.8,19.8,57.9,False,2019,18.0
NOR,McLaren,1.0,97.604,16.0,15,1.0,SOFT,True,12,,,False,41.8,19.8,57.9,False,2019,10.0
KUB,Williams,1.0,98.564,17.0,16,1.0,MEDIUM,True,12,,,False,41.8,19.8,57.9,False,2019,17.0
HUL,Renault,1.0,98.687,18.0,17,1.0,MEDIUM,True,12,,0 days 00:33:17.148000,False,41.8,19.8,57.9,False,2019,0.0
RUS,Williams,1.0,99.457,19.0,18,1.0,MEDIUM,True,12,,,False,41.8,19.8,57.9,False,2019,19.0
RAI,Alfa Romeo Racing,1.0,103.029,20.0,19,1.0,MEDIUM,True,12,,,False,41.8,19.8,57.9,False,2019,14.0
HAM,Mercedes,2.0,83.657,1.0,19,5.0,SOFT,False,1,,,True,41.8,19.7,58.7,False,2019,2.0
BOT,Mercedes,2.0,83.495,2.0,20,5.0,SOFT,False,1,,,True,41.8,19.7,58.7,False,2019,1.0
VER,Red Bull Racing,2.0,83.595,3.0,21,5.0,SOFT,False,1,,,True,41.8,19.7,58.7,False,2019,4.0
VET,Ferrari,2.0,83.893,4.0,22,5.0,SOFT,False,1,,,True,41.8,19.7,58.7,False,2019,3.0
LEC,Ferrari,2.0,84.378,5.0,23,5.0,SOFT,False,1,,,True,41.8,19.7,58.7,False,2019,5.0
GAS,Red Bull Racing,2.0,84.591,6.0,24,5.0,SOFT,False,1,,,True,41.8,19.7,58.7,False,2019,6.0
GRO,Haas F1 Team,2.0,84.854,7.0,25,5.0,SOFT,False,1,,,True,41.8,19.7,58.7,False,2019,7.0
MAG,Haas F1 Team,2.0,85.593,8.0,26,5.0,SOFT,False,1,,,True,41.8,19.7,58.7,False,2019,8.0
KVY,Toro Rosso,2.0,85.634,9.0,27,5.0,SOFT,False,1,,,True,41.8,19.7,58.7,False,2019,9.0
ALB,Toro Rosso,2.0,86.009,10.0,28,2.0,SOFT,True,1,,,True,41.8,19.7,58.7,False,2019,11.0
SAI,McLaren,2.0,86.323,11.0,29,2.0,SOFT,True,1,,,True,41.8,19.7,58.7,False,2019,12.0
RIC,Renault,2.0,86.364,12.0,29,5.0,SOFT,False,1,,,True,41.8,19.7,58.7,False,2019,13.0
PER,Racing Point,2.0,86.549,13.0,30,2.0,SOFT,True,1,,,True,41.8,19.7,58.7,False,2019,15.0
STR,Racing Point,2.0,86.917,14.0,31,2.0,MEDIUM,True,1,,,True,41.8,19.7,58.7,False,2019,16.0
GIO,Alfa Romeo Racing,2.0,87.105,15.0,32,2.0,SOFT,True,1,,,True,41.8,19.7,58.7,False,2019,18.0
NOR,McLaren,2.0,87.195,16.0,33,2.0,SOFT,True,1,,,True,41.8,19.7,58.7,False,2019,10.0
HUL,Renault,2.0,87.232,17.0,34,2.0,MEDIUM,True,1,,,True,41.8,19.7,58.7,False,2019,0.0
KUB,Williams,2.0,88.746,18.0,35,2.0,MEDIUM,True,1,,,True,41.8,19.7,58.7,False,2019,17.0
RUS,Williams,2.0,88.445,19.0,36,2.0,MEDIUM,True,1,,,True,42.0,19.8,59.0,False,2019,19.0
RAI,Alfa Romeo Racing,2.0,85.55,20.0,37,2.0,MEDIUM,True,1,,,True,42.0,19.8,59.0,False,2019,14.0
HAM,Mercedes,3.0,83.183,1.0,37,6.0,SOFT,False,1,,,True,41.8,19.8,58.1,False,2019,2.0
BOT,Mercedes,3.0,83.021,2.0,38,6.0,SOFT,False,1,,,True,41.8,19.8,58.1,False,2019,1.0
VER,Red Bull Racing,3.0,83.359,3.0,39,6.0,SOFT,False,1,,,True,41.8,19.8,58.1,False,2019,4.0
VET,Ferrari,3.0,83.455,4.0,40,6.0,SOFT,False,1,,,True,41.8,19.8,58.1,False,2019,3.0
LEC,Ferrari,3.0,83.549,5.0,41,6.0,SOFT,False,1,,,True,41.8,19.8,58.1,False,2019,5.0
GAS,Red Bull Racing,3.0,83.795,6.0,42,6.0,SOFT,False,1,,,True,41.8,19.8,58.1,False,2019,6.0
GRO,Haas F1 Team,3.0,84.4,7.0,43,6.0,SOFT,False,1,,,True,41.8,19.8,58.1,False,2019,7.0
MAG,Haas F1 Team,3.0,84.883,8.0,44,6.0,SOFT,False,1,,,True,41.8,19.8,58.1,False,2019,8.0
KVY,Toro Rosso,3.0,84.954,9.0,45,6.0,SOFT,False,1,,,True,41.8,19.8,58.1,False,2019,9.0
ALB,Toro Rosso,3.0,84.971,10.0,46,3.0,SOFT,True,1,,,True,41.8,19.8,58.1,False,2019,11.0
SAI,McLaren,3.0,85.21,11.0,47,3.0,SOFT,True,1,,,True,41.8,19.8,58.1,False,2019,12.0
RIC,Renault,3.0,85.278,12.0,47,6.0,SOFT,False,1,,,True,41.8,19.8,58.1,False,2019,13.0
PER,Racing Point,3.0,85.829,13.0,48,3.0,SOFT,True,1,,,True,41.8,19.8,58.1,False,2019,15.0
STR,Racing Point,3.0,85.962,14.0,49,3.0,MEDIUM,True,1,,,True,41.8,19.8,58.1,False,2019,16.0
GIO,Alfa Romeo Racing,3.0,85.88,15.0,50,3.0,SOFT,True,1,,,True,41.8,19.8,58.1,False,2019,18.0
NOR,McLaren,3.0,86.159,16.0,51,3.0,SOFT,True,1,,,True,41.8,19.8,58.1,False,2019,10.0
HUL,Renault,3.0,86.311,17.0,52,3.0,MEDIUM,True,1,,,True,41.8,19.8,58.1,False,2019,0.0
KUB,Williams,3.0,87.102,18.0,53,3.0,MEDIUM,True,1,,,True,41.8,19.8,58.1,False,2019,17.0
RAI,Alfa Romeo Racing,3.0,86.653,19.0,54,3.0,MEDIUM,True,1,,,True,41.8,19.8,58.1,False,2019,14.0
RUS,Williams,3.0,88.553,20.0,55,3.0,MEDIUM,True,1,,,True,41.8,19.8,58.1,False,2019,19.0
HAM,Mercedes,4.0,82.782,1.0,55,7.0,SOFT,False,1,,,True,41.8,19.8,57.5,False,2019,2.0
BOT,Mercedes,4.0,83.161,2.0,56,7.0,SOFT,False,1,,,True,41.8,19.8,57.5,False,2019,1.0
VER,Red Bull Racing,4.0,83.097,3.0,57,7.0,SOFT,False,1,,,True,41.8,19.8,57.5,False,2019,4.0
VET,Ferrari,4.0,83.378,4.0,58,7.0,SOFT,False,1,,,True,41.8,19.8,57.5,False,2019,3.0
LEC,Ferrari,4.0,83.153,5.0,59,7.0,SOFT,False,1,,,True,41.8,19.8,57.5,False,2019,5.0
GAS,Red Bull Racing,4.0,83.635,6.0,60,7.0,SOFT,False,1,,,True,41.8,19.8,57.5,False,2019,6.0
GRO,Haas F1 Team,4.0,84.389,7.0,61,7.0,SOFT,False,1,,,True,41.8,19.8,57.5,False,2019,7.0
MAG,Haas F1 Team,4.0,84.485,8.0,62,7.0,SOFT,False,1,,,True,41.8,19.8,57.5,False,2019,8.0
KVY,Toro Rosso,4.0,84.568,9.0,63,7.0,SOFT,False,1,,,True,41.8,19.8,57.5,False,2019,9.0
ALB,Toro Rosso,4.0,84.565,10.0,64,4.0,SOFT,True,1,,,True,41.8,19.8,57.5,False,2019,11.0
SAI,McLaren,4.0,84.586,11.0,65,4.0,SOFT,True,1,,,True,41.8,19.8,57.5,False,2019,12.0
RIC,Renault,4.0,84.611,12.0,65,7.0,SOFT,False,1,,,True,41.8,19.8,57.5,False,2019,13.0
PER,Racing Point,4.0,85.141,13.0,66,4.0,SOFT,True,1,,,True,41.8,19.8,57.5,False,2019,15.0
STR,Racing Point,4.0,85.34,14.0,67,4.0,MEDIUM,True,1,,,True,41.8,19.8,57.5,False,2019,16.0
GIO,Alfa Romeo Racing,4.0,85.567,15.0,68,4.0,SOFT,True,1,,,True,41.8,19.8,57.5,False,2019,18.0
NOR,McLaren,4.0,85.283,16.0,69,4.0,SOFT,True,1,,,True,41.8,19.8,57.5,False,2019,10.0
HUL,Renault,4.0,85.576,17.0,70,4.0,MEDIUM,True,1,,,True,41.8,19.8,57.5,False,2019,0.0
KUB,Williams,4.0,87.185,18.0,71,4.0,MEDIUM,True,1,,,True,41.8,19.8,57.5,False,2019,17.0
RAI,Alfa Romeo Racing,4.0,86.605,19.0,72,4.0,MEDIUM,True,1,,,True,41.8,19.8,57.5,False,2019,14.0
RUS,Williams,4.0,86.66,20.0,73,4.0,MEDIUM,True,1,,,True,41.8,19.8,57.5,False,2019,19.0
HAM,Mercedes,5.0,82.698,1.0,73,8.0,SOFT,False,1,,,True,41.8,19.8,58.4,False,2019,2.0
BOT,Mercedes,5.0,82.676,2.0,74,8.0,SOFT,False,1,,,True,41.8,19.8,58.4,False,2019,1.0
VER,Red Bull Racing,5.0,82.803,3.0,75,8.0,SOFT,False,1,,,True,41.8,19.8,58.4,False,2019,4.0
VET,Ferrari,5.0,83.232,4.0,76,8.0,SOFT,False,1,,,True,41.8,19.8,58.4,False,2019,3.0
LEC,Ferrari,5.0,83.277,5.0,77,8.0,SOFT,False,1,,,True,41.8,19.8,58.4,False,2019,5.0
GAS,Red Bull Racing,5.0,83.402,6.0,78,8.0,SOFT,False,1,,,True,41.8,19.8,58.4,False,2019,6.0
GRO,Haas F1 Team,5.0,84.094,7.0,79,8.0,SOFT,False,1,,,True,41.3,19.5,60.5,False,2019,7.0
MAG,Haas F1 Team,5.0,84.522,8.0,80,8.0,SOFT,False,1,,,True,41.3,19.5,60.5,False,2019,8.0
KVY,Toro Rosso,5.0,84.806,9.0,81,8.0,SOFT,False,1,,,True,41.3,19.5,60.5,False,2019,9.0
ALB,Toro Rosso,5.0,85.025,10.0,82,5.0,SOFT,True,1,,,True,41.3,19.5,60.5,False,2019,11.0
SAI,McLaren,5.0,84.801,11.0,83,5.0,SOFT,True,1,,,True,41.3,19.5,60.5,False,2019,12.0
RIC,Renault,5.0,84.595,12.0,83,8.0,SOFT,False,1,,,True,41.3,19.5,60.5,False,2019,13.0
PER,Racing Point,5.0,84.826,13.0,84,5.0,SOFT,True,1,,,True,41.3,19.5,60.5,False,2019,15.0
STR,Racing Point,5.0,85.231,14.0,85,5.0,MEDIUM,True,1,,,True,41.3,19.5,60.5,False,2019,16.0
GIO,Alfa Romeo Racing,5.0,85.402,15.0,86,5.0,SOFT,True,1,,,True,41.3,19.5,60.5,False,2019,18.0
NOR,McLaren,5.0,85.456,16.0,87,5.0,SOFT,True,1,,,True,41.3,19.5,60.5,False,2019,10.0
HUL,Renault,5.0,85.331,17.0,88,5.0,MEDIUM,True,1,,,True,41.3,19.5,60.5,False,2019,0.0
RAI,Alfa Romeo Racing,5.0,84.316,18.0,89,5.0,MEDIUM,True,1,,,True,41.3,19.5,60.5,False,2019,14.0
KUB,Williams,5.0,87.13,19.0,90,5.0,MEDIUM,True,1,,,True,41.3,19.5,60.5,False,2019,17.0
RUS,Williams,5.0,86.616,20.0,91,5.0,MEDIUM,True,1,,,True,41.3,19.5,60.5,False,2019,19.0
HAM,Mercedes,6.0,82.31,1.0,91,9.0,SOFT,False,1,,,True,41.3,19.7,59.6,False,2019,2.0
BOT,Mercedes,6.0,82.536,2.0,92,9.0,SOFT,False,1,,,True,41.3,19.7,59.6,False,2019,1.0
VER,Red Bull Racing,6.0,82.817,3.0,93,9.0,SOFT,False,1,,,True,41.3,19.7,59.6,False,2019,4.0
VET,Ferrari,6.0,83.146,4.0,94,9.0,SOFT,False,1,,,True,41.3,19.7,59.6,False,2019,3.0
LEC,Ferrari,6.0,82.933,5.0,95,9.0,SOFT,False,1,,,True,41.3,19.7,59.6,False,2019,5.0
GAS,Red Bull Racing,6.0,83.408,6.0,96,9.0,SOFT,False,1,,,True,41.3,19.7,59.6,False,2019,6.0
GRO,Haas F1 Team,6.0,83.786,7.0,97,9.0,SOFT,False,1,,,True,41.3,19.7,59.6,False,2019,7.0
MAG,Haas F1 Team,6.0,84.349,8.0,98,9.0,SOFT,False,1,,,True,41.3,19.7,59.6,False,2019,8.0
KVY,Toro Rosso,6.0,84.499,9.0,99,9.0,SOFT,False,1,,,True,41.3,19.7,59.6,False,2019,9.0
ALB,Toro Rosso,6.0,84.732,10.0,100,6.0,SOFT,True,1,,,True,41.3,19.7,59.6,False,2019,11.0
SAI,McLaren,6.0,84.856,11.0,101,6.0,SOFT,True,1,,,True,41.3,19.7,59.6,False,2019,12.0
RIC,Renault,6.0,84.993,12.0,101,9.0,SOFT,False,1,,,True,41.3,19.7,59.6,False,2019,13.0
PER,Racing Point,6.0,84.721,13.0,102,6.0,SOFT,True,1,,,True,41.3,19.7,59.6,False,2019,15.0
STR,Racing Point,6.0,85.193,14.0,103,6.0,MEDIUM,True,1,,,True,41.3,19.7,59.6,False,2019,16.0
NOR,McLaren,6.0,84.861,15.0,104,6.0,SOFT,True,1,,,True,41.3,19.7,59.6,False,2019,10.0
HUL,Renault,6.0,85.273,16.0,105,6.0,MEDIUM,True,1,,,True,41.3,19.7,59.6,False,2019,0.0
RAI,Alfa Romeo Racing,6.0,85.007,17.0,106,6.0,MEDIUM,True,1,,,True,41.3,19.7,59.6,False,2019,14.0
GIO,Alfa Romeo Racing,6.0,90.587,18.0,107,6.0,SOFT,True,1,0 days 00:41:57.697000,,False,41.3,19.7,59.6,False,2019,18.0
KUB,Williams,6.0,86.308,19.0,108,6.0,MEDIUM,True,1,,,True,41.3,19.7,59.6,False,2019,17.0
RUS,Williams,6.0,86.713,20.0,109,6.0,MEDIUM,True,1,,,True,41.3,19.7,59.6,False,2019,19.0
HAM,Mercedes,7.0,82.254,1.0,109,10.0,SOFT,False,1,,,True,41.4,19.8,59.1,False,2019,2.0
BOT,Mercedes,7.0,82.589,2.0,110,10.0,SOFT,False,1,,,True,41.4,19.8,59.1,False,2019,1.0
VER,Red Bull Racing,7.0,82.953,3.0,111,10.0,SOFT,False,1,,,True,41.4,19.8,59.1,False,2019,4.0
VET,Ferrari,7.0,82.906,4.0,112,10.0,SOFT,False,1,,,True,41.4,19.8,59.1,False,2019,3.0
LEC,Ferrari,7.0,82.792,5.0,113,10.0,SOFT,False,1,,,True,41.4,19.8,59.1,False,2019,5.0
GAS,Red Bull Racing,7.0,83.114,6.0,114,10.0,SOFT,False,1,,,True,41.4,19.8,59.1,False,2019,6.0
GRO,Haas F1 Team,7.0,83.71,7.0,115,10.0,SOFT,False,1,,,True,41.4,19.8,59.1,False,2019,7.0
MAG,Haas F1 Team,7.0,84.369,8.0,116,10.0,SOFT,False,1,,,True,41.4,19.8,59.1,False,2019,8.0
KVY,Toro Rosso,7.0,84.285,9.0,117,10.0,SOFT,False,1,,,True,41.4,19.8,59.1,False,2019,9.0
ALB,Toro Rosso,7.0,84.319,10.0,118,7.0,SOFT,True,1,,,True,41.4,19.8,59.1,False,2019,11.0
SAI,McLaren,7.0,84.505,11.0,119,7.0,SOFT,True,1,,,True,41.4,19.8,59.1,False,2019,12.0
RIC,Renault,7.0,84.798,12.0,119,10.0,SOFT,False,1,,,True,41.4,19.8,59.1,False,2019,13.0
PER,Racing Point,7.0,84.712,13.0,120,7.0,SOFT,True,1,,,True,41.2,19.8,59.4,False,2019,15.0
STR,Racing Point,7.0,85.298,14.0,121,7.0,MEDIUM,True,1,,,True,41.2,19.8,59.4,False,2019,16.0
NOR,McLaren,7.0,84.94,15.0,122,7.0,SOFT,True,1,,,True,41.2,19.8,59.4,False,2019,10.0
HUL,Renault,7.0,84.238,16.0,123,7.0,MEDIUM,True,1,,,True,41.2,19.8,59.4,False,2019,0.0
RAI,Alfa Romeo Racing,7.0,84.866,17.0,124,7.0,MEDIUM,True,1,,,True,41.2,19.8,59.4,False,2019,14.0
KUB,Williams,7.0,86.312,18.0,125,7.0,MEDIUM,True,1,,,True,41.2,19.8,59.4,False,2019,17.0
RUS,Williams,7.0,86.054,19.0,126,7.0,MEDIUM,True,1,,,True,41.2,19.8,59.4,False,2019,19.0
GIO,Alfa Romeo Racing,7.0,103.822,20.0,127,1.0,HARD,True,1,,0 days 00:42:18.479000,False,41.2,19.8,59.4,False,2019,18.0
HAM,Mercedes,8.0,82.355,1.0,127,11.0,SOFT,False,1,,,True,41.2,19.8,59.4,False,2019,2.0
BOT,Mercedes,8.0,82.26,2.0,128,11.0,SOFT,False,1,,,True,41.2,20.0,58.3,False,2019,1.0
VER,Red Bull Racing,8.0,82.625,3.0,129,11.0,SOFT,False,1,,,True,41.2,20.0,58.3,False,2019,4.0
VET,Ferrari,8.0,82.957,4.0,130,11.0,SOFT,False,1,,,True,41.2,20.0,58.3,False,2019,3.0
LEC,Ferrari,8.0,83.078,5.0,131,11.0,SOFT,False,1,,,True,41.2,20.0,58.3,False,2019,5.0
GAS,Red Bull Racing,8.0,82.874,6.0,132,11.0,SOFT,False,1,,,True,41.2,20.0,58.3,False,2019,6.0
GRO,Haas F1 Team,8.0,84.383,7.0,133,11.0,SOFT,False,1,,,True,41.2,20.0,58.3,False,2019,7.0
MAG,Haas F1 Team,8.0,84.456,8.0,134,11.0,SOFT,False,1,,,True,41.2,20.0,58.3,False,2019,8.0
KVY,Toro Rosso,8.0,84.177,9.0,135,11.0,SOFT,False,1,,,True,41.2,20.0,58.3,False,2019,9.0
ALB,Toro Rosso,8.0,84.174,10.0,136,8.0,SOFT,True,1,,,True,41.2,20.0,58.3,False,2019,11.0
SAI,McLaren,8.0,84.64,11.0,137,8.0,SOFT,True,1,,,True,41.2,20.0,58.3,False,2019,12.0
RIC,Renault,8.0,84.603,12.0,137,11.0,SOFT,False,1,,,True,41.2,20.0,58.3,False,2019,13.0
PER,Racing Point,8.0,84.785,13.0,138,8.0,SOFT,True,1,,,True,41.2,20.0,58.3,False,2019,15.0
STR,Racing Point,8.0,85.238,14.0,139,8.0,MEDIUM,True,1,,,True,41.2,20.0,58.3,False,2019,16.0
NOR,McLaren,8.0,84.956,15.0,140,8.0,SOFT,True,1,,,True,41.2,20.0,58.3,False,2019,10.0
HUL,Renault,8.0,84.706,16.0,141,8.0,MEDIUM,True,1,,,True,41.2,20.0,58.3,False,2019,0.0
RAI,Alfa Romeo Racing,8.0,84.385,17.0,142,8.0,MEDIUM,True,1,,,True,41.2,20.0,58.3,False,2019,14.0
KUB,Williams,8.0,86.074,18.0,143,8.0,MEDIUM,True,1,,,True,41.2,20.0,58.3,False,2019,17.0
RUS,Williams,8.0,86.071,19.0,144,8.0,MEDIUM,True,1,,,True,41.2,20.0,58.3,False,2019,19.0
GIO,Alfa Romeo Racing,8.0,84.731,20.0,145,2.0,HARD,True,1,,,True,41.2,20.0,58.3,False,2019,18.0
HAM,Mercedes,9.0,81.972,1.0,145,12.0,SOFT,False,1,,,True,41.6,20.2,57.8,False,2019,2.0
BOT,Mercedes,9.0,82.296,2.0,146,12.0,SOFT,False,1,,,True,41.6,20.2,57.8,False,2019,1.0
VER,Red Bull Racing,9.0,82.709,3.0,147,12.0,SOFT,False,1,,,True,41.6,20.2,57.8,False,2019,4.0
VET,Ferrari,9.0,82.975,4.0,148,12.0,SOFT,False,1,,,True,41.6,20.2,57.8,False,2019,3.0
LEC,Ferrari,9.0,82.749,5.0,149,12.0,SOFT,False,1,,,True,41.6,20.2,57.8,False,2019,5.0
GAS,Red Bull Racing,9.0,83.84,6.0,150,12.0,SOFT,False,1,,,True,41.6,20.2,57.8,False,2019,6.0
GRO,Haas F1 Team,9.0,84.171,7.0,151,12.0,SOFT,False,1,,,True,41.6,20.2,57.8,False,2019,7.0
MAG,Haas F1 Team,9.0,84.382,8.0,152,12.0,SOFT,False,1,,,True,41.6,20.2,57.8,False,2019,8.0
KVY,Toro Rosso,9.0,84.339,9.0,153,12.0,SOFT,False,1,,,True,41.6,20.2,57.8,False,2019,9.0
ALB,Toro Rosso,9.0,84.415,10.0,154,9.0,SOFT,True,1,,,True,41.6,20.2,57.8,False,2019,11.0
SAI,McLaren,9.0,84.448,11.0,155,9.0,SOFT,True,1,,,True,41.6,20.2,57.8,False,2019,12.0
RIC,Renault,9.0,84.482,12.0,155,12.0,SOFT,False,1,,,True,41.6,20.2,57.8,False,2019,13.0
PER,Racing Point,9.0,84.701,13.0,156,9.0,SOFT,True,1,,,True,41.6,20.2,57.8,False,2019,15.0
STR,Racing Point,9.0,85.518,14.0,157,9.0,MEDIUM,True,1,,,True,41.6,20.2,57.8,False,2019,16.0
NOR,McLaren,9.0,86.011,15.0,158,9.0,SOFT,True,1,,,True,41.6,20.2,57.8,False,2019,10.0
HUL,Renault,9.0,85.666,16.0,159,9.0,MEDIUM,True,1,,,True,41.6,20.2,57.8,False,2019,0.0
RAI,Alfa Romeo Racing,9.0,84.76,17.0,160,9.0,MEDIUM,True,1,,,True,41.6,20.2,57.8,False,2019,14.0
KUB,Williams,9.0,86.19,18.0,161,9.0,MEDIUM,True,1,,,True,41.4,19.9,59.5,False,2019,17.0
RUS,Williams,9.0,86.191,19.0,162,9.0,MEDIUM,True,1,,,True,41.4,19.9,59.5,False,2019,19.0
GIO,Alfa Romeo Racing,9.0,84.947,20.0,163,3.0,HARD,True,1,,,True,41.4,19.9,59.5,False,2019,18.0
HAM,Mercedes,10.0,81.974,1.0,163,13.0,SOFT,False,1,,,True,41.4,19.9,59.5,False,2019,2.0
BOT,Mercedes,10.0,82.211,2.0,164,13.0,SOFT,False,1,,,True,41.4,19.9,59.5,False,2019,1.0
VER,Red Bull Racing,10.0,82.551,3.0,165,13.0,SOFT,False,1,,,True,41.4,19.9,59.5,False,2019,4.0
VET,Ferrari,10.0,83.081,4.0,166,13.0,SOFT,False,1,,,True,41.4,19.9,59.5,False,2019,3.0
LEC,Ferrari,10.0,83.165,5.0,167,13.0,SOFT,False,1,,,True,41.4,19.9,59.5,False,2019,5.0
GAS,Red Bull Racing,10.0,83.436,6.0,168,13.0,SOFT,False,1,,,True,41.4,19.9,59.5,False,2019,6.0
GRO,Haas F1 Team,10.0,84.058,7.0,169,13.0,SOFT,False,1,,,True,41.2,19.9,59.4,False,2019,7.0
MAG,Haas F1 Team,10.0,83.949,8.0,170,13.0,SOFT,False,1,,,True,41.2,19.9,59.4,False,2019,8.0
KVY,Toro Rosso,10.0,84.289,9.0,171,13.0,SOFT,False,1,,,True,41.2,19.9,59.4,False,2019,9.0
ALB,Toro Rosso,10.0,84.037,10.0,172,10.0,SOFT,True,1,,,True,41.2,19.9,59.4,False,2019,11.0
SAI,McLaren,10.0,84.19,11.0,173,10.0,SOFT,True,1,,,True,41.2,19.9,59.4,False,2019,12.0
RIC,Renault,10.0,83.872,12.0,173,13.0,SOFT,False,1,,,True,41.2,19.9,59.4,False,2019,13.0
PER,Racing Point,10.0,84.337,13.0,174,10.0,SOFT,True,1,,,True,41.2,19.9,59.4,False,2019,15.0
STR,Racing Point,10.0,84.894,14.0,175,10.0,MEDIUM,True,1,,,True,41.2,19.9,59.4,False,2019,16.0
HUL,Renault,10.0,84.375,15.0,176,10.0,MEDIUM,True,1,,,True,41.2,19.9,59.4,False,2019,0.0
NOR,McLaren,10.0,86.0,16.0,177,10.0,SOFT,True,1,,,True,41.2,19.9,59.4,False,2019,10.0
RAI,Alfa Romeo Racing,10.0,84.716,17.0,178,10.0,MEDIUM,True,1,,,True,41.2,19.9,59.4,False,2019,14.0
KUB,Williams,10.0,86.224,18.0,179,10.0,MEDIUM,True,1,,,True,41.2,19.9,59.4,False,2019,17.0
RUS,Williams,10.0,85.869,19.0,180,10.0,MEDIUM,True,1,,,True,41.2,19.9,59.4,False,2019,19.0
GIO,Alfa Romeo Racing,10.0,85.012,20.0,181,4.0,HARD,True,1,,,True,41.2,19.9,59.4,False,2019,18.0
HAM,Mercedes,11.0,82.284,1.0,181,14.0,SOFT,False,1,,,True,41.3,20.2,58.7,False,2019,2.0
BOT,Mercedes,11.0,82.275,2.0,182,14.0,SOFT,False,1,,,True,41.3,20.2,58.7,False,2019,1.0
VER,Red Bull Racing,11.0,82.502,3.0,183,14.0,SOFT,False,1,,,True,41.3,20.2,58.7,False,2019,4.0
VET,Ferrari,11.0,83.16,4.0,184,14.0,SOFT,False,1,,,True,41.3,20.2,58.7,False,2019,3.0
LEC,Ferrari,11.0,83.053,5.0,185,14.0,SOFT,False,1,,,True,41.3,20.2,58.7,False,2019,5.0
GAS,Red Bull Racing,11.0,83.206,6.0,186,14.0,SOFT,False,1,,,True,41.3,20.2,58.7,False,2019,6.0
GRO,Haas F1 Team,11.0,84.053,7.0,187,14.0,SOFT,False,1,,,True,41.3,20.2,58.7,False,2019,7.0
MAG,Haas F1 Team,11.0,84.12,8.0,188,14.0,SOFT,False,1,,,True,41.3,20.2,58.7,False,2019,8.0
KVY,Toro Rosso,11.0,84.163,9.0,189,14.0,SOFT,False,1,,,True,41.3,20.2,58.7,False,2019,9.0
ALB,Toro Rosso,11.0,84.246,10.0,190,11.0,SOFT,True,1,,,True,41.3,20.2,58.7,False,2019,11.0
SAI,McLaren,11.0,84.321,11.0,191,11.0,SOFT,True,1,,,True,41.3,20.2,58.7,False,2019,12.0
RIC,Renault,11.0,84.364,12.0,191,14.0,SOFT,False,1,,,True,41.3,20.2,58.7,False,2019,13.0
PER,Racing Point,11.0,84.215,13.0,192,11.0,SOFT,True,1,,,True,41.3,20.2,58.7,False,2019,15.0
STR,Racing Point,11.0,84.643,14.0,193,11.0,MEDIUM,True,1,,,True,41.3,20.2,58.7,False,2019,16.0
HUL,Renault,11.0,84.476,15.0,194,11.0,MEDIUM,True,1,,,True,41.3,20.2,58.7,False,2019,0.0
NOR,McLaren,11.0,84.729,16.0,195,11.0,SOFT,True,1,,,True,41.3,20.2,58.7,False,2019,10.0
RAI,Alfa Romeo Racing,11.0,84.609,17.0,196,11.0,MEDIUM,True,1,,,True,41.3,20.2,58.7,False,2019,14.0
RUS,Williams,11.0,85.782,18.0,197,11.0,MEDIUM,True,1,,,True,41.3,20.2,58.7,False,2019,19.0
KUB,Williams,11.0,88.315,19.0,198,11.0,MEDIUM,True,1,,,True,41.4,20.3,58.9,False,2019,17.0
GIO,Alfa Romeo Racing,11.0,84.979,20.0,199,5.0,HARD,True,1,,,True,41.4,20.3,58.9,False,2019,18.0
HAM,Mercedes,12.0,81.998,1.0,199,15.0,SOFT,False,1,,,True,41.4,20.3,58.9,False,2019,2.0
BOT,Mercedes,12.0,82.3,2.0,200,15.0,SOFT,False,1,,,True,41.4,20.3,58.9,False,2019,1.0
VER,Red Bull Racing,12.0,82.535,3.0,201,15.0,SOFT,False,1,,,True,41.4,20.3,58.9,False,2019,4.0
LEC,Ferrari,12.0,82.188,4.0,202,15.0,SOFT,False,1,,,True,41.4,20.3,58.9,False,2019,5.0
VET,Ferrari,12.0,84.65,5.0,203,15.0,SOFT,False,1,,,True,41.4,20.3,58.9,False,2019,3.0
GAS,Red Bull Racing,12.0,83.257,6.0,204,15.0,SOFT,False,1,,,True,41.4,20.3,58.9,False,2019,6.0
GRO,Haas F1 Team,12.0,84.106,7.0,205,15.0,SOFT,False,1,,,True,41.4,20.3,58.9,False,2019,7.0
MAG,Haas F1 Team,12.0,83.994,8.0,206,15.0,SOFT,False,1,,,True,41.4,20.3,58.9,False,2019,8.0
KVY,Toro Rosso,12.0,83.798,9.0,207,15.0,SOFT,False,1,,,True,41.4,20.3,58.9,False,2019,9.0
ALB,Toro Rosso,12.0,83.981,10.0,208,12.0,SOFT,True,1,,,True,41.4,20.3,58.9,False,2019,11.0
SAI,McLaren,12.0,84.142,11.0,209,12.0,SOFT,True,1,,,True,41.4,20.3,58.9,False,2019,12.0
RIC,Renault,12.0,84.221,12.0,209,15.0,SOFT,False,1,,,True,41.4,20.3,58.9,False,2019,13.0
PER,Racing Point,12.0,84.193,13.0,210,12.0,SOFT,True,1,,,True,41.4,20.4,57.1,False,2019,15.0
STR,Racing Point,12.0,84.514,14.0,211,12.0,MEDIUM,True,1,,,True,41.4,20.4,57.1,False,2019,16.0
HUL,Renault,12.0,84.273,15.0,212,12.0,MEDIUM,True,1,,,True,41.4,20.4,57.1,False,2019,0.0
NOR,McLaren,12.0,84.29,16.0,213,12.0,SOFT,True,1,,,True,41.4,20.4,57.1,False,2019,10.0
RAI,Alfa Romeo Racing,12.0,84.293,17.0,214,12.0,MEDIUM,True,1,,,True,41.4,20.4,57.1,False,2019,14.0
RUS,Williams,12.0,85.724,18.0,215,12.0,MEDIUM,True,1,,,True,41.4,20.4,57.1,False,2019,19.0
KUB,Williams,12.0,86.431,19.0,216,12.0,MEDIUM,True,1,,,True,41.4,20.4,57.1,False,2019,17.0
GIO,Alfa Romeo Racing,12.0,84.686,20.0,217,6.0,HARD,True,1,,,True,41.4,20.4,57.1,False,2019,18.0
HAM,Mercedes,13.0,81.947,1.0,217,16.0,SOFT,False,1,,,True,41.4,20.4,57.1,False,2019,2.0
BOT,Mercedes,13.0,82.097,2.0,218,16.0,SOFT,False,1,,,True,41.4,20.4,57.1,False,2019,1.0
VER,Red Bull Racing,13.0,82.617,3.0,219,16.0,SOFT,False,1,,,True,41.4,20.4,57.1,False,2019,4.0
LEC,Ferrari,13.0,82.808,4.0,220,16.0,SOFT,False,1,,,True,41.1,20.3,57.3,False,2019,5.0
VET,Ferrari,13.0,83.583,5.0,221,16.0,SOFT,False,1,,,True,41.1,20.3,57.3,False,2019,3.0
GAS,Red Bull Racing,13.0,83.138,6.0,222,16.0,SOFT,False,1,,,True,41.1,20.3,57.3,False,2019,6.0
GRO,Haas F1 Team,13.0,83.98,7.0,223,16.0,SOFT,False,1,,,True,41.1,20.3,57.3,False,2019,7.0
MAG,Haas F1 Team,13.0,83.969,8.0,224,16.0,SOFT,False,1,,,True,41.1,20.3,57.3,False,2019,8.0
KVY,Toro Rosso,13.0,84.082,9.0,225,16.0,SOFT,False,1,,,True,41.1,20.3,57.3,False,2019,9.0
ALB,Toro Rosso,13.0,84.09,10.0,226,13.0,SOFT,True,1,,,True,41.1,20.3,57.3,False,2019,11.0
SAI,McLaren,13.0,84.085,11.0,227,13.0,SOFT,True,1,,,True,41.1,20.3,57.3,False,2019,12.0
RIC,Renault,13.0,83.961,12.0,227,16.0,SOFT,False,1,,,True,41.1,20.3,57.3,False,2019,13.0
PER,Racing Point,13.0,83.92,13.0,228,13.0,SOFT,True,1,,,True,41.1,20.3,57.3,False,2019,15.0
STR,Racing Point,13.0,84.228,14.0,229,13.0,MEDIUM,True,1,,,True,41.1,20.3,57.3,False,2019,16.0
HUL,Renault,13.0,84.386,15.0,230,13.0,MEDIUM,True,1,,,True,41.1,20.3,57.3,False,2019,0.0
NOR,McLaren,13.0,84.538,16.0,231,13.0,SOFT,True,1,,,True,41.1,20.3,57.3,False,2019,10.0
RAI,Alfa Romeo Racing,13.0,84.569,17.0,232,13.0,MEDIUM,True,1,,,True,41.1,20.3,57.3,False,2019,14.0
RUS,Williams,13.0,85.829,18.0,233,13.0,MEDIUM,True,1,,,True,41.1,20.3,57.3,False,2019,19.0
KUB,Williams,13.0,86.369,19.0,234,13.0,MEDIUM,True,1,,,True,41.1,20.3,57.3,False,2019,17.0
GIO,Alfa Romeo Racing,13.0,84.933,20.0,235,7.0,HARD,True,1,,,True,41.1,20.3,57.3,False,2019,18.0
HAM,Mercedes,14.0,82.151,1.0,235,17.0,SOFT,False,1,,,True,40.9,20.2,57.4,False,2019,2.0
BOT,Mercedes,14.0,81.979,2.0,236,17.0,SOFT,False,1,,,True,40.9,20.2,57.4,False,2019,1.0
VER,Red Bull Racing,14.0,82.688,3.0,237,17.0,SOFT,False,1,,,True,40.9,20.2,57.4,False,2019,4.0
LEC,Ferrari,14.0,82.925,4.0,238,17.0,SOFT,False,1,,,True,40.9,20.2,57.4,False,2019,5.0
VET,Ferrari,14.0,83.449,5.0,239,17.0,SOFT,False,1,,,True,40.9,20.2,57.4,False,2019,3.0
GAS,Red Bull Racing,14.0,83.565,6.0,240,17.0,SOFT,False,1,,,True,40.9,20.2,57.4,False,2019,6.0
GRO,Haas F1 Team,14.0,84.019,7.0,241,17.0,SOFT,False,1,,,True,40.9,20.2,57.4,False,2019,7.0
MAG,Haas F1 Team,14.0,84.108,8.0,242,17.0,SOFT,False,1,,,True,40.9,20.2,57.4,False,2019,8.0
KVY,Toro Rosso,14.0,84.499,9.0,243,17.0,SOFT,False,1,,,True,40.9,20.2,57.4,False,2019,9.0
ALB,Toro Rosso,14.0,84.102,10.0,244,14.0,SOFT,True,1,,,True,40.9,20.2,57.4,False,2019,11.0
SAI,McLaren,14.0,84.569,11.0,245,14.0,SOFT,True,1,,,True,40.9,20.2,57.4,False,2019,12.0
RIC,Renault,14.0,84.637,12.0,245,17.0,SOFT,False,1,,,True,40.9,20.2,57.4,False,2019,13.0
PER,Racing Point,14.0,84.576,13.0,246,14.0,SOFT,True,1,,,True,40.9,20.2,57.4,False,2019,15.0
STR,Racing Point,14.0,84.409,14.0,247,14.0,MEDIUM,True,1,,,True,40.9,20.2,57.4,False,2019,16.0
HUL,Renault,14.0,84.214,15.0,248,14.0,MEDIUM,True,1,,,True,40.9,20.2,57.4,False,2019,0.0
NOR,McLaren,14.0,84.363,16.0,249,14.0,SOFT,True,1,,,True,40.9,20.2,57.4,False,2019,10.0
RAI,Alfa Romeo Racing,14.0,84.567,17.0,250,14.0,MEDIUM,True,1,,,True,40.9,20.2,57.4,False,2019,14.0
RUS,Williams,14.0,85.879,18.0,251,14.0,MEDIUM,True,1,,,True,40.9,20.2,57.8,False,2019,19.0
KUB,Williams,14.0,85.84,19.0,252,14.0,MEDIUM,True,1,,,True,40.9,20.2,57.8,False,2019,17.0
GIO,Alfa Romeo Racing,14.0,85.162,20.0,253,8.0,HARD,True,1,,,True,40.9,20.2,57.8,False,2019,18.0
HAM,Mercedes,15.0,81.766,1.0,253,18.0,SOFT,False,1,,,True,40.9,20.2,57.8,False,2019,2.0
BOT,Mercedes,15.0,82.094,2.0,254,18.0,SOFT,False,1,,,True,40.9,20.2,57.8,False,2019,1.0
VER,Red Bull Racing,15.0,82.85,3.0,255,18.0,SOFT,False,1,,,True,40.9,20.2,57.8,False,2019,4.0
LEC,Ferrari,15.0,82.869,4.0,256,18.0,SOFT,False,1,,,True,40.9,20.2,57.8,False,2019,5.0
VET,Ferrari,15.0,83.358,5.0,257,18.0,SOFT,False,1,,,True,40.9,20.2,57.8,False,2019,3.0
GAS,Red Bull Racing,15.0,83.636,6.0,258,18.0,SOFT,False,1,,,True,40.9,20.2,57.8,False,2019,6.0
GRO,Haas F1 Team,15.0,84.148,7.0,259,18.0,SOFT,False,1,,,True,40.9,20.1,57.4,False,2019,7.0
MAG,Haas F1 Team,15.0,83.988,8.0,260,18.0,SOFT,False,1,,,True,40.9,20.1,57.4,False,2019,8.0
KVY,Toro Rosso,15.0,83.979,9.0,261,18.0,SOFT,False,1,,,True,40.9,20.1,57.4,False,2019,9.0
ALB,Toro Rosso,15.0,84.235,10.0,262,15.0,SOFT,True,1,,,True,40.9,20.1,57.4,False,2019,11.0
SAI,McLaren,15.0,84.381,11.0,263,15.0,SOFT,True,1,,,True,40.9,20.1,57.4,False,2019,12.0
RIC,Renault,15.0,84.624,12.0,263,18.0,SOFT,False,1,,,True,40.9,20.1,57.4,False,2019,13.0
PER,Racing Point,15.0,84.2,13.0,264,15.0,SOFT,True,1,,,True,40.9,20.1,57.4,False,2019,15.0
STR,Racing Point,15.0,84.516,14.0,265,15.0,MEDIUM,True,1,,,True,40.9,20.1,57.4,False,2019,16.0
HUL,Renault,15.0,84.512,15.0,266,15.0,MEDIUM,True,1,,,True,40.9,20.1,57.4,False,2019,0.0
NOR,McLaren,15.0,84.465,16.0,267,15.0,SOFT,True,1,,,True,40.9,20.1,57.4,False,2019,10.0
RAI,Alfa Romeo Racing,15.0,84.58,17.0,268,15.0,MEDIUM,True,1,,,True,40.9,20.1,57.4,False,2019,14.0
RUS,Williams,15.0,86.117,18.0,269,15.0,MEDIUM,True,1,,,True,40.9,20.1,57.4,False,2019,19.0
KUB,Williams,15.0,85.955,19.0,270,15.0,MEDIUM,True,1,,,True,40.9,20.1,57.4,False,2019,17.0
GIO,Alfa Romeo Racing,15.0,85.182,20.0,271,9.0,HARD,True,1,,,True,40.9,20.1,57.4,False,2019,18.0
HAM,Mercedes,16.0,81.913,1.0,271,19.0,SOFT,False,1,,,True,40.9,20.1,57.4,False,2019,2.0
BOT,Mercedes,16.0,82.19,2.0,272,19.0,SOFT,False,1,,,True,40.9,20.1,57.4,False,2019,1.0
VER,Red Bull Racing,16.0,82.968,3.0,273,19.0,SOFT,False,1,,,True,41.0,20.3,55.9,False,2019,4.0
LEC,Ferrari,16.0,83.008,4.0,274,19.0,SOFT,False,1,,,True,41.0,20.3,55.9,False,2019,5.0
VET,Ferrari,16.0,83.682,5.0,275,19.0,SOFT,False,1,,,True,41.0,20.3,55.9,False,2019,3.0
GAS,Red Bull Racing,16.0,83.423,6.0,276,19.0,SOFT,False,1,,,True,41.0,20.3,55.9,False,2019,6.0
GRO,Haas F1 Team,16.0,83.923,7.0,277,19.0,SOFT,False,1,,,True,41.0,20.3,55.9,False,2019,7.0
MAG,Haas F1 Team,16.0,84.205,8.0,278,19.0,SOFT,False,1,,,True,41.0,20.3,55.9,False,2019,8.0
KVY,Toro Rosso,16.0,84.021,9.0,279,19.0,SOFT,False,1,,,True,41.0,20.3,55.9,False,2019,9.0
ALB,Toro Rosso,16.0,84.058,10.0,280,16.0,SOFT,True,1,,,True,41.0,20.3,55.9,False,2019,11.0
SAI,McLaren,16.0,83.999,11.0,281,16.0,SOFT,True,1,,,True,41.0,20.3,55.9,False,2019,12.0
RIC,Renault,16.0,84.37,12.0,281,19.0,SOFT,False,1,,,True,41.0,20.3,55.9,False,2019,13.0
PER,Racing Point,16.0,84.191,13.0,282,16.0,SOFT,True,1,,,True,41.0,20.3,55.9,False,2019,15.0
STR,Racing Point,16.0,84.32,14.0,283,16.0,MEDIUM,True,1,,,True,41.0,20.3,55.9,False,2019,16.0
HUL,Renault,16.0,84.273,15.0,284,16.0,MEDIUM,True,1,,,True,41.0,20.3,55.9,False,2019,0.0
NOR,McLaren,16.0,84.503,16.0,285,16.0,SOFT,True,1,,,True,41.0,20.3,55.9,False,2019,10.0
RAI,Alfa Romeo Racing,16.0,84.633,17.0,286,16.0,MEDIUM,True,1,,,True,41.0,20.3,55.9,False,2019,14.0
RUS,Williams,16.0,86.11,18.0,287,16.0,MEDIUM,True,1,,,True,40.9,20.1,56.9,False,2019,19.0
KUB,Williams,16.0,85.93,19.0,288,16.0,MEDIUM,True,1,,,True,40.9,20.1,56.9,False,2019,17.0
GIO,Alfa Romeo Racing,16.0,85.156,20.0,289,10.0,HARD,True,1,,,True,40.9,20.1,56.9,False,2019,18.0
HAM,Mercedes,17.0,81.904,1.0,289,20.0,SOFT,False,1,,,True,40.9,20.1,56.9,False,2019,2.0
BOT,Mercedes,17.0,82.174,2.0,290,20.0,SOFT,False,1,,,True,40.9,20.1,56.9,False,2019,1.0
VER,Red Bull Racing,17.0,83.015,3.0,291,20.0,SOFT,False,1,,,True,40.9,20.1,56.9,False,2019,4.0
LEC,Ferrari,17.0,82.606,4.0,292,20.0,SOFT,False,1,,,True,40.9,20.1,56.9,False,2019,5.0
VET,Ferrari,17.0,83.832,5.0,293,20.0,SOFT,False,1,,,True,40.9,20.1,56.9,False,2019,3.0
GAS,Red Bull Racing,17.0,83.683,6.0,294,20.0,SOFT,False,1,,,True,40.9,20.1,56.9,False,2019,6.0
GRO,Haas F1 Team,17.0,83.856,7.0,295,20.0,SOFT,False,1,,,True,40.9,20.1,56.9,False,2019,7.0
MAG,Haas F1 Team,17.0,83.908,8.0,296,20.0,SOFT,False,1,,,True,40.9,20.1,56.9,False,2019,8.0
KVY,Toro Rosso,17.0,84.254,9.0,297,20.0,SOFT,False,1,,,True,40.9,20.1,56.9,False,2019,9.0
ALB,Toro Rosso,17.0,84.223,10.0,298,17.0,SOFT,True,1,,,True,40.9,20.1,56.9,False,2019,11.0
SAI,McLaren,17.0,84.33,11.0,299,17.0,SOFT,True,1,,,True,40.6,20.0,57.0,False,2019,12.0
RIC,Renault,17.0,84.636,12.0,299,20.0,SOFT,False,1,,,True,40.6,20.0,57.0,False,2019,13.0
PER,Racing Point,17.0,84.917,13.0,300,17.0,SOFT,True,1,,,True,40.6,20.0,57.0,False,2019,15.0
STR,Racing Point,17.0,84.823,14.0,301,17.0,MEDIUM,True,1,,,True,40.6,20.0,57.0,False,2019,16.0
HUL,Renault,17.0,85.159,15.0,302,17.0,MEDIUM,True,1,,,True,40.6,20.0,57.0,False,2019,0.0
NOR,McLaren,17.0,84.628,16.0,303,17.0,SOFT,True,1,,,True,40.6,20.0,57.0,False,2019,10.0
RAI,Alfa Romeo Racing,17.0,84.791,17.0,304,17.0,MEDIUM,True,1,,,True,40.6,20.0,57.0,False,2019,14.0
RUS,Williams,17.0,86.568,18.0,305,17.0,MEDIUM,True,1,,,True,40.6,20.0,57.0,False,2019,19.0
KUB,Williams,17.0,86.235,19.0,306,17.0,MEDIUM,True,1,,,True,40.6,20.0,57.0,False,2019,17.0
GIO,Alfa Romeo Racing,17.0,87.031,20.0,307,11.0,HARD,True,1,,,True,40.6,20.0,57.0,False,2019,18.0
HAM,Mercedes,18.0,82.741,1.0,307,21.0,SOFT,False,1,,,True,40.6,20.0,57.0,False,2019,2.0
BOT,Mercedes,18.0,82.415,2.0,308,21.0,SOFT,False,1,,,True,40.6,20.0,57.0,False,2019,1.0
VER,Red Bull Racing,18.0,83.041,3.0,309,21.0,SOFT,False,1,,,True,40.6,20.0,57.0,False,2019,4.0
LEC,Ferrari,18.0,82.572,4.0,310,21.0,SOFT,False,1,,,True,40.6,20.0,57.0,False,2019,5.0
VET,Ferrari,18.0,83.483,5.0,311,21.0,SOFT,False,1,,,True,40.9,20.2,57.2,False,2019,3.0
GAS,Red Bull Racing,18.0,83.928,6.0,312,21.0,SOFT,False,1,,,True,40.9,20.2,57.2,False,2019,6.0
GRO,Haas F1 Team,18.0,83.862,7.0,313,21.0,SOFT,False,1,,,True,40.9,20.2,57.2,False,2019,7.0
MAG,Haas F1 Team,18.0,83.914,8.0,314,21.0,SOFT,False,1,,,True,40.9,20.2,57.2,False,2019,8.0
KVY,Toro Rosso,18.0,84.015,9.0,315,21.0,SOFT,False,1,,,True,40.9,20.2,57.2,False,2019,9.0
ALB,Toro Rosso,18.0,83.904,10.0,316,18.0,SOFT,True,1,,,True,40.9,20.2,57.2,False,2019,11.0
SAI,McLaren,18.0,83.987,11.0,317,18.0,SOFT,True,1,,,True,40.9,20.2,57.2,False,2019,12.0
RIC,Renault,18.0,84.228,12.0,317,21.0,SOFT,False,1,,,True,40.9,20.2,57.2,False,2019,13.0
PER,Racing Point,18.0,84.419,13.0,318,18.0,SOFT,True,1,,,True,40.9,20.2,57.2,False,2019,15.0
STR,Racing Point,18.0,84.263,14.0,319,18.0,MEDIUM,True,1,,,True,40.9,20.2,57.2,False,2019,16.0
HUL,Renault,18.0,84.459,15.0,320,18.0,MEDIUM,True,1,,,True,40.9,20.2,57.2,False,2019,0.0
NOR,McLaren,18.0,84.469,16.0,321,18.0,SOFT,True,1,,,True,40.9,20.2,57.2,False,2019,10.0
RAI,Alfa Romeo Racing,18.0,84.683,17.0,322,18.0,MEDIUM,True,1,,,True,40.9,20.2,57.2,False,2019,14.0
RUS,Williams,18.0,86.242,18.0,323,18.0,MEDIUM,True,1,,,True,40.6,20.3,56.1,False,2019,19.0
KUB,Williams,18.0,87.905,19.0,324,18.0,MEDIUM,True,1,,,True,40.6,20.3,56.1,False,2019,17.0
GIO,Alfa Romeo Racing,18.0,85.919,20.0,325,12.0,HARD,True,1,,,True,40.6,20.3,56.1,False,2019,18.0
HAM,Mercedes,19.0,82.991,1.0,325,22.0,SOFT,False,1,,,True,40.6,20.3,56.1,False,2019,2.0
BOT,Mercedes,19.0,83.479,2.0,326,22.0,SOFT,False,1,,,True,40.6,20.3,56.1,False,2019,1.0
VER,Red Bull Racing,19.0,83.333,3.0,327,22.0,SOFT,False,1,,,True,40.6,20.3,56.1,False,2019,4.0
LEC,Ferrari,19.0,82.662,4.0,328,22.0,SOFT,False,1,,,True,40.6,20.3,56.1,False,2019,5.0
GAS,Red Bull Racing,19.0,83.729,5.0,329,22.0,SOFT,False,1,,,True,40.6,20.3,56.1,False,2019,6.0
VET,Ferrari,19.0,87.181,6.0,330,22.0,SOFT,False,1,0 days 00:59:40.155000,,False,40.6,20.3,56.1,False,2019,3.0
GRO,Haas F1 Team,19.0,83.775,7.0,331,22.0,SOFT,False,1,,,True,40.6,20.3,56.1,False,2019,7.0
MAG,Haas F1 Team,19.0,83.851,8.0,332,22.0,SOFT,False,1,,,True,40.6,20.3,56.1,False,2019,8.0
KVY,Toro Rosso,19.0,84.02,9.0,333,22.0,SOFT,False,1,,,True,40.6,20.3,56.1,False,2019,9.0
ALB,Toro Rosso,19.0,84.077,10.0,334,19.0,SOFT,True,1,,,True,40.6,20.3,56.1,False,2019,11.0
SAI,McLaren,19.0,84.278,11.0,335,19.0,SOFT,True,1,,,True,40.6,20.3,56.1,False,2019,12.0
RIC,Renault,19.0,84.576,12.0,335,22.0,SOFT,False,1,,,True,40.6,20.3,56.1,False,2019,13.0
PER,Racing Point,19.0,84.499,13.0,336,19.0,SOFT,True,1,,,True,40.6,20.3,56.1,False,2019,15.0
STR,Racing Point,19.0,84.33,14.0,337,19.0,MEDIUM,True,1,,,True,40.6,20.3,56.1,False,2019,16.0
HUL,Renault,19.0,84.407,15.0,338,19.0,MEDIUM,True,1,,,True,40.6,20.3,56.1,False,2019,0.0
NOR,McLaren,19.0,84.538,16.0,339,19.0,SOFT,True,1,,,True,40.6,20.3,56.1,False,2019,10.0
RAI,Alfa Romeo Racing,19.0,85.024,17.0,340,19.0,MEDIUM,True,1,,,True,40.6,20.3,56.1,False,2019,14.0
RUS,Williams,19.0,86.685,18.0,341,19.0,MEDIUM,True,1,,,True,40.6,20.3,56.1,False,2019,19.0
KUB,Williams,19.0,87.481,19.0,342,19.0,MEDIUM,True,1,,,True,40.6,20.3,56.1,False,2019,17.0
GIO,Alfa Romeo Racing,19.0,87.574,20.0,343,13.0,HARD,True,1,,,True,40.6,20.3,56.1,False,2019,18.0
HAM,Mercedes,20.0,81.527,1.0,343,23.0,SOFT,False,1,,,True,40.6,20.3,56.1,False,2019,2.0
BOT,Mercedes,20.0,83.423,2.0,344,23.0,SOFT,False,1,,,True,40.6,20.3,56.1,False,2019,1.0
LEC,Ferrari,20.0,82.873,3.0,345,23.0,SOFT,False,1,,,True,40.6,20.3,56.1,False,2019,5.0
VER,Red Bull Racing,20.0,86.931,4.0,346,23.0,SOFT,False,1,0 days 01:00:52.842000,,False,40.6,20.3,56.1,False,2019,4.0
GAS,Red Bull Racing,20.0,83.786,5.0,347,23.0,SOFT,False,1,,,True,40.6,20.3,56.1,False,2019,6.0
GRO,Haas F1 Team,20.0,83.798,6.0,348,23.0,SOFT,False,1,,,True,40.7,20.5,56.4,False,2019,7.0
MAG,Haas F1 Team,20.0,83.918,7.0,349,23.0,SOFT,False,1,,,True,40.7,20.5,56.4,False,2019,8.0
KVY,Toro Rosso,20.0,84.359,8.0,350,23.0,SOFT,False,1,,,True,40.7,20.5,56.4,False,2019,9.0
ALB,Toro Rosso,20.0,84.169,9.0,351,20.0,SOFT,True,1,,,True,40.7,20.5,56.4,False,2019,11.0
VET,Ferrari,20.0,102.585,10.0,352,1.0,MEDIUM,True,1,,0 days 01:00:03.893000,False,40.7,20.5,56.4,False,2019,3.0
SAI,McLaren,20.0,84.734,11.0,352,20.0,SOFT,True,1,,,True,40.7,20.5,56.4,False,2019,12.0
RIC,Renault,20.0,84.643,12.0,352,23.0,SOFT,False,1,,,True,40.7,20.5,56.4,False,2019,13.0
PER,Racing Point,20.0,84.56,13.0,353,20.0,SOFT,True,1,,,True,40.7,20.5,56.4,False,2019,15.0
STR,Racing Point,20.0,84.352,14.0,354,20.0,MEDIUM,True,1,,,True,40.7,20.5,56.4,False,2019,16.0
HUL,Renault,20.0,84.313,15.0,355,20.0,MEDIUM,True,1,,,True,40.7,20.5,56.4,False,2019,0.0
NOR,McLaren,20.0,84.684,16.0,356,20.0,SOFT,True,1,,,True,40.7,20.5,56.4,False,2019,10.0
RAI,Alfa Romeo Racing,20.0,84.549,17.0,357,20.0,MEDIUM,True,1,,,True,40.7,20.5,56.4,False,2019,14.0
RUS,Williams,20.0,87.839,18.0,358,20.0,MEDIUM,True,1,,,True,40.7,20.5,56.4,False,2019,19.0
GIO,Alfa Romeo Racing,20.0,84.999,19.0,359,14.0,HARD,True,1,,,True,40.7,20.5,56.4,False,2019,18.0
KUB,Williams,20.0,87.593,20.0,359,20.0,MEDIUM,True,1,,,True,40.7,20.5,56.4,False,2019,17.0
HAM,Mercedes,21.0,82.386,1.0,359,24.0,SOFT,False,1,,,True,40.7,20.5,56.4,False,2019,2.0
BOT,Mercedes,21.0,83.41,2.0,360,24.0,SOFT,False,1,,,True,40.7,20.5,56.4,False,2019,1.0
LEC,Ferrari,21.0,83.0,3.0,361,24.0,SOFT,False,1,,,True,41.2,20.8,55.2,False,2019,5.0
GAS,Red Bull Racing,21.0,84.138,4.0,362,24.0,SOFT,False,1,,,True,41.2,20.8,55.2,False,2019,6.0
VER,Red Bull Racing,21.0,101.126,5.0,363,1.0,SOFT,True,1,,0 days 01:01:15.132000,False,41.2,20.8,55.2,False,2019,4.0
GRO,Haas F1 Team,21.0,83.84,6.0,363,24.0,SOFT,False,1,,,True,41.2,20.8,55.2,False,2019,7.0
MAG,Haas F1 Team,21.0,83.867,7.0,364,24.0,SOFT,False,1,,,True,41.2,20.8,55.2,False,2019,8.0
VET,Ferrari,21.0,83.219,8.0,365,2.0,MEDIUM,True,1,,,True,41.2,20.8,55.2,False,2019,3.0
ALB,Toro Rosso,21.0,85.397,9.0,365,21.0,SOFT,True,1,,,True,41.2,20.8,55.2,False,2019,11.0
KVY,Toro Rosso,21.0,87.854,10.0,365,24.0,SOFT,False,1,0 days 01:02:48.883000,,False,41.2,20.8,55.2,False,2019,9.0
SAI,McLaren,21.0,84.382,11.0,366,21.0,SOFT,True,1,,,True,41.2,20.8,55.2,False,2019,12.0
RIC,Renault,21.0,84.031,12.0,366,24.0,SOFT,False,1,,,True,41.2,20.8,55.2,False,2019,13.0
PER,Racing Point,21.0,84.309,13.0,367,21.0,SOFT,True,1,,,True,41.2,20.8,55.2,False,2019,15.0
STR,Racing Point,21.0,84.249,14.0,368,21.0,MEDIUM,True,1,,,True,41.2,20.8,55.2,False,2019,16.0
HUL,Renault,21.0,84.406,15.0,369,21.0,MEDIUM,True,1,,,True,41.2,20.8,55.2,False,2019,0.0
NOR,McLaren,21.0,84.255,16.0,370,21.0,SOFT,True,1,,,True,41.2,20.8,55.2,False,2019,10.0
RAI,Alfa Romeo Racing,21.0,84.182,17.0,371,21.0,MEDIUM,True,1,,,True,41.2,20.8,55.2,False,2019,14.0
RUS,Williams,21.0,86.255,18.0,372,21.0,MEDIUM,True,1,,,True,41.2,21.0,54.7,False,2019,19.0
GIO,Alfa Romeo Racing,21.0,85.129,19.0,373,15.0,HARD,True,1,,,True,41.2,21.0,54.7,False,2019,18.0
KUB,Williams,21.0,87.854,20.0,373,21.0,MEDIUM,True,1,,,True,41.2,21.0,54.7,False,2019,17.0
HAM,Mercedes,22.0,82.383,1.0,373,25.0,SOFT,False,1,,,True,41.2,21.0,54.7,False,2019,2.0
BOT,Mercedes,22.0,82.731,2.0,374,25.0,SOFT,False,1,,,True,41.2,21.0,54.7,False,2019,1.0
LEC,Ferrari,22.0,83.553,3.0,375,25.0,SOFT,False,1,,,True,41.2,21.0,54.7,False,2019,5.0
GAS,Red Bull Racing,22.0,87.921,4.0,376,25.0,SOFT,False,1,0 days 01:03:55.709000,,False,41.2,21.0,54.7,False,2019,6.0
VER,Red Bull Racing,22.0,82.192,5.0,377,2.0,SOFT,True,1,,,True,41.2,21.0,54.7,False,2019,4.0
GRO,Haas F1 Team,22.0,83.607,6.0,377,25.0,SOFT,False,1,,,True,41.2,21.0,54.7,False,2019,7.0
MAG,Haas F1 Team,22.0,84.148,7.0,378,25.0,SOFT,False,1,,,True,41.2,21.0,54.7,False,2019,8.0
VET,Ferrari,22.0,81.713,8.0,379,3.0,MEDIUM,True,1,,,True,41.2,21.0,54.7,False,2019,3.0
ALB,Toro Rosso,22.0,83.884,9.0,379,22.0,SOFT,True,1,,,True,41.2,21.0,54.7,False,2019,11.0
SAI,McLaren,22.0,84.536,10.0,380,22.0,SOFT,True,1,,,True,41.1,21.1,54.7,False,2019,12.0
RIC,Renault,22.0,84.047,11.0,380,25.0,SOFT,False,1,,,True,41.1,21.1,54.7,False,2019,13.0
PER,Racing Point,22.0,84.352,12.0,381,22.0,SOFT,True,1,,,True,41.1,21.1,54.7,False,2019,15.0
HUL,Renault,22.0,84.191,13.0,382,22.0,MEDIUM,True,1,,,True,41.1,21.1,54.7,False,2019,0.0
NOR,McLaren,22.0,84.3,14.0,383,22.0,SOFT,True,1,,,True,41.1,21.1,54.7,False,2019,10.0
STR,Racing Point,22.0,87.999,15.0,384,22.0,MEDIUM,True,1,0 days 01:04:27.286000,,False,41.1,21.1,54.7,False,2019,16.0
RAI,Alfa Romeo Racing,22.0,84.437,16.0,385,22.0,MEDIUM,True,1,,,True,41.1,21.1,54.7,False,2019,14.0
KVY,Toro Rosso,22.0,102.55,17.0,386,1.0,MEDIUM,True,1,,0 days 01:03:10.861000,False,41.1,21.1,54.7,False,2019,9.0
RUS,Williams,22.0,86.356,18.0,386,22.0,MEDIUM,True,1,,,True,41.1,21.1,54.7,False,2019,19.0
GIO,Alfa Romeo Racing,22.0,85.868,19.0,387,16.0,HARD,True,1,,,True,41.1,21.1,54.7,False,2019,18.0
KUB,Williams,22.0,86.495,20.0,387,22.0,MEDIUM,True,1,,,True,41.1,21.1,54.7,False,2019,17.0
HAM,Mercedes,23.0,82.466,1.0,387,26.0,SOFT,False,1,,,True,41.1,21.1,54.7,False,2019,2.0
BOT,Mercedes,23.0,82.797,2.0,388,26.0,SOFT,False,1,,,True,41.1,21.1,54.7,False,2019,1.0
LEC,Ferrari,23.0,83.641,3.0,389,26.0,SOFT,False,1,,,True,41.1,21.1,54.7,False,2019,5.0
VER,Red Bull Racing,23.0,82.223,4.0,390,3.0,SOFT,True,1,,,True,41.0,21.2,53.7,False,2019,4.0
GRO,Haas F1 Team,23.0,83.681,5.0,390,26.0,SOFT,False,1,,,True,41.0,21.2,53.7,False,2019,7.0
VET,Ferrari,23.0,83.603,6.0,391,4.0,MEDIUM,True,1,,,True,41.0,21.2,53.7,False,2019,3.0
MAG,Haas F1 Team,23.0,88.009,7.0,391,26.0,SOFT,False,1,0 days 01:05:34.382000,,False,41.0,21.2,53.7,False,2019,8.0
ALB,Toro Rosso,23.0,83.948,8.0,392,23.0,SOFT,True,1,,,True,41.0,21.2,53.7,False,2019,11.0
GAS,Red Bull Racing,23.0,102.439,9.0,393,1.0,MEDIUM,True,1,,0 days 01:04:18.436000,False,41.0,21.2,53.7,False,2019,6.0
SAI,McLaren,23.0,85.955,10.0,393,23.0,SOFT,True,1,,,True,41.0,21.2,53.7,False,2019,12.0
RIC,Renault,23.0,85.135,11.0,393,26.0,SOFT,False,1,,,True,41.0,21.2,53.7,False,2019,13.0
PER,Racing Point,23.0,84.24,12.0,394,23.0,SOFT,True,1,,,True,41.0,21.2,53.7,False,2019,15.0
HUL,Renault,23.0,82.922,13.0,395,23.0,MEDIUM,True,1,,,True,41.0,21.2,53.7,False,2019,0.0
NOR,McLaren,23.0,83.915,14.0,396,23.0,SOFT,True,1,,,True,41.0,21.2,53.7,False,2019,10.0
RAI,Alfa Romeo Racing,23.0,84.133,15.0,397,23.0,MEDIUM,True,1,,,True,41.0,21.2,53.7,False,2019,14.0
KVY,Toro Rosso,23.0,82.56,16.0,398,2.0,MEDIUM,True,1,,,True,41.0,21.2,53.7,False,2019,9.0
STR,Racing Point,23.0,103.247,17.0,399,1.0,SOFT,True,1,,0 days 01:04:50.553000,False,41.0,21.2,53.7,False,2019,16.0
GIO,Alfa Romeo Racing,23.0,86.827,18.0,399,17.0,HARD,True,1,,,True,41.0,20.9,53.2,False,2019,18.0
RUS,Williams,23.0,89.409,19.0,399,23.0,MEDIUM,True,1,,,True,41.0,20.9,53.2,False,2019,19.0
KUB,Williams,23.0,86.406,20.0,400,23.0,MEDIUM,True,1,,,True,41.0,20.9,53.2,False,2019,17.0
HAM,Mercedes,24.0,82.26,1.0,400,27.0,SOFT,False,1,,,True,41.0,21.2,53.7,False,2019,2.0
BOT,Mercedes,24.0,83.405,2.0,401,27.0,SOFT,False,1,,,True,41.0,20.9,53.2,False,2019,1.0
LEC,Ferrari,24.0,84.412,3.0,402,27.0,SOFT,False,1,,,True,41.0,20.9,53.2,False,2019,5.0
VER,Red Bull Racing,24.0,82.283,4.0,403,4.0,SOFT,True,1,,,True,41.0,20.9,53.2,False,2019,4.0
GRO,Haas F1 Team,24.0,83.466,5.0,403,27.0,SOFT,False,1,,,True,41.0,20.9,53.2,False,2019,7.0
VET,Ferrari,24.0,81.333,6.0,404,5.0,MEDIUM,True,1,,,True,41.0,20.9,53.2,False,2019,3.0
ALB,Toro Rosso,24.0,84.233,7.0,404,24.0,SOFT,True,1,,,True,41.0,20.9,53.2,False,2019,11.0
GAS,Red Bull Racing,24.0,82.897,8.0,405,2.0,MEDIUM,True,1,,,True,41.0,20.9,53.2,False,2019,6.0
RIC,Renault,24.0,86.875,9.0,405,27.0,SOFT,False,1,0 days 01:07:07.920000,,False,41.0,20.9,53.2,False,2019,13.0
SAI,McLaren,24.0,89.857,10.0,406,24.0,SOFT,True,1,0 days 01:07:10.577000,,False,41.0,20.9,53.2,False,2019,12.0
HUL,Renault,24.0,83.725,11.0,407,24.0,MEDIUM,True,1,,,True,41.0,20.9,53.2,False,2019,0.0
PER,Racing Point,24.0,89.2,12.0,408,24.0,SOFT,True,1,0 days 01:07:12.127000,,False,41.0,20.9,53.2,False,2019,15.0
NOR,McLaren,24.0,84.219,13.0,409,24.0,SOFT,True,1,,,True,40.4,20.5,54.6,False,2019,10.0
MAG,Haas F1 Team,24.0,101.623,14.0,410,1.0,MEDIUM,True,1,,0 days 01:05:56.448000,False,40.4,20.5,54.6,False,2019,8.0
KVY,Toro Rosso,24.0,84.412,15.0,410,3.0,MEDIUM,True,1,,,True,40.4,20.5,54.6,False,2019,9.0
RAI,Alfa Romeo Racing,24.0,86.611,16.0,410,24.0,MEDIUM,True,1,,,True,40.4,20.5,54.6,False,2019,14.0
STR,Racing Point,24.0,83.497,17.0,411,2.0,SOFT,True,1,,,True,40.4,20.5,54.6,False,2019,16.0
GIO,Alfa Romeo Racing,24.0,85.157,18.0,411,18.0,HARD,True,1,,,True,40.4,20.5,54.6,False,2019,18.0
RUS,Williams,24.0,86.386,19.0,411,24.0,MEDIUM,True,1,,,True,40.4,20.5,54.6,False,2019,19.0
KUB,Williams,24.0,86.383,20.0,412,24.0,MEDIUM,True,1,,,True,40.4,20.5,54.6,False,2019,17.0
HAM,Mercedes,25.0,82.886,1.0,412,28.0,SOFT,False,1,,,True,40.4,20.5,54.6,False,2019,2.0
BOT,Mercedes,25.0,83.91,2.0,413,28.0,SOFT,False,1,,,True,40.4,20.5,54.6,False,2019,1.0
LEC,Ferrari,25.0,86.802,3.0,414,28.0,SOFT,False,1,0 days 01:07:53.582000,,False,40.4,20.5,54.6,False,2019,5.0
VER,Red Bull Racing,25.0,82.315,4.0,415,5.0,SOFT,True,1,,,True,40.4,20.5,54.6,False,2019,4.0
GRO,Haas F1 Team,25.0,83.973,5.0,415,28.0,SOFT,False,1,,,True,40.4,20.3,54.6,False,2019,7.0
VET,Ferrari,25.0,82.751,6.0,416,6.0,MEDIUM,True,1,,,True,40.4,20.3,54.6,False,2019,3.0
GAS,Red Bull Racing,25.0,83.644,7.0,417,3.0,MEDIUM,True,1,,,True,40.4,20.3,54.6,False,2019,6.0
ALB,Toro Rosso,25.0,87.702,8.0,417,25.0,SOFT,True,1,0 days 01:08:27.347000,,False,40.4,20.3,54.6,False,2019,11.0
HUL,Renault,25.0,83.546,9.0,418,25.0,MEDIUM,True,1,,,True,40.4,20.3,54.6,False,2019,0.0
NOR,McLaren,25.0,83.854,10.0,419,25.0,SOFT,True,1,,,True,40.4,20.3,54.6,False,2019,10.0
MAG,Haas F1 Team,25.0,83.05,11.0,420,2.0,MEDIUM,True,1,,,True,40.4,20.3,54.6,False,2019,8.0
KVY,Toro Rosso,25.0,83.005,12.0,420,4.0,MEDIUM,True,1,,,True,40.4,20.3,54.6,False,2019,9.0
RAI,Alfa Romeo Racing,25.0,84.671,13.0,420,25.0,MEDIUM,True,1,,,True,40.4,20.3,54.6,False,2019,14.0
RIC,Renault,25.0,103.527,14.0,421,1.0,HARD,True,1,,0 days 01:07:30.282000,False,40.4,20.3,54.6,False,2019,13.0
SAI,McLaren,25.0,101.501,15.0,422,1.0,MEDIUM,True,1,,0 days 01:07:32.015000,False,40.4,20.3,54.6,False,2019,12.0
PER,Racing Point,25.0,103.038,16.0,423,1.0,MEDIUM,True,1,,0 days 01:07:34.873000,False,40.4,20.3,54.6,False,2019,15.0
STR,Racing Point,25.0,83.691,17.0,423,3.0,SOFT,True,1,,,True,40.4,20.3,54.6,False,2019,16.0
GIO,Alfa Romeo Racing,25.0,84.642,18.0,423,19.0,HARD,True,1,,,True,40.6,20.5,54.5,False,2019,18.0
RUS,Williams,25.0,86.417,19.0,423,25.0,MEDIUM,True,1,,,True,40.6,20.5,54.5,False,2019,19.0
KUB,Williams,25.0,87.738,20.0,424,25.0,MEDIUM,True,1,,,True,40.6,20.5,54.5,False,2019,17.0
HAM,Mercedes,26.0,82.926,1.0,424,29.0,SOFT,False,1,,,True,40.4,20.3,54.6,False,2019,2.0
BOT,Mercedes,26.0,87.529,2.0,425,29.0,SOFT,False,1,0 days 01:09:05.258000,,False,40.4,20.3,54.6,False,2019,1.0
VER,Red Bull Racing,26.0,82.903,3.0,426,6.0,SOFT,True,1,,,True,40.6,20.5,54.5,False,2019,4.0
LEC,Ferrari,26.0,103.607,4.0,427,1.0,HARD,True,1,,0 days 01:08:17.205000,False,40.6,20.5,54.5,False,2019,5.0
VET,Ferrari,26.0,82.762,5.0,427,7.0,MEDIUM,True,1,,,True,40.6,20.5,54.5,False,2019,3.0
GRO,Haas F1 Team,26.0,87.596,6.0,427,29.0,SOFT,False,1,0 days 01:09:40.424000,,False,40.6,20.5,54.5,False,2019,7.0
GAS,Red Bull Racing,26.0,82.819,7.0,428,4.0,MEDIUM,True,1,,,True,40.6,20.5,54.5,False,2019,6.0
HUL,Renault,26.0,83.521,8.0,428,26.0,MEDIUM,True,1,,,True,40.6,20.5,54.5,False,2019,0.0
MAG,Haas F1 Team,26.0,82.419,9.0,429,3.0,MEDIUM,True,1,,,True,40.6,20.5,54.5,False,2019,8.0
KVY,Toro Rosso,26.0,83.205,10.0,429,5.0,MEDIUM,True,1,,,True,40.6,20.5,54.5,False,2019,9.0
NOR,McLaren,26.0,88.923,11.0,429,26.0,SOFT,True,1,0 days 01:10:07.495000,,False,40.6,20.5,54.5,False,2019,10.0
RAI,Alfa Romeo Racing,26.0,84.499,12.0,430,26.0,MEDIUM,True,1,,,True,40.6,20.5,54.5,False,2019,14.0
ALB,Toro Rosso,26.0,103.451,13.0,431,1.0,MEDIUM,True,1,,0 days 01:08:50.913000,False,40.6,20.5,54.5,False,2019,11.0
SAI,McLaren,26.0,82.686,14.0,431,2.0,MEDIUM,True,1,,,True,41.0,20.8,53.5,False,2019,12.0
RIC,Renault,26.0,84.161,15.0,432,2.0,HARD,True,1,,,True,41.0,20.8,53.5,False,2019,13.0
PER,Racing Point,26.0,82.979,16.0,433,2.0,MEDIUM,True,1,,,True,41.0,20.8,53.5,False,2019,15.0
STR,Racing Point,26.0,83.481,17.0,433,4.0,SOFT,True,1,,,True,41.0,20.8,53.5,False,2019,16.0
GIO,Alfa Romeo Racing,26.0,84.933,18.0,433,20.0,HARD,True,1,,,True,41.0,20.8,53.5,False,2019,18.0
RUS,Williams,26.0,88.869,19.0,433,26.0,MEDIUM,True,1,,,True,41.0,20.8,53.5,False,2019,19.0
KUB,Williams,26.0,87.423,20.0,434,26.0,MEDIUM,True,1,,,True,41.0,20.8,53.5,False,2019,17.0
HAM,Mercedes,27.0,86.194,1.0,434,30.0,SOFT,False,1,0 days 01:10:16.602000,,False,41.0,20.8,53.5,False,2019,2.0
BOT,Mercedes,27.0,101.045,2.0,435,1.0,MEDIUM,True,1,,0 days 01:09:27.308000,False,41.0,20.8,53.5,False,2019,1.0
VER,Red Bull Racing,27.0,82.7,3.0,435,7.0,SOFT,True,1,,,True,41.0,20.8,53.5,False,2019,4.0
LEC,Ferrari,27.0,81.433,4.0,436,2.0,HARD,True,1,,,True,41.0,20.8,53.5,False,2019,5.0
VET,Ferrari,27.0,81.938,5.0,436,8.0,MEDIUM,True,1,,,True,41.0,20.8,53.5,False,2019,3.0
GAS,Red Bull Racing,27.0,82.767,6.0,437,5.0,MEDIUM,True,1,,,True,41.0,20.8,53.5,False,2019,6.0
GRO,Haas F1 Team,27.0,102.507,7.0,438,1.0,MEDIUM,True,1,,0 days 01:10:02.805000,False,41.0,20.9,52.4,False,2019,7.0
HUL,Renault,27.0,85.215,8.0,438,27.0,MEDIUM,True,1,,,True,41.0,20.9,52.4,False,2019,0.0
MAG,Haas F1 Team,27.0,83.379,9.0,439,4.0,MEDIUM,True,1,,,True,41.0,20.9,52.4,False,2019,8.0
KVY,Toro Rosso,27.0,82.569,10.0,439,6.0,MEDIUM,True,1,,,True,41.0,20.9,52.4,False,2019,9.0
RAI,Alfa Romeo Racing,27.0,84.524,11.0,439,27.0,MEDIUM,True,1,,,True,41.0,20.9,52.4,False,2019,14.0
ALB,Toro Rosso,27.0,83.17,12.0,440,2.0,MEDIUM,True,1,,,True,41.0,20.9,52.4,False,2019,11.0
SAI,McLaren,27.0,83.273,13.0,440,3.0,MEDIUM,True,1,,,True,41.0,20.9,52.4,False,2019,12.0
RIC,Renault,27.0,83.458,14.0,441,3.0,HARD,True,1,,,True,41.0,20.9,52.4,False,2019,13.0
PER,Racing Point,27.0,83.347,15.0,442,3.0,MEDIUM,True,1,,,True,41.0,20.9,52.4,False,2019,15.0
STR,Racing Point,27.0,83.315,16.0,442,5.0,SOFT,True,1,,,True,41.0,20.9,52.4,False,2019,16.0
NOR,McLaren,27.0,101.589,17.0,443,1.0,MEDIUM,True,1,,0 days 01:10:29.028000,False,41.0,20.9,52.4,False,2019,10.0
GIO,Alfa Romeo Racing,27.0,84.681,18.0,443,21.0,HARD,True,1,,,True,41.0,20.9,52.4,False,2019,18.0
RUS,Williams,27.0,86.021,19.0,443,27.0,MEDIUM,True,1,,,True,40.7,20.8,51.4,False,2019,19.0
KUB,Williams,27.0,88.725,20.0,444,27.0,MEDIUM,True,1,,,True,40.7,20.8,51.4,False,2019,17.0
HAM,Mercedes,28.0,101.228,1.0,445,1.0,MEDIUM,True,1,,0 days 01:10:38.887000,False,41.0,20.9,52.4,False,2019,2.0
BOT,Mercedes,28.0,81.593,2.0,445,2.0,MEDIUM,True,1,,,True,41.0,20.9,52.4,False,2019,1.0
VER,Red Bull Racing,28.0,82.326,3.0,445,8.0,SOFT,True,1,,,True,41.0,20.9,52.4,False,2019,4.0
LEC,Ferrari,28.0,83.054,4.0,446,3.0,HARD,True,1,,,True,40.7,20.8,51.4,False,2019,5.0
VET,Ferrari,28.0,82.744,5.0,446,9.0,MEDIUM,True,1,,,True,40.7,20.8,51.4,False,2019,3.0
GAS,Red Bull Racing,28.0,82.692,6.0,447,6.0,MEDIUM,True,1,,,True,40.7,20.8,51.4,False,2019,6.0
GRO,Haas F1 Team,28.0,82.977,7.0,448,2.0,MEDIUM,True,1,,,True,40.7,20.8,51.4,False,2019,7.0
HUL,Renault,28.0,84.211,8.0,448,28.0,MEDIUM,True,1,,,True,40.7,20.8,51.4,False,2019,0.0
MAG,Haas F1 Team,28.0,83.904,9.0,449,5.0,MEDIUM,True,1,,,True,40.7,20.8,51.4,False,2019,8.0
KVY,Toro Rosso,28.0,83.094,10.0,449,7.0,MEDIUM,True,1,,,True,40.7,20.8,51.4,False,2019,9.0
ALB,Toro Rosso,28.0,82.331,11.0,450,3.0,MEDIUM,True,1,,,True,40.7,20.8,51.4,False,2019,11.0
SAI,McLaren,28.0,83.548,12.0,450,4.0,MEDIUM,True,1,,,True,40.7,20.8,51.4,False,2019,12.0
RAI,Alfa Romeo Racing,28.0,89.118,13.0,450,28.0,MEDIUM,True,1,0 days 01:13:02.692000,,False,40.7,20.8,51.4,False,2019,14.0
RIC,Renault,28.0,83.763,14.0,451,4.0,HARD,True,1,,,True,40.7,20.8,51.4,False,2019,13.0
PER,Racing Point,28.0,83.653,15.0,452,4.0,MEDIUM,True,1,,,True,40.7,20.8,51.4,False,2019,15.0
STR,Racing Point,28.0,83.226,16.0,452,6.0,SOFT,True,1,,,True,40.7,20.8,51.4,False,2019,16.0
NOR,McLaren,28.0,82.561,17.0,453,2.0,MEDIUM,True,1,,,True,40.7,20.8,51.4,False,2019,10.0
GIO,Alfa Romeo Racing,28.0,85.449,18.0,453,22.0,HARD,True,1,,,True,40.4,20.5,52.3,False,2019,18.0
RUS,Williams,28.0,86.125,19.0,453,28.0,MEDIUM,True,1,,,True,40.4,20.5,52.3,False,2019,19.0
KUB,Williams,28.0,87.598,20.0,454,28.0,MEDIUM,True,1,,,True,40.4,20.5,52.3,False,2019,17.0
HAM,Mercedes,29.0,82.131,1.0,455,2.0,MEDIUM,True,1,,,True,40.4,20.5,52.3,False,2019,2.0
BOT,Mercedes,29.0,80.857,2.0,455,3.0,MEDIUM,True,1,,,True,40.4,20.5,52.3,False,2019,1.0
VER,Red Bull Racing,29.0,82.719,3.0,455,9.0,SOFT,True,1,,,True,40.4,20.5,52.3,False,2019,4.0
LEC,Ferrari,29.0,82.228,4.0,456,4.0,HARD,True,1,,,True,40.4,20.5,52.3,False,2019,5.0
VET,Ferrari,29.0,81.73,5.0,456,10.0,MEDIUM,True,1,,,True,40.4,20.5,52.3,False,2019,3.0
GAS,Red Bull Racing,29.0,82.819,6.0,457,7.0,MEDIUM,True,1,,,True,40.4,20.5,52.3,False,2019,6.0
GRO,Haas F1 Team,29.0,82.483,7.0,458,3.0,MEDIUM,True,1,,,True,40.4,20.5,52.3,False,2019,7.0
HUL,Renault,29.0,83.668,8.0,458,29.0,MEDIUM,True,1,,,True,40.4,20.5,52.3,False,2019,0.0
MAG,Haas F1 Team,29.0,83.659,9.0,459,6.0,MEDIUM,True,1,,,True,40.4,20.5,52.3,False,2019,8.0
KVY,Toro Rosso,29.0,83.178,10.0,459,8.0,MEDIUM,True,1,,,True,40.4,20.5,53.2,False,2019,9.0
ALB,Toro Rosso,29.0,83.065,11.0,460,4.0,MEDIUM,True,1,,,True,40.4,20.5,53.2,False,2019,11.0
SAI,McLaren,29.0,83.403,12.0,460,5.0,MEDIUM,True,1,,,True,40.4,20.5,53.2,False,2019,12.0
RIC,Renault,29.0,83.377,13.0,461,5.0,HARD,True,1,,,True,40.4,20.5,53.2,False,2019,13.0
PER,Racing Point,29.0,83.507,14.0,462,5.0,MEDIUM,True,1,,,True,40.4,20.5,53.2,False,2019,15.0
STR,Racing Point,29.0,83.293,15.0,462,7.0,SOFT,True,1,,,True,40.4,20.5,53.2,False,2019,16.0
NOR,McLaren,29.0,82.642,16.0,463,3.0,MEDIUM,True,1,,,True,40.4,20.5,53.2,False,2019,10.0
RAI,Alfa Romeo Racing,29.0,102.839,17.0,464,1.0,HARD,True,1,,0 days 01:13:25.272000,False,40.4,20.5,53.2,False,2019,14.0
GIO,Alfa Romeo Racing,29.0,85.422,18.0,464,23.0,HARD,True,1,,,True,40.4,20.5,53.2,False,2019,18.0
RUS,Williams,29.0,86.85,19.0,464,29.0,MEDIUM,True,1,,,True,40.4,20.5,53.2,False,2019,19.0
KUB,Williams,29.0,86.688,20.0,465,29.0,MEDIUM,True,1,,,True,40.6,20.8,52.5,False,2019,17.0
HAM,Mercedes,30.0,82.3,1.0,466,3.0,MEDIUM,True,1,,,True,40.4,20.5,53.2,False,2019,2.0
BOT,Mercedes,30.0,81.719,2.0,466,4.0,MEDIUM,True,1,,,True,40.4,20.5,53.2,False,2019,1.0
VER,Red Bull Racing,30.0,81.567,3.0,466,10.0,SOFT,True,1,,,True,40.4,20.5,53.2,False,2019,4.0
LEC,Ferrari,30.0,81.644,4.0,467,5.0,HARD,True,1,,,True,40.4,20.5,53.2,False,2019,5.0
VET,Ferrari,30.0,81.962,5.0,467,11.0,MEDIUM,True,1,,,True,40.4,20.5,53.2,False,2019,3.0
GAS,Red Bull Racing,30.0,82.944,6.0,468,8.0,MEDIUM,True,1,,,True,40.6,20.8,52.5,False,2019,6.0
GRO,Haas F1 Team,30.0,82.546,7.0,469,4.0,MEDIUM,True,1,,,True,40.6,20.8,52.5,False,2019,7.0
HUL,Renault,30.0,83.668,8.0,469,30.0,MEDIUM,True,1,,,True,40.6,20.8,52.5,False,2019,0.0
MAG,Haas F1 Team,30.0,83.673,9.0,470,7.0,MEDIUM,True,1,,,True,40.6,20.8,52.5,False,2019,8.0
KVY,Toro Rosso,30.0,83.39,10.0,470,9.0,MEDIUM,True,1,,,True,40.6,20.8,52.5,False,2019,9.0
ALB,Toro Rosso,30.0,82.763,11.0,471,5.0,MEDIUM,True,1,,,True,40.6,20.8,52.5,False,2019,11.0
SAI,McLaren,30.0,83.581,12.0,471,6.0,MEDIUM,True,1,,,True,40.6,20.8,52.5,False,2019,12.0
RIC,Renault,30.0,83.646,13.0,472,6.0,HARD,True,1,,,True,40.6,20.8,52.5,False,2019,13.0
PER,Racing Point,30.0,83.858,14.0,473,6.0,MEDIUM,True,1,,,True,40.6,20.8,52.5,False,2019,15.0
STR,Racing Point,30.0,83.343,15.0,473,8.0,SOFT,True,1,,,True,40.6,20.8,52.5,False,2019,16.0
NOR,McLaren,30.0,82.772,16.0,474,4.0,MEDIUM,True,1,,,True,40.6,20.8,52.5,False,2019,10.0
RAI,Alfa Romeo Racing,30.0,83.872,17.0,475,2.0,HARD,True,1,,,True,40.6,20.8,52.5,False,2019,14.0
GIO,Alfa Romeo Racing,30.0,84.68,18.0,475,24.0,HARD,True,1,,,True,40.6,20.8,52.4,False,2019,18.0
RUS,Williams,30.0,86.346,19.0,475,30.0,MEDIUM,True,1,,,True,40.6,20.8,52.4,False,2019,19.0
KUB,Williams,30.0,88.422,20.0,476,30.0,MEDIUM,True,1,,,True,40.6,20.8,52.4,False,2019,17.0
HAM,Mercedes,31.0,81.134,1.0,477,4.0,MEDIUM,True,1,,,True,40.6,20.8,52.5,False,2019,2.0
BOT,Mercedes,31.0,81.725,2.0,477,5.0,MEDIUM,True,1,,,True,40.6,20.8,52.5,False,2019,1.0
VER,Red Bull Racing,31.0,82.064,3.0,477,11.0,SOFT,True,1,,,True,40.6,20.8,52.4,False,2019,4.0
LEC,Ferrari,31.0,82.15,4.0,478,6.0,HARD,True,1,,,True,40.6,20.8,52.4,False,2019,5.0
VET,Ferrari,31.0,82.082,5.0,478,12.0,MEDIUM,True,1,,,True,40.6,20.8,52.4,False,2019,3.0
GAS,Red Bull Racing,31.0,83.292,6.0,479,9.0,MEDIUM,True,1,,,True,40.6,20.8,52.4,False,2019,6.0
GRO,Haas F1 Team,31.0,82.568,7.0,480,5.0,MEDIUM,True,1,,,True,40.6,20.8,52.4,False,2019,7.0
HUL,Renault,31.0,83.735,8.0,480,31.0,MEDIUM,True,1,,,True,40.6,20.8,52.4,False,2019,0.0
MAG,Haas F1 Team,31.0,83.747,9.0,481,8.0,MEDIUM,True,1,,,True,40.6,20.8,52.4,False,2019,8.0
KVY,Toro Rosso,31.0,83.937,10.0,481,10.0,MEDIUM,True,1,,,True,40.6,20.8,52.4,False,2019,9.0
ALB,Toro Rosso,31.0,83.084,11.0,482,6.0,MEDIUM,True,1,,,True,40.6,20.8,52.4,False,2019,11.0
SAI,McLaren,31.0,83.556,12.0,482,7.0,MEDIUM,True,1,,,True,40.6,20.8,52.4,False,2019,12.0
RIC,Renault,31.0,83.566,13.0,483,7.0,HARD,True,1,,,True,40.6,20.8,52.5,False,2019,13.0
PER,Racing Point,31.0,83.649,14.0,484,7.0,MEDIUM,True,1,,,True,40.6,20.8,52.5,False,2019,15.0
STR,Racing Point,31.0,83.505,15.0,484,9.0,SOFT,True,1,,,True,40.6,20.8,52.5,False,2019,16.0
NOR,McLaren,31.0,82.862,16.0,485,5.0,MEDIUM,True,1,,,True,40.6,20.8,52.5,False,2019,10.0
RAI,Alfa Romeo Racing,31.0,83.646,17.0,486,3.0,HARD,True,1,,,True,40.6,20.8,52.5,False,2019,14.0
GIO,Alfa Romeo Racing,31.0,84.59,18.0,486,25.0,HARD,True,1,,,True,40.6,20.8,52.5,False,2019,18.0
RUS,Williams,31.0,86.044,19.0,486,31.0,MEDIUM,True,1,,,True,40.6,20.8,52.5,False,2019,19.0
KUB,Williams,31.0,90.896,20.0,487,31.0,MEDIUM,True,1,0 days 01:18:16.815000,,False,40.6,20.8,52.9,False,2019,17.0
HAM,Mercedes,32.0,82.286,1.0,488,5.0,MEDIUM,True,1,,,True,40.6,20.8,52.5,False,2019,2.0
BOT,Mercedes,32.0,82.118,2.0,488,6.0,MEDIUM,True,1,,,True,40.6,20.8,52.5,False,2019,1.0
VER,Red Bull Racing,32.0,81.925,3.0,488,12.0,SOFT,True,1,,,True,40.6,20.8,52.5,False,2019,4.0
LEC,Ferrari,32.0,81.77,4.0,489,7.0,HARD,True,1,,,True,40.6,20.8,52.5,False,2019,5.0
VET,Ferrari,32.0,81.611,5.0,489,13.0,MEDIUM,True,1,,,True,40.6,20.8,52.5,False,2019,3.0
GAS,Red Bull Racing,32.0,82.686,6.0,490,10.0,MEDIUM,True,1,,,True,40.6,20.8,52.5,False,2019,6.0
GRO,Haas F1 Team,32.0,82.713,7.0,491,6.0,MEDIUM,True,1,,,True,40.6,20.8,52.9,False,2019,7.0
HUL,Renault,32.0,84.196,8.0,491,32.0,MEDIUM,True,1,,,True,40.6,20.8,52.9,False,2019,0.0
MAG,Haas F1 Team,32.0,83.943,9.0,492,9.0,MEDIUM,True,1,,,True,40.6,20.8,52.9,False,2019,8.0
KVY,Toro Rosso,32.0,83.878,10.0,492,11.0,MEDIUM,True,1,,,True,40.6,20.8,52.9,False,2019,9.0
ALB,Toro Rosso,32.0,83.098,11.0,493,7.0,MEDIUM,True,1,,,True,40.6,20.8,52.9,False,2019,11.0
SAI,McLaren,32.0,83.308,12.0,493,8.0,MEDIUM,True,1,,,True,40.6,20.8,52.9,False,2019,12.0
RIC,Renault,32.0,83.641,13.0,494,8.0,HARD,True,1,,,True,40.6,20.8,52.9,False,2019,13.0
PER,Racing Point,32.0,83.267,14.0,495,8.0,MEDIUM,True,1,,,True,40.6,20.8,52.9,False,2019,15.0
STR,Racing Point,32.0,83.233,15.0,495,10.0,SOFT,True,1,,,True,40.6,20.8,52.9,False,2019,16.0
NOR,McLaren,32.0,82.957,16.0,496,6.0,MEDIUM,True,1,,,True,40.6,20.8,52.9,False,2019,10.0
RAI,Alfa Romeo Racing,32.0,85.03,17.0,497,4.0,HARD,True,1,,,True,40.6,20.8,52.9,False,2019,14.0
GIO,Alfa Romeo Racing,32.0,87.179,18.0,497,26.0,HARD,True,1,,,True,40.5,20.9,52.6,False,2019,18.0
RUS,Williams,32.0,90.685,19.0,497,32.0,MEDIUM,True,1,0 days 01:19:33.453000,,False,40.5,20.9,52.6,False,2019,19.0
KUB,Williams,32.0,110.949,20.0,498,1.0,SOFT,True,1,,0 days 01:18:38.843000,False,40.5,20.9,52.6,False,2019,17.0
HAM,Mercedes,33.0,82.341,1.0,498,6.0,MEDIUM,True,1,,,True,40.6,20.8,52.9,False,2019,2.0
BOT,Mercedes,33.0,82.41,2.0,498,7.0,MEDIUM,True,1,,,True,40.6,20.8,52.9,False,2019,1.0
VER,Red Bull Racing,33.0,81.844,3.0,498,13.0,SOFT,True,1,,,True,40.6,20.8,52.9,False,2019,4.0
LEC,Ferrari,33.0,82.549,4.0,499,8.0,HARD,True,1,,,True,40.6,20.8,52.9,False,2019,5.0
VET,Ferrari,33.0,82.657,5.0,499,14.0,MEDIUM,True,1,,,True,40.5,20.9,52.6,False,2019,3.0
GAS,Red Bull Racing,33.0,83.212,6.0,500,11.0,MEDIUM,True,1,,,True,40.5,20.9,52.6,False,2019,6.0
GRO,Haas F1 Team,33.0,82.58,7.0,501,7.0,MEDIUM,True,1,,,True,40.5,20.9,52.6,False,2019,7.0
MAG,Haas F1 Team,33.0,82.678,8.0,501,10.0,MEDIUM,True,1,,,True,40.5,20.9,52.6,False,2019,8.0
KVY,Toro Rosso,33.0,83.149,9.0,501,12.0,MEDIUM,True,1,,,True,40.5,20.9,52.6,False,2019,9.0
HUL,Renault,33.0,86.354,10.0,501,33.0,MEDIUM,True,1,,,True,40.5,20.9,52.6,False,2019,0.0
ALB,Toro Rosso,33.0,83.152,11.0,502,8.0,MEDIUM,True,1,,,True,40.5,20.9,52.6,False,2019,11.0
SAI,McLaren,33.0,83.608,12.0,502,9.0,MEDIUM,True,1,,,True,40.5,20.9,52.6,False,2019,12.0
RIC,Renault,33.0,83.87,13.0,503,9.0,HARD,True,1,,,True,40.5,20.9,52.6,False,2019,13.0
PER,Racing Point,33.0,83.907,14.0,504,9.0,MEDIUM,True,1,,,True,40.5,20.9,52.6,False,2019,15.0
STR,Racing Point,33.0,83.78,15.0,504,11.0,SOFT,True,1,,,True,40.5,20.9,52.6,False,2019,16.0
NOR,McLaren,33.0,83.613,16.0,505,7.0,MEDIUM,True,1,,,True,40.5,20.9,52.6,False,2019,10.0
RAI,Alfa Romeo Racing,33.0,83.563,17.0,506,5.0,HARD,True,1,,,True,40.5,20.7,51.9,False,2019,14.0
GIO,Alfa Romeo Racing,33.0,84.844,18.0,506,27.0,HARD,True,1,,,True,40.5,20.7,51.9,False,2019,18.0
RUS,Williams,33.0,104.192,19.0,507,1.0,SOFT,True,1,,0 days 01:19:55.893000,False,40.6,20.7,52.4,False,2019,19.0
KUB,Williams,33.0,86.85,20.0,507,2.0,SOFT,True,1,,,True,40.6,20.7,52.4,False,2019,17.0
HAM,Mercedes,34.0,82.293,1.0,507,7.0,MEDIUM,True,1,,,True,40.5,20.9,52.6,False,2019,2.0
BOT,Mercedes,34.0,81.723,2.0,507,8.0,MEDIUM,True,1,,,True,40.5,20.7,51.9,False,2019,1.0
VER,Red Bull Racing,34.0,81.951,3.0,507,14.0,SOFT,True,1,,,True,40.5,20.7,51.9,False,2019,4.0
LEC,Ferrari,34.0,81.906,4.0,508,9.0,HARD,True,1,,,True,40.5,20.7,51.9,False,2019,5.0
VET,Ferrari,34.0,81.987,5.0,508,15.0,MEDIUM,True,1,,,True,40.5,20.7,51.9,False,2019,3.0
GAS,Red Bull Racing,34.0,82.716,6.0,509,12.0,MEDIUM,True,1,,,True,40.5,20.7,51.9,False,2019,6.0
GRO,Haas F1 Team,34.0,82.805,7.0,510,8.0,MEDIUM,True,1,,,True,40.5,20.7,51.9,False,2019,7.0
MAG,Haas F1 Team,34.0,83.188,8.0,510,11.0,MEDIUM,True,1,,,True,40.5,20.7,51.9,False,2019,8.0
KVY,Toro Rosso,34.0,83.066,9.0,510,13.0,MEDIUM,True,1,,,True,40.5,20.7,51.9,False,2019,9.0
HUL,Renault,34.0,84.196,10.0,510,34.0,MEDIUM,True,1,,,True,40.6,20.7,52.4,False,2019,0.0
ALB,Toro Rosso,34.0,83.299,11.0,511,9.0,MEDIUM,True,1,,,True,40.6,20.7,52.4,False,2019,11.0
SAI,McLaren,34.0,83.505,12.0,511,10.0,MEDIUM,True,1,,,True,40.6,20.7,52.4,False,2019,12.0
RIC,Renault,34.0,83.356,13.0,512,10.0,HARD,True,1,,,True,40.6,20.7,52.4,False,2019,13.0
PER,Racing Point,34.0,83.42,14.0,513,10.0,MEDIUM,True,1,,,True,40.6,20.7,52.4,False,2019,15.0
STR,Racing Point,34.0,83.534,15.0,513,12.0,SOFT,True,1,,,True,40.6,20.7,52.4,False,2019,16.0
NOR,McLaren,34.0,83.359,16.0,514,8.0,MEDIUM,True,1,,,True,40.6,20.7,52.4,False,2019,10.0
RAI,Alfa Romeo Racing,34.0,85.178,17.0,515,6.0,HARD,True,1,,,True,40.6,20.7,52.4,False,2019,14.0
GIO,Alfa Romeo Racing,34.0,84.648,18.0,515,28.0,HARD,True,1,,,True,40.6,20.7,52.4,False,2019,18.0
RUS,Williams,34.0,84.24,19.0,516,2.0,SOFT,True,1,,,True,40.6,20.6,51.8,False,2019,19.0
KUB,Williams,34.0,85.67,20.0,516,3.0,SOFT,True,1,,,True,40.6,20.6,51.8,False,2019,17.0
HAM,Mercedes,35.0,81.745,1.0,516,8.0,MEDIUM,True,1,,,True,40.6,20.7,52.4,False,2019,2.0
BOT,Mercedes,35.0,82.073,2.0,516,9.0,MEDIUM,True,1,,,True,40.6,20.7,52.4,False,2019,1.0
VER,Red Bull Racing,35.0,82.189,3.0,516,15.0,SOFT,True,1,,,True,40.6,20.7,52.4,False,2019,4.0
LEC,Ferrari,35.0,81.955,4.0,517,10.0,HARD,True,1,,,True,40.6,20.7,52.4,False,2019,5.0
VET,Ferrari,35.0,81.922,5.0,517,16.0,MEDIUM,True,1,,,True,40.6,20.7,52.4,False,2019,3.0
GAS,Red Bull Racing,35.0,82.387,6.0,518,13.0,MEDIUM,True,1,,,True,40.6,20.6,51.8,False,2019,6.0
GRO,Haas F1 Team,35.0,82.335,7.0,519,9.0,MEDIUM,True,1,,,True,40.6,20.6,51.8,False,2019,7.0
MAG,Haas F1 Team,35.0,83.243,8.0,519,12.0,MEDIUM,True,1,,,True,40.6,20.6,51.8,False,2019,8.0
KVY,Toro Rosso,35.0,82.737,9.0,519,14.0,MEDIUM,True,1,,,True,40.6,20.6,51.8,False,2019,9.0
ALB,Toro Rosso,35.0,83.773,10.0,520,10.0,MEDIUM,True,1,,,True,40.6,20.6,51.8,False,2019,11.0
HUL,Renault,35.0,87.439,11.0,520,35.0,MEDIUM,True,1,0 days 01:22:41.200000,,False,40.6,20.6,51.8,False,2019,0.0
SAI,McLaren,35.0,83.315,12.0,521,11.0,MEDIUM,True,1,,,True,40.6,20.6,51.8,False,2019,12.0
RIC,Renault,35.0,83.026,13.0,522,11.0,HARD,True,1,,,True,40.6,20.6,51.8,False,2019,13.0
PER,Racing Point,35.0,83.469,14.0,523,11.0,MEDIUM,True,1,,,True,40.6,20.6,51.8,False,2019,15.0
STR,Racing Point,35.0,83.325,15.0,523,13.0,SOFT,True,1,,,True,40.6,20.6,51.8,False,2019,16.0
NOR,McLaren,35.0,83.227,16.0,524,9.0,MEDIUM,True,1,,,True,40.6,20.6,51.8,False,2019,10.0
RAI,Alfa Romeo Racing,35.0,83.66,17.0,525,7.0,HARD,True,1,,,True,40.6,20.6,51.8,False,2019,14.0
GIO,Alfa Romeo Racing,35.0,84.886,18.0,525,29.0,HARD,True,1,,,True,40.6,20.4,54.1,False,2019,18.0
RUS,Williams,35.0,84.536,19.0,526,3.0,SOFT,True,1,,,True,40.6,20.4,54.1,False,2019,19.0
KUB,Williams,35.0,87.051,20.0,526,4.0,SOFT,True,1,,,True,40.6,20.5,52.5,False,2019,17.0
HAM,Mercedes,36.0,81.844,1.0,526,9.0,MEDIUM,True,1,,,True,40.6,20.6,51.8,False,2019,2.0
BOT,Mercedes,36.0,82.003,2.0,526,10.0,MEDIUM,True,1,,,True,40.6,20.6,51.8,False,2019,1.0
VER,Red Bull Racing,36.0,81.779,3.0,526,16.0,SOFT,True,1,,,True,40.6,20.6,51.8,False,2019,4.0
VET,Ferrari,36.0,81.787,4.0,526,17.0,MEDIUM,True,1,,,True,40.6,20.4,54.1,False,2019,3.0
LEC,Ferrari,36.0,84.372,5.0,527,11.0,HARD,True,1,,,True,40.6,20.4,54.1,False,2019,5.0
GAS,Red Bull Racing,36.0,82.524,6.0,527,14.0,MEDIUM,True,1,,,True,40.6,20.4,54.1,False,2019,6.0
GRO,Haas F1 Team,36.0,82.888,7.0,528,10.0,MEDIUM,True,1,,,True,40.6,20.4,54.1,False,2019,7.0
KVY,Toro Rosso,36.0,82.073,8.0,528,15.0,MEDIUM,True,1,,,True,40.6,20.4,54.1,False,2019,9.0
MAG,Haas F1 Team,36.0,84.577,9.0,529,13.0,MEDIUM,True,1,,,True,40.6,20.4,54.1,False,2019,8.0
ALB,Toro Rosso,36.0,82.671,10.0,530,11.0,MEDIUM,True,1,,,True,40.6,20.4,54.1,False,2019,11.0
SAI,McLaren,36.0,83.346,11.0,530,12.0,MEDIUM,True,1,,,True,40.6,20.4,54.1,False,2019,12.0
RIC,Renault,36.0,83.201,12.0,531,12.0,HARD,True,1,,,True,40.6,20.4,54.1,False,2019,13.0
PER,Racing Point,36.0,83.489,13.0,532,12.0,MEDIUM,True,1,,,True,40.6,20.5,52.5,False,2019,15.0
STR,Racing Point,36.0,83.263,14.0,532,14.0,SOFT,True,1,,,True,40.6,20.5,52.5,False,2019,16.0
NOR,McLaren,36.0,84.874,15.0,533,10.0,MEDIUM,True,1,,,True,40.6,20.5,52.5,False,2019,10.0
HUL,Renault,36.0,102.09,16.0,534,1.0,SOFT,True,1,,0 days 01:23:03.562000,False,40.6,20.5,52.5,False,2019,0.0
RAI,Alfa Romeo Racing,36.0,83.547,17.0,534,8.0,HARD,True,1,,,True,40.6,20.5,52.5,False,2019,14.0
GIO,Alfa Romeo Racing,36.0,85.177,18.0,534,30.0,HARD,True,1,,,True,40.6,20.5,52.5,False,2019,18.0
RUS,Williams,36.0,84.479,19.0,535,4.0,SOFT,True,1,,,True,40.5,20.3,51.5,False,2019,19.0
KUB,Williams,36.0,86.552,20.0,535,5.0,SOFT,True,1,,,True,40.5,20.3,51.5,False,2019,17.0
HAM,Mercedes,37.0,81.784,1.0,535,10.0,MEDIUM,True,1,,,True,40.6,20.5,52.5,False,2019,2.0
BOT,Mercedes,37.0,82.295,2.0,535,11.0,MEDIUM,True,1,,,True,40.6,20.5,52.5,False,2019,1.0
VER,Red Bull Racing,37.0,81.811,3.0,535,17.0,SOFT,True,1,,,True,40.6,20.5,52.5,False,2019,4.0
VET,Ferrari,37.0,81.728,4.0,535,18.0,MEDIUM,True,1,,,True,40.6,20.5,52.5,False,2019,3.0
LEC,Ferrari,37.0,82.34,5.0,536,12.0,HARD,True,1,,,True,40.6,20.5,52.5,False,2019,5.0
GAS,Red Bull Racing,37.0,82.385,6.0,536,15.0,MEDIUM,True,1,,,True,40.6,20.5,52.5,False,2019,6.0
GRO,Haas F1 Team,37.0,82.933,7.0,537,11.0,MEDIUM,True,1,,,True,40.6,20.5,52.5,False,2019,7.0
KVY,Toro Rosso,37.0,82.752,8.0,537,16.0,MEDIUM,True,1,,,True,40.5,20.3,51.5,False,2019,9.0
MAG,Haas F1 Team,37.0,83.198,9.0,538,14.0,MEDIUM,True,1,,,True,40.5,20.3,51.5,False,2019,8.0
ALB,Toro Rosso,37.0,82.838,10.0,539,12.0,MEDIUM,True,1,,,True,40.5,20.3,51.5,False,2019,11.0
SAI,McLaren,37.0,83.247,11.0,539,13.0,MEDIUM,True,1,,,True,40.5,20.3,51.5,False,2019,12.0
RIC,Renault,37.0,83.009,12.0,540,13.0,HARD,True,1,,,True,40.5,20.3,51.5,False,2019,13.0
PER,Racing Point,37.0,84.895,13.0,541,13.0,MEDIUM,True,1,,,True,40.5,20.3,51.5,False,2019,15.0
STR,Racing Point,37.0,84.659,14.0,541,15.0,SOFT,True,1,,,True,40.5,20.3,51.5,False,2019,16.0
NOR,McLaren,37.0,82.994,15.0,542,11.0,MEDIUM,True,1,,,True,40.5,20.3,51.5,False,2019,10.0
HUL,Renault,37.0,84.934,16.0,543,2.0,SOFT,True,1,,,True,40.5,20.3,51.5,False,2019,0.0
RAI,Alfa Romeo Racing,37.0,83.246,17.0,543,9.0,HARD,True,1,,,True,40.5,20.3,51.5,False,2019,14.0
GIO,Alfa Romeo Racing,37.0,85.207,18.0,543,31.0,HARD,True,1,,,True,40.1,20.3,53.5,False,2019,18.0
RUS,Williams,37.0,87.597,19.0,544,5.0,SOFT,True,1,,,True,40.1,20.3,53.5,False,2019,19.0
KUB,Williams,37.0,85.207,20.0,544,6.0,SOFT,True,1,,,True,40.3,20.4,52.6,False,2019,17.0
HAM,Mercedes,38.0,81.578,1.0,544,11.0,MEDIUM,True,1,,,True,40.5,20.3,51.5,False,2019,2.0
BOT,Mercedes,38.0,81.571,2.0,544,12.0,MEDIUM,True,1,,,True,40.5,20.3,51.5,False,2019,1.0
VER,Red Bull Racing,38.0,82.037,3.0,544,18.0,SOFT,True,1,,,True,40.5,20.3,51.5,False,2019,4.0
VET,Ferrari,38.0,81.181,4.0,544,19.0,MEDIUM,True,1,,,True,40.5,20.3,51.5,False,2019,3.0
LEC,Ferrari,38.0,82.161,5.0,545,13.0,HARD,True,1,,,True,40.5,20.3,51.5,False,2019,5.0
GAS,Red Bull Racing,38.0,82.723,6.0,545,16.0,MEDIUM,True,1,,,True,40.1,20.3,53.5,False,2019,6.0
GRO,Haas F1 Team,38.0,82.323,7.0,546,12.0,MEDIUM,True,1,,,True,40.1,20.3,53.5,False,2019,7.0
KVY,Toro Rosso,38.0,82.653,8.0,546,17.0,MEDIUM,True,1,,,True,40.1,20.3,53.5,False,2019,9.0
MAG,Haas F1 Team,38.0,83.073,9.0,547,15.0,MEDIUM,True,1,,,True,40.1,20.3,53.5,False,2019,8.0
ALB,Toro Rosso,38.0,82.595,10.0,548,13.0,MEDIUM,True,1,,,True,40.1,20.3,53.5,False,2019,11.0
SAI,McLaren,38.0,83.298,11.0,548,14.0,MEDIUM,True,1,,,True,40.1,20.3,53.5,False,2019,12.0
RIC,Renault,38.0,83.304,12.0,549,14.0,HARD,True,1,,,True,40.1,20.3,53.5,False,2019,13.0
PER,Racing Point,38.0,83.586,13.0,550,14.0,MEDIUM,True,1,,,True,40.1,20.3,53.5,False,2019,15.0
STR,Racing Point,38.0,83.415,14.0,550,16.0,SOFT,True,1,,,True,40.1,20.3,53.5,False,2019,16.0
NOR,McLaren,38.0,83.371,15.0,551,12.0,MEDIUM,True,1,,,True,40.1,20.3,53.5,False,2019,10.0
HUL,Renault,38.0,82.58,16.0,552,3.0,SOFT,True,1,,,True,40.1,20.3,53.5,False,2019,0.0
RAI,Alfa Romeo Racing,38.0,83.633,17.0,552,10.0,HARD,True,1,,,True,40.3,20.4,52.6,False,2019,14.0
GIO,Alfa Romeo Racing,38.0,86.855,18.0,552,32.0,HARD,True,1,,,True,40.3,20.4,52.6,False,2019,18.0
RUS,Williams,38.0,86.618,19.0,553,6.0,SOFT,True,1,,,True,40.3,20.3,52.6,False,2019,19.0
KUB,Williams,38.0,88.541,20.0,553,7.0,SOFT,True,1,,,True,40.3,20.3,52.6,False,2019,17.0
HAM,Mercedes,39.0,82.137,1.0,553,12.0,MEDIUM,True,1,,,True,40.1,20.3,53.5,False,2019,2.0
BOT,Mercedes,39.0,81.834,2.0,553,13.0,MEDIUM,True,1,,,True,40.1,20.3,53.5,False,2019,1.0
VER,Red Bull Racing,39.0,81.827,3.0,553,19.0,SOFT,True,1,,,True,40.1,20.3,53.5,False,2019,4.0
VET,Ferrari,39.0,81.499,4.0,553,20.0,MEDIUM,True,1,,,True,40.3,20.4,52.6,False,2019,3.0
LEC,Ferrari,39.0,82.297,5.0,554,14.0,HARD,True,1,,,True,40.3,20.4,52.6,False,2019,5.0
GAS,Red Bull Racing,39.0,82.755,6.0,554,17.0,MEDIUM,True,1,,,True,40.3,20.4,52.6,False,2019,6.0
GRO,Haas F1 Team,39.0,82.516,7.0,555,13.0,MEDIUM,True,1,,,True,40.3,20.4,52.6,False,2019,7.0
KVY,Toro Rosso,39.0,82.699,8.0,555,18.0,MEDIUM,True,1,,,True,40.3,20.4,52.6,False,2019,9.0
MAG,Haas F1 Team,39.0,82.697,9.0,556,16.0,MEDIUM,True,1,,,True,40.3,20.4,52.6,False,2019,8.0
ALB,Toro Rosso,39.0,82.623,10.0,557,14.0,MEDIUM,True,1,,,True,40.3,20.4,52.6,False,2019,11.0
SAI,McLaren,39.0,83.202,11.0,557,15.0,MEDIUM,True,1,,,True,40.3,20.3,52.6,False,2019,12.0
RIC,Renault,39.0,83.191,12.0,558,15.0,HARD,True,1,,,True,40.3,20.3,52.6,False,2019,13.0
PER,Racing Point,39.0,83.483,13.0,559,15.0,MEDIUM,True,1,,,True,40.3,20.3,52.6,False,2019,15.0
STR,Racing Point,39.0,83.667,14.0,559,17.0,SOFT,True,1,,,True,40.3,20.3,52.6,False,2019,16.0
NOR,McLaren,39.0,83.247,15.0,560,13.0,MEDIUM,True,1,,,True,40.3,20.3,52.6,False,2019,10.0
HUL,Renault,39.0,84.742,16.0,561,4.0,SOFT,True,1,,,True,40.3,20.3,52.6,False,2019,0.0
RAI,Alfa Romeo Racing,39.0,83.72,17.0,561,11.0,HARD,True,1,,,True,40.3,20.3,52.6,False,2019,14.0
GIO,Alfa Romeo Racing,39.0,85.816,18.0,561,33.0,HARD,True,1,,,True,40.3,20.3,52.6,False,2019,18.0
RUS,Williams,39.0,88.974,19.0,562,7.0,SOFT,True,1,,,True,40.1,20.3,53.1,False,2019,19.0
KUB,Williams,39.0,87.115,20.0,562,8.0,SOFT,True,1,,,True,40.2,20.3,53.0,False,2019,17.0
HAM,Mercedes,40.0,81.724,1.0,562,13.0,MEDIUM,True,1,,,True,40.3,20.3,52.6,False,2019,2.0
BOT,Mercedes,40.0,81.836,2.0,562,14.0,MEDIUM,True,1,,,True,40.3,20.3,52.6,False,2019,1.0
VER,Red Bull Racing,40.0,82.071,3.0,562,20.0,SOFT,True,1,,,True,40.3,20.3,52.6,False,2019,4.0
VET,Ferrari,40.0,85.804,4.0,562,21.0,MEDIUM,True,1,0 days 01:28:48.743000,,False,40.3,20.3,52.6,False,2019,3.0
LEC,Ferrari,40.0,82.304,5.0,563,15.0,HARD,True,1,,,True,40.3,20.3,52.6,False,2019,5.0
GAS,Red Bull Racing,40.0,82.51,6.0,563,18.0,MEDIUM,True,1,,,True,40.3,20.3,52.6,False,2019,6.0
GRO,Haas F1 Team,40.0,82.547,7.0,564,14.0,MEDIUM,True,1,,,True,40.1,20.3,53.1,False,2019,7.0
KVY,Toro Rosso,40.0,82.328,8.0,564,19.0,MEDIUM,True,1,,,True,40.1,20.3,53.1,False,2019,9.0
MAG,Haas F1 Team,40.0,82.365,9.0,565,17.0,MEDIUM,True,1,,,True,40.1,20.3,53.1,False,2019,8.0
ALB,Toro Rosso,40.0,82.522,10.0,566,15.0,MEDIUM,True,1,,,True,40.1,20.3,53.1,False,2019,11.0
SAI,McLaren,40.0,83.187,11.0,566,16.0,MEDIUM,True,1,,,True,40.1,20.3,53.1,False,2019,12.0
RIC,Renault,40.0,84.987,12.0,567,16.0,HARD,True,1,,,True,40.1,20.3,53.1,False,2019,13.0
PER,Racing Point,40.0,82.885,13.0,568,16.0,MEDIUM,True,1,,,True,40.1,20.3,53.1,False,2019,15.0
STR,Racing Point,40.0,83.604,14.0,568,18.0,SOFT,True,1,,,True,40.1,20.3,53.1,False,2019,16.0
NOR,McLaren,40.0,83.566,15.0,569,14.0,MEDIUM,True,1,,,True,40.1,20.3,53.1,False,2019,10.0
HUL,Renault,40.0,82.832,16.0,570,5.0,SOFT,True,1,,,True,40.1,20.3,53.1,False,2019,0.0
RAI,Alfa Romeo Racing,40.0,83.365,17.0,570,12.0,HARD,True,1,,,True,40.1,20.3,53.1,False,2019,14.0
GIO,Alfa Romeo Racing,40.0,86.107,18.0,570,34.0,HARD,True,1,,,True,40.2,20.3,53.0,False,2019,18.0
RUS,Williams,40.0,86.215,19.0,571,8.0,SOFT,True,1,,,True,39.8,20.3,52.0,False,2019,19.0
KUB,Williams,40.0,84.869,20.0,571,9.0,SOFT,True,1,,,True,39.8,20.3,52.0,False,2019,17.0
HAM,Mercedes,41.0,82.21,1.0,571,14.0,MEDIUM,True,1,,,True,40.1,20.3,53.1,False,2019,2.0
BOT,Mercedes,41.0,81.963,2.0,571,15.0,MEDIUM,True,1,,,True,40.1,20.3,53.1,False,2019,1.0
VER,Red Bull Racing,41.0,81.76,3.0,571,21.0,SOFT,True,1,,,True,40.1,20.3,53.1,False,2019,4.0
LEC,Ferrari,41.0,83.006,4.0,572,16.0,HARD,True,1,,,True,40.1,20.3,53.1,False,2019,5.0
VET,Ferrari,41.0,99.608,5.0,573,1.0,MEDIUM,True,1,,0 days 01:29:10.400000,False,40.2,20.3,53.0,False,2019,3.0
GAS,Red Bull Racing,41.0,83.605,6.0,573,19.0,MEDIUM,True,1,,,True,40.2,20.3,53.0,False,2019,6.0
GRO,Haas F1 Team,41.0,82.402,7.0,574,15.0,MEDIUM,True,1,,,True,40.2,20.3,53.0,False,2019,7.0
KVY,Toro Rosso,41.0,82.608,8.0,574,20.0,MEDIUM,True,1,,,True,40.2,20.3,53.0,False,2019,9.0
MAG,Haas F1 Team,41.0,82.59,9.0,575,18.0,MEDIUM,True,1,,,True,40.2,20.3,53.0,False,2019,8.0
ALB,Toro Rosso,41.0,82.61,10.0,576,16.0,MEDIUM,True,1,,,True,40.2,20.3,53.0,False,2019,11.0
SAI,McLaren,41.0,85.395,11.0,576,17.0,MEDIUM,True,1,,,True,40.2,20.3,53.0,False,2019,12.0
RIC,Renault,41.0,83.201,12.0,577,17.0,HARD,True,1,,,True,40.2,20.3,53.0,False,2019,13.0
PER,Racing Point,41.0,83.554,13.0,578,17.0,MEDIUM,True,1,,,True,40.2,20.3,53.0,False,2019,15.0
STR,Racing Point,41.0,84.64,14.0,578,19.0,SOFT,True,1,,,True,39.8,20.3,52.0,False,2019,16.0
NOR,McLaren,41.0,85.023,15.0,579,15.0,MEDIUM,True,1,,,True,39.8,20.3,52.0,False,2019,10.0
HUL,Renault,41.0,83.252,16.0,580,6.0,SOFT,True,1,,,True,39.8,20.3,52.0,False,2019,0.0
RAI,Alfa Romeo Racing,41.0,83.313,17.0,580,13.0,HARD,True,1,,,True,39.8,20.3,52.0,False,2019,14.0
GIO,Alfa Romeo Racing,41.0,91.113,18.0,580,35.0,HARD,True,1,0 days 01:32:09.457000,,False,39.8,20.3,52.0,False,2019,18.0
RUS,Williams,41.0,86.602,19.0,581,9.0,SOFT,True,1,,,True,39.6,20.1,52.9,False,2019,19.0
KUB,Williams,41.0,85.565,20.0,581,10.0,SOFT,True,1,,,True,39.6,20.1,52.9,False,2019,17.0
HAM,Mercedes,42.0,82.206,1.0,581,15.0,MEDIUM,True,1,,,True,40.2,20.3,53.0,False,2019,2.0
BOT,Mercedes,42.0,81.56,2.0,581,16.0,MEDIUM,True,1,,,True,39.8,20.3,52.0,False,2019,1.0
VER,Red Bull Racing,42.0,82.271,3.0,581,22.0,SOFT,True,1,,,True,39.8,20.3,52.0,False,2019,4.0
LEC,Ferrari,42.0,82.143,4.0,582,17.0,HARD,True,1,,,True,39.8,20.3,52.0,False,2019,5.0
VET,Ferrari,42.0,80.065,5.0,583,2.0,MEDIUM,True,1,,,True,39.8,20.3,52.0,False,2019,3.0
GAS,Red Bull Racing,42.0,82.589,6.0,583,20.0,MEDIUM,True,1,,,True,39.8,20.3,52.0,False,2019,6.0
GRO,Haas F1 Team,42.0,82.699,7.0,584,16.0,MEDIUM,True,1,,,True,39.8,20.3,52.0,False,2019,7.0
KVY,Toro Rosso,42.0,82.206,8.0,584,21.0,MEDIUM,True,1,,,True,39.8,20.3,52.0,False,2019,9.0
MAG,Haas F1 Team,42.0,82.659,9.0,585,19.0,MEDIUM,True,1,,,True,39.6,20.1,52.9,False,2019,8.0
ALB,Toro Rosso,42.0,82.743,10.0,586,17.0,MEDIUM,True,1,,,True,39.6,20.1,52.9,False,2019,11.0
SAI,McLaren,42.0,82.877,11.0,586,18.0,MEDIUM,True,1,,,True,39.6,20.1,52.9,False,2019,12.0
RIC,Renault,42.0,82.929,12.0,587,18.0,HARD,True,1,,,True,39.6,20.1,52.9,False,2019,13.0
PER,Racing Point,42.0,85.012,13.0,588,18.0,MEDIUM,True,1,,,True,39.6,20.1,52.9,False,2019,15.0
STR,Racing Point,42.0,83.338,14.0,588,20.0,SOFT,True,1,,,True,39.6,20.1,52.9,False,2019,16.0
NOR,McLaren,42.0,83.214,15.0,589,16.0,MEDIUM,True,1,,,True,39.6,20.1,52.9,False,2019,10.0
HUL,Renault,42.0,82.924,16.0,590,7.0,SOFT,True,1,,,True,39.6,20.1,52.9,False,2019,0.0
RAI,Alfa Romeo Racing,42.0,83.239,17.0,590,14.0,HARD,True,1,,,True,39.6,20.1,52.9,False,2019,14.0
GIO,Alfa Romeo Racing,42.0,105.223,18.0,591,1.0,SOFT,True,1,,0 days 01:32:32.942000,False,39.7,20.1,53.0,False,2019,18.0
RUS,Williams,42.0,85.247,19.0,591,10.0,SOFT,True,1,,,True,39.7,20.1,53.0,False,2019,19.0
KUB,Williams,42.0,86.928,20.0,591,11.0,SOFT,True,1,,,True,39.8,20.1,52.5,False,2019,17.0
HAM,Mercedes,43.0,81.891,1.0,591,16.0,MEDIUM,True,1,,,True,39.6,20.1,52.9,False,2019,2.0
BOT,Mercedes,43.0,82.461,2.0,591,17.0,MEDIUM,True,1,,,True,39.6,20.1,52.9,False,2019,1.0
VER,Red Bull Racing,43.0,85.237,3.0,591,23.0,SOFT,True,1,0 days 01:32:43.823000,,False,39.6,20.1,52.9,False,2019,4.0
LEC,Ferrari,43.0,82.173,4.0,592,18.0,HARD,True,1,,,True,39.6,20.1,52.9,False,2019,5.0
VET,Ferrari,43.0,80.338,5.0,593,3.0,MEDIUM,True,1,,,True,39.6,20.1,52.9,False,2019,3.0
GAS,Red Bull Racing,43.0,82.441,6.0,593,21.0,MEDIUM,True,1,,,True,39.7,20.1,53.0,False,2019,6.0
GRO,Haas F1 Team,43.0,82.323,7.0,594,17.0,MEDIUM,True,1,,,True,39.7,20.1,53.0,False,2019,7.0
KVY,Toro Rosso,43.0,82.32,8.0,594,22.0,MEDIUM,True,1,,,True,39.7,20.1,53.0,False,2019,9.0
MAG,Haas F1 Team,43.0,82.363,9.0,595,20.0,MEDIUM,True,1,,,True,39.7,20.1,53.0,False,2019,8.0
ALB,Toro Rosso,43.0,82.671,10.0,596,18.0,MEDIUM,True,1,,,True,39.7,20.1,53.0,False,2019,11.0
SAI,McLaren,43.0,83.079,11.0,596,19.0,MEDIUM,True,1,,,True,39.7,20.1,53.0,False,2019,12.0
RIC,Renault,43.0,82.978,12.0,597,19.0,HARD,True,1,,,True,39.7,20.1,53.0,False,2019,13.0
PER,Racing Point,43.0,83.192,13.0,598,19.0,MEDIUM,True,1,,,True,39.7,20.1,53.0,False,2019,15.0
STR,Racing Point,43.0,83.677,14.0,598,21.0,SOFT,True,1,,,True,39.7,20.1,53.0,False,2019,16.0
NOR,McLaren,43.0,83.213,15.0,599,17.0,MEDIUM,True,1,,,True,39.7,20.1,53.0,False,2019,10.0
HUL,Renault,43.0,82.836,16.0,600,8.0,SOFT,True,1,,,True,39.7,20.1,53.0,False,2019,0.0
RAI,Alfa Romeo Racing,43.0,83.246,17.0,600,15.0,HARD,True,1,,,True,39.8,20.1,52.5,False,2019,14.0
GIO,Alfa Romeo Racing,43.0,82.931,18.0,601,2.0,SOFT,True,1,,,True,39.9,20.0,52.0,False,2019,18.0
RUS,Williams,43.0,85.094,19.0,601,11.0,SOFT,True,1,,,True,39.9,20.0,52.0,False,2019,19.0
KUB,Williams,43.0,85.6,20.0,601,12.0,SOFT,True,12,,,True,39.9,20.0,52.0,False,2019,17.0
HAM,Mercedes,44.0,81.957,1.0,601,17.0,MEDIUM,True,1,,,True,39.7,20.1,53.0,False,2019,2.0
BOT,Mercedes,44.0,80.822,2.0,601,18.0,MEDIUM,True,1,,,True,39.7,20.1,53.0,False,2019,1.0
LEC,Ferrari,44.0,82.567,3.0,601,19.0,HARD,True,1,,,True,39.8,20.1,52.5,False,2019,5.0
VER,Red Bull Racing,44.0,99.663,4.0,602,1.0,MEDIUM,True,1,,0 days 01:33:06.351000,False,39.8,20.1,52.5,False,2019,4.0
VET,Ferrari,44.0,80.836,5.0,602,4.0,MEDIUM,True,1,,,True,39.8,20.1,52.5,False,2019,3.0
GAS,Red Bull Racing,44.0,82.258,6.0,602,22.0,MEDIUM,True,1,,,True,39.8,20.1,52.5,False,2019,6.0
GRO,Haas F1 Team,44.0,82.094,7.0,603,18.0,MEDIUM,True,1,,,True,39.8,20.1,52.5,False,2019,7.0
KVY,Toro Rosso,44.0,82.408,8.0,603,23.0,MEDIUM,True,1,,,True,39.8,20.1,52.5,False,2019,9.0
MAG,Haas F1 Team,44.0,82.745,9.0,604,21.0,MEDIUM,True,1,,,True,39.8,20.1,52.5,False,2019,8.0
ALB,Toro Rosso,44.0,82.845,10.0,605,19.0,MEDIUM,True,1,,,True,39.8,20.1,52.5,False,2019,11.0
SAI,McLaren,44.0,82.813,11.0,605,20.0,MEDIUM,True,1,,,True,39.9,20.0,52.0,False,2019,12.0
RIC,Renault,44.0,83.123,12.0,606,20.0,HARD,True,1,,,True,39.9,20.0,52.0,False,2019,13.0
PER,Racing Point,44.0,83.45,13.0,607,20.0,MEDIUM,True,1,,,True,39.9,20.0,52.0,False,2019,15.0
STR,Racing Point,44.0,83.819,14.0,607,22.0,SOFT,True,1,,,True,39.9,20.0,52.0,False,2019,16.0
NOR,McLaren,44.0,83.873,15.0,608,18.0,MEDIUM,True,1,,,True,39.9,20.0,52.0,False,2019,10.0
HUL,Renault,44.0,82.706,16.0,609,9.0,SOFT,True,1,,,True,39.9,20.0,52.0,False,2019,0.0
RAI,Alfa Romeo Racing,44.0,85.759,17.0,609,16.0,HARD,True,12,,,True,39.9,20.0,52.0,False,2019,14.0
GIO,Alfa Romeo Racing,44.0,97.908,18.0,610,3.0,SOFT,True,124,,,False,39.9,20.1,52.6,False,2019,18.0
RUS,Williams,44.0,112.042,19.0,610,12.0,SOFT,True,124,0 days 01:37:29.349000,,False,39.8,20.2,52.9,False,2019,19.0
KUB,Williams,44.0,121.716,20.0,610,13.0,SOFT,True,24,0 days 01:37:59.661000,,False,39.8,20.2,52.9,False,2019,17.0
HAM,Mercedes,45.0,80.953,1.0,610,18.0,MEDIUM,True,1,,,True,39.8,20.1,52.5,False,2019,2.0
BOT,Mercedes,45.0,84.69,2.0,610,19.0,MEDIUM,True,1,0 days 01:35:21.533000,,False,39.9,20.0,52.0,False,2019,1.0
LEC,Ferrari,45.0,83.099,3.0,610,20.0,HARD,True,12,,,True,39.9,20.0,52.0,False,2019,5.0
VER,Red Bull Racing,45.0,80.208,4.0,611,2.0,MEDIUM,True,12,,,True,39.9,20.0,52.0,False,2019,4.0
VET,Ferrari,45.0,80.691,5.0,611,5.0,MEDIUM,True,12,,,True,39.9,20.0,52.0,False,2019,3.0
GAS,Red Bull Racing,45.0,82.469,6.0,611,23.0,MEDIUM,True,12,,,True,39.9,20.0,52.0,False,2019,6.0
GRO,Haas F1 Team,45.0,82.623,7.0,612,19.0,MEDIUM,True,124,,,False,39.9,20.0,52.0,False,2019,7.0
KVY,Toro Rosso,45.0,90.505,8.0,612,24.0,MEDIUM,True,124,0 days 01:36:26.056000,,False,39.9,20.1,52.6,False,2019,9.0
MAG,Haas F1 Team,45.0,91.081,9.0,613,22.0,MEDIUM,True,124,0 days 01:36:30.208000,,False,39.9,20.1,52.6,False,2019,8.0
ALB,Toro Rosso,45.0,92.128,10.0,614,20.0,MEDIUM,True,124,0 days 01:36:34.775000,,False,39.9,20.1,52.6,False,2019,11.0
SAI,McLaren,45.0,98.145,11.0,614,21.0,MEDIUM,True,124,,,False,39.9,20.1,52.6,False,2019,12.0
RIC,Renault,45.0,102.169,12.0,615,21.0,HARD,True,124,0 days 01:36:59.348000,,False,39.9,20.1,52.6,False,2019,13.0
PER,Racing Point,45.0,103.422,13.0,616,21.0,MEDIUM,True,124,0 days 01:37:07.196000,,False,39.9,20.1,52.6,False,2019,15.0
HUL,Renault,45.0,104.635,14.0,617,10.0,SOFT,True,124,,,False,39.8,20.2,52.9,False,2019,0.0
RAI,Alfa Romeo Racing,45.0,115.481,15.0,617,17.0,HARD,True,24,0 days 01:37:39.011000,,False,39.8,20.2,52.9,False,2019,14.0
GIO,Alfa Romeo Racing,45.0,120.815,16.0,618,4.0,SOFT,True,4,,,False,39.6,20.2,53.0,False,2019,18.0
RUS,Williams,45.0,135.923,17.0,619,1.0,MEDIUM,True,4,,0 days 01:37:51.157000,False,39.5,20.3,53.2,False,2019,19.0
KUB,Williams,45.0,136.055,18.0,620,1.0,MEDIUM,True,4,,0 days 01:38:21.623000,False,39.7,20.3,52.6,False,2019,17.0
HAM,Mercedes,46.0,93.804,1.0,620,19.0,MEDIUM,True,124,0 days 01:36:44.189000,,False,39.9,20.1,52.6,False,2019,2.0
BOT,Mercedes,46.0,130.385,2.0,621,4.0,SOFT,False,124,,0 days 01:35:43.537000,False,39.8,20.2,52.9,False,2019,1.0
LEC,Ferrari,46.0,112.276,3.0,621,21.0,HARD,True,24,0 days 01:37:34.807000,,False,39.8,20.2,52.9,False,2019,5.0
VER,Red Bull Racing,46.0,113.162,4.0,622,3.0,MEDIUM,True,24,,,False,39.8,20.2,52.9,False,2019,4.0
VET,Ferrari,46.0,115.305,5.0,622,6.0,MEDIUM,True,24,,,False,39.8,20.2,52.9,False,2019,3.0
GAS,Red Bull Racing,46.0,121.274,6.0,622,24.0,MEDIUM,True,24,0 days 01:38:00.529000,,False,39.8,20.2,52.9,False,2019,6.0
GRO,Haas F1 Team,46.0,124.674,7.0,623,20.0,MEDIUM,True,4,0 days 01:38:13.936000,,False,39.6,20.2,53.0,False,2019,7.0
MAG,Haas F1 Team,46.0,135.493,8.0,624,4.0,SOFT,False,4,,0 days 01:36:53.199000,False,39.6,20.2,53.0,False,2019,8.0
KVY,Toro Rosso,46.0,147.421,9.0,625,1.0,MEDIUM,True,4,,0 days 01:36:59.867000,False,39.6,20.2,53.0,False,2019,9.0
SAI,McLaren,46.0,121.382,10.0,625,22.0,MEDIUM,True,4,0 days 01:38:55.833000,,False,39.6,20.2,53.0,False,2019,12.0
HUL,Renault,46.0,127.571,12.0,626,11.0,SOFT,True,4,,,False,39.5,20.3,53.2,False,2019,0.0
RIC,Renault,46.0,143.46,13.0,627,1.0,MEDIUM,True,4,,0 days 01:37:21.991000,False,39.5,20.3,53.2,False,2019,13.0
PER,Racing Point,46.0,136.826,14.0,627,4.0,SOFT,False,4,,0 days 01:37:30.004000,False,39.5,20.3,53.2,False,2019,15.0
RAI,Alfa Romeo Racing,46.0,136.444,15.0,628,1.0,SOFT,True,4,,0 days 01:38:01.545000,False,39.5,20.3,53.2,False,2019,14.0
GIO,Alfa Romeo Racing,46.0,97.352,16.0,628,5.0,SOFT,True,4,,,False,39.7,20.3,52.6,False,2019,18.0
RUS,Williams,46.0,115.21,17.0,629,2.0,MEDIUM,True,4,,,False,39.8,20.3,51.3,False,2019,19.0
KUB,Williams,46.0,93.372,18.0,630,2.0,MEDIUM,True,4,,,False,39.8,20.3,51.3,False,2019,17.0
BOT,Mercedes,47.0,120.002,2.0,630,5.0,SOFT,False,4,,,False,39.5,20.3,53.2,False,2019,1.0
VER,Red Bull Racing,47.0,121.355,3.0,631,4.0,MEDIUM,True,4,,,False,39.5,20.3,53.2,False,2019,4.0
VET,Ferrari,47.0,121.32,4.0,631,7.0,MEDIUM,True,4,,,False,39.5,20.3,53.2,False,2019,3.0
LEC,Ferrari,47.0,134.639,5.0,632,1.0,MEDIUM,True,4,,0 days 01:37:56.231000,False,39.5,20.3,53.2,False,2019,5.0
GAS,Red Bull Racing,47.0,135.989,6.0,632,4.0,SOFT,False,4,,0 days 01:38:22.609000,False,39.7,20.3,52.6,False,2019,6.0
GRO,Haas F1 Team,47.0,136.373,7.0,633,4.0,SOFT,False,4,,0 days 01:38:36.656000,False,39.7,20.3,52.6,False,2019,7.0
MAG,Haas F1 Team,47.0,105.513,8.0,633,5.0,SOFT,False,4,,,False,39.7,20.3,52.6,False,2019,8.0
KVY,Toro Rosso,47.0,99.111,9.0,634,2.0,MEDIUM,True,4,,,False,39.7,20.3,52.6,False,2019,9.0
SAI,McLaren,47.0,105.378,10.0,634,4.0,SOFT,False,4,,0 days 01:39:17.347000,False,39.7,20.3,52.6,False,2019,12.0
ALB,Toro Rosso,47.0,130.647,11.0,635,2.0,MEDIUM,True,4,,,False,39.8,20.3,51.3,False,2019,11.0
HUL,Renault,47.0,131.415,12.0,635,12.0,SOFT,True,4,,,False,39.8,20.3,51.3,False,2019,0.0
RIC,Renault,47.0,131.374,13.0,636,2.0,MEDIUM,True,4,,,False,39.8,20.3,51.3,False,2019,13.0
PER,Racing Point,47.0,132.657,14.0,636,5.0,SOFT,False,4,,,False,39.8,20.3,51.3,False,2019,15.0
RAI,Alfa Romeo Racing,47.0,109.418,15.0,637,2.0,SOFT,True,4,,,False,39.8,20.3,51.3,False,2019,14.0
GIO,Alfa Romeo Racing,47.0,96.013,16.0,637,6.0,SOFT,True,4,,,False,39.8,20.3,51.3,False,2019,18.0
RUS,Williams,47.0,132.078,17.0,638,3.0,MEDIUM,True,4,,,False,39.4,19.7,52.0,False,2019,19.0
KUB,Williams,47.0,130.583,18.0,639,3.0,MEDIUM,True,4,,,False,39.4,19.7,52.0,False,2019,17.0
HAM,Mercedes,48.0,129.746,1.0,639,5.0,SOFT,False,4,,,False,39.8,20.3,51.3,False,2019,2.0
BOT,Mercedes,48.0,126.263,2.0,639,6.0,SOFT,False,4,,,False,39.8,20.3,51.3,False,2019,1.0
VER,Red Bull Racing,48.0,121.51,3.0,640,5.0,MEDIUM,True,4,,,False,39.8,20.3,51.3,False,2019,4.0
VET,Ferrari,48.0,114.962,4.0,640,8.0,MEDIUM,True,4,,,False,39.8,20.3,51.3,False,2019,3.0
LEC,Ferrari,48.0,114.064,5.0,641,2.0,MEDIUM,True,4,,,False,39.8,20.3,51.3,False,2019,5.0
GAS,Red Bull Racing,48.0,94.495,6.0,641,5.0,SOFT,False,4,,,False,39.8,20.3,51.3,False,2019,6.0
GRO,Haas F1 Team,48.0,94.775,7.0,642,5.0,SOFT,False,4,,,False,39.8,20.3,51.3,False,2019,7.0
MAG,Haas F1 Team,48.0,95.231,8.0,642,6.0,SOFT,False,4,,,False,39.8,20.3,51.3,False,2019,8.0
KVY,Toro Rosso,48.0,96.197,9.0,643,3.0,MEDIUM,True,4,,,False,39.8,20.3,51.3,False,2019,9.0
SAI,McLaren,48.0,90.542,10.0,643,5.0,SOFT,False,4,,,False,39.8,20.3,51.3,False,2019,12.0
ALB,Toro Rosso,48.0,133.289,11.0,644,3.0,MEDIUM,True,4,,,False,39.4,19.7,52.0,False,2019,11.0
HUL,Renault,48.0,132.761,12.0,644,13.0,SOFT,True,4,,,False,39.4,19.7,52.0,False,2019,0.0
RIC,Renault,48.0,132.943,13.0,645,3.0,MEDIUM,True,4,,,False,39.4,19.7,52.0,False,2019,13.0
PER,Racing Point,48.0,131.89,14.0,645,6.0,SOFT,False,4,,,False,39.4,19.7,52.0,False,2019,15.0
RAI,Alfa Romeo Racing,48.0,133.731,15.0,646,3.0,SOFT,True,4,,,False,39.4,19.7,52.0,False,2019,14.0
GIO,Alfa Romeo Racing,48.0,115.903,16.0,646,7.0,SOFT,True,4,,,False,39.4,19.7,52.0,False,2019,18.0
RUS,Williams,48.0,109.489,17.0,647,4.0,MEDIUM,True,4,,,False,39.6,19.8,51.7,False,2019,19.0
KUB,Williams,48.0,109.668,18.0,648,4.0,MEDIUM,True,4,,,False,39.6,19.8,51.7,False,2019,17.0
HAM,Mercedes,49.0,134.091,1.0,648,6.0,SOFT,False,4,,,False,39.4,19.7,52.0,False,2019,2.0
BOT,Mercedes,49.0,132.766,2.0,648,7.0,SOFT,False,4,,,False,39.4,19.7,52.0,False,2019,1.0
VER,Red Bull Racing,49.0,131.91,3.0,649,6.0,MEDIUM,True,4,,,False,39.4,19.7,52.0,False,2019,4.0
VET,Ferrari,49.0,132.576,4.0,649,9.0,MEDIUM,True,4,,,False,39.4,19.7,52.0,False,2019,3.0
LEC,Ferrari,49.0,133.903,5.0,650,3.0,MEDIUM,True,4,,,False,39.4,19.7,52.0,False,2019,5.0
GAS,Red Bull Racing,49.0,129.473,6.0,650,6.0,SOFT,False,4,,,False,39.4,19.7,52.0,False,2019,6.0
GRO,Haas F1 Team,49.0,116.622,7.0,651,6.0,SOFT,False,4,,,False,39.4,19.7,52.0,False,2019,7.0
MAG,Haas F1 Team,49.0,116.359,8.0,651,7.0,SOFT,False,4,,,False,39.4,19.7,52.0,False,2019,8.0
KVY,Toro Rosso,49.0,115.762,9.0,652,4.0,MEDIUM,True,4,,,False,39.4,19.7,52.0,False,2019,9.0
SAI,McLaren,49.0,114.841,10.0,652,6.0,SOFT,False,4,,,False,39.4,19.7,52.0,False,2019,12.0
ALB,Toro Rosso,49.0,109.481,11.0,653,4.0,MEDIUM,True,4,,,False,39.6,19.8,51.7,False,2019,11.0
HUL,Renault,49.0,110.112,12.0,653,14.0,SOFT,True,4,,,False,39.6,19.8,51.7,False,2019,0.0
RIC,Renault,49.0,110.345,13.0,654,4.0,MEDIUM,True,4,,,False,39.6,19.8,51.7,False,2019,13.0
PER,Racing Point,49.0,111.728,14.0,654,7.0,SOFT,False,4,,,False,39.6,19.8,51.7,False,2019,15.0
RAI,Alfa Romeo Racing,49.0,106.26,15.0,655,4.0,SOFT,True,4,,,False,39.6,19.8,51.7,False,2019,14.0
GIO,Alfa Romeo Racing,49.0,105.095,16.0,655,8.0,SOFT,True,4,,,False,39.6,19.8,51.7,False,2019,18.0
RUS,Williams,49.0,85.676,17.0,656,5.0,MEDIUM,True,4,,,False,39.6,19.9,52.1,False,2019,19.0
KUB,Williams,49.0,85.729,18.0,657,5.0,MEDIUM,True,4,,,False,39.6,19.8,53.2,False,2019,17.0
HAM,Mercedes,50.0,140.867,1.0,657,7.0,SOFT,False,4,,,False,39.6,19.8,51.7,False,2019,2.0
BOT,Mercedes,50.0,134.821,2.0,657,8.0,SOFT,False,4,,,False,39.6,19.8,51.7,False,2019,1.0
VER,Red Bull Racing,50.0,134.988,3.0,658,7.0,MEDIUM,True,4,,,False,39.6,19.8,51.7,False,2019,4.0
VET,Ferrari,50.0,133.3,4.0,658,10.0,MEDIUM,True,4,,,False,39.6,19.8,51.7,False,2019,3.0
LEC,Ferrari,50.0,131.378,5.0,659,4.0,MEDIUM,True,4,,,False,39.6,19.8,51.7,False,2019,5.0
GAS,Red Bull Racing,50.0,129.182,6.0,659,7.0,SOFT,False,4,,,False,39.6,19.8,51.7,False,2019,6.0
GRO,Haas F1 Team,50.0,129.617,7.0,660,7.0,SOFT,False,4,,,False,39.6,19.8,51.7,False,2019,7.0
MAG,Haas F1 Team,50.0,130.156,8.0,660,8.0,SOFT,False,4,,,False,39.6,19.8,51.7,False,2019,8.0
KVY,Toro Rosso,50.0,129.799,9.0,661,5.0,MEDIUM,True,4,,,False,39.6,19.9,52.1,False,2019,9.0
SAI,McLaren,50.0,129.138,10.0,661,7.0,SOFT,False,4,,,False,39.6,19.9,52.1,False,2019,12.0
ALB,Toro Rosso,50.0,84.413,11.0,662,5.0,MEDIUM,True,4,,,False,39.6,19.9,52.1,False,2019,11.0
HUL,Renault,50.0,84.986,12.0,662,15.0,SOFT,True,4,,,False,39.6,19.9,52.1,False,2019,0.0
RIC,Renault,50.0,84.978,13.0,663,5.0,MEDIUM,True,4,,,False,39.6,19.9,52.1,False,2019,13.0
PER,Racing Point,50.0,85.929,14.0,663,8.0,SOFT,False,4,,,False,39.6,19.9,52.1,False,2019,15.0
RAI,Alfa Romeo Racing,50.0,84.06,15.0,664,5.0,SOFT,True,4,,,False,39.6,19.9,52.1,False,2019,14.0
GIO,Alfa Romeo Racing,50.0,85.94,16.0,664,9.0,SOFT,True,4,,,False,39.6,19.8,53.2,False,2019,18.0
RUS,Williams,50.0,84.515,17.0,665,6.0,MEDIUM,True,4,,,False,39.2,19.6,52.8,False,2019,19.0
KUB,Williams,50.0,84.811,18.0,666,6.0,MEDIUM,True,4,,,False,39.2,19.6,52.8,False,2019,17.0
HAM,Mercedes,51.0,124.405,1.0,666,8.0,SOFT,False,4,,,False,39.6,19.8,53.2,False,2019,2.0
BOT,Mercedes,51.0,124.197,2.0,666,9.0,SOFT,False,4,,,False,39.6,19.8,53.2,False,2019,1.0
VER,Red Bull Racing,51.0,125.229,3.0,667,8.0,MEDIUM,True,4,,,False,39.6,19.8,53.2,False,2019,4.0
VET,Ferrari,51.0,125.07,4.0,667,11.0,MEDIUM,True,4,,,False,39.6,19.8,53.2,False,2019,3.0
LEC,Ferrari,51.0,124.822,5.0,668,5.0,MEDIUM,True,4,,,False,39.2,19.6,52.8,False,2019,5.0
GAS,Red Bull Racing,51.0,124.71,6.0,668,8.0,SOFT,False,4,,,False,39.2,19.6,52.8,False,2019,6.0
GRO,Haas F1 Team,51.0,124.566,7.0,669,8.0,SOFT,False,4,,,False,39.2,19.6,52.8,False,2019,7.0
MAG,Haas F1 Team,51.0,124.242,8.0,669,9.0,SOFT,False,4,,,False,39.2,19.6,52.8,False,2019,8.0
KVY,Toro Rosso,51.0,124.426,9.0,670,6.0,MEDIUM,True,4,,,False,39.2,19.6,52.8,False,2019,9.0
SAI,McLaren,51.0,124.568,10.0,670,8.0,SOFT,False,4,,,False,39.2,19.6,52.8,False,2019,12.0
ALB,Toro Rosso,51.0,86.11,11.0,671,6.0,MEDIUM,True,4,,,False,39.2,19.6,52.8,False,2019,11.0
HUL,Renault,51.0,84.226,12.0,671,16.0,SOFT,True,4,,,False,39.2,19.6,52.8,False,2019,0.0
RIC,Renault,51.0,84.611,13.0,672,6.0,MEDIUM,True,4,,,False,39.2,19.6,52.8,False,2019,13.0
PER,Racing Point,51.0,83.428,14.0,672,9.0,SOFT,False,4,,,False,39.2,19.6,52.8,False,2019,15.0
RAI,Alfa Romeo Racing,51.0,84.292,15.0,673,6.0,SOFT,True,4,,,False,39.2,19.6,52.8,False,2019,14.0
GIO,Alfa Romeo Racing,51.0,83.917,16.0,673,10.0,SOFT,True,4,,,False,39.2,19.6,52.8,False,2019,18.0
RUS,Williams,51.0,112.072,17.0,674,7.0,MEDIUM,True,41,,,False,39.5,19.8,50.3,False,2019,19.0
KUB,Williams,51.0,105.935,18.0,675,7.0,MEDIUM,True,41,,,False,39.5,19.8,50.3,False,2019,17.0
HAM,Mercedes,52.0,127.645,1.0,675,9.0,SOFT,False,41,,,False,39.5,19.8,50.3,False,2019,2.0
BOT,Mercedes,52.0,127.434,2.0,675,10.0,SOFT,False,41,,,False,39.5,19.8,50.3,False,2019,1.0
VER,Red Bull Racing,52.0,126.439,3.0,676,9.0,MEDIUM,True,41,,,False,39.5,19.8,50.3,False,2019,4.0
VET,Ferrari,52.0,125.999,4.0,676,12.0,MEDIUM,True,41,,,False,39.5,19.8,50.3,False,2019,3.0
LEC,Ferrari,52.0,126.46,5.0,677,6.0,MEDIUM,True,41,,,False,39.5,19.8,50.3,False,2019,5.0
GAS,Red Bull Racing,52.0,125.614,6.0,677,9.0,SOFT,False,41,,,False,39.5,19.8,50.3,False,2019,6.0
GRO,Haas F1 Team,52.0,124.44,7.0,678,9.0,SOFT,False,41,,,False,39.5,19.8,50.3,False,2019,7.0
MAG,Haas F1 Team,52.0,123.317,8.0,678,10.0,SOFT,False,41,,,False,39.5,19.8,50.3,False,2019,8.0
KVY,Toro Rosso,52.0,122.541,9.0,679,7.0,MEDIUM,True,41,,,False,39.5,19.8,50.3,False,2019,9.0
SAI,McLaren,52.0,121.202,10.0,679,9.0,SOFT,False,41,,,False,39.5,19.8,50.3,False,2019,12.0
ALB,Toro Rosso,52.0,116.884,11.0,680,7.0,MEDIUM,True,41,,,False,39.5,19.8,50.3,False,2019,11.0
HUL,Renault,52.0,116.73,12.0,680,17.0,SOFT,True,41,,,False,39.5,19.8,50.3,False,2019,0.0
RIC,Renault,52.0,115.775,13.0,681,7.0,MEDIUM,True,41,,,False,39.5,19.8,50.3,False,2019,13.0
PER,Racing Point,52.0,113.763,14.0,681,10.0,SOFT,False,41,,,False,39.5,19.8,50.3,False,2019,15.0
RAI,Alfa Romeo Racing,52.0,111.56,15.0,682,7.0,SOFT,True,41,,,False,39.5,19.8,50.3,False,2019,14.0
GIO,Alfa Romeo Racing,52.0,105.188,16.0,682,11.0,SOFT,True,41,,,False,39.5,19.8,50.3,False,2019,18.0
RUS,Williams,52.0,86.639,17.0,683,8.0,MEDIUM,True,1,,,True,39.8,20.0,48.0,False,2019,19.0
KUB,Williams,52.0,86.298,18.0,684,8.0,MEDIUM,True,1,,,True,39.8,20.0,48.0,False,2019,17.0
HAM,Mercedes,53.0,79.85,1.0,684,10.0,SOFT,False,1,,,True,39.8,20.0,48.0,False,2019,2.0
BOT,Mercedes,53.0,81.217,2.0,684,11.0,SOFT,False,1,,,True,39.8,20.0,48.0,False,2019,1.0
VER,Red Bull Racing,53.0,81.534,3.0,685,10.0,MEDIUM,True,1,,,True,39.8,20.0,48.0,False,2019,4.0
VET,Ferrari,53.0,82.343,4.0,685,13.0,MEDIUM,True,1,,,True,39.8,20.0,48.0,False,2019,3.0
LEC,Ferrari,53.0,82.963,5.0,686,7.0,MEDIUM,True,1,,,True,39.8,20.0,48.0,False,2019,5.0
GAS,Red Bull Racing,53.0,83.998,6.0,686,10.0,SOFT,False,1,,,True,39.8,20.0,48.0,False,2019,6.0
MAG,Haas F1 Team,53.0,84.255,7.0,686,11.0,SOFT,False,1,,,True,39.8,20.0,48.0,False,2019,8.0
GRO,Haas F1 Team,53.0,85.103,8.0,687,10.0,SOFT,False,1,,,True,39.8,20.0,48.0,False,2019,7.0
SAI,McLaren,53.0,84.539,9.0,688,10.0,SOFT,False,1,,,True,39.8,20.0,48.0,False,2019,12.0
KVY,Toro Rosso,53.0,85.614,10.0,689,8.0,MEDIUM,True,1,,,True,39.8,20.0,48.0,False,2019,9.0
ALB,Toro Rosso,53.0,85.471,11.0,690,8.0,MEDIUM,True,1,,,True,39.8,20.0,48.0,False,2019,11.0
HUL,Renault,53.0,85.53,12.0,690,18.0,SOFT,True,1,,,True,39.8,20.0,48.0,False,2019,0.0
RIC,Renault,53.0,85.555,13.0,691,8.0,MEDIUM,True,1,,,True,39.8,20.0,48.0,False,2019,13.0
PER,Racing Point,53.0,85.742,14.0,691,11.0,SOFT,False,1,,,True,39.8,20.0,48.0,False,2019,15.0
RAI,Alfa Romeo Racing,53.0,84.711,15.0,692,8.0,SOFT,True,1,,,True,39.8,20.0,48.0,False,2019,14.0
GIO,Alfa Romeo Racing,53.0,84.248,16.0,692,12.0,SOFT,True,1,,,True,39.8,20.0,48.0,False,2019,18.0
RUS,Williams,53.0,84.445,17.0,693,9.0,MEDIUM,True,1,,,True,39.2,19.9,50.0,False,2019,19.0
KUB,Williams,53.0,84.864,18.0,694,9.0,MEDIUM,True,1,,,True,39.2,19.9,50.0,False,2019,17.0
HAM,Mercedes,54.0,78.492,1.0,694,11.0,SOFT,False,1,,,True,39.8,20.0,47.6,False,2019,2.0
BOT,Mercedes,54.0,81.362,2.0,694,12.0,SOFT,False,1,,,True,39.8,20.0,47.6,False,2019,1.0
VER,Red Bull Racing,54.0,81.126,3.0,695,11.0,MEDIUM,True,1,,,True,39.8,20.0,47.6,False,2019,4.0
VET,Ferrari,54.0,80.892,4.0,695,14.0,MEDIUM,True,1,,,True,39.8,20.0,47.6,False,2019,3.0
LEC,Ferrari,54.0,80.914,5.0,696,8.0,MEDIUM,True,1,,,True,39.8,20.0,47.6,False,2019,5.0
GAS,Red Bull Racing,54.0,81.28,6.0,696,11.0,SOFT,False,1,,,True,39.8,20.0,47.6,False,2019,6.0
MAG,Haas F1 Team,54.0,81.791,7.0,696,12.0,SOFT,False,1,,,True,39.8,20.0,47.6,False,2019,8.0
GRO,Haas F1 Team,54.0,82.031,8.0,697,11.0,SOFT,False,1,,,True,39.8,20.0,47.6,False,2019,7.0
SAI,McLaren,54.0,82.452,9.0,698,11.0,SOFT,False,1,,,True,39.8,20.0,47.6,False,2019,12.0
KVY,Toro Rosso,54.0,82.368,10.0,699,9.0,MEDIUM,True,1,,,True,39.8,20.0,47.6,False,2019,9.0
ALB,Toro Rosso,54.0,82.712,11.0,700,9.0,MEDIUM,True,1,,,True,39.8,20.0,47.6,False,2019,11.0
HUL,Renault,54.0,83.106,12.0,700,19.0,SOFT,True,1,,,True,39.8,20.0,47.6,False,2019,0.0
RIC,Renault,54.0,83.149,13.0,701,9.0,MEDIUM,True,1,,,True,39.8,20.0,47.6,False,2019,13.0
PER,Racing Point,54.0,83.806,14.0,701,12.0,SOFT,False,1,,,True,39.8,20.0,47.6,False,2019,15.0
RAI,Alfa Romeo Racing,54.0,84.006,15.0,702,9.0,SOFT,True,1,,,True,39.2,19.9,50.0,False,2019,14.0
GIO,Alfa Romeo Racing,54.0,84.16,16.0,702,13.0,SOFT,True,1,,,True,39.2,19.9,50.0,False,2019,18.0
RUS,Williams,54.0,84.009,17.0,703,10.0,MEDIUM,True,1,,,True,39.2,19.8,50.6,False,2019,19.0
KUB,Williams,54.0,84.117,18.0,704,10.0,MEDIUM,True,1,,,True,39.2,19.8,50.6,False,2019,17.0
HAM,Mercedes,55.0,80.909,1.0,704,12.0,SOFT,False,1,,,True,39.2,19.8,50.6,False,2019,2.0
BOT,Mercedes,55.0,78.737,2.0,704,13.0,SOFT,False,1,,,True,39.2,19.8,50.6,False,2019,1.0
VER,Red Bull Racing,55.0,80.202,3.0,705,12.0,MEDIUM,True,1,,,True,39.2,19.8,50.6,False,2019,4.0
VET,Ferrari,55.0,80.466,4.0,705,15.0,MEDIUM,True,1,,,True,39.2,19.8,50.6,False,2019,3.0
LEC,Ferrari,55.0,81.101,5.0,706,9.0,MEDIUM,True,1,,,True,39.2,19.8,50.6,False,2019,5.0
GAS,Red Bull Racing,55.0,81.195,6.0,706,12.0,SOFT,False,1,,,True,39.2,19.8,50.6,False,2019,6.0
MAG,Haas F1 Team,55.0,81.507,7.0,706,13.0,SOFT,False,1,,,True,39.2,19.8,50.6,False,2019,8.0
GRO,Haas F1 Team,55.0,81.287,8.0,707,12.0,SOFT,False,1,,,True,39.2,19.8,50.6,False,2019,7.0
SAI,McLaren,55.0,81.765,9.0,708,12.0,SOFT,False,1,,,True,39.2,19.8,50.6,False,2019,12.0
KVY,Toro Rosso,55.0,81.854,10.0,709,10.0,MEDIUM,True,1,,,True,39.2,19.8,50.6,False,2019,9.0
ALB,Toro Rosso,55.0,81.761,11.0,710,10.0,MEDIUM,True,1,,,True,39.2,19.8,50.6,False,2019,11.0
HUL,Renault,55.0,82.135,12.0,710,20.0,SOFT,True,1,,,True,39.2,19.8,50.6,False,2019,0.0
RIC,Renault,55.0,82.129,13.0,711,10.0,MEDIUM,True,1,,,True,39.2,19.8,50.6,False,2019,13.0
PER,Racing Point,55.0,82.738,14.0,711,13.0,SOFT,False,1,,,True,39.2,19.8,50.6,False,2019,15.0
RAI,Alfa Romeo Racing,55.0,82.817,15.0,712,10.0,SOFT,True,1,,,True,39.2,19.8,50.6,False,2019,14.0
GIO,Alfa Romeo Racing,55.0,82.99,16.0,712,14.0,SOFT,True,1,,,True,39.2,19.8,50.6,False,2019,18.0
RUS,Williams,55.0,83.645,17.0,713,11.0,MEDIUM,True,1,,,True,39.2,19.9,49.8,False,2019,19.0
KUB,Williams,55.0,83.933,18.0,714,11.0,MEDIUM,True,1,,,True,39.2,19.9,49.8,False,2019,17.0
HAM,Mercedes,56.0,79.98,1.0,714,13.0,SOFT,False,1,,,True,39.2,19.9,49.8,False,2019,2.0
BOT,Mercedes,56.0,80.027,2.0,714,14.0,SOFT,False,1,,,True,39.2,19.9,49.8,False,2019,1.0
VER,Red Bull Racing,56.0,80.07,3.0,715,13.0,MEDIUM,True,1,,,True,39.2,19.9,49.8,False,2019,4.0
VET,Ferrari,56.0,80.1,4.0,715,16.0,MEDIUM,True,1,,,True,39.2,19.9,49.8,False,2019,3.0
LEC,Ferrari,56.0,80.127,5.0,716,10.0,MEDIUM,True,1,,,True,39.2,19.9,49.8,False,2019,5.0
GAS,Red Bull Racing,56.0,80.587,6.0,716,13.0,SOFT,False,1,,,True,39.2,19.9,49.8,False,2019,6.0
MAG,Haas F1 Team,56.0,81.794,7.0,716,14.0,SOFT,False,1,,,True,39.2,19.9,49.8,False,2019,8.0
GRO,Haas F1 Team,56.0,81.798,8.0,717,13.0,SOFT,False,1,,,True,39.2,19.9,49.8,False,2019,7.0
SAI,McLaren,56.0,81.771,9.0,718,13.0,SOFT,False,1,,,True,39.2,19.9,49.8,False,2019,12.0
KVY,Toro Rosso,56.0,81.655,10.0,719,11.0,MEDIUM,True,1,,,True,39.2,19.9,49.8,False,2019,9.0
ALB,Toro Rosso,56.0,81.64,11.0,720,11.0,MEDIUM,True,1,,,True,39.2,19.9,49.8,False,2019,11.0
RIC,Renault,56.0,80.615,12.0,721,11.0,MEDIUM,True,1,,,True,39.2,19.9,49.8,False,2019,13.0
HUL,Renault,56.0,82.846,13.0,721,21.0,SOFT,True,1,,,True,39.2,19.9,49.8,False,2019,0.0
PER,Racing Point,56.0,82.231,14.0,722,14.0,SOFT,False,1,,,True,39.2,19.9,49.8,False,2019,15.0
RAI,Alfa Romeo Racing,56.0,82.121,15.0,723,11.0,SOFT,True,1,,,True,39.2,19.9,49.8,False,2019,14.0
GIO,Alfa Romeo Racing,56.0,82.272,16.0,723,15.0,SOFT,True,1,,,True,39.2,19.9,49.8,False,2019,18.0
RUS,Williams,56.0,83.7,17.0,724,12.0,MEDIUM,True,1,,,True,39.0,19.8,50.5,False,2019,19.0
KUB,Williams,56.0,84.012,18.0,725,12.0,MEDIUM,True,1,,,True,39.0,19.8,50.5,False,2019,17.0
HAM,Mercedes,57.0,79.858,1.0,725,14.0,SOFT,False,1,,,True,39.2,19.8,50.4,False,2019,2.0
BOT,Mercedes,57.0,79.708,2.0,725,15.0,SOFT,False,1,,,True,39.2,19.8,50.4,False,2019,1.0
VER,Red Bull Racing,57.0,79.769,3.0,726,14.0,MEDIUM,True,1,,,True,39.2,19.8,50.4,False,2019,4.0
VET,Ferrari,57.0,79.971,4.0,726,17.0,MEDIUM,True,1,,,True,39.2,19.8,50.4,False,2019,3.0
LEC,Ferrari,57.0,80.002,5.0,727,11.0,MEDIUM,True,1,,,True,39.2,19.8,50.4,False,2019,5.0
GAS,Red Bull Racing,57.0,80.536,6.0,727,14.0,SOFT,False,1,,,True,39.2,19.8,50.4,False,2019,6.0
MAG,Haas F1 Team,57.0,82.373,7.0,727,15.0,SOFT,False,1,,,True,39.2,19.8,50.4,False,2019,8.0
GRO,Haas F1 Team,57.0,82.708,8.0,728,14.0,SOFT,False,1,,,True,39.0,19.8,50.5,False,2019,7.0
SAI,McLaren,57.0,82.092,9.0,729,14.0,SOFT,False,1,,,True,39.0,19.8,50.5,False,2019,12.0
KVY,Toro Rosso,57.0,82.237,10.0,730,12.0,MEDIUM,True,1,,,True,39.0,19.8,50.5,False,2019,9.0
ALB,Toro Rosso,57.0,82.098,11.0,731,12.0,MEDIUM,True,1,,,True,39.0,19.8,50.5,False,2019,11.0
RIC,Renault,57.0,81.834,12.0,732,12.0,MEDIUM,True,1,,,True,39.0,19.8,50.5,False,2019,13.0
HUL,Renault,57.0,82.247,13.0,732,22.0,SOFT,True,1,,,True,39.0,19.8,50.5,False,2019,0.0
RAI,Alfa Romeo Racing,57.0,82.393,14.0,733,12.0,SOFT,True,1,,,True,39.0,19.8,50.5,False,2019,14.0
PER,Racing Point,57.0,84.37,15.0,733,15.0,SOFT,False,1,,,True,39.0,19.8,50.5,False,2019,15.0
GIO,Alfa Romeo Racing,57.0,83.522,16.0,733,16.0,SOFT,True,1,,,True,39.0,19.8,50.5,False,2019,18.0
RUS,Williams,57.0,84.139,17.0,734,13.0,MEDIUM,True,1,,,True,39.2,19.9,50.3,False,2019,19.0
KUB,Williams,57.0,84.131,18.0,735,13.0,MEDIUM,True,1,,,True,39.2,19.9,50.3,False,2019,17.0
HAM,Mercedes,58.0,80.295,1.0,735,15.0,SOFT,False,1,,,True,39.2,19.9,50.3,False,2019,2.0
BOT,Mercedes,58.0,79.966,2.0,735,16.0,SOFT,False,1,,,True,39.2,19.9,50.3,False,2019,1.0
VER,Red Bull Racing,58.0,80.316,3.0,736,15.0,MEDIUM,True,1,,,True,39.2,19.9,50.3,False,2019,4.0
VET,Ferrari,58.0,80.184,4.0,736,18.0,MEDIUM,True,1,,,True,39.2,19.9,50.3,False,2019,3.0
LEC,Ferrari,58.0,80.135,5.0,737,12.0,MEDIUM,True,1,,,True,39.2,19.9,50.3,False,2019,5.0
GAS,Red Bull Racing,58.0,80.665,6.0,737,15.0,SOFT,False,1,,,True,39.2,19.9,50.3,False,2019,6.0
MAG,Haas F1 Team,58.0,81.509,7.0,737,16.0,SOFT,False,1,,,True,39.2,19.9,50.3,False,2019,8.0
GRO,Haas F1 Team,58.0,83.024,8.0,738,15.0,SOFT,False,1,,,True,39.2,19.9,50.3,False,2019,7.0
SAI,McLaren,58.0,82.815,9.0,739,15.0,SOFT,False,1,,,True,39.2,19.9,50.3,False,2019,12.0
KVY,Toro Rosso,58.0,82.661,10.0,740,13.0,MEDIUM,True,1,,,True,39.2,19.9,50.3,False,2019,9.0
ALB,Toro Rosso,58.0,82.628,11.0,741,13.0,MEDIUM,True,1,,,True,39.2,19.9,50.3,False,2019,11.0
RIC,Renault,58.0,82.645,12.0,742,13.0,MEDIUM,True,1,,,True,39.2,19.9,50.3,False,2019,13.0
HUL,Renault,58.0,82.16,13.0,742,23.0,SOFT,True,1,,,True,39.2,19.9,50.3,False,2019,0.0
RAI,Alfa Romeo Racing,58.0,81.953,14.0,743,13.0,SOFT,True,1,,,True,39.2,19.9,50.3,False,2019,14.0
PER,Racing Point,58.0,82.228,15.0,743,16.0,SOFT,False,1,,,True,39.2,19.9,50.3,False,2019,15.0
GIO,Alfa Romeo Racing,58.0,82.404,16.0,743,17.0,SOFT,True,1,,,True,39.2,19.9,50.3,False,2019,18.0
RUS,Williams,58.0,83.277,17.0,744,14.0,MEDIUM,True,1,,,True,39.1,20.0,50.6,False,2019,19.0
KUB,Williams,58.0,83.92,18.0,745,14.0,MEDIUM,True,1,,,True,39.1,20.0,50.6,False,2019,17.0
HAM,Mercedes,59.0,79.681,1.0,745,16.0,SOFT,False,1,,,True,39.2,20.1,49.6,False,2019,2.0
BOT,Mercedes,59.0,79.978,2.0,745,17.0,SOFT,False,1,,,True,39.2,20.1,49.6,False,2019,1.0
VER,Red Bull Racing,59.0,80.128,3.0,746,16.0,MEDIUM,True,1,,,True,39.2,20.1,49.6,False,2019,4.0
VET,Ferrari,59.0,80.194,4.0,746,19.0,MEDIUM,True,1,,,True,39.2,20.1,49.6,False,2019,3.0
LEC,Ferrari,59.0,80.32,5.0,747,13.0,MEDIUM,True,1,,,True,39.2,20.1,49.6,False,2019,5.0
GAS,Red Bull Racing,59.0,80.621,6.0,747,16.0,SOFT,False,1,,,True,39.2,20.1,49.6,False,2019,6.0
MAG,Haas F1 Team,59.0,81.397,7.0,747,17.0,SOFT,False,1,,,True,39.2,20.1,49.6,False,2019,8.0
SAI,McLaren,59.0,80.859,8.0,748,16.0,SOFT,False,1,,,True,39.2,20.1,49.6,False,2019,12.0
GRO,Haas F1 Team,59.0,82.376,9.0,749,16.0,SOFT,False,1,,,True,39.2,20.1,49.6,False,2019,7.0
KVY,Toro Rosso,59.0,81.548,10.0,750,14.0,MEDIUM,True,1,,,True,39.2,20.1,49.6,False,2019,9.0
ALB,Toro Rosso,59.0,81.843,11.0,751,14.0,MEDIUM,True,1,,,True,39.2,20.1,49.6,False,2019,11.0
RIC,Renault,59.0,81.908,12.0,752,14.0,MEDIUM,True,1,,,True,39.2,20.1,49.6,False,2019,13.0
HUL,Renault,59.0,82.11,13.0,752,24.0,SOFT,True,1,,,True,39.2,20.1,49.6,False,2019,0.0
RAI,Alfa Romeo Racing,59.0,81.866,14.0,753,14.0,SOFT,True,1,,,True,39.2,20.1,49.6,False,2019,14.0
PER,Racing Point,59.0,82.111,15.0,753,17.0,SOFT,False,1,,,True,39.2,20.1,49.6,False,2019,15.0
GIO,Alfa Romeo Racing,59.0,82.177,16.0,753,18.0,SOFT,True,1,,,True,39.2,20.1,49.6,False,2019,18.0
RUS,Williams,59.0,83.257,17.0,754,15.0,MEDIUM,True,1,,,True,39.1,20.3,50.7,False,2019,19.0
KUB,Williams,59.0,83.562,18.0,755,15.0,MEDIUM,True,1,,,True,39.1,20.3,50.7,False,2019,17.0
HAM,Mercedes,60.0,79.774,1.0,755,17.0,SOFT,False,1,,,True,39.1,20.0,50.6,False,2019,2.0
BOT,Mercedes,60.0,79.91,2.0,755,18.0,SOFT,False,1,,,True,39.1,20.0,50.6,False,2019,1.0
VER,Red Bull Racing,60.0,80.045,3.0,756,17.0,MEDIUM,True,1,,,True,39.1,20.0,50.6,False,2019,4.0
VET,Ferrari,60.0,80.145,4.0,756,20.0,MEDIUM,True,1,,,True,39.1,20.0,50.6,False,2019,3.0
LEC,Ferrari,60.0,80.165,5.0,757,14.0,MEDIUM,True,1,,,True,39.1,20.0,50.6,False,2019,5.0
GAS,Red Bull Racing,60.0,80.843,6.0,757,17.0,SOFT,False,1,,,True,39.1,20.0,50.6,False,2019,6.0
MAG,Haas F1 Team,60.0,81.339,7.0,757,18.0,SOFT,False,1,,,True,39.1,20.3,50.7,False,2019,8.0
SAI,McLaren,60.0,81.438,8.0,758,17.0,SOFT,False,1,,,True,39.1,20.3,50.7,False,2019,12.0
GRO,Haas F1 Team,60.0,81.699,9.0,759,17.0,SOFT,False,1,,,True,39.1,20.3,50.7,False,2019,7.0
KVY,Toro Rosso,60.0,81.736,10.0,760,15.0,MEDIUM,True,1,,,True,39.1,20.3,50.7,False,2019,9.0
ALB,Toro Rosso,60.0,81.568,11.0,761,15.0,MEDIUM,True,1,,,True,39.1,20.3,50.7,False,2019,11.0
RIC,Renault,60.0,81.556,12.0,762,15.0,MEDIUM,True,1,,,True,39.1,20.3,50.7,False,2019,13.0
HUL,Renault,60.0,81.594,13.0,762,25.0,SOFT,True,1,,,True,39.1,20.3,50.7,False,2019,0.0
RAI,Alfa Romeo Racing,60.0,81.855,14.0,763,15.0,SOFT,True,1,,,True,39.1,20.3,50.7,False,2019,14.0
PER,Racing Point,60.0,81.993,15.0,763,18.0,SOFT,False,1,,,True,39.1,20.3,50.7,False,2019,15.0
GIO,Alfa Romeo Racing,60.0,82.449,16.0,763,19.0,SOFT,True,1,,,True,39.1,20.3,50.7,False,2019,18.0
RUS,Williams,60.0,83.152,17.0,764,16.0,MEDIUM,True,1,,,True,39.2,20.3,50.1,False,2019,19.0
KUB,Williams,60.0,83.77,18.0,765,16.0,MEDIUM,True,1,,,True,39.2,20.3,50.1,False,2019,17.0
HAM,Mercedes,61.0,79.885,1.0,765,18.0,SOFT,False,1,,,True,39.2,20.3,50.1,False,2019,2.0
BOT,Mercedes,61.0,79.864,2.0,765,19.0,SOFT,False,1,,,True,39.2,20.3,50.1,False,2019,1.0
VER,Red Bull Racing,61.0,80.033,3.0,766,18.0,MEDIUM,True,1,,,True,39.2,20.3,50.1,False,2019,4.0
VET,Ferrari,61.0,80.144,4.0,766,21.0,MEDIUM,True,1,,,True,39.2,20.3,50.1,False,2019,3.0
LEC,Ferrari,61.0,80.327,5.0,767,15.0,MEDIUM,True,1,,,True,39.2,20.3,50.1,False,2019,5.0
GAS,Red Bull Racing,61.0,80.649,6.0,767,18.0,SOFT,False,1,,,True,39.2,20.3,50.1,False,2019,6.0
MAG,Haas F1 Team,61.0,81.187,7.0,767,19.0,SOFT,False,1,,,True,39.2,20.3,50.1,False,2019,8.0
SAI,McLaren,61.0,81.254,8.0,768,18.0,SOFT,False,1,,,True,39.2,20.3,50.1,False,2019,12.0
KVY,Toro Rosso,61.0,81.249,9.0,769,16.0,MEDIUM,True,1,,,True,39.2,20.3,50.1,False,2019,9.0
GRO,Haas F1 Team,61.0,82.851,10.0,769,18.0,SOFT,False,1,,,True,39.2,20.3,50.1,False,2019,7.0
ALB,Toro Rosso,61.0,82.003,11.0,770,16.0,MEDIUM,True,1,,,True,39.2,20.3,50.1,False,2019,11.0
RIC,Renault,61.0,81.995,12.0,771,16.0,MEDIUM,True,1,,,True,39.2,20.3,50.1,False,2019,13.0
HUL,Renault,61.0,81.885,13.0,771,26.0,SOFT,True,1,,,True,39.2,20.3,50.1,False,2019,0.0
RAI,Alfa Romeo Racing,61.0,81.851,14.0,772,16.0,SOFT,True,1,,,True,39.2,20.3,50.1,False,2019,14.0
PER,Racing Point,61.0,82.032,15.0,772,19.0,SOFT,False,1,,,True,39.2,20.3,50.1,False,2019,15.0
GIO,Alfa Romeo Racing,61.0,82.139,16.0,772,20.0,SOFT,True,1,,,True,39.2,20.3,50.1,False,2019,18.0
RUS,Williams,61.0,83.03,17.0,773,17.0,MEDIUM,True,1,,,True,39.0,20.0,52.3,False,2019,19.0
KUB,Williams,61.0,83.564,18.0,774,17.0,MEDIUM,True,1,,,True,39.0,20.0,52.3,False,2019,17.0
HAM,Mercedes,62.0,79.847,1.0,774,19.0,SOFT,False,1,,,True,39.2,20.1,51.3,False,2019,2.0
BOT,Mercedes,62.0,79.903,2.0,774,20.0,SOFT,False,1,,,True,39.2,20.1,51.3,False,2019,1.0
VER,Red Bull Racing,62.0,79.988,3.0,775,19.0,MEDIUM,True,1,,,True,39.2,20.1,51.3,False,2019,4.0
VET,Ferrari,62.0,80.07,4.0,775,22.0,MEDIUM,True,1,,,True,39.2,20.1,51.3,False,2019,3.0
LEC,Ferrari,62.0,80.467,5.0,776,16.0,MEDIUM,True,1,,,True,39.2,20.1,51.3,False,2019,5.0
GAS,Red Bull Racing,62.0,80.756,6.0,776,19.0,SOFT,False,1,,,True,39.2,20.1,51.3,False,2019,6.0
MAG,Haas F1 Team,62.0,81.356,7.0,776,20.0,SOFT,False,1,,,True,39.2,20.1,51.3,False,2019,8.0
SAI,McLaren,62.0,81.356,8.0,777,19.0,SOFT,False,1,,,True,39.2,20.1,51.3,False,2019,12.0
KVY,Toro Rosso,62.0,81.322,9.0,778,17.0,MEDIUM,True,1,,,True,39.2,20.1,51.3,False,2019,9.0
GRO,Haas F1 Team,62.0,81.48,10.0,778,19.0,SOFT,False,1,,,True,39.2,20.1,51.3,False,2019,7.0
ALB,Toro Rosso,62.0,81.803,11.0,779,17.0,MEDIUM,True,1,,,True,39.2,20.1,51.3,False,2019,11.0
RIC,Renault,62.0,81.848,12.0,780,17.0,MEDIUM,True,1,,,True,39.2,20.1,51.3,False,2019,13.0
HUL,Renault,62.0,81.7,13.0,780,27.0,SOFT,True,1,,,True,39.2,20.1,51.3,False,2019,0.0
RAI,Alfa Romeo Racing,62.0,81.601,14.0,781,17.0,SOFT,True,1,,,True,39.2,20.1,51.3,False,2019,14.0
PER,Racing Point,62.0,82.056,15.0,781,20.0,SOFT,False,1,,,True,39.2,20.1,51.3,False,2019,15.0
GIO,Alfa Romeo Racing,62.0,82.173,16.0,781,21.0,SOFT,True,1,,,True,39.0,20.0,52.3,False,2019,18.0
RUS,Williams,62.0,83.096,17.0,782,18.0,MEDIUM,True,1,,,True,39.1,20.2,51.4,False,2019,19.0
KUB,Williams,62.0,83.772,18.0,783,18.0,MEDIUM,True,1,,,True,39.1,20.2,51.4,False,2019,17.0
HAM,Mercedes,63.0,79.928,1.0,783,20.0,SOFT,False,1,,,True,39.0,20.0,52.3,False,2019,2.0
BOT,Mercedes,63.0,80.151,2.0,783,21.0,SOFT,False,1,,,True,39.0,20.0,52.3,False,2019,1.0
VER,Red Bull Racing,63.0,80.287,3.0,784,20.0,MEDIUM,True,1,,,True,39.0,20.0,52.3,False,2019,4.0
VET,Ferrari,63.0,80.472,4.0,784,23.0,MEDIUM,True,1,,,True,39.0,20.0,52.3,False,2019,3.0
LEC,Ferrari,63.0,80.317,5.0,785,17.0,MEDIUM,True,1,,,True,39.0,20.0,52.3,False,2019,5.0
GAS,Red Bull Racing,63.0,80.853,6.0,785,20.0,SOFT,False,1,,,True,39.0,20.0,52.3,False,2019,6.0
MAG,Haas F1 Team,63.0,81.069,7.0,785,21.0,SOFT,False,1,,,True,39.1,20.2,51.4,False,2019,8.0
SAI,McLaren,63.0,81.384,8.0,786,20.0,SOFT,False,1,,,True,39.1,20.2,51.4,False,2019,12.0
KVY,Toro Rosso,63.0,81.158,9.0,787,18.0,MEDIUM,True,1,,,True,39.1,20.2,51.4,False,2019,9.0
GRO,Haas F1 Team,63.0,81.501,10.0,787,20.0,SOFT,False,1,,,True,39.1,20.2,51.4,False,2019,7.0
ALB,Toro Rosso,63.0,81.233,11.0,788,18.0,MEDIUM,True,1,,,True,39.1,20.2,51.4,False,2019,11.0
RIC,Renault,63.0,81.51,12.0,789,18.0,MEDIUM,True,1,,,True,39.1,20.2,51.4,False,2019,13.0
HUL,Renault,63.0,81.93,13.0,789,28.0,SOFT,True,1,,,True,39.1,20.2,51.4,False,2019,0.0
RAI,Alfa Romeo Racing,63.0,81.99,14.0,790,18.0,SOFT,True,1,,,True,39.1,20.2,51.4,False,2019,14.0
PER,Racing Point,63.0,81.975,15.0,790,21.0,SOFT,False,1,,,True,39.1,20.2,51.4,False,2019,15.0
GIO,Alfa Romeo Racing,63.0,82.069,16.0,790,22.0,SOFT,True,1,,,True,39.1,20.2,51.4,False,2019,18.0
RUS,Williams,63.0,82.801,17.0,791,19.0,MEDIUM,True,1,,,True,39.1,20.4,50.8,False,2019,19.0
KUB,Williams,63.0,83.714,18.0,792,19.0,MEDIUM,True,1,,,True,39.0,20.4,50.6,False,2019,17.0
HAM,Mercedes,64.0,79.771,1.0,792,21.0,SOFT,False,1,,,True,39.1,20.4,50.8,False,2019,2.0
BOT,Mercedes,64.0,79.912,2.0,792,22.0,SOFT,False,1,,,True,39.1,20.4,50.8,False,2019,1.0
VER,Red Bull Racing,64.0,79.993,3.0,793,21.0,MEDIUM,True,1,,,True,39.1,20.4,50.8,False,2019,4.0
VET,Ferrari,64.0,79.82,4.0,793,24.0,MEDIUM,True,1,,,True,39.1,20.4,50.8,False,2019,3.0
LEC,Ferrari,64.0,80.433,5.0,794,18.0,MEDIUM,True,1,,,True,39.1,20.4,50.8,False,2019,5.0
GAS,Red Bull Racing,64.0,80.754,6.0,794,21.0,SOFT,False,1,,,True,39.1,20.4,50.8,False,2019,6.0
MAG,Haas F1 Team,64.0,81.017,7.0,794,22.0,SOFT,False,1,,,True,39.1,20.4,50.8,False,2019,8.0
SAI,McLaren,64.0,81.173,8.0,795,21.0,SOFT,False,1,,,True,39.1,20.4,50.8,False,2019,12.0
KVY,Toro Rosso,64.0,80.726,9.0,796,19.0,MEDIUM,True,1,,,True,39.1,20.4,50.8,False,2019,9.0
GRO,Haas F1 Team,64.0,81.057,10.0,796,21.0,SOFT,False,1,,,True,39.1,20.4,50.8,False,2019,7.0
ALB,Toro Rosso,64.0,81.3,11.0,797,19.0,MEDIUM,True,1,,,True,39.1,20.4,50.8,False,2019,11.0
RIC,Renault,64.0,81.392,12.0,798,19.0,MEDIUM,True,1,,,True,39.1,20.4,50.8,False,2019,13.0
HUL,Renault,64.0,81.629,13.0,798,29.0,SOFT,True,1,,,True,39.1,20.4,50.8,False,2019,0.0
RAI,Alfa Romeo Racing,64.0,81.667,14.0,799,19.0,SOFT,True,1,,,True,39.1,20.4,50.8,False,2019,14.0
PER,Racing Point,64.0,82.707,15.0,799,22.0,SOFT,False,1,,,True,39.1,20.4,50.8,False,2019,15.0
GIO,Alfa Romeo Racing,64.0,81.833,16.0,799,23.0,SOFT,True,1,,,True,39.1,20.4,50.8,False,2019,18.0
RUS,Williams,64.0,82.382,17.0,800,20.0,MEDIUM,True,1,,,True,38.9,20.1,51.0,False,2019,19.0
KUB,Williams,64.0,83.372,18.0,801,20.0,MEDIUM,True,1,,,True,38.9,20.1,51.0,False,2019,17.0
HAM,Mercedes,65.0,79.619,1.0,801,22.0,SOFT,False,1,,,True,39.0,20.4,50.6,False,2019,2.0
BOT,Mercedes,65.0,80.098,2.0,801,23.0,SOFT,False,1,,,True,39.0,20.4,50.6,False,2019,1.0
VER,Red Bull Racing,65.0,80.195,3.0,802,22.0,MEDIUM,True,1,,,True,39.0,20.4,50.6,False,2019,4.0
VET,Ferrari,65.0,80.196,4.0,802,25.0,MEDIUM,True,1,,,True,39.0,20.4,50.6,False,2019,3.0
LEC,Ferrari,65.0,80.459,5.0,803,19.0,MEDIUM,True,1,,,True,39.0,20.4,50.6,False,2019,5.0
GAS,Red Bull Racing,65.0,80.752,6.0,803,22.0,SOFT,False,1,,,True,39.0,20.4,50.6,False,2019,6.0
MAG,Haas F1 Team,65.0,81.011,7.0,803,23.0,SOFT,False,1,,,True,39.0,20.4,50.6,False,2019,8.0
SAI,McLaren,65.0,81.337,8.0,804,22.0,SOFT,False,1,,,True,39.0,20.4,50.6,False,2019,12.0
KVY,Toro Rosso,65.0,81.091,9.0,805,20.0,MEDIUM,True,1,,,True,39.0,20.4,50.6,False,2019,9.0
GRO,Haas F1 Team,65.0,81.069,10.0,805,22.0,SOFT,False,1,,,True,39.0,20.4,50.6,False,2019,7.0
ALB,Toro Rosso,65.0,81.028,11.0,806,20.0,MEDIUM,True,1,,,True,39.0,20.4,50.6,False,2019,11.0
RIC,Renault,65.0,80.924,12.0,807,20.0,MEDIUM,True,1,,,True,39.0,20.4,50.6,False,2019,13.0
HUL,Renault,65.0,81.282,13.0,807,30.0,SOFT,True,1,,,True,39.0,20.4,50.6,False,2019,0.0
RAI,Alfa Romeo Racing,65.0,81.571,14.0,808,20.0,SOFT,True,1,,,True,38.9,20.1,51.0,False,2019,14.0
PER,Racing Point,65.0,81.859,15.0,808,23.0,SOFT,False,1,,,True,38.9,20.1,51.0,False,2019,15.0
GIO,Alfa Romeo Racing,65.0,82.019,16.0,808,24.0,SOFT,True,1,,,True,38.9,20.1,51.0,False,2019,18.0
RUS,Williams,65.0,82.69,17.0,809,21.0,MEDIUM,True,1,,,True,38.8,20.0,50.0,False,2019,19.0
KUB,Williams,65.0,83.202,18.0,810,21.0,MEDIUM,True,1,,,True,38.8,20.0,50.0,False,2019,17.0
HAM,Mercedes,66.0,80.109,1.0,810,23.0,SOFT,False,1,,,True,38.9,20.1,51.0,False,2019,2.0
BOT,Mercedes,66.0,80.546,2.0,810,24.0,SOFT,False,1,,,True,38.9,20.1,51.0,False,2019,1.0
VER,Red Bull Racing,66.0,80.449,3.0,811,23.0,MEDIUM,True,1,,,True,38.9,20.1,51.0,False,2019,4.0
VET,Ferrari,66.0,80.091,4.0,811,26.0,MEDIUM,True,1,,,True,38.9,20.1,51.0,False,2019,3.0
LEC,Ferrari,66.0,80.514,5.0,812,20.0,MEDIUM,True,1,,,True,38.9,20.1,51.0,False,2019,5.0
GAS,Red Bull Racing,66.0,80.83,6.0,812,23.0,SOFT,False,1,,,True,38.8,20.0,50.0,False,2019,6.0
MAG,Haas F1 Team,66.0,80.77,7.0,812,24.0,SOFT,False,1,,,True,38.8,20.0,50.0,False,2019,8.0
SAI,McLaren,66.0,81.373,8.0,813,23.0,SOFT,False,1,,,True,38.8,20.0,50.0,False,2019,12.0
KVY,Toro Rosso,66.0,81.254,9.0,814,21.0,MEDIUM,True,1,,,True,38.8,20.0,50.0,False,2019,9.0
GRO,Haas F1 Team,66.0,81.07,10.0,814,23.0,SOFT,False,1,,,True,38.8,20.0,50.0,False,2019,7.0
ALB,Toro Rosso,66.0,81.032,11.0,815,21.0,MEDIUM,True,1,,,True,38.8,20.0,50.0,False,2019,11.0
RIC,Renault,66.0,81.472,12.0,816,21.0,MEDIUM,True,1,,,True,38.8,20.0,50.0,False,2019,13.0
HUL,Renault,66.0,81.338,13.0,816,31.0,SOFT,True,1,,,True,38.8,20.0,50.0,False,2019,0.0
RAI,Alfa Romeo Racing,66.0,81.382,14.0,817,21.0,SOFT,True,1,,,True,38.8,20.0,50.0,False,2019,14.0
PER,Racing Point,66.0,82.412,15.0,817,24.0,SOFT,False,1,,,True,38.8,20.0,50.0,False,2019,15.0
GIO,Alfa Romeo Racing,66.0,82.259,16.0,817,25.0,SOFT,True,1,,,True,38.8,20.0,50.0,False,2019,18.0
HAM,Mercedes,1.0,85.855,1.0,1,4.0,SOFT,False,1,,,False,50.1,30.2,54.7,False,2020,1.0
VER,Red Bull Racing,1.0,87.347,2.0,2,4.0,SOFT,False,1,,,False,50.1,30.2,54.7,False,2020,3.0
STR,Racing Point,1.0,88.83,3.0,3,4.0,SOFT,False,1,,,False,50.1,30.2,54.7,False,2020,5.0
BOT,Mercedes,1.0,89.434,4.0,4,4.0,SOFT,False,1,,,False,50.1,30.2,54.7,False,2020,2.0
PER,Racing Point,1.0,90.347,5.0,5,4.0,SOFT,False,1,,,False,50.1,30.2,54.7,False,2020,4.0
ALB,Red Bull Racing,1.0,91.211,6.0,6,4.0,SOFT,False,1,,,False,50.1,30.2,54.7,False,2020,6.0
SAI,McLaren,1.0,92.118,7.0,7,4.0,SOFT,False,1,,,False,50.1,30.2,54.7,False,2020,7.0
GAS,AlphaTauri,1.0,92.988,8.0,8,4.0,SOFT,False,1,,,False,50.1,30.2,54.7,False,2020,10.0
LEC,Ferrari,1.0,93.402,9.0,9,4.0,SOFT,False,1,,,False,50.1,30.2,54.7,False,2020,9.0
NOR,McLaren,1.0,94.173,10.0,10,4.0,SOFT,False,1,,,False,50.1,30.2,54.7,False,2020,8.0
VET,Ferrari,1.0,94.707,11.0,11,1.0,MEDIUM,True,1,,,False,50.1,30.2,54.5,False,2020,11.0
RIC,Renault,1.0,95.089,12.0,12,1.0,MEDIUM,True,1,,,False,50.1,30.2,54.5,False,2020,13.0
KVY,AlphaTauri,1.0,95.427,13.0,13,1.0,SOFT,True,1,,,False,50.1,30.2,54.5,False,2020,12.0
MAG,Haas F1 Team,1.0,96.577,14.0,13,4.0,SOFT,False,1,,,False,50.1,30.2,54.5,False,2020,16.0
RAI,Alfa Romeo Racing,1.0,97.063,15.0,14,1.0,MEDIUM,True,1,,,False,50.1,30.2,54.5,False,2020,14.0
OCO,Renault,1.0,97.691,16.0,15,1.0,MEDIUM,True,1,,,False,50.1,30.2,54.5,False,2020,15.0
GRO,Haas F1 Team,1.0,98.499,17.0,15,2.0,MEDIUM,False,1,,,False,50.1,30.2,54.5,False,2020,17.0
RUS,Williams,1.0,98.758,18.0,16,1.0,SOFT,True,1,,,False,50.1,30.2,54.5,False,2020,18.0
GIO,Alfa Romeo Racing,1.0,99.048,19.0,17,1.0,MEDIUM,True,1,,,False,50.1,30.2,54.5,False,2020,20.0
LAT,Williams,1.0,99.559,20.0,18,1.0,MEDIUM,True,1,,,False,50.1,30.2,54.5,False,2020,19.0
HAM,Mercedes,2.0,84.63,1.0,18,5.0,SOFT,False,1,,,True,48.6,30.2,54.2,False,2020,1.0
VER,Red Bull Racing,2.0,84.754,2.0,19,5.0,SOFT,False,1,,,True,48.6,30.2,54.2,False,2020,3.0
STR,Racing Point,2.0,85.189,3.0,20,5.0,SOFT,False,1,,,True,48.6,30.2,54.2,False,2020,5.0
BOT,Mercedes,2.0,85.062,4.0,21,5.0,SOFT,False,1,,,True,48.6,30.2,54.2,False,2020,2.0
PER,Racing Point,2.0,85.147,5.0,22,5.0,SOFT,False,1,,,True,48.6,30.2,54.2,False,2020,4.0
ALB,Red Bull Racing,2.0,85.396,6.0,23,5.0,SOFT,False,1,,,True,48.6,30.2,54.2,False,2020,6.0
SAI,McLaren,2.0,85.935,7.0,24,5.0,SOFT,False,1,,,True,48.6,30.2,54.2,False,2020,7.0
GAS,AlphaTauri,2.0,86.105,8.0,25,5.0,SOFT,False,1,,,True,48.6,30.2,54.2,False,2020,10.0
LEC,Ferrari,2.0,86.359,9.0,26,5.0,SOFT,False,1,,,True,48.6,30.2,54.2,False,2020,9.0
NOR,McLaren,2.0,86.682,10.0,27,5.0,SOFT,False,1,,,True,48.6,30.2,54.2,False,2020,8.0
VET,Ferrari,2.0,86.962,11.0,28,2.0,MEDIUM,True,1,,,True,48.6,30.2,54.2,False,2020,11.0
KVY,AlphaTauri,2.0,87.108,12.0,29,2.0,SOFT,True,1,,,True,48.6,30.2,54.2,False,2020,12.0
RIC,Renault,2.0,88.222,13.0,30,2.0,MEDIUM,True,1,,,True,48.6,30.2,54.2,False,2020,13.0
MAG,Haas F1 Team,2.0,87.659,14.0,30,5.0,SOFT,False,1,,,True,48.6,30.2,54.2,False,2020,16.0
RAI,Alfa Romeo Racing,2.0,87.754,15.0,31,2.0,MEDIUM,True,1,,,True,48.6,30.2,54.2,False,2020,14.0
OCO,Renault,2.0,87.756,16.0,32,2.0,MEDIUM,True,1,,,True,48.6,30.2,54.2,False,2020,15.0
GRO,Haas F1 Team,2.0,87.73,17.0,32,3.0,MEDIUM,False,1,,,True,48.6,30.2,54.2,False,2020,17.0
RUS,Williams,2.0,88.166,18.0,33,2.0,SOFT,True,1,,,True,48.6,30.2,54.2,False,2020,18.0
GIO,Alfa Romeo Racing,2.0,88.572,19.0,34,2.0,MEDIUM,True,1,,,True,48.6,30.2,54.2,False,2020,20.0
LAT,Williams,2.0,89.197,20.0,35,2.0,MEDIUM,True,1,,,True,48.6,30.2,54.2,False,2020,19.0
HAM,Mercedes,3.0,85.037,1.0,35,6.0,SOFT,False,1,,,True,48.3,30.1,54.8,False,2020,1.0
VER,Red Bull Racing,3.0,84.835,2.0,36,6.0,SOFT,False,1,,,True,48.3,30.1,54.8,False,2020,3.0
STR,Racing Point,3.0,84.823,3.0,37,6.0,SOFT,False,1,,,True,48.3,30.1,54.8,False,2020,5.0
BOT,Mercedes,3.0,84.948,4.0,38,6.0,SOFT,False,1,,,True,48.3,30.1,54.8,False,2020,2.0
PER,Racing Point,3.0,85.131,5.0,39,6.0,SOFT,False,1,,,True,48.3,30.1,54.8,False,2020,4.0
ALB,Red Bull Racing,3.0,85.241,6.0,40,6.0,SOFT,False,1,,,True,48.3,30.1,54.8,False,2020,6.0
SAI,McLaren,3.0,85.719,7.0,41,6.0,SOFT,False,1,,,True,48.3,30.1,54.8,False,2020,7.0
GAS,AlphaTauri,3.0,85.558,8.0,42,6.0,SOFT,False,1,,,True,48.3,30.1,54.8,False,2020,10.0
LEC,Ferrari,3.0,85.64,9.0,43,6.0,SOFT,False,1,,,True,48.3,30.1,54.8,False,2020,9.0
NOR,McLaren,3.0,86.038,10.0,44,6.0,SOFT,False,1,,,True,48.3,30.1,54.8,False,2020,8.0
VET,Ferrari,3.0,85.96,11.0,45,3.0,MEDIUM,True,1,,,True,48.3,30.1,54.8,False,2020,11.0
KVY,AlphaTauri,3.0,85.954,12.0,46,3.0,SOFT,True,1,,,True,48.3,30.1,54.8,False,2020,12.0
RIC,Renault,3.0,86.157,13.0,47,3.0,MEDIUM,True,1,,,True,48.3,30.1,54.8,False,2020,13.0
MAG,Haas F1 Team,3.0,86.534,14.0,47,6.0,SOFT,False,1,,,True,48.3,30.1,54.8,False,2020,16.0
RAI,Alfa Romeo Racing,3.0,86.782,15.0,48,3.0,MEDIUM,True,1,,,True,48.3,30.1,54.8,False,2020,14.0
OCO,Renault,3.0,87.062,16.0,49,3.0,MEDIUM,True,1,,,True,48.3,30.1,54.8,False,2020,15.0
GRO,Haas F1 Team,3.0,87.276,17.0,49,4.0,MEDIUM,False,1,,,True,48.3,30.1,54.8,False,2020,17.0
RUS,Williams,3.0,87.264,18.0,50,3.0,SOFT,True,1,,,True,48.3,30.1,54.8,False,2020,18.0
GIO,Alfa Romeo Racing,3.0,87.417,19.0,51,3.0,MEDIUM,True,1,,,True,48.3,30.1,54.9,False,2020,20.0
LAT,Williams,3.0,87.177,20.0,52,3.0,MEDIUM,True,1,,,True,48.3,30.1,54.9,False,2020,19.0
HAM,Mercedes,4.0,84.679,1.0,52,7.0,SOFT,False,1,,,True,48.3,29.9,55.6,False,2020,1.0
VER,Red Bull Racing,4.0,84.596,2.0,53,7.0,SOFT,False,1,,,True,48.3,29.9,55.6,False,2020,3.0
STR,Racing Point,4.0,85.41,3.0,54,7.0,SOFT,False,1,,,True,48.3,29.9,55.6,False,2020,5.0
BOT,Mercedes,4.0,85.258,4.0,55,7.0,SOFT,False,1,,,True,48.3,29.9,55.6,False,2020,2.0
PER,Racing Point,4.0,85.283,5.0,56,7.0,SOFT,False,1,,,True,48.3,29.9,55.6,False,2020,4.0
ALB,Red Bull Racing,4.0,85.23,6.0,57,7.0,SOFT,False,1,,,True,48.3,29.9,55.6,False,2020,6.0
SAI,McLaren,4.0,85.309,7.0,58,7.0,SOFT,False,1,,,True,48.3,29.9,55.6,False,2020,7.0
GAS,AlphaTauri,4.0,85.436,8.0,59,7.0,SOFT,False,1,,,True,48.3,29.9,55.6,False,2020,10.0
LEC,Ferrari,4.0,85.322,9.0,60,7.0,SOFT,False,1,,,True,48.3,29.9,55.6,False,2020,9.0
NOR,McLaren,4.0,85.593,10.0,61,7.0,SOFT,False,1,,,True,48.3,29.9,55.6,False,2020,8.0
VET,Ferrari,4.0,85.915,11.0,62,4.0,MEDIUM,True,1,,,True,48.3,29.9,55.6,False,2020,11.0
KVY,AlphaTauri,4.0,85.718,12.0,63,4.0,SOFT,True,1,,,True,48.3,29.9,55.6,False,2020,12.0
RIC,Renault,4.0,85.905,13.0,64,4.0,MEDIUM,True,1,,,True,48.3,29.9,55.6,False,2020,13.0
MAG,Haas F1 Team,4.0,85.872,14.0,64,7.0,SOFT,False,1,,,True,48.3,29.9,55.6,False,2020,16.0
RAI,Alfa Romeo Racing,4.0,85.754,15.0,65,4.0,MEDIUM,True,1,,,True,48.3,29.9,55.6,False,2020,14.0
OCO,Renault,4.0,86.003,16.0,66,4.0,MEDIUM,True,1,,,True,48.3,29.9,55.6,False,2020,15.0
GRO,Haas F1 Team,4.0,86.333,17.0,66,5.0,MEDIUM,False,1,,,True,48.3,29.9,55.6,False,2020,17.0
RUS,Williams,4.0,86.168,18.0,67,4.0,SOFT,True,1,,,True,48.3,29.9,55.6,False,2020,18.0
GIO,Alfa Romeo Racing,4.0,86.551,19.0,68,4.0,MEDIUM,True,1,,,True,48.3,29.9,55.6,False,2020,20.0
LAT,Williams,4.0,87.476,20.0,69,4.0,MEDIUM,True,1,,,True,48.3,29.9,55.6,False,2020,19.0
HAM,Mercedes,5.0,84.37,1.0,69,8.0,SOFT,False,1,,,True,47.8,29.6,56.6,False,2020,1.0
VER,Red Bull Racing,5.0,84.621,2.0,70,8.0,SOFT,False,1,,,True,47.8,29.6,56.6,False,2020,3.0
BOT,Mercedes,5.0,83.796,3.0,71,8.0,SOFT,False,1,,,True,47.8,29.6,56.6,False,2020,2.0
STR,Racing Point,5.0,86.029,4.0,72,8.0,SOFT,False,1,,,True,47.8,29.6,56.6,False,2020,5.0
PER,Racing Point,5.0,85.103,5.0,73,8.0,SOFT,False,1,,,True,47.8,29.6,56.6,False,2020,4.0
ALB,Red Bull Racing,5.0,85.347,6.0,74,8.0,SOFT,False,1,,,True,47.8,29.6,56.6,False,2020,6.0
SAI,McLaren,5.0,85.497,7.0,75,8.0,SOFT,False,1,,,True,47.8,29.6,56.6,False,2020,7.0
GAS,AlphaTauri,5.0,85.661,8.0,76,8.0,SOFT,False,1,,,True,47.8,29.6,56.6,False,2020,10.0
LEC,Ferrari,5.0,85.967,9.0,77,8.0,SOFT,False,1,,,True,47.8,29.6,56.6,False,2020,9.0
NOR,McLaren,5.0,85.967,10.0,78,8.0,SOFT,False,1,,,True,47.8,29.6,56.6,False,2020,8.0
VET,Ferrari,5.0,86.459,11.0,79,5.0,MEDIUM,True,1,,,True,47.8,29.6,56.6,False,2020,11.0
KVY,AlphaTauri,5.0,86.721,12.0,80,5.0,SOFT,True,1,,,True,47.8,29.6,56.6,False,2020,12.0
RIC,Renault,5.0,86.598,13.0,81,5.0,MEDIUM,True,1,,,True,47.8,29.6,56.6,False,2020,13.0
MAG,Haas F1 Team,5.0,86.146,14.0,81,8.0,SOFT,False,1,,,True,47.8,29.6,56.6,False,2020,16.0
RAI,Alfa Romeo Racing,5.0,86.228,15.0,82,5.0,MEDIUM,True,1,,,True,47.8,29.6,56.6,False,2020,14.0
OCO,Renault,5.0,86.246,16.0,83,5.0,MEDIUM,True,1,,,True,47.8,29.6,56.6,False,2020,15.0
RUS,Williams,5.0,85.663,17.0,84,5.0,SOFT,True,1,,,True,47.8,29.6,56.6,False,2020,18.0
GRO,Haas F1 Team,5.0,87.526,18.0,84,6.0,MEDIUM,False,1,,,True,47.8,29.6,56.6,False,2020,17.0
GIO,Alfa Romeo Racing,5.0,86.812,19.0,85,5.0,MEDIUM,True,1,,,True,47.8,29.6,56.6,False,2020,20.0
LAT,Williams,5.0,87.348,20.0,86,5.0,MEDIUM,True,1,,,True,47.8,29.6,56.6,False,2020,19.0
HAM,Mercedes,6.0,84.247,1.0,86,9.0,SOFT,False,1,,,True,48.3,29.7,56.4,False,2020,1.0
VER,Red Bull Racing,6.0,84.325,2.0,87,9.0,SOFT,False,1,,,True,48.3,29.7,56.4,False,2020,3.0
BOT,Mercedes,6.0,84.187,3.0,88,9.0,SOFT,False,1,,,True,48.3,29.7,56.4,False,2020,2.0
STR,Racing Point,6.0,84.85,4.0,89,9.0,SOFT,False,1,,,True,48.6,29.9,55.5,False,2020,5.0
PER,Racing Point,6.0,85.522,5.0,90,9.0,SOFT,False,1,,,True,48.6,29.9,55.5,False,2020,4.0
ALB,Red Bull Racing,6.0,85.181,6.0,91,9.0,SOFT,False,1,,,True,48.6,29.9,55.5,False,2020,6.0
SAI,McLaren,6.0,85.4,7.0,92,9.0,SOFT,False,1,,,True,48.6,29.9,55.5,False,2020,7.0
GAS,AlphaTauri,6.0,85.235,8.0,93,9.0,SOFT,False,1,,,True,48.6,29.9,55.5,False,2020,10.0
LEC,Ferrari,6.0,85.211,9.0,94,9.0,SOFT,False,1,,,True,48.6,29.9,55.5,False,2020,9.0
NOR,McLaren,6.0,86.065,10.0,95,9.0,SOFT,False,1,,,True,48.6,29.9,55.5,False,2020,8.0
VET,Ferrari,6.0,85.719,11.0,96,6.0,MEDIUM,True,1,,,True,48.6,29.9,55.5,False,2020,11.0
KVY,AlphaTauri,6.0,85.668,12.0,97,6.0,SOFT,True,1,,,True,48.6,29.9,55.5,False,2020,12.0
RIC,Renault,6.0,85.747,13.0,98,6.0,MEDIUM,True,1,,,True,48.6,29.9,55.5,False,2020,13.0
MAG,Haas F1 Team,6.0,86.01,14.0,98,9.0,SOFT,False,1,,,True,48.6,29.9,55.5,False,2020,16.0
RAI,Alfa Romeo Racing,6.0,86.104,15.0,99,6.0,MEDIUM,True,1,,,True,48.6,29.9,55.5,False,2020,14.0
OCO,Renault,6.0,86.062,16.0,100,6.0,MEDIUM,True,1,,,True,48.6,29.9,55.5,False,2020,15.0
RUS,Williams,6.0,86.025,17.0,101,6.0,SOFT,True,1,,,True,48.6,29.9,55.5,False,2020,18.0
GRO,Haas F1 Team,6.0,86.346,18.0,101,7.0,MEDIUM,False,1,,,True,48.6,29.9,55.5,False,2020,17.0
GIO,Alfa Romeo Racing,6.0,86.529,19.0,102,6.0,MEDIUM,True,1,,,True,48.6,29.9,55.5,False,2020,20.0
LAT,Williams,6.0,87.676,20.0,103,6.0,MEDIUM,True,1,,,True,48.6,29.9,55.5,False,2020,19.0
HAM,Mercedes,7.0,84.278,1.0,103,10.0,SOFT,False,1,,,True,48.6,30.0,55.2,False,2020,1.0
VER,Red Bull Racing,7.0,84.193,2.0,104,10.0,SOFT,False,1,,,True,48.6,30.0,55.2,False,2020,3.0
BOT,Mercedes,7.0,83.981,3.0,105,10.0,SOFT,False,1,,,True,48.6,30.0,55.2,False,2020,2.0
STR,Racing Point,7.0,84.979,4.0,106,10.0,SOFT,False,1,,,True,48.6,30.0,55.2,False,2020,5.0
PER,Racing Point,7.0,85.243,5.0,107,10.0,SOFT,False,1,,,True,48.6,30.0,55.2,False,2020,4.0
ALB,Red Bull Racing,7.0,84.986,6.0,108,10.0,SOFT,False,1,,,True,48.6,30.0,55.2,False,2020,6.0
SAI,McLaren,7.0,85.198,7.0,109,10.0,SOFT,False,1,,,True,48.6,30.0,55.2,False,2020,7.0
GAS,AlphaTauri,7.0,85.259,8.0,110,10.0,SOFT,False,1,,,True,48.6,30.0,55.2,False,2020,10.0
LEC,Ferrari,7.0,85.418,9.0,111,10.0,SOFT,False,1,,,True,48.6,30.0,55.2,False,2020,9.0
NOR,McLaren,7.0,85.453,10.0,112,10.0,SOFT,False,1,,,True,48.6,30.0,55.2,False,2020,8.0
VET,Ferrari,7.0,85.326,11.0,113,7.0,MEDIUM,True,1,,,True,48.6,30.0,55.2,False,2020,11.0
KVY,AlphaTauri,7.0,85.483,12.0,114,7.0,SOFT,True,1,,,True,48.6,30.0,55.2,False,2020,12.0
RIC,Renault,7.0,85.818,13.0,115,7.0,MEDIUM,True,1,,,True,48.6,30.0,55.2,False,2020,13.0
MAG,Haas F1 Team,7.0,85.985,14.0,115,10.0,SOFT,False,1,,,True,48.6,30.0,55.2,False,2020,16.0
RAI,Alfa Romeo Racing,7.0,85.983,15.0,116,7.0,MEDIUM,True,1,,,True,48.6,30.0,55.2,False,2020,14.0
OCO,Renault,7.0,86.085,16.0,117,7.0,MEDIUM,True,1,,,True,48.6,30.0,55.2,False,2020,15.0
RUS,Williams,7.0,86.163,17.0,118,7.0,SOFT,True,1,,,True,48.6,30.0,55.2,False,2020,18.0
GRO,Haas F1 Team,7.0,86.635,18.0,118,8.0,MEDIUM,False,1,,,True,48.6,30.0,55.2,False,2020,17.0
GIO,Alfa Romeo Racing,7.0,86.295,19.0,119,7.0,MEDIUM,True,1,,,True,48.6,30.0,55.2,False,2020,20.0
LAT,Williams,7.0,86.775,20.0,120,7.0,MEDIUM,True,1,,,True,48.6,30.0,55.2,False,2020,19.0
HAM,Mercedes,8.0,84.108,1.0,120,11.0,SOFT,False,1,,,True,48.6,30.0,55.0,False,2020,1.0
VER,Red Bull Racing,8.0,84.192,2.0,121,11.0,SOFT,False,1,,,True,48.6,30.0,55.0,False,2020,3.0
BOT,Mercedes,8.0,84.266,3.0,122,11.0,SOFT,False,1,,,True,48.6,30.0,55.0,False,2020,2.0
STR,Racing Point,8.0,84.623,4.0,123,11.0,SOFT,False,1,,,True,48.6,30.0,55.0,False,2020,5.0
PER,Racing Point,8.0,84.605,5.0,124,11.0,SOFT,False,1,,,True,48.6,30.0,55.0,False,2020,4.0
ALB,Red Bull Racing,8.0,84.631,6.0,125,11.0,SOFT,False,1,,,True,48.6,30.0,55.0,False,2020,6.0
SAI,McLaren,8.0,84.807,7.0,126,11.0,SOFT,False,1,,,True,48.6,30.0,55.0,False,2020,7.0
GAS,AlphaTauri,8.0,85.035,8.0,127,11.0,SOFT,False,1,,,True,48.6,30.0,55.0,False,2020,10.0
LEC,Ferrari,8.0,85.228,9.0,128,11.0,SOFT,False,1,,,True,48.6,30.0,55.0,False,2020,9.0
NOR,McLaren,8.0,85.436,10.0,129,11.0,SOFT,False,1,,,True,48.3,30.0,55.3,False,2020,8.0
VET,Ferrari,8.0,85.6,11.0,130,8.0,MEDIUM,True,1,,,True,48.3,30.0,55.3,False,2020,11.0
KVY,AlphaTauri,8.0,85.448,12.0,131,8.0,SOFT,True,1,,,True,48.3,30.0,55.3,False,2020,12.0
RIC,Renault,8.0,85.949,13.0,132,8.0,MEDIUM,True,1,,,True,48.3,30.0,55.3,False,2020,13.0
MAG,Haas F1 Team,8.0,86.126,14.0,132,11.0,SOFT,False,1,,,True,48.3,30.0,55.3,False,2020,16.0
RAI,Alfa Romeo Racing,8.0,86.085,15.0,133,8.0,MEDIUM,True,1,,,True,48.3,30.0,55.3,False,2020,14.0
OCO,Renault,8.0,86.015,16.0,134,8.0,MEDIUM,True,1,,,True,48.3,30.0,55.3,False,2020,15.0
RUS,Williams,8.0,86.147,17.0,135,8.0,SOFT,True,1,,,True,48.3,30.0,55.3,False,2020,18.0
GRO,Haas F1 Team,8.0,86.377,18.0,135,9.0,MEDIUM,False,1,,,True,48.3,30.0,55.3,False,2020,17.0
GIO,Alfa Romeo Racing,8.0,86.397,19.0,136,8.0,MEDIUM,True,1,,,True,48.3,30.0,55.3,False,2020,20.0
LAT,Williams,8.0,86.21,20.0,137,8.0,MEDIUM,True,1,,,True,48.3,30.0,55.3,False,2020,19.0
HAM,Mercedes,9.0,84.526,1.0,137,12.0,SOFT,False,1,,,True,49.1,30.1,55.4,False,2020,1.0
VER,Red Bull Racing,9.0,84.132,2.0,138,12.0,SOFT,False,1,,,True,49.1,30.1,55.4,False,2020,3.0
BOT,Mercedes,9.0,84.191,3.0,139,12.0,SOFT,False,1,,,True,49.1,30.1,55.4,False,2020,2.0
STR,Racing Point,9.0,84.819,4.0,140,12.0,SOFT,False,1,,,True,49.1,30.1,55.4,False,2020,5.0
PER,Racing Point,9.0,84.723,5.0,141,12.0,SOFT,False,1,,,True,49.1,30.1,55.4,False,2020,4.0
ALB,Red Bull Racing,9.0,84.749,6.0,142,12.0,SOFT,False,1,,,True,49.1,30.1,55.4,False,2020,6.0
SAI,McLaren,9.0,84.917,7.0,143,12.0,SOFT,False,1,,,True,49.1,30.1,55.4,False,2020,7.0
GAS,AlphaTauri,9.0,85.018,8.0,144,12.0,SOFT,False,1,,,True,49.1,30.1,55.4,False,2020,10.0
LEC,Ferrari,9.0,85.309,9.0,145,12.0,SOFT,False,1,,,True,49.1,30.1,55.4,False,2020,9.0
NOR,McLaren,9.0,85.374,10.0,146,12.0,SOFT,False,1,,,True,49.1,30.1,55.4,False,2020,8.0
VET,Ferrari,9.0,85.227,11.0,147,9.0,MEDIUM,True,1,,,True,49.1,30.1,55.4,False,2020,11.0
KVY,AlphaTauri,9.0,85.387,12.0,148,9.0,SOFT,True,1,,,True,49.1,30.1,55.4,False,2020,12.0
RIC,Renault,9.0,86.006,13.0,149,9.0,MEDIUM,True,1,,,True,49.1,30.1,55.4,False,2020,13.0
MAG,Haas F1 Team,9.0,85.944,14.0,149,12.0,SOFT,False,1,,,True,49.1,30.1,55.4,False,2020,16.0
RAI,Alfa Romeo Racing,9.0,85.876,15.0,150,9.0,MEDIUM,True,1,,,True,49.1,30.1,55.4,False,2020,14.0
OCO,Renault,9.0,85.914,16.0,151,9.0,MEDIUM,True,1,,,True,49.1,30.1,55.4,False,2020,15.0
RUS,Williams,9.0,86.308,17.0,152,9.0,SOFT,True,1,,,True,49.1,30.1,55.4,False,2020,18.0
GRO,Haas F1 Team,9.0,85.818,18.0,152,10.0,MEDIUM,False,1,,,True,49.1,30.1,55.4,False,2020,17.0
GIO,Alfa Romeo Racing,9.0,86.061,19.0,153,9.0,MEDIUM,True,1,,,True,49.1,30.1,55.4,False,2020,20.0
LAT,Williams,9.0,86.467,20.0,154,9.0,MEDIUM,True,1,,,True,49.1,30.1,55.4,False,2020,19.0
HAM,Mercedes,10.0,83.618,1.0,154,13.0,SOFT,False,1,,,True,49.1,29.9,56.2,False,2020,1.0
VER,Red Bull Racing,10.0,83.99,2.0,155,13.0,SOFT,False,1,,,True,49.1,29.9,56.2,False,2020,3.0
BOT,Mercedes,10.0,84.035,3.0,156,13.0,SOFT,False,1,,,True,49.1,29.9,56.2,False,2020,2.0
STR,Racing Point,10.0,84.745,4.0,157,13.0,SOFT,False,1,,,True,49.1,29.9,56.2,False,2020,5.0
PER,Racing Point,10.0,84.748,5.0,158,13.0,SOFT,False,1,,,True,49.1,29.9,56.2,False,2020,4.0
ALB,Red Bull Racing,10.0,84.995,6.0,159,13.0,SOFT,False,1,,,True,49.1,29.9,56.2,False,2020,6.0
SAI,McLaren,10.0,85.174,7.0,160,13.0,SOFT,False,1,,,True,49.1,29.9,56.2,False,2020,7.0
GAS,AlphaTauri,10.0,85.16,8.0,161,13.0,SOFT,False,1,,,True,49.1,29.9,56.2,False,2020,10.0
LEC,Ferrari,10.0,85.105,9.0,162,13.0,SOFT,False,1,,,True,49.1,29.9,56.2,False,2020,9.0
NOR,McLaren,10.0,85.422,10.0,163,13.0,SOFT,False,1,,,True,49.1,29.9,56.2,False,2020,8.0
VET,Ferrari,10.0,85.53,11.0,164,10.0,MEDIUM,True,1,,,True,49.1,29.9,56.2,False,2020,11.0
KVY,AlphaTauri,10.0,85.808,12.0,165,10.0,SOFT,True,1,,,True,49.1,29.9,56.2,False,2020,12.0
RIC,Renault,10.0,85.632,13.0,166,10.0,MEDIUM,True,1,,,True,49.1,29.9,56.2,False,2020,13.0
MAG,Haas F1 Team,10.0,85.929,14.0,166,13.0,SOFT,False,1,,,True,49.1,29.9,56.2,False,2020,16.0
RAI,Alfa Romeo Racing,10.0,86.069,15.0,167,10.0,MEDIUM,True,1,,,True,49.1,29.9,56.2,False,2020,14.0
OCO,Renault,10.0,85.926,16.0,168,10.0,MEDIUM,True,1,,,True,49.1,30.2,55.4,False,2020,15.0
RUS,Williams,10.0,86.112,17.0,169,10.0,SOFT,True,1,,,True,49.1,30.2,55.4,False,2020,18.0
GRO,Haas F1 Team,10.0,85.921,18.0,169,11.0,MEDIUM,False,1,,,True,49.1,30.2,55.4,False,2020,17.0
GIO,Alfa Romeo Racing,10.0,86.236,19.0,170,10.0,MEDIUM,True,1,,,True,49.1,30.2,55.4,False,2020,20.0
LAT,Williams,10.0,86.808,20.0,171,10.0,MEDIUM,True,1,,,True,49.1,30.2,55.4,False,2020,19.0
HAM,Mercedes,11.0,83.238,1.0,171,14.0,SOFT,False,1,,,True,49.1,30.2,55.4,False,2020,1.0
VER,Red Bull Racing,11.0,83.623,2.0,172,14.0,SOFT,False,1,,,True,49.1,30.2,55.4,False,2020,3.0
BOT,Mercedes,11.0,83.59,3.0,173,14.0,SOFT,False,1,,,True,49.1,30.2,55.4,False,2020,2.0
STR,Racing Point,11.0,84.917,4.0,174,14.0,SOFT,False,1,,,True,49.2,30.5,54.4,False,2020,5.0
PER,Racing Point,11.0,84.895,5.0,175,14.0,SOFT,False,1,,,True,49.2,30.5,54.4,False,2020,4.0
ALB,Red Bull Racing,11.0,85.653,6.0,176,14.0,SOFT,False,1,,,True,49.2,30.5,54.4,False,2020,6.0
SAI,McLaren,11.0,85.172,7.0,177,14.0,SOFT,False,1,,,True,49.2,30.5,54.4,False,2020,7.0
GAS,AlphaTauri,11.0,85.07,8.0,178,14.0,SOFT,False,1,,,True,49.2,30.5,54.4,False,2020,10.0
LEC,Ferrari,11.0,85.075,9.0,179,14.0,SOFT,False,1,,,True,49.2,30.5,54.4,False,2020,9.0
NOR,McLaren,11.0,85.173,10.0,180,14.0,SOFT,False,1,,,True,49.2,30.5,54.4,False,2020,8.0
VET,Ferrari,11.0,85.462,11.0,181,11.0,MEDIUM,True,1,,,True,49.2,30.5,54.4,False,2020,11.0
KVY,AlphaTauri,11.0,85.165,12.0,182,11.0,SOFT,True,1,,,True,49.2,30.5,54.4,False,2020,12.0
RIC,Renault,11.0,85.35,13.0,183,11.0,MEDIUM,True,1,,,True,49.2,30.5,54.4,False,2020,13.0
MAG,Haas F1 Team,11.0,85.566,14.0,183,14.0,SOFT,False,1,,,True,49.2,30.5,54.4,False,2020,16.0
RAI,Alfa Romeo Racing,11.0,85.713,15.0,184,11.0,MEDIUM,True,1,,,True,49.2,30.5,54.4,False,2020,14.0
OCO,Renault,11.0,85.742,16.0,185,11.0,MEDIUM,True,1,,,True,49.2,30.5,54.4,False,2020,15.0
RUS,Williams,11.0,86.061,17.0,186,11.0,SOFT,True,1,,,True,49.2,30.5,54.4,False,2020,18.0
GRO,Haas F1 Team,11.0,86.252,18.0,186,12.0,MEDIUM,False,1,,,True,49.2,30.5,54.4,False,2020,17.0
GIO,Alfa Romeo Racing,11.0,86.182,19.0,187,11.0,MEDIUM,True,1,,,True,49.2,30.5,54.4,False,2020,20.0
LAT,Williams,11.0,86.626,20.0,188,11.0,MEDIUM,True,1,,,True,49.2,30.5,54.4,False,2020,19.0
HAM,Mercedes,12.0,83.067,1.0,188,15.0,SOFT,False,1,,,True,49.2,30.6,54.3,False,2020,1.0
VER,Red Bull Racing,12.0,83.541,2.0,189,15.0,SOFT,False,1,,,True,49.2,30.6,54.3,False,2020,3.0
BOT,Mercedes,12.0,83.449,3.0,190,15.0,SOFT,False,1,,,True,49.2,30.6,54.3,False,2020,2.0
STR,Racing Point,12.0,84.928,4.0,191,15.0,SOFT,False,1,,,True,49.2,30.6,54.3,False,2020,5.0
PER,Racing Point,12.0,85.016,5.0,192,15.0,SOFT,False,1,,,True,49.2,30.6,54.3,False,2020,4.0
ALB,Red Bull Racing,12.0,85.421,6.0,193,15.0,SOFT,False,1,,,True,49.2,30.6,54.3,False,2020,6.0
SAI,McLaren,12.0,85.217,7.0,194,15.0,SOFT,False,1,,,True,49.2,30.6,54.3,False,2020,7.0
GAS,AlphaTauri,12.0,85.267,8.0,195,15.0,SOFT,False,1,,,True,49.2,30.6,54.3,False,2020,10.0
LEC,Ferrari,12.0,84.932,9.0,196,15.0,SOFT,False,1,,,True,49.2,30.6,54.3,False,2020,9.0
NOR,McLaren,12.0,85.361,10.0,197,15.0,SOFT,False,1,,,True,49.2,30.6,54.3,False,2020,8.0
VET,Ferrari,12.0,85.393,11.0,198,12.0,MEDIUM,True,1,,,True,49.2,30.6,54.3,False,2020,11.0
KVY,AlphaTauri,12.0,85.243,12.0,199,12.0,SOFT,True,1,,,True,49.2,30.6,54.3,False,2020,12.0
RIC,Renault,12.0,85.06,13.0,200,12.0,MEDIUM,True,1,,,True,49.2,30.6,54.3,False,2020,13.0
MAG,Haas F1 Team,12.0,85.743,14.0,200,15.0,SOFT,False,1,,,True,49.2,30.6,54.3,False,2020,16.0
RAI,Alfa Romeo Racing,12.0,85.619,15.0,201,12.0,MEDIUM,True,1,,,True,49.2,30.6,54.3,False,2020,14.0
OCO,Renault,12.0,85.643,16.0,202,12.0,MEDIUM,True,1,,,True,49.2,30.6,54.3,False,2020,15.0
RUS,Williams,12.0,85.828,17.0,203,12.0,SOFT,True,1,,,True,49.2,30.6,54.3,False,2020,18.0
GRO,Haas F1 Team,12.0,85.83,18.0,203,13.0,MEDIUM,False,1,,,True,49.2,30.6,54.3,False,2020,17.0
GIO,Alfa Romeo Racing,12.0,86.115,19.0,204,12.0,MEDIUM,True,1,,,True,49.2,30.6,54.3,False,2020,20.0
LAT,Williams,12.0,86.325,20.0,205,12.0,MEDIUM,True,1,,,True,49.2,30.7,53.6,False,2020,19.0
HAM,Mercedes,13.0,82.767,1.0,205,16.0,SOFT,False,1,,,True,49.2,30.7,53.6,False,2020,1.0
VER,Red Bull Racing,13.0,83.473,2.0,206,16.0,SOFT,False,1,,,True,49.2,30.7,53.6,False,2020,3.0
BOT,Mercedes,13.0,83.727,3.0,207,16.0,SOFT,False,1,,,True,49.2,30.7,53.6,False,2020,2.0
STR,Racing Point,13.0,85.234,4.0,208,16.0,SOFT,False,1,,,True,49.2,30.7,53.6,False,2020,5.0
PER,Racing Point,13.0,85.139,5.0,209,16.0,SOFT,False,1,,,True,49.2,30.7,53.6,False,2020,4.0
ALB,Red Bull Racing,13.0,85.276,6.0,210,16.0,SOFT,False,1,,,True,49.2,30.7,53.6,False,2020,6.0
SAI,McLaren,13.0,85.397,7.0,211,16.0,SOFT,False,1,,,True,48.5,30.5,54.6,False,2020,7.0
GAS,AlphaTauri,13.0,85.528,8.0,212,16.0,SOFT,False,1,,,True,48.5,30.5,54.6,False,2020,10.0
LEC,Ferrari,13.0,85.489,9.0,213,16.0,SOFT,False,1,,,True,48.5,30.5,54.6,False,2020,9.0
NOR,McLaren,13.0,85.263,10.0,214,16.0,SOFT,False,1,,,True,48.5,30.5,54.6,False,2020,8.0
VET,Ferrari,13.0,85.479,11.0,215,13.0,MEDIUM,True,1,,,True,48.5,30.5,54.6,False,2020,11.0
KVY,AlphaTauri,13.0,85.42,12.0,216,13.0,SOFT,True,1,,,True,48.5,30.5,54.6,False,2020,12.0
RIC,Renault,13.0,85.458,13.0,217,13.0,MEDIUM,True,1,,,True,48.5,30.5,54.6,False,2020,13.0
MAG,Haas F1 Team,13.0,85.934,14.0,217,16.0,SOFT,False,1,,,True,48.5,30.5,54.6,False,2020,16.0
RAI,Alfa Romeo Racing,13.0,85.768,15.0,218,13.0,MEDIUM,True,1,,,True,48.5,30.5,54.6,False,2020,14.0
OCO,Renault,13.0,85.814,16.0,219,13.0,MEDIUM,True,1,,,True,48.5,30.5,54.6,False,2020,15.0
RUS,Williams,13.0,86.111,17.0,220,13.0,SOFT,True,1,,,True,48.5,30.5,54.6,False,2020,18.0
GRO,Haas F1 Team,13.0,86.015,18.0,220,14.0,MEDIUM,False,1,,,True,48.5,30.5,54.6,False,2020,17.0
GIO,Alfa Romeo Racing,13.0,85.99,19.0,221,13.0,MEDIUM,True,1,,,True,48.5,30.5,54.6,False,2020,20.0
LAT,Williams,13.0,86.067,20.0,222,13.0,MEDIUM,True,1,,,True,48.5,30.5,54.6,False,2020,19.0
HAM,Mercedes,14.0,83.197,1.0,222,17.0,SOFT,False,1,,,True,47.6,30.3,55.2,False,2020,1.0
VER,Red Bull Racing,14.0,83.422,2.0,223,17.0,SOFT,False,1,,,True,47.6,30.3,55.2,False,2020,3.0
BOT,Mercedes,14.0,83.655,3.0,224,17.0,SOFT,False,1,,,True,47.6,30.3,55.2,False,2020,2.0
STR,Racing Point,14.0,85.254,4.0,225,17.0,SOFT,False,1,,,True,47.6,30.3,55.2,False,2020,5.0
PER,Racing Point,14.0,85.156,5.0,226,17.0,SOFT,False,1,,,True,47.6,30.3,55.2,False,2020,4.0
ALB,Red Bull Racing,14.0,85.35,6.0,227,17.0,SOFT,False,1,,,True,47.6,30.3,55.2,False,2020,6.0
SAI,McLaren,14.0,85.184,7.0,228,17.0,SOFT,False,1,,,True,47.6,30.3,55.2,False,2020,7.0
GAS,AlphaTauri,14.0,85.362,8.0,229,17.0,SOFT,False,1,,,True,47.6,30.3,55.2,False,2020,10.0
LEC,Ferrari,14.0,85.774,9.0,230,17.0,SOFT,False,1,,,True,47.6,30.3,55.2,False,2020,9.0
NOR,McLaren,14.0,85.041,10.0,231,17.0,SOFT,False,1,,,True,47.6,30.3,55.2,False,2020,8.0
VET,Ferrari,14.0,85.395,11.0,232,14.0,MEDIUM,True,1,,,True,47.6,30.3,55.2,False,2020,11.0
KVY,AlphaTauri,14.0,85.532,12.0,233,14.0,SOFT,True,1,,,True,47.6,30.3,55.2,False,2020,12.0
RIC,Renault,14.0,85.601,13.0,234,14.0,MEDIUM,True,1,,,True,47.6,30.3,55.2,False,2020,13.0
MAG,Haas F1 Team,14.0,86.026,14.0,234,17.0,SOFT,False,1,,,True,47.6,30.3,55.2,False,2020,16.0
RAI,Alfa Romeo Racing,14.0,86.218,15.0,235,14.0,MEDIUM,True,1,,,True,47.6,30.3,55.2,False,2020,14.0
OCO,Renault,14.0,85.917,16.0,236,14.0,MEDIUM,True,1,,,True,47.6,30.3,55.2,False,2020,15.0
RUS,Williams,14.0,86.309,17.0,237,14.0,SOFT,True,1,,,True,47.6,30.3,55.2,False,2020,18.0
GRO,Haas F1 Team,14.0,85.999,18.0,237,15.0,MEDIUM,False,1,,,True,47.6,30.3,55.2,False,2020,17.0
GIO,Alfa Romeo Racing,14.0,86.159,19.0,238,14.0,MEDIUM,True,1,,,True,47.6,30.3,55.2,False,2020,20.0
LAT,Williams,14.0,86.15,20.0,239,14.0,MEDIUM,True,1,,,True,47.6,30.3,55.2,False,2020,19.0
HAM,Mercedes,15.0,83.095,1.0,239,18.0,SOFT,False,1,,,True,48.1,30.2,55.3,False,2020,1.0
VER,Red Bull Racing,15.0,83.759,2.0,240,18.0,SOFT,False,1,,,True,48.1,30.2,55.3,False,2020,3.0
BOT,Mercedes,15.0,83.69,3.0,241,18.0,SOFT,False,1,,,True,48.1,30.2,55.3,False,2020,2.0
STR,Racing Point,15.0,85.039,4.0,242,18.0,SOFT,False,1,,,True,48.1,30.2,55.3,False,2020,5.0
PER,Racing Point,15.0,85.289,5.0,243,18.0,SOFT,False,1,,,True,48.1,30.2,55.3,False,2020,4.0
ALB,Red Bull Racing,15.0,85.469,6.0,244,18.0,SOFT,False,1,,,True,48.1,30.2,55.3,False,2020,6.0
SAI,McLaren,15.0,85.174,7.0,245,18.0,SOFT,False,1,,,True,48.1,30.2,55.3,False,2020,7.0
GAS,AlphaTauri,15.0,85.224,8.0,246,18.0,SOFT,False,1,,,True,48.1,30.2,55.3,False,2020,10.0
LEC,Ferrari,15.0,85.289,9.0,247,18.0,SOFT,False,1,,,True,48.1,30.2,55.3,False,2020,9.0
NOR,McLaren,15.0,85.249,10.0,248,18.0,SOFT,False,1,,,True,48.1,30.2,55.3,False,2020,8.0
VET,Ferrari,15.0,85.185,11.0,249,15.0,MEDIUM,True,1,,,True,48.1,30.2,55.3,False,2020,11.0
KVY,AlphaTauri,15.0,85.249,12.0,250,15.0,SOFT,True,1,,,True,48.5,30.3,54.7,False,2020,12.0
RIC,Renault,15.0,85.804,13.0,251,15.0,MEDIUM,True,1,,,True,48.5,30.3,54.7,False,2020,13.0
MAG,Haas F1 Team,15.0,85.898,14.0,251,18.0,SOFT,False,1,,,True,48.5,30.3,54.7,False,2020,16.0
RAI,Alfa Romeo Racing,15.0,85.842,15.0,252,15.0,MEDIUM,True,1,,,True,48.5,30.3,54.7,False,2020,14.0
OCO,Renault,15.0,85.685,16.0,253,15.0,MEDIUM,True,1,,,True,48.5,30.3,54.7,False,2020,15.0
RUS,Williams,15.0,85.609,17.0,254,15.0,SOFT,True,1,,,True,48.5,30.3,54.7,False,2020,18.0
GRO,Haas F1 Team,15.0,86.037,18.0,254,16.0,MEDIUM,False,1,,,True,48.5,30.3,54.7,False,2020,17.0
GIO,Alfa Romeo Racing,15.0,86.019,19.0,255,15.0,MEDIUM,True,1,,,True,48.5,30.3,54.7,False,2020,20.0
LAT,Williams,15.0,86.112,20.0,256,15.0,MEDIUM,True,1,,,True,48.5,30.3,54.7,False,2020,19.0
HAM,Mercedes,16.0,83.216,1.0,256,19.0,SOFT,False,1,,,True,48.5,30.3,54.7,False,2020,1.0
VER,Red Bull Racing,16.0,83.568,2.0,257,19.0,SOFT,False,1,,,True,48.5,30.3,54.7,False,2020,3.0
BOT,Mercedes,16.0,83.7,3.0,258,19.0,SOFT,False,1,,,True,48.5,30.3,54.7,False,2020,2.0
STR,Racing Point,16.0,84.996,4.0,259,19.0,SOFT,False,1,,,True,48.5,29.9,56.3,False,2020,5.0
PER,Racing Point,16.0,85.122,5.0,260,19.0,SOFT,False,1,,,True,48.5,29.9,56.3,False,2020,4.0
ALB,Red Bull Racing,16.0,85.634,6.0,261,19.0,SOFT,False,1,,,True,48.5,29.9,56.3,False,2020,6.0
SAI,McLaren,16.0,85.025,7.0,262,19.0,SOFT,False,1,,,True,48.5,29.9,56.3,False,2020,7.0
GAS,AlphaTauri,16.0,85.1,8.0,263,19.0,SOFT,False,1,,,True,48.5,29.9,56.3,False,2020,10.0
LEC,Ferrari,16.0,84.873,9.0,264,19.0,SOFT,False,1,,,True,48.5,29.9,56.3,False,2020,9.0
NOR,McLaren,16.0,84.939,10.0,265,19.0,SOFT,False,1,,,True,48.5,29.9,56.3,False,2020,8.0
VET,Ferrari,16.0,85.084,11.0,266,16.0,MEDIUM,True,1,,,True,48.5,29.9,56.3,False,2020,11.0
KVY,AlphaTauri,16.0,85.635,12.0,267,16.0,SOFT,True,1,,,True,48.5,29.9,56.3,False,2020,12.0
RIC,Renault,16.0,85.492,13.0,268,16.0,MEDIUM,True,1,,,True,48.5,29.9,56.3,False,2020,13.0
MAG,Haas F1 Team,16.0,85.702,14.0,268,19.0,SOFT,False,1,,,True,48.5,29.9,56.3,False,2020,16.0
RAI,Alfa Romeo Racing,16.0,85.965,15.0,269,16.0,MEDIUM,True,1,,,True,48.5,29.9,56.3,False,2020,14.0
OCO,Renault,16.0,86.126,16.0,270,16.0,MEDIUM,True,1,,,True,48.5,29.9,56.3,False,2020,15.0
RUS,Williams,16.0,85.839,17.0,271,16.0,SOFT,True,1,,,True,48.5,29.9,56.3,False,2020,18.0
GRO,Haas F1 Team,16.0,86.133,18.0,271,17.0,MEDIUM,False,1,,,True,48.5,29.9,56.3,False,2020,17.0
GIO,Alfa Romeo Racing,16.0,86.203,19.0,272,16.0,MEDIUM,True,1,,,True,48.5,29.9,56.3,False,2020,20.0
LAT,Williams,16.0,85.82,20.0,273,16.0,MEDIUM,True,1,,,True,48.5,29.9,56.3,False,2020,19.0
HAM,Mercedes,17.0,83.366,1.0,273,20.0,SOFT,False,1,,,True,48.1,29.8,56.2,False,2020,1.0
VER,Red Bull Racing,17.0,83.761,2.0,274,20.0,SOFT,False,1,,,True,48.1,29.8,56.2,False,2020,3.0
BOT,Mercedes,17.0,83.907,3.0,275,20.0,SOFT,False,1,,,True,48.1,29.8,56.2,False,2020,2.0
STR,Racing Point,17.0,85.112,4.0,276,20.0,SOFT,False,1,,,True,48.1,29.8,56.2,False,2020,5.0
PER,Racing Point,17.0,85.36,5.0,277,20.0,SOFT,False,1,,,True,48.1,29.8,56.2,False,2020,4.0
SAI,McLaren,17.0,85.415,6.0,278,20.0,SOFT,False,1,,,True,48.1,29.8,56.2,False,2020,7.0
GAS,AlphaTauri,17.0,85.101,7.0,279,20.0,SOFT,False,1,,,True,48.1,29.8,56.2,False,2020,10.0
ALB,Red Bull Racing,17.0,89.223,8.0,280,20.0,SOFT,False,1,0 days 00:57:33.805000,,False,48.1,29.8,56.2,False,2020,6.0
LEC,Ferrari,17.0,85.014,9.0,281,20.0,SOFT,False,1,,,True,48.1,29.8,56.2,False,2020,9.0
NOR,McLaren,17.0,84.752,10.0,282,20.0,SOFT,False,1,,,True,48.1,29.8,56.2,False,2020,8.0
VET,Ferrari,17.0,85.107,11.0,283,17.0,MEDIUM,True,1,,,True,48.1,29.8,56.2,False,2020,11.0
KVY,AlphaTauri,17.0,85.703,12.0,284,17.0,SOFT,True,1,,,True,48.1,29.8,56.2,False,2020,12.0
RIC,Renault,17.0,85.443,13.0,285,17.0,MEDIUM,True,1,,,True,48.1,29.8,56.2,False,2020,13.0
MAG,Haas F1 Team,17.0,85.554,14.0,285,20.0,SOFT,False,1,,,True,48.1,29.8,56.2,False,2020,16.0
RAI,Alfa Romeo Racing,17.0,85.511,15.0,286,17.0,MEDIUM,True,1,,,True,48.1,29.8,56.2,False,2020,14.0
OCO,Renault,17.0,85.532,16.0,287,17.0,MEDIUM,True,1,,,True,48.1,30.1,55.1,False,2020,15.0
RUS,Williams,17.0,85.699,17.0,288,17.0,SOFT,True,1,,,True,48.1,30.1,55.1,False,2020,18.0
GRO,Haas F1 Team,17.0,85.962,18.0,288,18.0,MEDIUM,False,1,,,True,48.1,30.1,55.1,False,2020,17.0
GIO,Alfa Romeo Racing,17.0,86.227,19.0,289,17.0,MEDIUM,True,1,,,True,48.1,30.1,55.1,False,2020,20.0
LAT,Williams,17.0,85.911,20.0,290,17.0,MEDIUM,True,1,,,True,48.1,30.1,55.1,False,2020,19.0
HAM,Mercedes,18.0,83.406,1.0,290,21.0,SOFT,False,1,,,True,48.1,30.1,55.1,False,2020,1.0
VER,Red Bull Racing,18.0,84.089,2.0,291,21.0,SOFT,False,1,,,True,48.1,30.1,55.1,False,2020,3.0
BOT,Mercedes,18.0,84.026,3.0,292,21.0,SOFT,False,1,,,True,48.1,30.1,55.1,False,2020,2.0
STR,Racing Point,18.0,85.383,4.0,293,21.0,SOFT,False,1,,,True,48.1,30.1,55.1,False,2020,5.0
PER,Racing Point,18.0,85.323,5.0,294,21.0,SOFT,False,1,,,True,48.1,30.1,55.1,False,2020,4.0
SAI,McLaren,18.0,85.019,6.0,295,21.0,SOFT,False,1,,,True,48.1,30.1,55.1,False,2020,7.0
GAS,AlphaTauri,18.0,85.539,7.0,296,21.0,SOFT,False,1,,,True,48.1,30.1,55.1,False,2020,10.0
LEC,Ferrari,18.0,85.423,8.0,297,21.0,SOFT,False,1,,,True,48.1,30.1,55.1,False,2020,9.0
NOR,McLaren,18.0,85.214,9.0,298,21.0,SOFT,False,1,,,True,48.1,30.1,55.1,False,2020,8.0
VET,Ferrari,18.0,85.529,10.0,299,18.0,MEDIUM,True,1,,,True,48.1,30.1,55.1,False,2020,11.0
KVY,AlphaTauri,18.0,85.74,11.0,300,18.0,SOFT,True,1,,,True,48.1,30.1,55.1,False,2020,12.0
RIC,Renault,18.0,85.359,12.0,301,18.0,MEDIUM,True,1,,,True,48.1,30.1,55.1,False,2020,13.0
MAG,Haas F1 Team,18.0,85.839,13.0,301,21.0,SOFT,False,1,,,True,48.1,30.1,55.1,False,2020,16.0
RAI,Alfa Romeo Racing,18.0,86.17,14.0,302,18.0,MEDIUM,True,1,,,True,48.1,30.1,55.1,False,2020,14.0
OCO,Renault,18.0,85.812,15.0,303,18.0,MEDIUM,True,1,,,True,48.1,30.1,55.1,False,2020,15.0
ALB,Red Bull Racing,18.0,103.239,16.0,304,1.0,HARD,True,1,,0 days 00:57:55.493000,False,48.1,30.1,55.1,False,2020,6.0
RUS,Williams,18.0,86.506,17.0,304,18.0,SOFT,True,1,,,True,48.1,30.1,55.1,False,2020,18.0
GRO,Haas F1 Team,18.0,86.398,18.0,304,19.0,MEDIUM,False,1,,,True,48.1,30.1,55.1,False,2020,17.0
GIO,Alfa Romeo Racing,18.0,86.143,19.0,305,18.0,MEDIUM,True,1,,,True,48.1,30.1,55.1,False,2020,20.0
LAT,Williams,18.0,86.048,20.0,306,18.0,MEDIUM,True,1,,,True,48.1,30.1,55.1,False,2020,19.0
HAM,Mercedes,19.0,83.505,1.0,306,22.0,SOFT,False,1,,,True,48.1,30.1,55.1,False,2020,1.0
VER,Red Bull Racing,19.0,83.971,2.0,307,22.0,SOFT,False,1,,,True,48.4,29.8,55.1,False,2020,3.0
BOT,Mercedes,19.0,83.726,3.0,308,22.0,SOFT,False,1,,,True,48.4,29.8,55.1,False,2020,2.0
STR,Racing Point,19.0,85.483,4.0,309,22.0,SOFT,False,1,,,True,48.4,29.8,55.1,False,2020,5.0
PER,Racing Point,19.0,85.205,5.0,310,22.0,SOFT,False,1,,,True,48.4,29.8,55.1,False,2020,4.0
SAI,McLaren,19.0,85.157,6.0,311,22.0,SOFT,False,1,,,True,48.4,29.8,55.1,False,2020,7.0
GAS,AlphaTauri,19.0,85.257,7.0,312,22.0,SOFT,False,1,,,True,48.4,29.8,55.1,False,2020,10.0
LEC,Ferrari,19.0,84.983,8.0,313,22.0,SOFT,False,1,,,True,48.4,29.8,55.1,False,2020,9.0
NOR,McLaren,19.0,85.011,9.0,314,22.0,SOFT,False,1,,,True,48.4,29.8,55.1,False,2020,8.0
VET,Ferrari,19.0,85.373,10.0,315,19.0,MEDIUM,True,1,,,True,48.4,29.8,55.1,False,2020,11.0
KVY,AlphaTauri,19.0,85.63,11.0,316,19.0,SOFT,True,1,,,True,48.4,29.8,55.1,False,2020,12.0
RIC,Renault,19.0,85.123,12.0,317,19.0,MEDIUM,True,1,,,True,48.4,29.8,55.1,False,2020,13.0
MAG,Haas F1 Team,19.0,85.845,13.0,317,22.0,SOFT,False,1,,,True,48.4,29.8,55.1,False,2020,16.0
RAI,Alfa Romeo Racing,19.0,86.364,14.0,318,19.0,MEDIUM,True,1,,,True,48.4,29.8,55.1,False,2020,14.0
OCO,Renault,19.0,86.351,15.0,319,19.0,MEDIUM,True,1,,,True,48.4,29.8,55.1,False,2020,15.0
ALB,Red Bull Racing,19.0,86.07,16.0,320,2.0,HARD,True,1,,,True,48.4,29.8,55.1,False,2020,6.0
GRO,Haas F1 Team,19.0,86.001,17.0,320,20.0,MEDIUM,False,1,,,True,48.4,29.8,55.1,False,2020,17.0
RUS,Williams,19.0,89.47,18.0,321,19.0,SOFT,True,1,0 days 01:00:49.107000,,False,48.4,29.8,55.1,False,2020,18.0
GIO,Alfa Romeo Racing,19.0,86.496,19.0,322,19.0,MEDIUM,True,1,,,True,47.4,29.8,55.9,False,2020,20.0
LAT,Williams,19.0,86.108,20.0,323,19.0,MEDIUM,True,1,,,True,47.4,29.8,55.9,False,2020,19.0
HAM,Mercedes,20.0,83.394,1.0,323,23.0,SOFT,False,1,,,True,47.4,29.8,55.9,False,2020,1.0
VER,Red Bull Racing,20.0,84.579,2.0,324,23.0,SOFT,False,1,,,True,47.4,29.8,55.9,False,2020,3.0
BOT,Mercedes,20.0,84.063,3.0,325,23.0,SOFT,False,1,,,True,47.4,29.8,55.9,False,2020,2.0
STR,Racing Point,20.0,85.389,4.0,326,23.0,SOFT,False,1,,,True,47.4,29.8,55.9,False,2020,5.0
PER,Racing Point,20.0,85.392,5.0,327,23.0,SOFT,False,1,,,True,47.4,29.8,55.9,False,2020,4.0
SAI,McLaren,20.0,85.468,6.0,328,23.0,SOFT,False,1,,,True,47.4,29.8,55.9,False,2020,7.0
GAS,AlphaTauri,20.0,85.816,7.0,329,23.0,SOFT,False,1,,,True,48.4,29.9,55.8,False,2020,10.0
LEC,Ferrari,20.0,85.573,8.0,330,23.0,SOFT,False,1,,,True,48.4,29.9,55.8,False,2020,9.0
NOR,McLaren,20.0,84.916,9.0,331,23.0,SOFT,False,1,,,True,48.4,29.9,55.8,False,2020,8.0
VET,Ferrari,20.0,85.512,10.0,332,20.0,MEDIUM,True,1,,,True,48.4,29.9,55.8,False,2020,11.0
KVY,AlphaTauri,20.0,86.056,11.0,333,20.0,SOFT,True,1,,,True,48.4,29.9,55.8,False,2020,12.0
RIC,Renault,20.0,85.553,12.0,334,20.0,MEDIUM,True,1,,,True,48.4,29.9,55.8,False,2020,13.0
MAG,Haas F1 Team,20.0,85.794,13.0,334,23.0,SOFT,False,1,,,True,48.4,29.9,55.8,False,2020,16.0
OCO,Renault,20.0,85.429,14.0,335,20.0,MEDIUM,True,1,,,True,48.4,29.9,55.8,False,2020,15.0
ALB,Red Bull Racing,20.0,85.605,15.0,336,3.0,HARD,True,1,,,True,48.4,29.9,55.8,False,2020,6.0
RAI,Alfa Romeo Racing,20.0,92.154,16.0,336,20.0,MEDIUM,True,1,0 days 01:02:13.773000,,False,48.4,29.9,55.8,False,2020,14.0
GRO,Haas F1 Team,20.0,86.162,17.0,336,21.0,MEDIUM,False,1,,,True,48.4,29.9,55.8,False,2020,17.0
GIO,Alfa Romeo Racing,20.0,86.609,18.0,337,20.0,MEDIUM,True,1,,,True,48.4,29.9,55.8,False,2020,20.0
LAT,Williams,20.0,86.014,19.0,338,20.0,MEDIUM,True,1,,,True,48.4,29.9,55.8,False,2020,19.0
RUS,Williams,20.0,102.091,20.0,339,1.0,MEDIUM,True,1,,0 days 01:01:11.814000,False,48.4,29.9,55.8,False,2020,18.0
HAM,Mercedes,21.0,83.41,1.0,339,24.0,SOFT,False,1,,,True,48.4,29.9,55.8,False,2020,1.0
BOT,Mercedes,21.0,84.474,2.0,340,24.0,SOFT,False,1,,,True,48.4,29.9,55.8,False,2020,2.0
VER,Red Bull Racing,21.0,88.176,3.0,341,24.0,SOFT,False,1,0 days 01:02:47.650000,,False,48.4,29.9,55.8,False,2020,3.0
STR,Racing Point,21.0,85.647,4.0,342,24.0,SOFT,False,1,,,True,48.5,29.9,55.8,False,2020,5.0
PER,Racing Point,21.0,85.635,5.0,343,24.0,SOFT,False,1,,,True,48.5,29.9,55.8,False,2020,4.0
SAI,McLaren,21.0,85.693,6.0,344,24.0,SOFT,False,1,,,True,48.5,29.9,55.8,False,2020,7.0
LEC,Ferrari,21.0,86.542,7.0,345,24.0,SOFT,False,1,,,True,48.5,29.9,55.8,False,2020,9.0
GAS,AlphaTauri,21.0,89.741,8.0,346,24.0,SOFT,False,1,0 days 01:03:19.290000,,False,48.5,29.9,55.8,False,2020,10.0
NOR,McLaren,21.0,89.205,9.0,347,24.0,SOFT,False,1,0 days 01:03:21.972000,,False,48.5,29.9,55.8,False,2020,8.0
VET,Ferrari,21.0,85.849,10.0,348,21.0,MEDIUM,True,1,,,True,48.5,29.9,55.8,False,2020,11.0
RIC,Renault,21.0,86.115,11.0,349,21.0,MEDIUM,True,1,,,True,48.5,29.9,55.8,False,2020,13.0
KVY,AlphaTauri,21.0,90.029,12.0,350,21.0,SOFT,True,1,0 days 01:03:28.954000,,False,48.5,29.9,55.8,False,2020,12.0
MAG,Haas F1 Team,21.0,85.854,13.0,350,24.0,SOFT,False,1,,,True,48.5,29.9,55.8,False,2020,16.0
OCO,Renault,21.0,85.17,14.0,351,21.0,MEDIUM,True,1,,,True,48.5,29.9,55.8,False,2020,15.0
ALB,Red Bull Racing,21.0,85.185,15.0,352,4.0,HARD,True,1,,,True,48.5,29.9,55.8,False,2020,6.0
GRO,Haas F1 Team,21.0,86.031,16.0,352,22.0,MEDIUM,False,1,,,True,48.5,29.9,55.8,False,2020,17.0
LAT,Williams,21.0,86.284,17.0,353,21.0,MEDIUM,True,1,,,True,48.5,29.9,55.8,False,2020,19.0
GIO,Alfa Romeo Racing,21.0,90.247,18.0,354,21.0,MEDIUM,True,1,0 days 01:03:47.256000,,False,48.5,29.9,55.8,False,2020,20.0
RUS,Williams,21.0,83.576,19.0,355,2.0,MEDIUM,True,1,,,True,48.4,30.1,54.6,False,2020,18.0
RAI,Alfa Romeo Racing,21.0,102.682,20.0,355,4.0,MEDIUM,False,1,,0 days 01:02:36.151000,False,48.4,30.1,54.6,False,2020,14.0
HAM,Mercedes,22.0,83.699,1.0,355,25.0,SOFT,False,1,,,True,48.4,30.1,54.6,False,2020,1.0
BOT,Mercedes,22.0,84.337,2.0,356,25.0,SOFT,False,1,,,True,48.4,30.1,54.6,False,2020,2.0
VER,Red Bull Racing,22.0,100.705,3.0,357,1.0,MEDIUM,True,1,,0 days 01:03:09.296000,False,48.4,30.1,54.6,False,2020,3.0
STR,Racing Point,22.0,86.239,4.0,357,25.0,SOFT,False,1,,,True,48.4,30.1,54.6,False,2020,5.0
PER,Racing Point,22.0,85.873,5.0,358,25.0,SOFT,False,1,,,True,48.4,30.1,54.6,False,2020,4.0
LEC,Ferrari,22.0,84.914,6.0,359,25.0,SOFT,False,1,,,True,48.4,30.1,54.6,False,2020,9.0
SAI,McLaren,22.0,89.347,7.0,360,25.0,SOFT,False,1,0 days 01:04:42.171000,,False,48.4,30.1,54.6,False,2020,7.0
VET,Ferrari,22.0,85.985,8.0,361,22.0,MEDIUM,True,1,,,True,48.4,30.1,54.6,False,2020,11.0
RIC,Renault,22.0,84.63,9.0,362,22.0,MEDIUM,True,1,,,True,48.5,30.0,55.5,False,2020,13.0
MAG,Haas F1 Team,22.0,85.901,10.0,362,25.0,SOFT,False,1,,,True,48.5,30.0,55.5,False,2020,16.0
OCO,Renault,22.0,85.4,11.0,363,22.0,MEDIUM,True,1,,,True,48.5,30.0,55.5,False,2020,15.0
ALB,Red Bull Racing,22.0,85.335,12.0,364,5.0,HARD,True,1,,,True,48.5,30.0,55.5,False,2020,6.0
GAS,AlphaTauri,22.0,102.503,13.0,365,1.0,MEDIUM,True,1,,0 days 01:03:41.535000,False,48.5,30.0,55.5,False,2020,10.0
NOR,McLaren,22.0,102.686,14.0,365,4.0,SOFT,False,1,,0 days 01:03:43.340000,False,48.5,30.0,55.5,False,2020,8.0
GRO,Haas F1 Team,22.0,86.972,15.0,365,23.0,MEDIUM,False,1,,,True,48.5,30.0,55.5,False,2020,17.0
LAT,Williams,22.0,86.415,16.0,366,22.0,MEDIUM,True,1,,,True,48.5,30.0,55.5,False,2020,19.0
KVY,AlphaTauri,22.0,104.714,17.0,367,1.0,MEDIUM,True,1,,0 days 01:03:51.998000,False,48.5,30.0,55.5,False,2020,12.0
RUS,Williams,22.0,83.916,18.0,367,3.0,MEDIUM,True,1,,,True,48.5,30.0,55.5,False,2020,18.0
RAI,Alfa Romeo Racing,22.0,83.417,19.0,367,5.0,MEDIUM,False,1,,,True,48.5,30.0,55.5,False,2020,14.0
GIO,Alfa Romeo Racing,22.0,102.797,20.0,368,1.0,MEDIUM,True,1,,0 days 01:04:09.349000,False,48.5,30.0,55.5,False,2020,20.0
HAM,Mercedes,23.0,87.175,1.0,368,26.0,SOFT,False,1,0 days 01:05:26.665000,,False,48.5,30.0,55.5,False,2020,1.0
BOT,Mercedes,23.0,88.17,2.0,369,26.0,SOFT,False,1,0 days 01:05:38.438000,,False,48.5,30.0,55.5,False,2020,2.0
VER,Red Bull Racing,23.0,82.959,3.0,370,2.0,MEDIUM,True,1,,,True,48.1,30.0,55.7,False,2020,3.0
STR,Racing Point,23.0,85.248,4.0,370,26.0,SOFT,False,1,,,True,48.1,30.0,55.7,False,2020,5.0
PER,Racing Point,23.0,85.734,5.0,371,26.0,SOFT,False,1,,,True,48.1,30.0,55.7,False,2020,4.0
LEC,Ferrari,23.0,85.188,6.0,372,26.0,SOFT,False,1,,,True,48.1,30.0,55.7,False,2020,9.0
VET,Ferrari,23.0,85.614,7.0,373,23.0,MEDIUM,True,1,,,True,48.1,30.0,55.7,False,2020,11.0
RIC,Renault,23.0,85.137,8.0,374,23.0,MEDIUM,True,1,,,True,48.1,30.0,55.7,False,2020,13.0
MAG,Haas F1 Team,23.0,85.832,9.0,374,26.0,SOFT,False,1,,,True,48.1,30.0,55.7,False,2020,16.0
OCO,Renault,23.0,85.619,10.0,375,23.0,MEDIUM,True,1,,,True,48.1,30.0,55.7,False,2020,15.0
ALB,Red Bull Racing,23.0,85.304,11.0,376,6.0,HARD,True,1,,,True,48.1,30.0,55.7,False,2020,6.0
SAI,McLaren,23.0,103.207,12.0,377,4.0,SOFT,False,1,,0 days 01:05:04.240000,False,48.1,30.0,55.7,False,2020,7.0
GAS,AlphaTauri,23.0,84.741,13.0,378,2.0,MEDIUM,True,1,,,True,48.1,30.0,55.7,False,2020,10.0
NOR,McLaren,23.0,84.81,14.0,378,5.0,SOFT,False,1,,,True,48.1,30.0,55.7,False,2020,8.0
GRO,Haas F1 Team,23.0,86.063,15.0,378,24.0,MEDIUM,False,1,,,True,48.1,30.0,55.7,False,2020,17.0
KVY,AlphaTauri,23.0,83.233,16.0,379,2.0,MEDIUM,True,1,,,True,48.1,30.0,55.7,False,2020,12.0
LAT,Williams,23.0,87.576,17.0,379,23.0,MEDIUM,True,1,,,True,48.1,30.0,55.7,False,2020,19.0
RUS,Williams,23.0,84.064,18.0,380,4.0,MEDIUM,True,1,,,True,48.1,30.0,55.7,False,2020,18.0
RAI,Alfa Romeo Racing,23.0,83.929,19.0,380,6.0,MEDIUM,False,1,,,True,48.1,30.0,55.7,False,2020,14.0
GIO,Alfa Romeo Racing,23.0,83.614,20.0,381,2.0,MEDIUM,True,1,,,True,48.5,29.8,56.4,False,2020,20.0
HAM,Mercedes,24.0,104.038,1.0,382,1.0,MEDIUM,True,1,,0 days 01:05:50.060000,False,48.5,29.8,56.4,False,2020,1.0
VER,Red Bull Racing,24.0,83.582,2.0,382,3.0,MEDIUM,True,1,,,True,48.5,29.8,56.4,False,2020,3.0
BOT,Mercedes,24.0,100.605,3.0,383,1.0,MEDIUM,True,1,,0 days 01:06:00.746000,False,48.5,29.8,56.4,False,2020,2.0
STR,Racing Point,24.0,86.104,4.0,383,27.0,SOFT,False,1,,,True,48.5,29.8,56.4,False,2020,5.0
PER,Racing Point,24.0,85.524,5.0,384,27.0,SOFT,False,1,,,True,48.5,29.8,56.4,False,2020,4.0
LEC,Ferrari,24.0,84.961,6.0,385,27.0,SOFT,False,1,,,True,48.5,29.8,56.4,False,2020,9.0
VET,Ferrari,24.0,85.479,7.0,386,24.0,MEDIUM,True,1,,,True,48.5,29.8,56.4,False,2020,11.0
RIC,Renault,24.0,85.005,8.0,387,24.0,MEDIUM,True,1,,,True,48.5,29.8,56.4,False,2020,13.0
MAG,Haas F1 Team,24.0,85.749,9.0,387,27.0,SOFT,False,1,,,True,48.5,29.8,56.4,False,2020,16.0
OCO,Renault,24.0,85.892,10.0,388,24.0,MEDIUM,True,1,,,True,47.6,29.9,56.4,False,2020,15.0
ALB,Red Bull Racing,24.0,85.947,11.0,389,7.0,HARD,True,1,,,True,47.6,29.9,56.4,False,2020,6.0
SAI,McLaren,24.0,85.591,12.0,390,5.0,SOFT,False,1,,,True,47.6,29.9,56.4,False,2020,7.0
GAS,AlphaTauri,24.0,85.358,13.0,391,3.0,MEDIUM,True,1,,,True,47.6,29.9,56.4,False,2020,10.0
NOR,McLaren,24.0,85.247,14.0,391,6.0,SOFT,False,1,,,True,47.6,29.9,56.4,False,2020,8.0
GRO,Haas F1 Team,24.0,85.936,15.0,391,25.0,MEDIUM,False,1,,,True,47.6,29.9,56.4,False,2020,17.0
KVY,AlphaTauri,24.0,83.987,16.0,392,3.0,MEDIUM,True,1,,,True,47.6,29.9,56.4,False,2020,12.0
LAT,Williams,24.0,87.235,17.0,392,24.0,MEDIUM,True,1,,,True,47.6,29.9,56.4,False,2020,19.0
RUS,Williams,24.0,85.805,18.0,393,5.0,MEDIUM,True,1,,,True,47.6,29.9,56.4,False,2020,18.0
RAI,Alfa Romeo Racing,24.0,85.26,19.0,393,7.0,MEDIUM,False,1,,,True,47.6,29.9,56.4,False,2020,14.0
GIO,Alfa Romeo Racing,24.0,83.946,20.0,394,3.0,MEDIUM,True,1,,,True,47.6,29.9,56.4,False,2020,20.0
HAM,Mercedes,25.0,83.845,1.0,395,2.0,MEDIUM,True,1,,,True,47.6,29.9,56.4,False,2020,1.0
VER,Red Bull Racing,25.0,83.624,2.0,395,4.0,MEDIUM,True,1,,,True,47.6,29.9,56.4,False,2020,3.0
BOT,Mercedes,25.0,82.021,3.0,396,2.0,MEDIUM,True,1,,,True,47.6,29.9,56.4,False,2020,2.0
STR,Racing Point,25.0,85.665,4.0,396,28.0,SOFT,False,1,,,True,48.2,29.9,56.0,False,2020,5.0
PER,Racing Point,25.0,85.965,5.0,397,28.0,SOFT,False,1,,,True,48.2,29.9,56.0,False,2020,4.0
LEC,Ferrari,25.0,85.098,6.0,398,28.0,SOFT,False,1,,,True,48.2,29.9,56.0,False,2020,9.0
VET,Ferrari,25.0,85.627,7.0,399,25.0,MEDIUM,True,1,,,True,48.2,29.9,56.0,False,2020,11.0
RIC,Renault,25.0,85.214,8.0,400,25.0,MEDIUM,True,1,,,True,48.2,29.9,56.0,False,2020,13.0
MAG,Haas F1 Team,25.0,85.575,9.0,400,28.0,SOFT,False,1,,,True,48.2,29.9,56.0,False,2020,16.0
OCO,Renault,25.0,85.427,10.0,401,25.0,MEDIUM,True,1,,,True,48.2,29.9,56.0,False,2020,15.0
ALB,Red Bull Racing,25.0,85.388,11.0,402,8.0,HARD,True,1,,,True,48.2,29.9,56.0,False,2020,6.0
SAI,McLaren,25.0,85.527,12.0,403,6.0,SOFT,False,1,,,True,48.2,29.9,56.0,False,2020,7.0
GAS,AlphaTauri,25.0,85.181,13.0,404,4.0,MEDIUM,True,1,,,True,48.2,29.9,56.0,False,2020,10.0
NOR,McLaren,25.0,84.992,14.0,404,7.0,SOFT,False,1,,,True,48.2,29.9,56.0,False,2020,8.0
GRO,Haas F1 Team,25.0,86.193,15.0,404,26.0,MEDIUM,False,1,,,True,48.2,29.9,56.0,False,2020,17.0
KVY,AlphaTauri,25.0,84.676,16.0,405,4.0,MEDIUM,True,1,,,True,48.2,29.9,56.0,False,2020,12.0
RUS,Williams,25.0,84.729,17.0,405,6.0,MEDIUM,True,1,,,True,48.2,29.9,56.0,False,2020,18.0
LAT,Williams,25.0,87.954,18.0,405,25.0,MEDIUM,True,1,,,True,48.2,29.9,56.0,False,2020,19.0
RAI,Alfa Romeo Racing,25.0,87.322,19.0,406,8.0,MEDIUM,False,1,,,True,48.2,29.9,56.0,False,2020,14.0
GIO,Alfa Romeo Racing,25.0,84.157,20.0,407,4.0,MEDIUM,True,1,,,True,48.2,29.9,56.0,False,2020,20.0
HAM,Mercedes,26.0,83.659,1.0,408,3.0,MEDIUM,True,1,,,True,48.2,29.4,57.5,False,2020,1.0
VER,Red Bull Racing,26.0,83.644,2.0,408,5.0,MEDIUM,True,1,,,True,48.2,29.4,57.5,False,2020,3.0
BOT,Mercedes,26.0,82.991,3.0,409,3.0,MEDIUM,True,1,,,True,48.2,29.4,57.5,False,2020,2.0
STR,Racing Point,26.0,86.47,4.0,409,29.0,SOFT,False,1,,,True,48.2,29.4,57.5,False,2020,5.0
PER,Racing Point,26.0,86.186,5.0,410,29.0,SOFT,False,1,,,True,48.2,29.4,57.5,False,2020,4.0
LEC,Ferrari,26.0,85.363,6.0,411,29.0,SOFT,False,1,,,True,48.2,29.4,57.5,False,2020,9.0
VET,Ferrari,26.0,85.612,7.0,412,26.0,MEDIUM,True,1,,,True,48.2,29.4,57.5,False,2020,11.0
RIC,Renault,26.0,85.269,8.0,413,26.0,MEDIUM,True,1,,,True,48.2,29.4,57.5,False,2020,13.0
MAG,Haas F1 Team,26.0,85.596,9.0,413,29.0,SOFT,False,1,,,True,48.2,29.4,57.5,False,2020,16.0
OCO,Renault,26.0,85.641,10.0,414,26.0,MEDIUM,True,1,,,True,48.2,29.4,57.5,False,2020,15.0
ALB,Red Bull Racing,26.0,85.679,11.0,415,9.0,HARD,True,1,,,True,48.2,29.4,57.5,False,2020,6.0
SAI,McLaren,26.0,85.684,12.0,416,7.0,SOFT,False,1,,,True,48.2,29.4,57.5,False,2020,7.0
GAS,AlphaTauri,26.0,85.624,13.0,417,5.0,MEDIUM,True,1,,,True,48.2,29.4,57.5,False,2020,10.0
NOR,McLaren,26.0,85.447,14.0,417,8.0,SOFT,False,1,,,True,48.2,29.4,57.5,False,2020,8.0
KVY,AlphaTauri,26.0,84.096,15.0,418,5.0,MEDIUM,True,1,,,True,47.8,29.4,57.4,False,2020,12.0
GRO,Haas F1 Team,26.0,87.252,16.0,418,27.0,MEDIUM,False,1,,,True,47.8,29.4,57.4,False,2020,17.0
RUS,Williams,26.0,85.444,17.0,419,7.0,MEDIUM,True,1,,,True,47.8,29.4,57.4,False,2020,18.0
RAI,Alfa Romeo Racing,26.0,84.158,18.0,419,9.0,MEDIUM,False,1,,,True,47.8,29.4,57.4,False,2020,14.0
LAT,Williams,26.0,88.389,19.0,419,26.0,MEDIUM,True,1,,,True,47.8,29.4,57.4,False,2020,19.0
GIO,Alfa Romeo Racing,26.0,84.603,20.0,420,5.0,MEDIUM,True,1,,,True,47.8,29.4,57.4,False,2020,20.0
HAM,Mercedes,27.0,83.67,1.0,421,4.0,MEDIUM,True,1,,,True,47.8,29.4,57.4,False,2020,1.0
VER,Red Bull Racing,27.0,83.227,2.0,421,6.0,MEDIUM,True,1,,,True,47.8,29.4,57.4,False,2020,3.0
BOT,Mercedes,27.0,83.253,3.0,422,4.0,MEDIUM,True,1,,,True,47.8,29.4,57.4,False,2020,2.0
PER,Racing Point,27.0,86.376,4.0,422,30.0,SOFT,False,1,,,True,47.8,29.4,57.4,False,2020,4.0
STR,Racing Point,27.0,90.159,5.0,423,30.0,SOFT,False,1,0 days 01:11:46.358000,,False,47.8,29.4,57.4,False,2020,5.0
LEC,Ferrari,27.0,85.712,6.0,424,30.0,SOFT,False,1,,,True,47.8,29.4,57.4,False,2020,9.0
VET,Ferrari,27.0,85.811,7.0,425,27.0,MEDIUM,True,1,,,True,47.2,29.3,57.9,False,2020,11.0
RIC,Renault,27.0,85.474,8.0,426,27.0,MEDIUM,True,1,,,True,47.2,29.3,57.9,False,2020,13.0
MAG,Haas F1 Team,27.0,85.77,9.0,426,30.0,SOFT,False,1,,,True,47.2,29.3,57.9,False,2020,16.0
OCO,Renault,27.0,85.627,10.0,427,27.0,MEDIUM,True,1,,,True,47.2,29.3,57.9,False,2020,15.0
ALB,Red Bull Racing,27.0,85.619,11.0,428,10.0,HARD,True,1,,,True,47.2,29.3,57.9,False,2020,6.0
SAI,McLaren,27.0,85.55,12.0,429,8.0,SOFT,False,1,,,True,47.2,29.3,57.9,False,2020,7.0
GAS,AlphaTauri,27.0,85.689,13.0,430,6.0,MEDIUM,True,1,,,True,47.2,29.3,57.9,False,2020,10.0
NOR,McLaren,27.0,85.455,14.0,430,9.0,SOFT,False,1,,,True,47.2,29.3,57.9,False,2020,8.0
KVY,AlphaTauri,27.0,84.007,15.0,431,6.0,MEDIUM,True,1,,,True,47.2,29.3,57.9,False,2020,12.0
GRO,Haas F1 Team,27.0,86.035,16.0,431,28.0,MEDIUM,False,1,,,True,47.2,29.3,57.9,False,2020,17.0
RUS,Williams,27.0,85.047,17.0,432,8.0,MEDIUM,True,1,,,True,47.2,29.3,57.9,False,2020,18.0
RAI,Alfa Romeo Racing,27.0,84.619,18.0,432,10.0,MEDIUM,False,1,,,True,47.2,29.3,57.9,False,2020,14.0
LAT,Williams,27.0,87.915,19.0,432,27.0,MEDIUM,True,1,,,True,47.2,29.3,57.9,False,2020,19.0
GIO,Alfa Romeo Racing,27.0,86.594,20.0,433,6.0,MEDIUM,True,1,,,True,47.2,29.3,57.9,False,2020,20.0
HAM,Mercedes,28.0,83.275,1.0,434,5.0,MEDIUM,True,1,,,True,47.2,29.3,57.9,False,2020,1.0
VER,Red Bull Racing,28.0,83.491,2.0,434,7.0,MEDIUM,True,1,,,True,47.2,29.3,57.9,False,2020,3.0
BOT,Mercedes,28.0,83.31,3.0,435,5.0,MEDIUM,True,1,,,True,48.1,29.7,56.7,False,2020,2.0
PER,Racing Point,28.0,85.317,4.0,435,31.0,SOFT,False,1,,,True,48.1,29.7,56.7,False,2020,4.0
LEC,Ferrari,28.0,85.728,5.0,436,31.0,SOFT,False,1,,,True,48.1,29.7,56.7,False,2020,9.0
VET,Ferrari,28.0,86.157,6.0,437,28.0,MEDIUM,True,1,,,True,48.1,29.7,56.7,False,2020,11.0
RIC,Renault,28.0,85.594,7.0,438,28.0,MEDIUM,True,1,,,True,48.1,29.7,56.7,False,2020,13.0
STR,Racing Point,28.0,103.759,8.0,439,1.0,MEDIUM,True,1,,0 days 01:12:09.030000,False,48.1,29.7,56.7,False,2020,5.0
OCO,Renault,28.0,85.135,9.0,439,28.0,MEDIUM,True,1,,,True,48.1,29.7,56.7,False,2020,15.0
ALB,Red Bull Racing,28.0,85.459,10.0,440,11.0,HARD,True,1,,,True,48.1,29.7,56.7,False,2020,6.0
SAI,McLaren,28.0,85.504,11.0,441,9.0,SOFT,False,1,,,True,48.1,29.7,56.7,False,2020,7.0
GAS,AlphaTauri,28.0,87.302,12.0,442,7.0,MEDIUM,True,1,,,True,48.1,29.7,56.7,False,2020,10.0
NOR,McLaren,28.0,86.499,13.0,442,10.0,SOFT,False,1,,,True,48.1,29.7,56.7,False,2020,8.0
KVY,AlphaTauri,28.0,84.316,14.0,443,7.0,MEDIUM,True,1,,,True,48.1,29.7,56.7,False,2020,12.0
MAG,Haas F1 Team,28.0,93.003,15.0,443,31.0,SOFT,False,1,0 days 01:13:38.822000,,False,48.1,29.7,56.7,False,2020,16.0
GRO,Haas F1 Team,28.0,86.681,16.0,444,29.0,MEDIUM,False,1,,,True,48.1,29.7,56.7,False,2020,17.0
RUS,Williams,28.0,84.956,17.0,445,9.0,MEDIUM,True,1,,,True,48.1,29.7,56.7,False,2020,18.0
RAI,Alfa Romeo Racing,28.0,84.575,18.0,445,11.0,MEDIUM,False,1,,,True,47.8,29.7,56.2,False,2020,14.0
GIO,Alfa Romeo Racing,28.0,84.395,19.0,446,7.0,MEDIUM,True,1,,,True,47.8,29.7,56.2,False,2020,20.0
LAT,Williams,28.0,92.945,20.0,446,28.0,MEDIUM,True,1,0 days 01:14:05.401000,,False,47.8,29.7,56.2,False,2020,19.0
HAM,Mercedes,29.0,83.688,1.0,447,6.0,MEDIUM,True,1,,,True,47.8,29.7,56.2,False,2020,1.0
VER,Red Bull Racing,29.0,83.367,2.0,447,8.0,MEDIUM,True,1,,,True,47.8,29.7,56.2,False,2020,3.0
BOT,Mercedes,29.0,83.304,3.0,448,6.0,MEDIUM,True,1,,,True,47.8,29.7,56.2,False,2020,2.0
PER,Racing Point,29.0,89.245,4.0,448,32.0,SOFT,False,1,0 days 01:14:38.413000,,False,47.8,29.7,56.2,False,2020,4.0
LEC,Ferrari,29.0,89.966,5.0,449,32.0,SOFT,False,1,0 days 01:14:43.698000,,False,47.8,29.7,56.2,False,2020,9.0
RIC,Renault,29.0,87.145,6.0,450,29.0,MEDIUM,True,1,,,True,49.0,30.1,56.2,False,2020,13.0
VET,Ferrari,29.0,90.602,7.0,451,29.0,MEDIUM,True,1,0 days 01:14:52.477000,,False,49.0,30.1,56.2,False,2020,11.0
STR,Racing Point,29.0,84.23,8.0,452,2.0,MEDIUM,True,1,,,True,49.0,30.1,56.2,False,2020,5.0
OCO,Renault,29.0,85.39,9.0,452,29.0,MEDIUM,True,1,,,True,49.0,30.1,56.2,False,2020,15.0
SAI,McLaren,29.0,84.259,10.0,453,10.0,SOFT,False,1,,,True,49.0,30.1,56.2,False,2020,7.0
ALB,Red Bull Racing,29.0,86.442,11.0,453,12.0,HARD,True,1,,,True,49.0,30.1,56.2,False,2020,6.0
GAS,AlphaTauri,29.0,84.11,12.0,454,8.0,MEDIUM,True,1,,,True,49.0,30.1,56.2,False,2020,10.0
NOR,McLaren,29.0,84.859,13.0,454,11.0,SOFT,False,1,,,True,49.0,30.1,56.2,False,2020,8.0
KVY,AlphaTauri,29.0,84.328,14.0,455,8.0,MEDIUM,True,1,,,True,49.0,30.1,56.2,False,2020,12.0
GRO,Haas F1 Team,29.0,86.034,15.0,455,30.0,MEDIUM,False,1,,,True,49.0,30.1,56.2,False,2020,17.0
RUS,Williams,29.0,84.753,16.0,456,10.0,MEDIUM,True,1,,,True,49.0,30.1,56.2,False,2020,18.0
RAI,Alfa Romeo Racing,29.0,84.81,17.0,456,12.0,MEDIUM,False,1,,,True,49.0,30.1,56.2,False,2020,14.0
GIO,Alfa Romeo Racing,29.0,84.637,18.0,457,8.0,MEDIUM,True,1,,,True,49.0,30.1,56.2,False,2020,20.0
MAG,Haas F1 Team,29.0,105.827,19.0,458,2.0,MEDIUM,False,1,,0 days 01:14:02.946000,False,49.0,30.1,56.2,False,2020,16.0
LAT,Williams,29.0,102.684,20.0,459,1.0,MEDIUM,True,1,,0 days 01:14:27.804000,False,49.0,30.1,56.2,False,2020,19.0
HAM,Mercedes,30.0,83.343,1.0,459,7.0,MEDIUM,True,1,,,True,49.0,30.1,56.2,False,2020,1.0
VER,Red Bull Racing,30.0,83.353,2.0,459,9.0,MEDIUM,True,1,,,True,49.0,30.1,56.2,False,2020,3.0
BOT,Mercedes,30.0,83.591,3.0,460,7.0,MEDIUM,True,1,,,True,49.0,30.1,56.2,False,2020,2.0
RIC,Renault,30.0,85.04,4.0,460,30.0,MEDIUM,True,1,,,True,47.4,30.0,56.5,False,2020,13.0
STR,Racing Point,30.0,84.573,5.0,461,3.0,MEDIUM,True,1,,,True,47.4,30.0,56.5,False,2020,5.0
SAI,McLaren,30.0,83.325,6.0,461,11.0,SOFT,False,1,,,True,47.4,30.0,56.5,False,2020,7.0
PER,Racing Point,30.0,103.044,7.0,462,1.0,MEDIUM,True,1,,0 days 01:15:01.354000,False,47.4,30.0,56.5,False,2020,4.0
OCO,Renault,30.0,86.752,8.0,462,30.0,MEDIUM,True,1,,,True,47.4,30.0,56.5,False,2020,15.0
ALB,Red Bull Racing,30.0,85.401,9.0,463,13.0,HARD,True,1,,,True,47.4,30.0,56.5,False,2020,6.0
GAS,AlphaTauri,30.0,85.37,10.0,464,9.0,MEDIUM,True,1,,,True,47.4,30.0,56.5,False,2020,10.0
NOR,McLaren,30.0,85.015,11.0,464,12.0,SOFT,False,1,,,True,47.4,30.0,56.5,False,2020,8.0
LEC,Ferrari,30.0,103.13,12.0,465,1.0,MEDIUM,True,1,,0 days 01:15:05.972000,False,47.4,30.0,56.5,False,2020,9.0
KVY,AlphaTauri,30.0,85.896,13.0,465,9.0,MEDIUM,True,1,,,True,47.4,30.0,56.5,False,2020,12.0
VET,Ferrari,30.0,102.64,14.0,466,4.0,SOFT,False,1,,0 days 01:15:14.319000,False,47.4,30.0,56.5,False,2020,11.0
GRO,Haas F1 Team,30.0,87.232,15.0,466,31.0,MEDIUM,False,1,,,True,47.4,30.0,56.5,False,2020,17.0
RUS,Williams,30.0,85.46,16.0,467,11.0,MEDIUM,True,1,,,True,47.4,30.0,56.5,False,2020,18.0
RAI,Alfa Romeo Racing,30.0,85.156,17.0,467,13.0,MEDIUM,False,1,,,True,47.4,30.0,56.5,False,2020,14.0
GIO,Alfa Romeo Racing,30.0,84.386,18.0,468,9.0,MEDIUM,True,1,,,True,47.4,30.0,56.5,False,2020,20.0
MAG,Haas F1 Team,30.0,83.846,19.0,469,3.0,MEDIUM,False,1,,,True,47.4,30.0,56.5,False,2020,16.0
LAT,Williams,30.0,82.825,20.0,470,2.0,MEDIUM,True,1,,,True,48.6,30.1,56.4,False,2020,19.0
HAM,Mercedes,31.0,83.007,1.0,470,8.0,MEDIUM,True,1,,,True,48.6,30.1,56.4,False,2020,1.0
VER,Red Bull Racing,31.0,83.201,2.0,470,10.0,MEDIUM,True,1,,,True,48.6,30.1,56.4,False,2020,3.0
BOT,Mercedes,31.0,83.615,3.0,471,8.0,MEDIUM,True,1,,,True,48.6,30.1,56.4,False,2020,2.0
RIC,Renault,31.0,85.455,4.0,471,31.0,MEDIUM,True,1,,,True,48.6,30.1,56.4,False,2020,13.0
STR,Racing Point,31.0,84.486,5.0,472,4.0,MEDIUM,True,1,,,True,48.6,30.1,56.4,False,2020,5.0
PER,Racing Point,31.0,82.574,6.0,473,2.0,MEDIUM,True,1,,,True,48.6,30.1,56.4,False,2020,4.0
SAI,McLaren,31.0,85.197,7.0,473,12.0,SOFT,False,1,,,True,48.6,30.1,56.4,False,2020,7.0
OCO,Renault,31.0,85.221,8.0,473,31.0,MEDIUM,True,1,,,True,48.6,30.1,56.4,False,2020,15.0
ALB,Red Bull Racing,31.0,85.182,9.0,474,14.0,HARD,True,1,,,True,48.1,30.1,56.1,False,2020,6.0
GAS,AlphaTauri,31.0,85.226,10.0,475,10.0,MEDIUM,True,1,,,True,48.1,30.1,56.1,False,2020,10.0
NOR,McLaren,31.0,85.085,11.0,475,13.0,SOFT,False,1,,,True,48.1,30.1,56.1,False,2020,8.0
LEC,Ferrari,31.0,84.894,12.0,476,2.0,MEDIUM,True,1,,,True,48.1,30.1,56.1,False,2020,9.0
KVY,AlphaTauri,31.0,84.861,13.0,476,10.0,MEDIUM,True,1,,,True,48.1,30.1,56.1,False,2020,12.0
VET,Ferrari,31.0,84.034,14.0,477,5.0,SOFT,False,1,,,True,48.1,30.1,56.1,False,2020,11.0
RUS,Williams,31.0,84.84,15.0,477,12.0,MEDIUM,True,1,,,True,48.1,30.1,56.1,False,2020,18.0
GRO,Haas F1 Team,31.0,88.15,16.0,477,32.0,MEDIUM,False,1,,,True,48.1,30.1,56.1,False,2020,17.0
RAI,Alfa Romeo Racing,31.0,87.329,17.0,478,14.0,MEDIUM,False,1,,,True,48.1,30.1,56.1,False,2020,14.0
GIO,Alfa Romeo Racing,31.0,84.71,18.0,479,10.0,MEDIUM,True,1,,,True,48.1,30.1,56.1,False,2020,20.0
MAG,Haas F1 Team,31.0,84.319,19.0,480,4.0,MEDIUM,False,1,,,True,48.1,30.1,56.1,False,2020,16.0
LAT,Williams,31.0,83.461,20.0,481,3.0,MEDIUM,True,1,,,True,48.1,30.1,56.1,False,2020,19.0
HAM,Mercedes,32.0,83.102,1.0,481,9.0,MEDIUM,True,1,,,True,48.1,30.1,56.1,False,2020,1.0
VER,Red Bull Racing,32.0,83.269,2.0,481,11.0,MEDIUM,True,1,,,True,48.1,30.1,56.1,False,2020,3.0
BOT,Mercedes,32.0,83.425,3.0,482,9.0,MEDIUM,True,1,,,True,48.1,30.1,56.1,False,2020,2.0
RIC,Renault,32.0,85.482,4.0,482,32.0,MEDIUM,True,1,,,True,48.7,30.1,56.3,False,2020,13.0
STR,Racing Point,32.0,84.203,5.0,483,5.0,MEDIUM,True,1,,,True,48.7,30.1,56.3,False,2020,5.0
PER,Racing Point,32.0,85.05,6.0,484,3.0,MEDIUM,True,1,,,True,48.7,30.1,56.3,False,2020,4.0
SAI,McLaren,32.0,84.37,7.0,484,13.0,SOFT,False,1,,,True,48.7,30.1,56.3,False,2020,7.0
OCO,Renault,32.0,85.348,8.0,484,32.0,MEDIUM,True,1,,,True,48.7,30.1,56.3,False,2020,15.0
ALB,Red Bull Racing,32.0,85.271,9.0,485,15.0,HARD,True,1,,,True,48.7,30.1,56.3,False,2020,6.0
GAS,AlphaTauri,32.0,85.221,10.0,486,11.0,MEDIUM,True,1,,,True,48.7,30.1,56.3,False,2020,10.0
NOR,McLaren,32.0,85.189,11.0,486,14.0,SOFT,False,1,,,True,48.7,30.1,56.3,False,2020,8.0
LEC,Ferrari,32.0,85.198,12.0,487,3.0,MEDIUM,True,1,,,True,48.7,30.1,56.3,False,2020,9.0
KVY,AlphaTauri,32.0,85.112,13.0,487,11.0,MEDIUM,True,1,,,True,48.7,30.1,56.3,False,2020,12.0
VET,Ferrari,32.0,84.197,14.0,488,6.0,SOFT,False,1,,,True,48.7,30.1,56.3,False,2020,11.0
RUS,Williams,32.0,85.051,15.0,488,13.0,MEDIUM,True,1,,,True,48.7,30.1,56.3,False,2020,18.0
RAI,Alfa Romeo Racing,32.0,83.791,16.0,488,15.0,MEDIUM,False,1,,,True,48.7,30.1,56.3,False,2020,14.0
GIO,Alfa Romeo Racing,32.0,84.589,17.0,489,11.0,MEDIUM,True,1,,,True,48.7,30.1,56.3,False,2020,20.0
MAG,Haas F1 Team,32.0,84.439,18.0,490,5.0,MEDIUM,False,1,,,True,48.7,30.1,56.3,False,2020,16.0
GRO,Haas F1 Team,32.0,91.836,19.0,490,33.0,MEDIUM,False,1,0 days 01:19:38.497000,,False,48.7,30.1,56.3,False,2020,17.0
LAT,Williams,32.0,84.172,20.0,491,4.0,MEDIUM,True,1,,,True,48.7,30.1,55.4,False,2020,19.0
HAM,Mercedes,33.0,83.002,1.0,491,10.0,MEDIUM,True,1,,,True,48.7,30.1,56.3,False,2020,1.0
VER,Red Bull Racing,33.0,83.106,2.0,491,12.0,MEDIUM,True,1,,,True,48.7,30.1,56.3,False,2020,3.0
BOT,Mercedes,33.0,83.43,3.0,492,10.0,MEDIUM,True,1,,,True,48.7,30.1,56.3,False,2020,2.0
RIC,Renault,33.0,85.185,4.0,492,33.0,MEDIUM,True,1,,,True,48.7,30.1,55.4,False,2020,13.0
STR,Racing Point,33.0,84.688,5.0,493,6.0,MEDIUM,True,1,,,True,48.7,30.1,55.4,False,2020,5.0
PER,Racing Point,33.0,84.669,6.0,494,4.0,MEDIUM,True,1,,,True,48.7,30.1,55.4,False,2020,4.0
SAI,McLaren,33.0,84.582,7.0,494,14.0,SOFT,False,1,,,True,48.7,30.1,55.4,False,2020,7.0
ALB,Red Bull Racing,33.0,83.688,8.0,494,16.0,HARD,True,1,,,True,48.7,30.1,55.4,False,2020,6.0
OCO,Renault,33.0,86.587,9.0,494,33.0,MEDIUM,True,1,,,True,48.7,30.1,55.4,False,2020,15.0
GAS,AlphaTauri,33.0,85.779,10.0,495,12.0,MEDIUM,True,1,,,True,48.7,30.1,55.4,False,2020,10.0
NOR,McLaren,33.0,85.686,11.0,495,15.0,SOFT,False,1,,,True,48.7,30.1,55.4,False,2020,8.0
LEC,Ferrari,33.0,85.567,12.0,496,4.0,MEDIUM,True,1,,,True,48.7,30.1,55.4,False,2020,9.0
KVY,AlphaTauri,33.0,85.177,13.0,496,12.0,MEDIUM,True,1,,,True,48.7,30.1,55.4,False,2020,12.0
VET,Ferrari,33.0,84.495,14.0,497,7.0,SOFT,False,1,,,True,48.7,30.1,55.4,False,2020,11.0
RUS,Williams,33.0,84.893,15.0,497,14.0,MEDIUM,True,1,,,True,47.9,30.1,55.8,False,2020,18.0
RAI,Alfa Romeo Racing,33.0,84.48,16.0,497,16.0,MEDIUM,False,1,,,True,47.9,30.1,55.8,False,2020,14.0
GIO,Alfa Romeo Racing,33.0,84.105,17.0,498,12.0,MEDIUM,True,1,,,True,47.9,30.1,55.8,False,2020,20.0
MAG,Haas F1 Team,33.0,84.282,18.0,499,6.0,MEDIUM,False,1,,,True,47.9,30.1,55.8,False,2020,16.0
GRO,Haas F1 Team,33.0,104.068,19.0,500,4.0,SOFT,False,1,,0 days 01:20:01.739000,False,47.9,30.1,55.8,False,2020,17.0
LAT,Williams,33.0,85.634,20.0,500,5.0,MEDIUM,True,1,,,True,47.9,30.1,55.8,False,2020,19.0
HAM,Mercedes,34.0,82.658,1.0,500,11.0,MEDIUM,True,1,,,True,47.9,30.1,55.8,False,2020,1.0
VER,Red Bull Racing,34.0,83.113,2.0,500,13.0,MEDIUM,True,1,,,True,47.9,30.1,55.8,False,2020,3.0
BOT,Mercedes,34.0,82.8,3.0,501,11.0,MEDIUM,True,1,,,True,47.9,30.1,55.8,False,2020,2.0
RIC,Renault,34.0,85.299,4.0,501,34.0,MEDIUM,True,1,,,True,47.9,30.1,55.7,False,2020,13.0
STR,Racing Point,34.0,84.533,5.0,502,7.0,MEDIUM,True,1,,,True,47.9,30.1,55.7,False,2020,5.0
PER,Racing Point,34.0,84.567,6.0,503,5.0,MEDIUM,True,1,,,True,47.9,30.1,55.7,False,2020,4.0
SAI,McLaren,34.0,84.681,7.0,503,15.0,SOFT,False,1,,,True,47.9,30.1,55.7,False,2020,7.0
ALB,Red Bull Racing,34.0,84.77,8.0,503,17.0,HARD,True,1,,,True,47.9,30.1,55.7,False,2020,6.0
GAS,AlphaTauri,34.0,84.031,9.0,504,13.0,MEDIUM,True,1,,,True,47.9,30.1,55.7,False,2020,10.0
NOR,McLaren,34.0,86.507,10.0,504,16.0,SOFT,False,1,,,True,47.9,30.1,55.7,False,2020,8.0
LEC,Ferrari,34.0,86.774,11.0,505,5.0,MEDIUM,True,1,,,True,47.9,30.1,55.7,False,2020,9.0
KVY,AlphaTauri,34.0,86.504,12.0,505,13.0,MEDIUM,True,1,,,True,47.9,30.1,55.7,False,2020,12.0
OCO,Renault,34.0,90.189,13.0,505,34.0,MEDIUM,True,1,0 days 01:22:11.044000,,False,47.9,30.1,55.7,False,2020,15.0
VET,Ferrari,34.0,85.133,14.0,506,8.0,SOFT,False,1,,,True,47.9,30.1,55.7,False,2020,11.0
RUS,Williams,34.0,84.859,15.0,506,15.0,MEDIUM,True,1,,,True,47.9,30.1,55.7,False,2020,18.0
RAI,Alfa Romeo Racing,34.0,84.525,16.0,506,17.0,MEDIUM,False,1,,,True,47.9,30.1,55.7,False,2020,14.0
GIO,Alfa Romeo Racing,34.0,84.661,17.0,507,13.0,MEDIUM,True,1,,,True,47.9,30.1,55.7,False,2020,20.0
MAG,Haas F1 Team,34.0,84.688,18.0,508,7.0,MEDIUM,False,1,,,True,47.9,30.1,55.7,False,2020,16.0
GRO,Haas F1 Team,34.0,83.361,19.0,509,5.0,SOFT,False,1,,,True,47.9,30.1,55.7,False,2020,17.0
LAT,Williams,34.0,84.634,20.0,509,6.0,MEDIUM,True,1,,,True,47.9,30.1,55.7,False,2020,19.0
HAM,Mercedes,35.0,82.948,1.0,509,12.0,MEDIUM,True,1,,,True,47.9,30.1,55.7,False,2020,1.0
VER,Red Bull Racing,35.0,82.896,2.0,509,14.0,MEDIUM,True,1,,,True,47.9,30.1,55.7,False,2020,3.0
BOT,Mercedes,35.0,82.781,3.0,510,12.0,MEDIUM,True,1,,,True,47.9,30.1,55.7,False,2020,2.0
STR,Racing Point,35.0,84.164,4.0,511,8.0,MEDIUM,True,1,,,True,47.9,30.2,55.3,False,2020,5.0
PER,Racing Point,35.0,85.129,5.0,512,6.0,MEDIUM,True,1,,,True,47.9,30.2,55.3,False,2020,4.0
SAI,McLaren,35.0,84.878,6.0,512,16.0,SOFT,False,1,,,True,47.9,30.2,55.3,False,2020,7.0
RIC,Renault,35.0,89.972,7.0,512,35.0,MEDIUM,True,1,0 days 01:23:26.168000,,False,47.9,30.2,55.3,False,2020,13.0
ALB,Red Bull Racing,35.0,84.945,8.0,513,18.0,HARD,True,1,,,True,47.9,30.2,55.3,False,2020,6.0
GAS,AlphaTauri,35.0,84.307,9.0,514,14.0,MEDIUM,True,1,,,True,47.9,30.2,55.3,False,2020,10.0
NOR,McLaren,35.0,83.33,10.0,514,17.0,SOFT,False,1,,,True,47.9,30.2,55.3,False,2020,8.0
LEC,Ferrari,35.0,83.968,11.0,515,6.0,MEDIUM,True,1,,,True,47.9,30.2,55.3,False,2020,9.0
KVY,AlphaTauri,35.0,84.867,12.0,515,14.0,MEDIUM,True,1,,,True,47.9,30.2,55.3,False,2020,12.0
VET,Ferrari,35.0,84.515,13.0,516,9.0,SOFT,False,1,,,True,47.9,30.2,55.3,False,2020,11.0
RAI,Alfa Romeo Racing,35.0,84.963,14.0,516,18.0,MEDIUM,False,1,,,True,47.9,30.2,55.3,False,2020,14.0
RUS,Williams,35.0,87.956,15.0,517,16.0,MEDIUM,True,1,0 days 01:23:46.543000,,False,47.9,30.2,55.3,False,2020,18.0
GIO,Alfa Romeo Racing,35.0,86.546,16.0,518,14.0,MEDIUM,True,1,,,True,47.5,30.1,55.6,False,2020,20.0
MAG,Haas F1 Team,35.0,85.963,17.0,519,8.0,MEDIUM,False,1,,,True,47.5,30.1,55.6,False,2020,16.0
OCO,Renault,35.0,104.84,18.0,520,1.0,SOFT,True,1,,0 days 01:22:33.400000,False,47.5,30.1,55.6,False,2020,15.0
GRO,Haas F1 Team,35.0,83.569,19.0,520,6.0,SOFT,False,1,,,True,47.5,30.1,55.6,False,2020,17.0
LAT,Williams,35.0,84.405,20.0,520,7.0,MEDIUM,True,1,,,True,47.5,30.1,55.6,False,2020,19.0
HAM,Mercedes,36.0,82.44,1.0,520,13.0,MEDIUM,True,1,,,True,47.9,30.2,55.3,False,2020,1.0
VER,Red Bull Racing,36.0,83.548,2.0,520,15.0,MEDIUM,True,1,,,True,47.5,30.1,55.6,False,2020,3.0
BOT,Mercedes,36.0,83.44,3.0,521,13.0,MEDIUM,True,1,,,True,47.5,30.1,55.6,False,2020,2.0
STR,Racing Point,36.0,84.478,4.0,522,9.0,MEDIUM,True,1,,,True,47.5,30.1,55.6,False,2020,5.0
PER,Racing Point,36.0,84.355,5.0,523,7.0,MEDIUM,True,1,,,True,47.5,30.1,55.6,False,2020,4.0
SAI,McLaren,36.0,84.677,6.0,523,17.0,SOFT,False,1,,,True,47.5,30.1,55.6,False,2020,7.0
ALB,Red Bull Racing,36.0,84.196,7.0,523,19.0,HARD,True,12,,,True,47.4,30.2,55.9,False,2020,6.0
GAS,AlphaTauri,36.0,84.147,8.0,524,15.0,MEDIUM,True,12,,,True,47.4,30.2,55.9,False,2020,10.0
NOR,McLaren,36.0,83.644,9.0,524,18.0,SOFT,False,12,,,True,47.4,30.2,55.9,False,2020,8.0
KVY,AlphaTauri,36.0,84.704,10.0,525,15.0,MEDIUM,True,12,,,True,47.4,30.2,55.9,False,2020,12.0
VET,Ferrari,36.0,84.298,11.0,526,10.0,SOFT,False,12,,,True,47.4,30.2,55.9,False,2020,11.0
RIC,Renault,36.0,104.384,12.0,527,1.0,SOFT,True,12,,0 days 01:23:48.068000,False,47.4,30.2,55.9,False,2020,13.0
RAI,Alfa Romeo Racing,36.0,86.454,13.0,527,19.0,MEDIUM,False,12,,,True,47.4,30.2,55.9,False,2020,14.0
GIO,Alfa Romeo Racing,36.0,84.876,14.0,528,15.0,MEDIUM,True,12,,,True,47.4,30.2,55.9,False,2020,20.0
MAG,Haas F1 Team,36.0,84.755,15.0,529,9.0,MEDIUM,False,12,,,True,47.4,30.2,55.9,False,2020,16.0
OCO,Renault,36.0,86.429,16.0,530,2.0,SOFT,True,12,,,True,47.4,30.2,55.9,False,2020,15.0
RUS,Williams,36.0,100.624,17.0,531,1.0,MEDIUM,True,12,,0 days 01:24:08.447000,False,47.4,30.2,55.9,False,2020,18.0
GRO,Haas F1 Team,36.0,84.344,18.0,531,7.0,SOFT,False,12,,,True,47.4,30.2,55.9,False,2020,17.0
LAT,Williams,36.0,84.335,19.0,531,8.0,MEDIUM,True,12,,,True,47.4,30.2,55.9,False,2020,19.0
LEC,Ferrari,36.0,132.577,20.0,532,7.0,MEDIUM,True,12,,,True,47.4,30.2,55.9,False,2020,9.0
HAM,Mercedes,37.0,82.826,1.0,532,14.0,MEDIUM,True,12,,,True,47.4,30.2,55.9,False,2020,1.0
VER,Red Bull Racing,37.0,83.478,2.0,532,16.0,MEDIUM,True,12,,,True,47.4,30.2,55.9,False,2020,3.0
BOT,Mercedes,37.0,83.866,3.0,533,14.0,MEDIUM,True,12,,,True,47.4,30.2,55.9,False,2020,2.0
STR,Racing Point,37.0,84.293,4.0,534,10.0,MEDIUM,True,12,,,True,47.4,30.4,54.8,False,2020,5.0
PER,Racing Point,37.0,84.097,5.0,535,8.0,MEDIUM,True,12,,,True,47.4,30.4,54.8,False,2020,4.0
SAI,McLaren,37.0,84.157,6.0,535,18.0,SOFT,False,12,,,True,47.4,30.4,54.8,False,2020,7.0
ALB,Red Bull Racing,37.0,84.201,7.0,535,20.0,HARD,True,21,,,True,47.4,30.4,54.8,False,2020,6.0
GAS,AlphaTauri,37.0,83.85,8.0,536,16.0,MEDIUM,True,21,,,True,47.4,30.4,54.8,False,2020,10.0
NOR,McLaren,37.0,83.734,9.0,536,19.0,SOFT,False,21,,,True,47.4,30.4,54.8,False,2020,8.0
KVY,AlphaTauri,37.0,83.772,10.0,537,16.0,MEDIUM,True,21,,,True,47.4,30.4,54.8,False,2020,12.0
VET,Ferrari,37.0,84.13,11.0,538,11.0,SOFT,False,21,,,True,47.4,30.4,54.8,False,2020,11.0
RIC,Renault,37.0,86.655,12.0,539,2.0,SOFT,True,21,,,True,47.4,30.4,54.8,False,2020,13.0
RAI,Alfa Romeo Racing,37.0,86.951,13.0,539,20.0,MEDIUM,False,21,,,True,47.4,30.4,54.8,False,2020,14.0
GIO,Alfa Romeo Racing,37.0,84.795,14.0,540,16.0,MEDIUM,True,21,,,True,47.4,30.4,54.8,False,2020,20.0
MAG,Haas F1 Team,37.0,86.708,15.0,541,10.0,MEDIUM,False,21,,,True,47.4,30.4,54.8,False,2020,16.0
OCO,Renault,37.0,84.746,16.0,542,3.0,SOFT,True,21,,,True,47.4,30.4,54.8,False,2020,15.0
RUS,Williams,37.0,82.503,17.0,543,2.0,MEDIUM,True,21,,,True,48.7,30.5,54.5,False,2020,18.0
GRO,Haas F1 Team,37.0,83.34,18.0,543,8.0,SOFT,False,21,,,True,48.7,30.5,54.5,False,2020,17.0
LAT,Williams,37.0,84.077,19.0,543,9.0,MEDIUM,True,1,,,True,48.7,30.5,54.5,False,2020,19.0
LEC,Ferrari,37.0,93.153,20.0,544,8.0,MEDIUM,True,1,,,True,48.7,30.5,54.5,False,2020,9.0
HAM,Mercedes,38.0,82.502,1.0,544,15.0,MEDIUM,True,21,,,True,47.4,30.4,54.8,False,2020,1.0
VER,Red Bull Racing,38.0,84.038,2.0,544,17.0,MEDIUM,True,21,,,True,47.4,30.4,54.8,False,2020,3.0
BOT,Mercedes,38.0,83.524,3.0,545,15.0,MEDIUM,True,21,,,True,47.4,30.4,54.8,False,2020,2.0
STR,Racing Point,38.0,84.935,4.0,546,11.0,MEDIUM,True,1,,,True,48.7,30.5,54.5,False,2020,5.0
PER,Racing Point,38.0,84.447,5.0,547,9.0,MEDIUM,True,1,,,True,48.7,30.5,54.5,False,2020,4.0
SAI,McLaren,38.0,84.381,6.0,547,19.0,SOFT,False,1,,,True,48.7,30.5,54.5,False,2020,7.0
ALB,Red Bull Racing,38.0,84.257,7.0,547,21.0,HARD,True,1,,,True,48.7,30.5,54.5,False,2020,6.0
GAS,AlphaTauri,38.0,84.159,8.0,548,17.0,MEDIUM,True,1,,,True,48.7,30.5,54.5,False,2020,10.0
NOR,McLaren,38.0,84.038,9.0,548,20.0,SOFT,False,1,,,True,48.7,30.5,54.5,False,2020,8.0
KVY,AlphaTauri,38.0,83.692,10.0,549,17.0,MEDIUM,True,1,,,True,48.7,30.5,54.5,False,2020,12.0
VET,Ferrari,38.0,84.019,11.0,550,12.0,SOFT,False,1,,,True,48.7,30.1,55.7,False,2020,11.0
RIC,Renault,38.0,85.005,12.0,551,3.0,SOFT,True,1,,,True,48.7,30.1,55.7,False,2020,13.0
RAI,Alfa Romeo Racing,38.0,85.133,13.0,551,21.0,MEDIUM,False,1,,,True,48.7,30.1,55.7,False,2020,14.0
GIO,Alfa Romeo Racing,38.0,85.099,14.0,552,17.0,MEDIUM,True,1,,,True,48.7,30.1,55.7,False,2020,20.0
MAG,Haas F1 Team,38.0,85.565,15.0,553,11.0,MEDIUM,False,1,,,True,48.7,30.1,55.7,False,2020,16.0
OCO,Renault,38.0,84.692,16.0,554,4.0,SOFT,True,1,,,True,48.7,30.1,55.7,False,2020,15.0
RUS,Williams,38.0,83.157,17.0,555,3.0,MEDIUM,True,1,,,True,48.7,30.1,55.7,False,2020,18.0
GRO,Haas F1 Team,38.0,83.619,18.0,555,9.0,SOFT,False,1,,,True,48.7,30.1,55.7,False,2020,17.0
LAT,Williams,38.0,84.496,19.0,555,10.0,MEDIUM,True,1,,,True,48.7,30.1,55.7,False,2020,19.0
LEC,Ferrari,38.0,87.517,20.0,556,9.0,MEDIUM,True,1,0 days 01:28:46.441000,,False,48.7,30.1,55.7,False,2020,9.0
HAM,Mercedes,39.0,82.273,1.0,556,16.0,MEDIUM,True,1,,,True,48.7,30.1,55.7,False,2020,1.0
VER,Red Bull Racing,39.0,83.775,2.0,556,18.0,MEDIUM,True,1,,,True,48.7,30.1,55.7,False,2020,3.0
BOT,Mercedes,39.0,83.136,3.0,557,16.0,MEDIUM,True,1,,,True,48.7,30.1,55.7,False,2020,2.0
STR,Racing Point,39.0,84.413,4.0,558,12.0,MEDIUM,True,1,,,True,45.8,29.8,56.7,False,2020,5.0
PER,Racing Point,39.0,84.31,5.0,559,10.0,MEDIUM,True,1,,,True,45.8,29.8,56.7,False,2020,4.0
SAI,McLaren,39.0,84.422,6.0,559,20.0,SOFT,False,1,,,True,45.8,29.8,56.7,False,2020,7.0
GAS,AlphaTauri,39.0,84.63,7.0,560,18.0,MEDIUM,True,1,,,True,45.8,29.8,56.7,False,2020,10.0
NOR,McLaren,39.0,84.047,8.0,560,21.0,SOFT,False,1,,,True,45.8,29.8,56.7,False,2020,8.0
ALB,Red Bull Racing,39.0,87.959,9.0,560,22.0,HARD,True,1,0 days 01:29:08.941000,,False,45.8,29.8,56.7,False,2020,6.0
KVY,AlphaTauri,39.0,83.652,10.0,561,18.0,MEDIUM,True,1,,,True,45.8,29.8,56.7,False,2020,12.0
VET,Ferrari,39.0,83.755,11.0,562,13.0,SOFT,False,1,,,True,45.8,29.8,56.7,False,2020,11.0
RIC,Renault,39.0,84.897,12.0,563,4.0,SOFT,True,1,,,True,45.8,29.8,56.7,False,2020,13.0
RAI,Alfa Romeo Racing,39.0,85.031,13.0,563,22.0,MEDIUM,False,1,,,True,45.8,29.8,56.7,False,2020,14.0
GIO,Alfa Romeo Racing,39.0,87.331,14.0,564,18.0,MEDIUM,True,1,,,True,45.8,29.8,56.7,False,2020,20.0
MAG,Haas F1 Team,39.0,84.546,15.0,565,12.0,MEDIUM,False,1,,,True,45.8,29.8,56.7,False,2020,16.0
OCO,Renault,39.0,84.524,16.0,566,5.0,SOFT,True,1,,,True,45.8,29.8,56.7,False,2020,15.0
RUS,Williams,39.0,84.738,17.0,567,4.0,MEDIUM,True,1,,,True,45.8,29.8,56.7,False,2020,18.0
GRO,Haas F1 Team,39.0,83.509,18.0,567,10.0,SOFT,False,1,,,True,45.8,29.8,56.7,False,2020,17.0
LAT,Williams,39.0,84.621,19.0,567,11.0,MEDIUM,True,1,,,True,44.8,29.5,57.7,False,2020,19.0
HAM,Mercedes,40.0,82.213,1.0,567,17.0,MEDIUM,True,1,,,True,45.8,29.8,56.7,False,2020,1.0
VER,Red Bull Racing,40.0,83.096,2.0,567,19.0,MEDIUM,True,1,,,True,45.8,29.8,56.7,False,2020,3.0
BOT,Mercedes,40.0,83.265,3.0,568,17.0,MEDIUM,True,1,,,True,45.8,29.8,56.7,False,2020,2.0
STR,Racing Point,40.0,84.452,4.0,569,13.0,MEDIUM,True,1,,,True,44.8,29.5,57.7,False,2020,5.0
PER,Racing Point,40.0,84.351,5.0,570,11.0,MEDIUM,True,1,,,True,44.8,29.5,57.7,False,2020,4.0
SAI,McLaren,40.0,84.256,6.0,570,21.0,SOFT,False,1,,,True,44.8,29.5,57.7,False,2020,7.0
GAS,AlphaTauri,40.0,83.082,7.0,571,19.0,MEDIUM,True,1,,,True,44.8,29.5,57.7,False,2020,10.0
NOR,McLaren,40.0,83.563,8.0,571,22.0,SOFT,False,1,,,True,44.8,29.5,57.7,False,2020,8.0
KVY,AlphaTauri,40.0,84.177,9.0,572,19.0,MEDIUM,True,1,,,True,44.8,29.5,57.7,False,2020,12.0
VET,Ferrari,40.0,83.764,10.0,573,14.0,SOFT,False,1,,,True,44.8,29.5,57.7,False,2020,11.0
ALB,Red Bull Racing,40.0,100.933,11.0,574,1.0,MEDIUM,True,1,,0 days 01:29:30.749000,False,44.8,29.5,58.0,False,2020,6.0
RIC,Renault,40.0,88.239,12.0,574,5.0,SOFT,True,1,,,True,44.8,29.5,58.0,False,2020,13.0
RAI,Alfa Romeo Racing,40.0,87.871,13.0,574,23.0,MEDIUM,False,1,,,True,44.8,29.5,58.0,False,2020,14.0
GIO,Alfa Romeo Racing,40.0,84.985,14.0,575,19.0,MEDIUM,True,1,,,True,44.8,29.5,58.0,False,2020,20.0
MAG,Haas F1 Team,40.0,84.848,15.0,576,13.0,MEDIUM,False,1,,,True,44.8,29.5,58.0,False,2020,16.0
OCO,Renault,40.0,84.817,16.0,577,6.0,SOFT,True,1,,,True,44.8,29.5,58.0,False,2020,15.0
RUS,Williams,40.0,85.26,17.0,578,5.0,MEDIUM,True,1,,,True,44.8,29.5,58.0,False,2020,18.0
GRO,Haas F1 Team,40.0,83.714,18.0,578,11.0,SOFT,False,1,,,True,44.8,29.5,58.0,False,2020,17.0
LAT,Williams,40.0,83.981,19.0,578,12.0,MEDIUM,True,1,,,True,44.8,29.5,58.0,False,2020,19.0
HAM,Mercedes,41.0,82.438,1.0,578,18.0,MEDIUM,True,1,,,True,44.8,29.5,57.7,False,2020,1.0
BOT,Mercedes,41.0,83.334,2.0,579,18.0,MEDIUM,True,1,,,True,44.8,29.5,58.0,False,2020,2.0
VER,Red Bull Racing,41.0,86.019,3.0,579,20.0,MEDIUM,True,1,0 days 01:30:55.241000,,False,44.8,29.5,58.0,False,2020,3.0
STR,Racing Point,41.0,84.376,4.0,580,14.0,MEDIUM,True,1,,,True,44.8,29.5,58.0,False,2020,5.0
PER,Racing Point,41.0,84.464,5.0,581,12.0,MEDIUM,True,1,,,True,44.8,29.5,58.0,False,2020,4.0
GAS,AlphaTauri,41.0,84.041,6.0,581,20.0,MEDIUM,True,1,,,True,45.1,29.8,56.4,False,2020,10.0
SAI,McLaren,41.0,87.582,7.0,581,22.0,SOFT,False,1,0 days 01:31:53.996000,,False,45.1,29.8,56.4,False,2020,7.0
NOR,McLaren,41.0,84.031,8.0,581,23.0,SOFT,False,1,,,True,45.1,29.8,56.4,False,2020,8.0
KVY,AlphaTauri,41.0,84.26,9.0,582,20.0,MEDIUM,True,1,,,True,45.1,29.8,56.4,False,2020,12.0
VET,Ferrari,41.0,84.031,10.0,583,15.0,SOFT,False,1,,,True,45.1,29.8,56.4,False,2020,11.0
ALB,Red Bull Racing,41.0,82.194,11.0,584,2.0,MEDIUM,True,1,,,True,45.1,29.8,56.4,False,2020,6.0
RIC,Renault,41.0,84.306,12.0,584,6.0,SOFT,True,1,,,True,45.1,29.8,56.4,False,2020,13.0
RAI,Alfa Romeo Racing,41.0,85.351,13.0,584,24.0,MEDIUM,False,1,,,True,45.1,29.8,56.4,False,2020,14.0
MAG,Haas F1 Team,41.0,84.969,14.0,585,14.0,MEDIUM,False,1,,,True,45.1,29.8,56.4,False,2020,16.0
GIO,Alfa Romeo Racing,41.0,87.515,15.0,585,20.0,MEDIUM,True,1,,,True,45.1,29.8,56.4,False,2020,20.0
OCO,Renault,41.0,85.503,16.0,586,7.0,SOFT,True,1,,,True,45.1,29.8,56.4,False,2020,15.0
RUS,Williams,41.0,84.938,17.0,587,6.0,MEDIUM,True,1,,,True,45.1,29.8,56.4,False,2020,18.0
GRO,Haas F1 Team,41.0,83.837,18.0,587,12.0,SOFT,False,1,,,True,45.1,29.8,56.4,False,2020,17.0
LAT,Williams,41.0,84.459,19.0,587,13.0,MEDIUM,True,1,,,True,45.1,29.8,56.4,False,2020,19.0
HAM,Mercedes,42.0,82.305,1.0,587,19.0,MEDIUM,True,1,,,True,45.1,29.8,56.4,False,2020,1.0
BOT,Mercedes,42.0,81.857,2.0,588,19.0,MEDIUM,True,1,,,True,45.1,29.8,56.4,False,2020,2.0
VER,Red Bull Racing,42.0,99.927,3.0,589,1.0,MEDIUM,True,1,,0 days 01:31:16.837000,False,45.1,29.8,56.4,False,2020,3.0
PER,Racing Point,42.0,84.691,4.0,589,13.0,MEDIUM,True,1,,,True,47.9,29.9,55.8,False,2020,4.0
STR,Racing Point,42.0,87.852,5.0,589,15.0,MEDIUM,True,1,0 days 01:33:15.830000,,False,47.9,29.9,55.8,False,2020,5.0
NOR,McLaren,42.0,84.037,6.0,589,24.0,SOFT,False,1,,,True,47.9,29.9,55.8,False,2020,8.0
GAS,AlphaTauri,42.0,87.358,7.0,590,21.0,MEDIUM,True,1,0 days 01:33:21.023000,,False,47.9,29.9,55.8,False,2020,10.0
KVY,AlphaTauri,42.0,84.37,8.0,591,21.0,MEDIUM,True,1,,,True,47.9,29.9,55.8,False,2020,12.0
VET,Ferrari,42.0,86.151,9.0,592,16.0,SOFT,False,1,,,True,47.9,29.9,55.8,False,2020,11.0
SAI,McLaren,42.0,101.0,10.0,593,1.0,MEDIUM,True,1,,0 days 01:32:16.189000,False,47.9,29.9,55.8,False,2020,7.0
ALB,Red Bull Racing,42.0,84.393,11.0,593,3.0,MEDIUM,True,1,,,True,47.9,29.9,55.8,False,2020,6.0
RIC,Renault,42.0,84.61,12.0,593,7.0,SOFT,True,1,,,True,47.9,29.9,55.8,False,2020,13.0
RAI,Alfa Romeo Racing,42.0,85.333,13.0,593,25.0,MEDIUM,False,1,,,True,47.9,29.9,55.8,False,2020,14.0
MAG,Haas F1 Team,42.0,84.731,14.0,594,15.0,MEDIUM,False,1,,,True,47.9,29.9,55.8,False,2020,16.0
GIO,Alfa Romeo Racing,42.0,85.121,15.0,594,21.0,MEDIUM,True,1,,,True,47.9,30.1,55.3,False,2020,20.0
OCO,Renault,42.0,85.019,16.0,595,8.0,SOFT,True,1,,,True,47.9,30.1,55.3,False,2020,15.0
RUS,Williams,42.0,84.701,17.0,596,7.0,MEDIUM,True,1,,,True,47.9,30.1,55.3,False,2020,18.0
GRO,Haas F1 Team,42.0,83.877,18.0,596,13.0,SOFT,False,1,,,True,47.9,30.1,55.3,False,2020,17.0
LAT,Williams,42.0,84.403,19.0,596,14.0,MEDIUM,True,1,,,True,47.9,30.1,55.3,False,2020,19.0
HAM,Mercedes,43.0,82.129,1.0,596,20.0,MEDIUM,True,1,,,True,47.9,29.9,55.8,False,2020,1.0
BOT,Mercedes,43.0,82.532,2.0,597,20.0,MEDIUM,True,1,,,True,47.9,29.9,55.8,False,2020,2.0
VER,Red Bull Racing,43.0,82.221,3.0,598,2.0,MEDIUM,True,1,,,True,47.9,30.1,55.3,False,2020,3.0
PER,Racing Point,43.0,84.581,4.0,598,14.0,MEDIUM,True,1,,,True,47.9,30.1,55.3,False,2020,4.0
NOR,McLaren,43.0,83.111,5.0,598,25.0,SOFT,False,1,,,True,47.9,30.1,55.3,False,2020,8.0
KVY,AlphaTauri,43.0,84.211,6.0,599,22.0,MEDIUM,True,1,,,True,47.9,30.1,55.3,False,2020,12.0
VET,Ferrari,43.0,83.462,7.0,600,17.0,SOFT,False,1,,,True,48.2,30.1,55.6,False,2020,11.0
STR,Racing Point,43.0,100.974,8.0,601,4.0,SOFT,False,1,,0 days 01:33:38.537000,False,48.2,30.1,55.6,False,2020,5.0
SAI,McLaren,43.0,83.129,9.0,602,2.0,MEDIUM,True,1,,,True,48.2,30.1,55.6,False,2020,7.0
ALB,Red Bull Racing,43.0,83.007,10.0,602,4.0,MEDIUM,True,1,,,True,48.2,30.1,55.6,False,2020,6.0
GAS,AlphaTauri,43.0,102.245,11.0,603,1.0,MEDIUM,True,1,,0 days 01:33:43.413000,False,48.2,30.1,55.6,False,2020,10.0
RIC,Renault,43.0,84.493,12.0,603,8.0,SOFT,True,1,,,True,48.2,30.1,55.6,False,2020,13.0
RAI,Alfa Romeo Racing,43.0,85.342,13.0,603,26.0,MEDIUM,False,1,,,True,48.2,30.1,55.6,False,2020,14.0
MAG,Haas F1 Team,43.0,85.034,14.0,604,16.0,MEDIUM,False,1,,,True,48.2,30.1,55.6,False,2020,16.0
GIO,Alfa Romeo Racing,43.0,85.078,15.0,604,22.0,MEDIUM,True,1,,,True,48.2,30.1,55.6,False,2020,20.0
OCO,Renault,43.0,85.015,16.0,605,9.0,SOFT,True,1,,,True,48.2,30.1,55.6,False,2020,15.0
RUS,Williams,43.0,85.461,17.0,606,8.0,MEDIUM,True,1,,,True,48.2,30.1,55.6,False,2020,18.0
GRO,Haas F1 Team,43.0,85.595,18.0,606,14.0,SOFT,False,1,,,True,48.2,30.1,55.6,False,2020,17.0
LAT,Williams,43.0,84.54,19.0,606,15.0,MEDIUM,True,1,,,True,48.2,30.1,55.6,False,2020,19.0
HAM,Mercedes,44.0,82.141,1.0,606,21.0,MEDIUM,True,1,,,True,47.9,30.1,55.3,False,2020,1.0
BOT,Mercedes,44.0,82.526,2.0,607,21.0,MEDIUM,True,1,,,True,48.2,30.1,55.6,False,2020,2.0
VER,Red Bull Racing,44.0,81.919,3.0,608,3.0,MEDIUM,True,1,,,True,48.2,30.1,55.6,False,2020,3.0
PER,Racing Point,44.0,84.326,4.0,608,15.0,MEDIUM,True,1,,,True,48.2,30.0,56.3,False,2020,4.0
NOR,McLaren,44.0,86.714,5.0,608,26.0,SOFT,False,1,0 days 01:36:08.882000,,False,48.2,30.0,56.3,False,2020,8.0
KVY,AlphaTauri,44.0,85.774,6.0,609,23.0,MEDIUM,True,1,,,True,48.2,30.0,56.3,False,2020,12.0
VET,Ferrari,44.0,83.975,7.0,610,18.0,SOFT,False,1,,,True,48.2,30.0,56.3,False,2020,11.0
STR,Racing Point,44.0,83.259,8.0,611,5.0,SOFT,False,1,,,True,48.2,30.0,56.3,False,2020,5.0
SAI,McLaren,44.0,83.799,9.0,612,3.0,MEDIUM,True,1,,,True,48.2,30.0,56.3,False,2020,7.0
ALB,Red Bull Racing,44.0,83.466,10.0,612,5.0,MEDIUM,True,1,,,True,48.2,30.0,56.3,False,2020,6.0
GAS,AlphaTauri,44.0,82.543,11.0,613,2.0,MEDIUM,True,1,,,True,48.2,30.0,56.3,False,2020,10.0
RIC,Renault,44.0,83.99,12.0,613,9.0,SOFT,True,1,,,True,48.2,30.0,56.3,False,2020,13.0
MAG,Haas F1 Team,44.0,85.383,13.0,613,17.0,MEDIUM,False,1,,,True,48.2,30.0,56.3,False,2020,16.0
GIO,Alfa Romeo Racing,44.0,85.259,14.0,613,23.0,MEDIUM,True,1,,,True,48.2,30.0,56.3,False,2020,20.0
RAI,Alfa Romeo Racing,44.0,89.319,15.0,613,27.0,MEDIUM,False,1,0 days 01:36:41.667000,,False,48.2,30.0,56.3,False,2020,14.0
OCO,Renault,44.0,85.6,16.0,614,10.0,SOFT,True,1,,,True,48.2,30.0,56.3,False,2020,15.0
RUS,Williams,44.0,86.257,17.0,615,9.0,MEDIUM,True,1,,,True,48.2,30.0,56.3,False,2020,18.0
GRO,Haas F1 Team,44.0,84.409,18.0,615,15.0,SOFT,False,1,,,True,48.2,30.0,56.3,False,2020,17.0
LAT,Williams,44.0,85.052,19.0,615,16.0,MEDIUM,True,1,,,True,46.3,29.8,56.8,False,2020,19.0
HAM,Mercedes,45.0,81.539,1.0,615,22.0,MEDIUM,True,1,,,True,48.2,30.0,56.3,False,2020,1.0
BOT,Mercedes,45.0,83.206,2.0,616,22.0,MEDIUM,True,1,,,True,48.2,30.0,56.3,False,2020,2.0
VER,Red Bull Racing,45.0,83.114,3.0,617,4.0,MEDIUM,True,1,,,True,48.2,30.0,56.3,False,2020,3.0
PER,Racing Point,45.0,83.885,4.0,617,16.0,MEDIUM,True,1,,,True,46.3,29.8,56.8,False,2020,4.0
VET,Ferrari,45.0,84.115,5.0,617,19.0,SOFT,False,1,,,True,46.3,29.8,56.8,False,2020,11.0
KVY,AlphaTauri,45.0,88.586,6.0,617,24.0,MEDIUM,True,1,0 days 01:37:41.918000,,False,46.3,29.8,56.8,False,2020,12.0
STR,Racing Point,45.0,83.084,7.0,618,6.0,SOFT,False,1,,,True,46.3,29.8,56.8,False,2020,5.0
SAI,McLaren,45.0,83.323,8.0,619,4.0,MEDIUM,True,1,,,True,46.3,29.8,56.8,False,2020,7.0
ALB,Red Bull Racing,45.0,85.256,9.0,619,6.0,MEDIUM,True,1,,,True,46.3,29.8,56.8,False,2020,6.0
GAS,AlphaTauri,45.0,83.544,10.0,620,3.0,MEDIUM,True,1,,,True,46.3,29.8,56.8,False,2020,10.0
NOR,McLaren,45.0,101.429,11.0,621,1.0,MEDIUM,True,1,,0 days 01:36:30.626000,False,46.3,29.7,57.3,False,2020,8.0
RIC,Renault,45.0,84.263,12.0,621,10.0,SOFT,True,1,,,True,46.3,29.7,57.3,False,2020,13.0
MAG,Haas F1 Team,45.0,84.01,13.0,621,18.0,MEDIUM,False,1,,,True,46.3,29.7,57.3,False,2020,16.0
OCO,Renault,45.0,86.222,14.0,622,11.0,SOFT,True,1,,,True,46.3,29.7,57.3,False,2020,15.0
RUS,Williams,45.0,85.058,15.0,623,10.0,MEDIUM,True,1,,,True,46.3,29.7,57.3,False,2020,18.0
GRO,Haas F1 Team,45.0,84.657,16.0,623,16.0,SOFT,False,1,,,True,46.3,29.7,57.3,False,2020,17.0
GIO,Alfa Romeo Racing,45.0,90.045,17.0,623,24.0,MEDIUM,True,1,0 days 01:38:10.975000,,False,46.3,29.7,57.3,False,2020,20.0
LAT,Williams,45.0,83.911,18.0,624,17.0,MEDIUM,True,1,,,True,46.3,29.7,57.3,False,2020,19.0
RAI,Alfa Romeo Racing,45.0,101.351,19.0,625,1.0,SOFT,True,1,,0 days 01:37:03.872000,False,46.3,29.7,57.3,False,2020,14.0
HAM,Mercedes,46.0,82.064,1.0,625,23.0,MEDIUM,True,1,,,True,46.3,29.8,56.8,False,2020,1.0
BOT,Mercedes,46.0,82.821,2.0,626,23.0,MEDIUM,True,1,,,True,46.3,29.8,56.8,False,2020,2.0
VER,Red Bull Racing,46.0,82.1,3.0,627,5.0,MEDIUM,True,1,,,True,46.3,29.7,57.3,False,2020,3.0
PER,Racing Point,46.0,84.518,4.0,627,17.0,MEDIUM,True,1,,,True,46.4,29.7,56.7,False,2020,4.0
VET,Ferrari,46.0,83.581,5.0,627,20.0,SOFT,False,1,,,True,46.4,29.7,56.7,False,2020,11.0
STR,Racing Point,46.0,83.162,6.0,628,7.0,SOFT,False,1,,,True,46.4,29.7,56.7,False,2020,5.0
SAI,McLaren,46.0,83.455,7.0,629,5.0,MEDIUM,True,1,,,True,46.4,29.7,56.7,False,2020,7.0
ALB,Red Bull Racing,46.0,83.431,8.0,629,7.0,MEDIUM,True,1,,,True,46.4,29.7,56.7,False,2020,6.0
GAS,AlphaTauri,46.0,83.637,9.0,630,4.0,MEDIUM,True,1,,,True,46.4,29.7,56.7,False,2020,10.0
NOR,McLaren,46.0,83.404,10.0,631,2.0,MEDIUM,True,1,,,True,46.4,29.7,56.7,False,2020,8.0
RIC,Renault,46.0,83.446,11.0,631,11.0,SOFT,True,1,,,True,46.4,29.7,56.7,False,2020,13.0
KVY,AlphaTauri,46.0,101.148,12.0,632,1.0,MEDIUM,True,1,,0 days 01:38:03.976000,False,46.4,29.7,56.7,False,2020,12.0
MAG,Haas F1 Team,46.0,85.846,13.0,632,19.0,MEDIUM,False,1,,,True,46.4,29.7,56.7,False,2020,16.0
OCO,Renault,46.0,83.775,14.0,633,12.0,SOFT,True,1,,,True,46.4,29.7,56.7,False,2020,15.0
RUS,Williams,46.0,83.843,15.0,634,11.0,MEDIUM,True,1,,,True,46.4,29.7,56.7,False,2020,18.0
GRO,Haas F1 Team,46.0,84.599,16.0,634,17.0,SOFT,False,1,,,True,46.4,29.7,56.7,False,2020,17.0
LAT,Williams,46.0,83.794,17.0,634,18.0,MEDIUM,True,1,,,True,46.4,29.7,56.7,False,2020,19.0
RAI,Alfa Romeo Racing,46.0,82.191,18.0,635,2.0,SOFT,True,1,,,True,46.4,29.7,56.7,False,2020,14.0
GIO,Alfa Romeo Racing,46.0,100.982,19.0,636,1.0,SOFT,True,1,,0 days 01:38:32.766000,False,47.1,29.7,56.8,False,2020,20.0
HAM,Mercedes,47.0,82.149,1.0,636,24.0,MEDIUM,True,1,,,True,46.4,29.7,56.7,False,2020,1.0
BOT,Mercedes,47.0,83.068,2.0,637,24.0,MEDIUM,True,1,,,True,46.4,29.7,56.7,False,2020,2.0
VER,Red Bull Racing,47.0,82.609,3.0,638,6.0,MEDIUM,True,1,,,True,46.4,29.7,56.7,False,2020,3.0
PER,Racing Point,47.0,84.813,4.0,638,18.0,MEDIUM,True,1,,,True,47.1,29.7,56.8,False,2020,4.0
VET,Ferrari,47.0,83.226,5.0,638,21.0,SOFT,False,1,,,True,47.1,29.7,56.8,False,2020,11.0
STR,Racing Point,47.0,83.188,6.0,639,8.0,SOFT,False,1,,,True,47.1,29.7,56.8,False,2020,5.0
SAI,McLaren,47.0,83.142,7.0,640,6.0,MEDIUM,True,1,,,True,47.1,29.7,56.8,False,2020,7.0
ALB,Red Bull Racing,47.0,83.563,8.0,640,8.0,MEDIUM,True,1,,,True,47.1,29.7,56.8,False,2020,6.0
GAS,AlphaTauri,47.0,83.33,9.0,641,5.0,MEDIUM,True,1,,,True,47.1,29.7,56.8,False,2020,10.0
NOR,McLaren,47.0,83.401,10.0,642,3.0,MEDIUM,True,1,,,True,47.1,29.7,56.8,False,2020,8.0
RIC,Renault,47.0,83.625,11.0,642,12.0,SOFT,True,1,,,True,47.1,29.7,56.8,False,2020,13.0
KVY,AlphaTauri,47.0,82.336,12.0,643,2.0,MEDIUM,True,1,,,True,47.1,29.7,56.8,False,2020,12.0
MAG,Haas F1 Team,47.0,84.253,13.0,643,20.0,MEDIUM,False,1,,,True,46.6,29.5,57.2,False,2020,16.0
OCO,Renault,47.0,83.871,14.0,644,13.0,SOFT,True,1,,,True,46.6,29.5,57.2,False,2020,15.0
RUS,Williams,47.0,84.522,15.0,645,12.0,MEDIUM,True,1,,,True,46.6,29.5,57.2,False,2020,18.0
GRO,Haas F1 Team,47.0,83.851,16.0,645,18.0,SOFT,False,1,,,True,46.6,29.5,57.2,False,2020,17.0
LAT,Williams,47.0,83.699,17.0,645,19.0,MEDIUM,True,1,,,True,46.6,29.5,57.2,False,2020,19.0
RAI,Alfa Romeo Racing,47.0,81.888,18.0,646,3.0,SOFT,True,1,,,True,46.6,29.5,57.2,False,2020,14.0
GIO,Alfa Romeo Racing,47.0,81.801,19.0,647,2.0,SOFT,True,1,,,True,46.6,29.5,57.2,False,2020,20.0
HAM,Mercedes,48.0,83.063,1.0,647,25.0,MEDIUM,True,1,,,True,47.1,29.7,56.8,False,2020,1.0
BOT,Mercedes,48.0,86.658,2.0,648,25.0,MEDIUM,True,1,0 days 01:40:36.830000,,False,47.1,29.7,56.8,False,2020,2.0
VER,Red Bull Racing,48.0,81.851,3.0,649,7.0,MEDIUM,True,1,,,True,47.1,29.7,56.8,False,2020,3.0
PER,Racing Point,48.0,85.244,4.0,649,19.0,MEDIUM,True,1,,,True,46.6,29.5,57.2,False,2020,4.0
VET,Ferrari,48.0,82.707,5.0,649,22.0,SOFT,False,1,,,True,46.6,29.5,57.2,False,2020,11.0
STR,Racing Point,48.0,82.699,6.0,650,9.0,SOFT,False,1,,,True,45.5,29.1,58.7,False,2020,5.0
SAI,McLaren,48.0,83.564,7.0,651,7.0,MEDIUM,True,1,,,True,45.5,29.1,58.7,False,2020,7.0
ALB,Red Bull Racing,48.0,82.776,8.0,651,9.0,MEDIUM,True,1,,,True,45.5,29.1,58.7,False,2020,6.0
GAS,AlphaTauri,48.0,83.356,9.0,652,6.0,MEDIUM,True,1,,,True,45.5,29.1,58.7,False,2020,10.0
NOR,McLaren,48.0,83.417,10.0,653,4.0,MEDIUM,True,1,,,True,45.5,29.1,58.7,False,2020,8.0
RIC,Renault,48.0,83.025,11.0,653,13.0,SOFT,True,1,,,True,45.5,29.1,58.7,False,2020,13.0
KVY,AlphaTauri,48.0,82.476,12.0,654,3.0,MEDIUM,True,1,,,True,45.5,29.1,58.7,False,2020,12.0
MAG,Haas F1 Team,48.0,83.956,13.0,654,21.0,MEDIUM,False,1,,,True,45.5,29.1,58.7,False,2020,16.0
OCO,Renault,48.0,84.401,14.0,655,14.0,SOFT,True,1,,,True,45.5,29.1,58.7,False,2020,15.0
RUS,Williams,48.0,84.294,15.0,656,13.0,MEDIUM,True,1,,,True,45.5,29.1,58.7,False,2020,18.0
GRO,Haas F1 Team,48.0,84.338,16.0,656,19.0,SOFT,False,1,,,True,45.5,29.1,58.7,False,2020,17.0
LAT,Williams,48.0,85.181,17.0,656,20.0,MEDIUM,True,1,,,True,45.5,29.1,58.7,False,2020,19.0
RAI,Alfa Romeo Racing,48.0,83.112,18.0,657,4.0,SOFT,True,1,,,True,45.5,29.1,58.7,False,2020,14.0
GIO,Alfa Romeo Racing,48.0,82.614,19.0,658,3.0,SOFT,True,1,,,True,45.5,29.1,58.7,False,2020,20.0
HAM,Mercedes,49.0,81.954,1.0,658,26.0,MEDIUM,True,1,,,True,46.6,29.5,57.2,False,2020,1.0
VER,Red Bull Racing,49.0,81.732,2.0,659,8.0,MEDIUM,True,1,,,True,45.5,29.1,58.7,False,2020,3.0
BOT,Mercedes,49.0,101.004,3.0,660,4.0,SOFT,False,1,,0 days 01:40:58.951000,False,45.5,29.1,58.7,False,2020,2.0
PER,Racing Point,49.0,84.02,4.0,660,20.0,MEDIUM,True,1,,,True,44.0,28.7,59.7,False,2020,4.0
VET,Ferrari,49.0,83.51,5.0,660,23.0,SOFT,False,1,,,True,44.0,28.7,59.7,False,2020,11.0
STR,Racing Point,49.0,83.471,6.0,661,10.0,SOFT,False,1,,,True,44.0,28.7,59.7,False,2020,5.0
SAI,McLaren,49.0,83.089,7.0,662,8.0,MEDIUM,True,1,,,True,44.0,28.7,59.7,False,2020,7.0
ALB,Red Bull Racing,49.0,82.994,8.0,662,10.0,MEDIUM,True,1,,,True,44.0,28.7,59.7,False,2020,6.0
GAS,AlphaTauri,49.0,83.098,9.0,663,7.0,MEDIUM,True,1,,,True,44.0,28.7,59.7,False,2020,10.0
NOR,McLaren,49.0,83.232,10.0,664,5.0,MEDIUM,True,1,,,True,44.0,28.7,59.7,False,2020,8.0
RIC,Renault,49.0,82.976,11.0,664,14.0,SOFT,True,1,,,True,44.0,28.7,59.7,False,2020,13.0
KVY,AlphaTauri,49.0,82.977,12.0,665,4.0,MEDIUM,True,1,,,True,44.0,28.7,59.7,False,2020,12.0
MAG,Haas F1 Team,49.0,85.495,13.0,665,22.0,MEDIUM,False,1,,,True,44.0,28.7,59.7,False,2020,16.0
OCO,Renault,49.0,83.991,14.0,666,15.0,SOFT,True,1,,,True,44.0,28.7,59.7,False,2020,15.0
RUS,Williams,49.0,84.016,15.0,667,14.0,MEDIUM,True,1,,,True,44.0,28.7,59.7,False,2020,18.0
GRO,Haas F1 Team,49.0,84.178,16.0,667,20.0,SOFT,False,1,,,True,44.0,28.7,59.7,False,2020,17.0
RAI,Alfa Romeo Racing,49.0,82.382,17.0,668,5.0,SOFT,True,1,,,True,43.2,28.7,60.2,False,2020,14.0
GIO,Alfa Romeo Racing,49.0,82.46,18.0,669,4.0,SOFT,True,1,,,True,43.2,28.7,60.2,False,2020,20.0
LAT,Williams,49.0,89.352,19.0,669,21.0,MEDIUM,True,1,0 days 01:43:59.129000,,False,43.2,28.7,60.2,False,2020,19.0
HAM,Mercedes,50.0,84.99,1.0,669,27.0,MEDIUM,True,1,0 days 01:43:03.936000,,False,44.0,28.7,59.7,False,2020,1.0
VER,Red Bull Racing,50.0,81.911,2.0,670,9.0,MEDIUM,True,1,,,True,44.0,28.7,59.7,False,2020,3.0
BOT,Mercedes,50.0,81.897,3.0,671,5.0,SOFT,False,1,,,True,44.0,28.7,59.7,False,2020,2.0
PER,Racing Point,50.0,83.904,4.0,671,21.0,MEDIUM,True,1,,,True,43.2,28.7,60.2,False,2020,4.0
VET,Ferrari,50.0,83.319,5.0,671,24.0,SOFT,False,1,,,True,43.2,28.7,60.2,False,2020,11.0
STR,Racing Point,50.0,83.027,6.0,672,11.0,SOFT,False,1,,,True,43.2,28.7,60.2,False,2020,5.0
SAI,McLaren,50.0,83.211,7.0,673,9.0,MEDIUM,True,1,,,True,43.2,28.7,60.2,False,2020,7.0
ALB,Red Bull Racing,50.0,83.059,8.0,673,11.0,MEDIUM,True,1,,,True,43.2,28.7,60.2,False,2020,6.0
GAS,AlphaTauri,50.0,83.838,9.0,674,8.0,MEDIUM,True,1,,,True,43.2,28.7,60.2,False,2020,10.0
NOR,McLaren,50.0,83.979,10.0,675,6.0,MEDIUM,True,1,,,True,43.2,28.7,60.2,False,2020,8.0
RIC,Renault,50.0,82.843,11.0,675,15.0,SOFT,True,1,,,True,42.8,28.8,59.6,False,2020,13.0
KVY,AlphaTauri,50.0,83.435,12.0,676,5.0,MEDIUM,True,1,,,True,42.8,28.8,59.6,False,2020,12.0
MAG,Haas F1 Team,50.0,83.935,13.0,676,23.0,MEDIUM,False,1,,,True,42.8,28.8,59.6,False,2020,16.0
OCO,Renault,50.0,83.579,14.0,677,16.0,SOFT,True,1,,,True,42.8,28.8,59.6,False,2020,15.0
RUS,Williams,50.0,84.058,15.0,678,15.0,MEDIUM,True,1,,,True,42.8,28.8,59.6,False,2020,18.0
GRO,Haas F1 Team,50.0,83.88,16.0,678,21.0,SOFT,False,1,,,True,42.8,28.8,59.6,False,2020,17.0
RAI,Alfa Romeo Racing,50.0,83.247,17.0,679,6.0,SOFT,True,1,,,True,42.8,28.8,59.6,False,2020,14.0
GIO,Alfa Romeo Racing,50.0,82.719,18.0,680,5.0,SOFT,True,1,,,True,42.8,28.8,59.6,False,2020,20.0
LAT,Williams,50.0,101.488,19.0,681,1.0,SOFT,True,1,,0 days 01:44:21.674000,False,42.8,28.8,59.6,False,2020,19.0
HAM,Mercedes,51.0,100.359,1.0,682,1.0,MEDIUM,True,1,,0 days 01:43:25.758000,False,43.2,28.7,60.2,False,2020,1.0
VER,Red Bull Racing,51.0,82.406,2.0,682,10.0,MEDIUM,True,1,,,True,42.8,28.8,59.6,False,2020,3.0
BOT,Mercedes,51.0,81.885,3.0,683,6.0,SOFT,False,1,,,True,42.8,28.8,59.6,False,2020,2.0
PER,Racing Point,51.0,83.772,4.0,683,22.0,MEDIUM,True,1,,,True,42.9,28.7,60.1,False,2020,4.0
VET,Ferrari,51.0,83.467,5.0,683,25.0,SOFT,False,1,,,True,42.9,28.7,60.1,False,2020,11.0
STR,Racing Point,51.0,83.201,6.0,684,12.0,SOFT,False,1,,,True,42.9,28.7,60.1,False,2020,5.0
SAI,McLaren,51.0,84.418,7.0,685,10.0,MEDIUM,True,1,,,True,42.9,28.7,60.1,False,2020,7.0
ALB,Red Bull Racing,51.0,83.402,8.0,685,12.0,MEDIUM,True,1,,,True,42.9,28.7,60.1,False,2020,6.0
GAS,AlphaTauri,51.0,82.931,9.0,686,9.0,MEDIUM,True,1,,,True,42.9,28.7,60.1,False,2020,10.0
NOR,McLaren,51.0,82.894,10.0,687,7.0,MEDIUM,True,1,,,True,42.9,28.7,60.1,False,2020,8.0
RIC,Renault,51.0,82.464,11.0,687,16.0,SOFT,True,1,,,True,42.9,28.7,60.1,False,2020,13.0
KVY,AlphaTauri,51.0,83.896,12.0,688,6.0,MEDIUM,True,1,,,True,42.9,28.7,60.1,False,2020,12.0
MAG,Haas F1 Team,51.0,83.883,13.0,688,24.0,MEDIUM,False,1,,,True,42.9,28.7,60.1,False,2020,16.0
OCO,Renault,51.0,83.491,14.0,689,17.0,SOFT,True,1,,,True,42.9,28.7,60.1,False,2020,15.0
RUS,Williams,51.0,83.775,15.0,690,16.0,MEDIUM,True,1,,,True,42.9,28.7,60.1,False,2020,18.0
GRO,Haas F1 Team,51.0,84.878,16.0,690,22.0,SOFT,False,1,,,True,42.9,28.7,60.1,False,2020,17.0
RAI,Alfa Romeo Racing,51.0,82.927,17.0,691,7.0,SOFT,True,1,,,True,42.9,28.7,60.1,False,2020,14.0
GIO,Alfa Romeo Racing,51.0,82.663,18.0,692,6.0,SOFT,True,1,,,True,42.9,28.7,60.1,False,2020,20.0
LAT,Williams,51.0,82.384,19.0,693,2.0,SOFT,True,1,,,True,43.0,28.7,60.2,False,2020,19.0
HAM,Mercedes,52.0,80.274,1.0,694,2.0,MEDIUM,True,1,,,True,42.9,28.7,60.1,False,2020,1.0
VER,Red Bull Racing,52.0,81.562,2.0,694,11.0,MEDIUM,True,1,,,True,42.9,28.7,60.1,False,2020,3.0
BOT,Mercedes,52.0,81.616,3.0,695,7.0,SOFT,False,1,,,True,42.9,28.7,60.1,False,2020,2.0
PER,Racing Point,52.0,84.055,4.0,695,23.0,MEDIUM,True,1,,,True,43.0,28.7,60.2,False,2020,4.0
VET,Ferrari,52.0,83.356,5.0,695,26.0,SOFT,False,1,,,True,43.0,28.7,60.2,False,2020,11.0
STR,Racing Point,52.0,82.825,6.0,696,13.0,SOFT,False,1,,,True,43.0,28.7,60.2,False,2020,5.0
SAI,McLaren,52.0,82.824,7.0,697,11.0,MEDIUM,True,1,,,True,43.0,28.7,60.2,False,2020,7.0
ALB,Red Bull Racing,52.0,82.939,8.0,697,13.0,MEDIUM,True,1,,,True,43.0,28.7,60.2,False,2020,6.0
GAS,AlphaTauri,52.0,82.599,9.0,698,10.0,MEDIUM,True,1,,,True,43.0,28.7,60.2,False,2020,10.0
NOR,McLaren,52.0,83.175,10.0,699,8.0,MEDIUM,True,1,,,True,43.0,28.7,60.2,False,2020,8.0
RIC,Renault,52.0,84.511,11.0,699,17.0,SOFT,True,1,,,True,43.0,28.7,60.2,False,2020,13.0
KVY,AlphaTauri,52.0,82.879,12.0,700,7.0,MEDIUM,True,1,,,True,43.0,28.7,60.2,False,2020,12.0
MAG,Haas F1 Team,52.0,83.944,13.0,700,25.0,MEDIUM,False,1,,,True,42.9,28.8,59.9,False,2020,16.0
OCO,Renault,52.0,83.708,14.0,701,18.0,SOFT,True,1,,,True,42.9,28.8,59.9,False,2020,15.0
RUS,Williams,52.0,84.008,15.0,702,17.0,MEDIUM,True,1,,,True,42.9,28.8,59.9,False,2020,18.0
GRO,Haas F1 Team,52.0,83.721,16.0,702,23.0,SOFT,False,1,,,True,42.9,28.8,59.9,False,2020,17.0
RAI,Alfa Romeo Racing,52.0,82.924,17.0,703,8.0,SOFT,True,1,,,True,42.9,28.8,59.9,False,2020,14.0
GIO,Alfa Romeo Racing,52.0,83.133,18.0,704,7.0,SOFT,True,1,,,True,42.9,28.8,59.9,False,2020,20.0
LAT,Williams,52.0,83.014,19.0,705,3.0,SOFT,True,1,,,True,42.9,28.8,59.9,False,2020,19.0
HAM,Mercedes,53.0,80.892,1.0,706,3.0,MEDIUM,True,1,,,True,43.0,28.7,60.2,False,2020,1.0
VER,Red Bull Racing,53.0,81.477,2.0,706,12.0,MEDIUM,True,1,,,True,43.0,28.7,60.2,False,2020,3.0
BOT,Mercedes,53.0,81.698,3.0,707,8.0,SOFT,False,1,,,True,43.0,28.7,60.2,False,2020,2.0
PER,Racing Point,53.0,83.363,4.0,707,24.0,MEDIUM,True,1,,,True,42.9,28.8,59.9,False,2020,4.0
VET,Ferrari,53.0,85.144,5.0,707,27.0,SOFT,False,1,,,True,42.9,28.8,59.9,False,2020,11.0
STR,Racing Point,53.0,84.425,6.0,708,14.0,SOFT,False,1,,,True,42.9,28.8,59.9,False,2020,5.0
SAI,McLaren,53.0,83.001,7.0,709,12.0,MEDIUM,True,1,,,True,43.2,28.9,59.6,False,2020,7.0
ALB,Red Bull Racing,53.0,83.053,8.0,709,14.0,MEDIUM,True,1,,,True,43.2,28.9,59.6,False,2020,6.0
GAS,AlphaTauri,53.0,82.911,9.0,710,11.0,MEDIUM,True,1,,,True,43.2,28.9,59.6,False,2020,10.0
NOR,McLaren,53.0,83.131,10.0,711,9.0,MEDIUM,True,1,,,True,43.2,28.9,59.6,False,2020,8.0
RIC,Renault,53.0,82.515,11.0,711,18.0,SOFT,True,1,,,True,43.2,28.9,59.6,False,2020,13.0
KVY,AlphaTauri,53.0,82.74,12.0,712,8.0,MEDIUM,True,1,,,True,43.2,28.9,59.6,False,2020,12.0
MAG,Haas F1 Team,53.0,83.999,13.0,712,26.0,MEDIUM,False,1,,,True,43.2,28.9,59.6,False,2020,16.0
OCO,Renault,53.0,83.962,14.0,713,19.0,SOFT,True,1,,,True,43.2,28.9,59.6,False,2020,15.0
RUS,Williams,53.0,84.424,15.0,714,18.0,MEDIUM,True,1,,,True,43.2,28.9,59.6,False,2020,18.0
GRO,Haas F1 Team,53.0,83.543,16.0,714,24.0,SOFT,False,1,,,True,43.2,28.9,59.6,False,2020,17.0
RAI,Alfa Romeo Racing,53.0,82.921,17.0,715,9.0,SOFT,True,1,,,True,43.2,28.9,59.6,False,2020,14.0
GIO,Alfa Romeo Racing,53.0,83.104,18.0,716,8.0,SOFT,True,1,,,True,43.2,28.9,59.6,False,2020,20.0
LAT,Williams,53.0,82.937,19.0,717,4.0,SOFT,True,1,,,True,43.2,28.9,59.6,False,2020,19.0
HAM,Mercedes,54.0,80.901,1.0,718,4.0,MEDIUM,True,1,,,True,42.9,28.8,59.9,False,2020,1.0
VER,Red Bull Racing,54.0,81.485,2.0,718,13.0,MEDIUM,True,1,,,True,43.2,28.9,59.6,False,2020,3.0
BOT,Mercedes,54.0,81.765,3.0,719,9.0,SOFT,False,1,,,True,43.2,28.9,59.6,False,2020,2.0
PER,Racing Point,54.0,83.044,4.0,719,25.0,MEDIUM,True,1,,,True,44.7,29.1,58.9,False,2020,4.0
VET,Ferrari,54.0,83.434,5.0,719,28.0,SOFT,False,1,,,True,44.7,29.1,58.9,False,2020,11.0
STR,Racing Point,54.0,82.914,6.0,720,15.0,SOFT,False,1,,,True,44.7,29.1,58.9,False,2020,5.0
SAI,McLaren,54.0,82.848,7.0,721,13.0,MEDIUM,True,1,,,True,44.7,29.1,58.9,False,2020,7.0
ALB,Red Bull Racing,54.0,83.389,8.0,721,15.0,MEDIUM,True,1,,,True,44.7,29.1,58.9,False,2020,6.0
GAS,AlphaTauri,54.0,83.164,9.0,722,12.0,MEDIUM,True,1,,,True,44.7,29.1,58.9,False,2020,10.0
NOR,McLaren,54.0,82.682,10.0,723,10.0,MEDIUM,True,1,,,True,44.7,29.1,58.9,False,2020,8.0
RIC,Renault,54.0,82.595,11.0,723,19.0,SOFT,True,1,,,True,44.7,29.1,58.9,False,2020,13.0
KVY,AlphaTauri,54.0,83.042,12.0,724,9.0,MEDIUM,True,1,,,True,44.7,29.1,58.9,False,2020,12.0
MAG,Haas F1 Team,54.0,83.758,13.0,724,27.0,MEDIUM,False,1,,,True,44.7,29.1,58.9,False,2020,16.0
OCO,Renault,54.0,83.426,14.0,725,20.0,SOFT,True,1,,,True,44.7,29.1,58.9,False,2020,15.0
RUS,Williams,54.0,83.863,15.0,726,19.0,MEDIUM,True,1,,,True,44.7,29.1,58.9,False,2020,18.0
GRO,Haas F1 Team,54.0,84.251,16.0,726,25.0,SOFT,False,1,,,True,44.7,29.1,58.9,False,2020,17.0
RAI,Alfa Romeo Racing,54.0,83.36,17.0,727,10.0,SOFT,True,1,,,True,44.7,29.1,58.9,False,2020,14.0
GIO,Alfa Romeo Racing,54.0,83.201,18.0,728,9.0,SOFT,True,1,,,True,45.1,29.4,58.1,False,2020,20.0
LAT,Williams,54.0,82.882,19.0,729,5.0,SOFT,True,1,,,True,45.1,29.4,58.1,False,2020,19.0
HAM,Mercedes,55.0,81.22,1.0,730,5.0,MEDIUM,True,1,,,True,44.7,29.1,58.9,False,2020,1.0
VER,Red Bull Racing,55.0,81.852,2.0,730,14.0,MEDIUM,True,1,,,True,44.7,29.1,58.9,False,2020,3.0
BOT,Mercedes,55.0,81.541,3.0,731,10.0,SOFT,False,1,,,True,44.7,29.1,58.9,False,2020,2.0
PER,Racing Point,55.0,83.072,4.0,731,26.0,MEDIUM,True,1,,,True,45.1,29.4,58.1,False,2020,4.0
VET,Ferrari,55.0,83.76,5.0,731,29.0,SOFT,False,1,,,True,45.1,29.4,58.1,False,2020,11.0
STR,Racing Point,55.0,83.235,6.0,732,16.0,SOFT,False,1,,,True,45.1,29.4,58.1,False,2020,5.0
SAI,McLaren,55.0,82.803,7.0,733,14.0,MEDIUM,True,1,,,True,45.1,29.4,58.1,False,2020,7.0
ALB,Red Bull Racing,55.0,83.149,8.0,733,16.0,MEDIUM,True,1,,,True,45.1,29.4,58.1,False,2020,6.0
GAS,AlphaTauri,55.0,82.898,9.0,734,13.0,MEDIUM,True,1,,,True,45.1,29.4,58.1,False,2020,10.0
NOR,McLaren,55.0,84.977,10.0,735,11.0,MEDIUM,True,1,,,True,45.1,29.4,58.1,False,2020,8.0
RIC,Renault,55.0,82.816,11.0,735,20.0,SOFT,True,1,,,True,45.1,29.4,58.1,False,2020,13.0
KVY,AlphaTauri,55.0,84.64,12.0,736,10.0,MEDIUM,True,1,,,True,46.1,29.5,57.6,False,2020,12.0
MAG,Haas F1 Team,55.0,84.227,13.0,736,28.0,MEDIUM,False,1,,,True,46.1,29.5,57.6,False,2020,16.0
OCO,Renault,55.0,83.937,14.0,737,21.0,SOFT,True,1,,,True,46.1,29.5,57.6,False,2020,15.0
RUS,Williams,55.0,84.245,15.0,738,20.0,MEDIUM,True,1,,,True,46.1,29.5,57.6,False,2020,18.0
RAI,Alfa Romeo Racing,55.0,83.444,16.0,739,11.0,SOFT,True,1,,,True,46.1,29.5,57.6,False,2020,14.0
GRO,Haas F1 Team,55.0,85.197,17.0,739,26.0,SOFT,False,1,,,True,46.1,29.5,57.6,False,2020,17.0
GIO,Alfa Romeo Racing,55.0,82.961,18.0,740,10.0,SOFT,True,1,,,True,46.1,29.5,57.6,False,2020,20.0
LAT,Williams,55.0,82.901,19.0,741,6.0,SOFT,True,1,,,True,46.1,29.5,57.6,False,2020,19.0
HAM,Mercedes,56.0,81.446,1.0,742,6.0,MEDIUM,True,1,,,True,45.1,29.4,58.1,False,2020,1.0
VER,Red Bull Racing,56.0,81.638,2.0,742,15.0,MEDIUM,True,1,,,True,45.1,29.4,58.1,False,2020,3.0
BOT,Mercedes,56.0,81.666,3.0,743,11.0,SOFT,False,1,,,True,46.1,29.5,57.6,False,2020,2.0
PER,Racing Point,56.0,85.184,4.0,743,27.0,MEDIUM,True,1,,,True,46.0,29.6,57.9,False,2020,4.0
STR,Racing Point,56.0,82.024,5.0,744,17.0,SOFT,False,1,,,True,46.0,29.6,57.9,False,2020,5.0
VET,Ferrari,56.0,84.557,6.0,744,30.0,SOFT,False,1,,,True,46.0,29.6,57.9,False,2020,11.0
SAI,McLaren,56.0,82.941,7.0,745,15.0,MEDIUM,True,1,,,True,46.0,29.6,57.9,False,2020,7.0
ALB,Red Bull Racing,56.0,83.162,8.0,745,17.0,MEDIUM,True,1,,,True,46.0,29.6,57.9,False,2020,6.0
GAS,AlphaTauri,56.0,85.021,9.0,746,14.0,MEDIUM,True,1,,,True,46.0,29.6,57.9,False,2020,10.0
NOR,McLaren,56.0,82.392,10.0,747,12.0,MEDIUM,True,1,,,True,46.0,29.6,57.9,False,2020,8.0
RIC,Renault,56.0,82.795,11.0,747,21.0,SOFT,True,1,,,True,46.0,29.6,57.9,False,2020,13.0
KVY,AlphaTauri,56.0,82.644,12.0,748,11.0,MEDIUM,True,1,,,True,46.0,29.6,57.9,False,2020,12.0
OCO,Renault,56.0,83.674,13.0,748,22.0,SOFT,True,1,,,True,46.0,29.6,57.9,False,2020,15.0
MAG,Haas F1 Team,56.0,85.883,14.0,748,29.0,MEDIUM,False,1,,,True,46.0,29.6,57.9,False,2020,16.0
RUS,Williams,56.0,84.022,15.0,749,21.0,MEDIUM,True,1,,,True,46.0,29.6,57.9,False,2020,18.0
RAI,Alfa Romeo Racing,56.0,83.641,16.0,750,12.0,SOFT,True,1,,,True,46.0,29.6,57.9,False,2020,14.0
GRO,Haas F1 Team,56.0,83.739,17.0,750,27.0,SOFT,False,1,,,True,46.0,29.6,57.9,False,2020,17.0
GIO,Alfa Romeo Racing,56.0,83.198,18.0,751,11.0,SOFT,True,1,,,True,46.0,29.6,57.9,False,2020,20.0
LAT,Williams,56.0,83.194,19.0,752,7.0,SOFT,True,1,,,True,46.1,29.9,57.2,False,2020,19.0
HAM,Mercedes,57.0,81.498,1.0,753,7.0,MEDIUM,True,1,,,True,46.0,29.6,57.9,False,2020,1.0
VER,Red Bull Racing,57.0,82.045,2.0,753,16.0,MEDIUM,True,1,,,True,46.0,29.6,57.9,False,2020,3.0
BOT,Mercedes,57.0,81.698,3.0,754,12.0,SOFT,False,1,,,True,46.0,29.6,57.9,False,2020,2.0
PER,Racing Point,57.0,82.988,4.0,754,28.0,MEDIUM,True,1,,,True,46.1,29.9,57.2,False,2020,4.0
STR,Racing Point,57.0,82.736,5.0,755,18.0,SOFT,False,1,,,True,46.1,29.9,57.2,False,2020,5.0
VET,Ferrari,57.0,83.56,6.0,755,31.0,SOFT,False,1,,,True,46.1,29.9,57.2,False,2020,11.0
SAI,McLaren,57.0,83.086,7.0,756,16.0,MEDIUM,True,1,,,True,46.1,29.9,57.2,False,2020,7.0
ALB,Red Bull Racing,57.0,85.165,8.0,756,18.0,MEDIUM,True,1,,,True,46.1,29.9,57.2,False,2020,6.0
GAS,AlphaTauri,57.0,82.914,9.0,757,15.0,MEDIUM,True,1,,,True,46.1,29.9,57.2,False,2020,10.0
NOR,McLaren,57.0,83.203,10.0,758,13.0,MEDIUM,True,1,,,True,46.1,29.9,57.2,False,2020,8.0
RIC,Renault,57.0,84.81,11.0,758,22.0,SOFT,True,1,,,True,46.1,29.9,57.2,False,2020,13.0
KVY,AlphaTauri,57.0,82.993,12.0,759,12.0,MEDIUM,True,1,,,True,46.1,29.9,57.2,False,2020,12.0
OCO,Renault,57.0,82.82,13.0,759,23.0,SOFT,True,1,,,True,47.2,30.0,56.9,False,2020,15.0
MAG,Haas F1 Team,57.0,84.075,14.0,759,30.0,MEDIUM,False,1,,,True,47.2,30.0,56.9,False,2020,16.0
RUS,Williams,57.0,85.274,15.0,760,22.0,MEDIUM,True,1,,,True,47.2,30.0,56.9,False,2020,18.0
RAI,Alfa Romeo Racing,57.0,85.165,16.0,761,13.0,SOFT,True,1,,,True,47.2,30.0,56.9,False,2020,14.0
GRO,Haas F1 Team,57.0,84.637,17.0,761,28.0,SOFT,False,1,,,True,47.2,30.0,56.9,False,2020,17.0
GIO,Alfa Romeo Racing,57.0,83.166,18.0,762,12.0,SOFT,True,1,,,True,47.2,30.0,56.9,False,2020,20.0
LAT,Williams,57.0,82.59,19.0,763,8.0,SOFT,True,1,,,True,47.2,30.0,56.9,False,2020,19.0
HAM,Mercedes,58.0,81.379,1.0,764,8.0,MEDIUM,True,1,,,True,46.1,29.9,57.2,False,2020,1.0
VER,Red Bull Racing,58.0,81.779,2.0,764,17.0,MEDIUM,True,1,,,True,46.1,29.9,57.2,False,2020,3.0
BOT,Mercedes,58.0,81.713,3.0,765,13.0,SOFT,False,1,,,True,46.1,29.9,57.2,False,2020,2.0
PER,Racing Point,58.0,82.515,4.0,765,29.0,MEDIUM,True,1,,,True,47.2,30.0,56.9,False,2020,4.0
STR,Racing Point,58.0,82.406,5.0,766,19.0,SOFT,False,1,,,True,47.2,30.0,56.9,False,2020,5.0
VET,Ferrari,58.0,83.695,6.0,766,32.0,SOFT,False,1,,,True,47.2,30.0,56.9,False,2020,11.0
SAI,McLaren,58.0,83.522,7.0,767,17.0,MEDIUM,True,1,,,True,47.2,30.0,56.9,False,2020,7.0
ALB,Red Bull Racing,58.0,82.966,8.0,767,19.0,MEDIUM,True,1,,,True,47.3,30.0,57.2,False,2020,6.0
GAS,AlphaTauri,58.0,83.372,9.0,768,16.0,MEDIUM,True,1,,,True,47.3,30.0,57.2,False,2020,10.0
NOR,McLaren,58.0,83.529,10.0,769,14.0,MEDIUM,True,1,,,True,47.3,30.0,57.2,False,2020,8.0
RIC,Renault,58.0,82.76,11.0,769,23.0,SOFT,True,1,,,True,47.3,30.0,57.2,False,2020,13.0
KVY,AlphaTauri,58.0,82.823,12.0,770,13.0,MEDIUM,True,1,,,True,47.3,30.0,57.2,False,2020,12.0
OCO,Renault,58.0,83.239,13.0,770,24.0,SOFT,True,1,,,True,47.3,30.0,57.2,False,2020,15.0
MAG,Haas F1 Team,58.0,84.267,14.0,770,31.0,MEDIUM,False,1,,,True,47.3,30.0,57.2,False,2020,16.0
RAI,Alfa Romeo Racing,58.0,82.047,15.0,771,14.0,SOFT,True,1,,,True,47.3,30.0,57.2,False,2020,14.0
RUS,Williams,58.0,85.234,16.0,771,23.0,MEDIUM,True,1,,,True,47.3,30.0,57.2,False,2020,18.0
GRO,Haas F1 Team,58.0,84.757,17.0,771,29.0,SOFT,False,1,,,True,47.3,30.0,57.2,False,2020,17.0
GIO,Alfa Romeo Racing,58.0,83.572,18.0,772,13.0,SOFT,True,1,,,True,47.3,30.0,57.2,False,2020,20.0
LAT,Williams,58.0,82.741,19.0,773,9.0,SOFT,True,1,,,True,47.3,30.0,57.2,False,2020,19.0
HAM,Mercedes,59.0,80.964,1.0,774,9.0,MEDIUM,True,1,,,True,47.2,30.0,56.9,False,2020,1.0
VER,Red Bull Racing,59.0,81.57,2.0,774,18.0,MEDIUM,True,1,,,True,47.2,30.0,56.9,False,2020,3.0
BOT,Mercedes,59.0,81.754,3.0,775,14.0,SOFT,False,1,,,True,47.3,30.0,57.2,False,2020,2.0
PER,Racing Point,59.0,82.952,4.0,775,30.0,MEDIUM,True,1,,,True,47.8,30.1,57.2,False,2020,4.0
STR,Racing Point,59.0,82.355,5.0,776,20.0,SOFT,False,1,,,True,47.8,30.1,57.2,False,2020,5.0
SAI,McLaren,59.0,81.771,6.0,777,18.0,MEDIUM,True,1,,,True,47.8,30.1,57.2,False,2020,7.0
VET,Ferrari,59.0,85.977,7.0,777,33.0,SOFT,False,1,,,True,47.8,30.1,57.2,False,2020,11.0
ALB,Red Bull Racing,59.0,83.124,8.0,778,20.0,MEDIUM,True,1,,,True,47.8,30.1,57.2,False,2020,6.0
GAS,AlphaTauri,59.0,83.478,9.0,779,17.0,MEDIUM,True,1,,,True,47.8,30.1,57.2,False,2020,10.0
NOR,McLaren,59.0,84.952,10.0,780,15.0,MEDIUM,True,1,,,True,47.8,30.1,57.2,False,2020,8.0
RIC,Renault,59.0,82.944,11.0,780,24.0,SOFT,True,1,,,True,47.8,30.1,57.2,False,2020,13.0
KVY,AlphaTauri,59.0,82.815,12.0,781,14.0,MEDIUM,True,1,,,True,47.8,30.1,57.2,False,2020,12.0
OCO,Renault,59.0,83.025,13.0,781,25.0,SOFT,True,1,,,True,47.8,30.1,57.2,False,2020,15.0
MAG,Haas F1 Team,59.0,84.382,14.0,781,32.0,MEDIUM,False,1,,,True,47.8,30.1,57.2,False,2020,16.0
RAI,Alfa Romeo Racing,59.0,83.088,15.0,782,15.0,SOFT,True,1,,,True,47.8,30.1,57.2,False,2020,14.0
RUS,Williams,59.0,84.412,16.0,782,24.0,MEDIUM,True,1,,,True,47.8,30.1,57.2,False,2020,18.0
GIO,Alfa Romeo Racing,59.0,83.844,17.0,783,14.0,SOFT,True,1,,,True,47.6,30.2,57.1,False,2020,20.0
GRO,Haas F1 Team,59.0,86.454,18.0,783,30.0,SOFT,False,1,,,True,47.6,30.2,57.1,False,2020,17.0
LAT,Williams,59.0,82.491,19.0,784,10.0,SOFT,True,1,,,True,47.6,30.2,57.1,False,2020,19.0
HAM,Mercedes,60.0,81.223,1.0,785,10.0,MEDIUM,True,1,,,True,47.8,30.1,57.2,False,2020,1.0
VER,Red Bull Racing,60.0,82.184,2.0,785,19.0,MEDIUM,True,1,,,True,47.8,30.1,57.2,False,2020,3.0
BOT,Mercedes,60.0,81.821,3.0,786,15.0,SOFT,False,1,,,True,47.8,30.1,57.2,False,2020,2.0
PER,Racing Point,60.0,83.169,4.0,786,31.0,MEDIUM,True,1,,,True,47.6,30.2,57.1,False,2020,4.0
STR,Racing Point,60.0,82.639,5.0,787,21.0,SOFT,False,1,,,True,47.6,30.2,57.1,False,2020,5.0
SAI,McLaren,60.0,82.595,6.0,788,19.0,MEDIUM,True,1,,,True,47.6,30.2,57.1,False,2020,7.0
VET,Ferrari,60.0,84.14,7.0,788,34.0,SOFT,False,1,,,True,47.6,30.2,57.1,False,2020,11.0
ALB,Red Bull Racing,60.0,83.558,8.0,789,21.0,MEDIUM,True,1,,,True,47.6,30.2,57.1,False,2020,6.0
GAS,AlphaTauri,60.0,84.873,9.0,790,18.0,MEDIUM,True,1,,,True,47.6,30.2,57.1,False,2020,10.0
NOR,McLaren,60.0,83.014,10.0,791,16.0,MEDIUM,True,1,,,True,47.6,30.2,57.1,False,2020,8.0
RIC,Renault,60.0,82.861,11.0,791,25.0,SOFT,True,1,,,True,47.6,30.2,57.1,False,2020,13.0
KVY,AlphaTauri,60.0,82.873,12.0,792,15.0,MEDIUM,True,1,,,True,47.6,30.2,57.1,False,2020,12.0
OCO,Renault,60.0,83.023,13.0,792,26.0,SOFT,True,1,,,True,47.6,30.1,57.1,False,2020,15.0
RAI,Alfa Romeo Racing,60.0,82.025,14.0,793,16.0,SOFT,True,1,,,True,47.6,30.1,57.1,False,2020,14.0
MAG,Haas F1 Team,60.0,85.281,15.0,793,33.0,MEDIUM,False,1,,,True,47.6,30.1,57.1,False,2020,16.0
RUS,Williams,60.0,84.478,16.0,794,25.0,MEDIUM,True,1,,,True,47.6,30.1,57.1,False,2020,18.0
GIO,Alfa Romeo Racing,60.0,83.931,17.0,795,15.0,SOFT,True,1,,,True,47.6,30.1,57.1,False,2020,20.0
GRO,Haas F1 Team,60.0,84.419,18.0,795,31.0,SOFT,False,1,,,True,47.6,30.1,57.1,False,2020,17.0
LAT,Williams,60.0,82.03,19.0,796,11.0,SOFT,True,1,,,True,47.6,30.1,57.1,False,2020,19.0
HAM,Mercedes,61.0,81.397,1.0,797,11.0,MEDIUM,True,1,,,True,47.6,30.2,57.1,False,2020,1.0
VER,Red Bull Racing,61.0,81.904,2.0,797,20.0,MEDIUM,True,1,,,True,47.6,30.2,57.1,False,2020,3.0
BOT,Mercedes,61.0,81.934,3.0,798,16.0,SOFT,False,1,,,True,47.6,30.2,57.1,False,2020,2.0
PER,Racing Point,61.0,82.735,4.0,798,32.0,MEDIUM,True,1,,,True,47.6,30.1,57.1,False,2020,4.0
STR,Racing Point,61.0,82.356,5.0,799,22.0,SOFT,False,1,,,True,47.2,30.1,56.8,False,2020,5.0
SAI,McLaren,61.0,84.513,6.0,800,20.0,MEDIUM,True,1,,,True,47.2,30.1,56.8,False,2020,7.0
VET,Ferrari,61.0,84.033,7.0,800,35.0,SOFT,False,1,,,True,47.2,30.1,56.8,False,2020,11.0
ALB,Red Bull Racing,61.0,84.826,8.0,801,22.0,MEDIUM,True,1,,,True,47.2,30.1,56.8,False,2020,6.0
GAS,AlphaTauri,61.0,83.789,9.0,802,19.0,MEDIUM,True,1,,,True,47.2,30.1,56.8,False,2020,10.0
NOR,McLaren,61.0,83.869,10.0,803,17.0,MEDIUM,True,1,,,True,47.2,30.1,56.8,False,2020,8.0
RIC,Renault,61.0,82.701,11.0,803,26.0,SOFT,True,1,,,True,47.2,30.1,56.8,False,2020,13.0
KVY,AlphaTauri,61.0,82.695,12.0,804,16.0,MEDIUM,True,1,,,True,47.2,30.1,56.8,False,2020,12.0
OCO,Renault,61.0,82.823,13.0,804,27.0,SOFT,True,1,,,True,47.2,30.1,56.8,False,2020,15.0
RAI,Alfa Romeo Racing,61.0,82.422,14.0,805,17.0,SOFT,True,1,,,True,47.2,30.1,56.8,False,2020,14.0
MAG,Haas F1 Team,61.0,84.066,15.0,805,34.0,MEDIUM,False,1,,,True,47.2,30.1,56.8,False,2020,16.0
GIO,Alfa Romeo Racing,61.0,82.504,16.0,806,16.0,SOFT,True,1,,,True,47.2,30.1,56.8,False,2020,20.0
RUS,Williams,61.0,85.649,17.0,806,26.0,MEDIUM,True,1,,,True,47.2,30.1,56.8,False,2020,18.0
GRO,Haas F1 Team,61.0,84.274,18.0,806,32.0,SOFT,False,1,,,True,47.2,30.1,56.8,False,2020,17.0
LAT,Williams,61.0,82.422,19.0,807,12.0,SOFT,True,1,,,True,46.4,30.0,57.1,False,2020,19.0
HAM,Mercedes,62.0,80.975,1.0,808,12.0,MEDIUM,True,1,,,True,47.6,30.1,57.1,False,2020,1.0
VER,Red Bull Racing,62.0,81.486,2.0,808,21.0,MEDIUM,True,1,,,True,47.2,30.1,56.8,False,2020,3.0
BOT,Mercedes,62.0,82.383,3.0,809,17.0,SOFT,False,1,,,True,47.2,30.1,56.8,False,2020,2.0
PER,Racing Point,62.0,83.119,4.0,809,33.0,MEDIUM,True,1,,,True,46.4,30.0,57.1,False,2020,4.0
STR,Racing Point,62.0,82.482,5.0,810,23.0,SOFT,False,1,,,True,46.4,30.0,57.1,False,2020,5.0
SAI,McLaren,62.0,82.057,6.0,811,21.0,MEDIUM,True,1,,,True,46.4,30.0,57.1,False,2020,7.0
VET,Ferrari,62.0,84.787,7.0,811,36.0,SOFT,False,1,,,True,46.4,30.0,57.1,False,2020,11.0
ALB,Red Bull Racing,62.0,83.983,8.0,812,23.0,MEDIUM,True,1,,,True,46.4,30.0,57.1,False,2020,6.0
GAS,AlphaTauri,62.0,83.571,9.0,813,20.0,MEDIUM,True,1,,,True,46.4,30.0,57.1,False,2020,10.0
NOR,McLaren,62.0,83.503,10.0,814,18.0,MEDIUM,True,1,,,True,46.4,30.0,57.1,False,2020,8.0
RIC,Renault,62.0,83.71,11.0,814,27.0,SOFT,True,1,,,True,46.4,30.0,57.1,False,2020,13.0
KVY,AlphaTauri,62.0,83.103,12.0,815,17.0,MEDIUM,True,1,,,True,46.4,30.0,57.1,False,2020,12.0
OCO,Renault,62.0,82.786,13.0,815,28.0,SOFT,True,1,,,True,46.4,30.0,57.1,False,2020,15.0
RAI,Alfa Romeo Racing,62.0,82.687,14.0,816,18.0,SOFT,True,1,,,True,46.5,29.9,57.0,False,2020,14.0
MAG,Haas F1 Team,62.0,84.008,15.0,816,35.0,MEDIUM,False,1,,,True,46.5,29.9,57.0,False,2020,16.0
GIO,Alfa Romeo Racing,62.0,83.06,16.0,817,17.0,SOFT,True,1,,,True,46.5,29.9,57.0,False,2020,20.0
RUS,Williams,62.0,84.923,17.0,817,27.0,MEDIUM,True,1,,,True,46.5,29.9,57.0,False,2020,18.0
LAT,Williams,62.0,82.909,18.0,818,13.0,SOFT,True,1,,,True,46.5,29.9,57.0,False,2020,19.0
GRO,Haas F1 Team,62.0,93.951,19.0,818,33.0,SOFT,False,1,0 days 02:02:15.073000,,False,46.5,29.9,57.0,False,2020,17.0
HAM,Mercedes,63.0,79.822,1.0,819,13.0,MEDIUM,True,1,,,True,46.4,30.0,57.1,False,2020,1.0
VER,Red Bull Racing,63.0,81.709,2.0,819,22.0,MEDIUM,True,1,,,True,46.4,30.0,57.1,False,2020,3.0
BOT,Mercedes,63.0,79.75,3.0,820,18.0,SOFT,False,1,,,True,46.4,30.0,57.1,False,2020,2.0
PER,Racing Point,63.0,83.152,4.0,820,34.0,MEDIUM,True,1,,,True,46.5,29.9,57.0,False,2020,4.0
STR,Racing Point,63.0,82.797,5.0,821,24.0,SOFT,False,1,,,True,46.5,29.9,57.0,False,2020,5.0
SAI,McLaren,63.0,82.438,6.0,822,22.0,MEDIUM,True,1,,,True,46.5,29.9,57.0,False,2020,7.0
VET,Ferrari,63.0,84.111,7.0,822,37.0,SOFT,False,1,,,True,45.0,29.7,57.5,False,2020,11.0
ALB,Red Bull Racing,63.0,83.998,8.0,823,24.0,MEDIUM,True,1,,,True,45.0,29.7,57.5,False,2020,6.0
GAS,AlphaTauri,63.0,83.468,9.0,824,21.0,MEDIUM,True,1,,,True,45.0,29.7,57.5,False,2020,10.0
NOR,McLaren,63.0,83.31,10.0,825,19.0,MEDIUM,True,1,,,True,45.0,29.7,57.5,False,2020,8.0
RIC,Renault,63.0,83.123,11.0,825,28.0,SOFT,True,1,,,True,45.0,29.7,57.5,False,2020,13.0
KVY,AlphaTauri,63.0,83.25,12.0,826,18.0,MEDIUM,True,1,,,True,45.0,29.7,57.5,False,2020,12.0
OCO,Renault,63.0,82.764,13.0,826,29.0,SOFT,True,1,,,True,45.0,29.7,57.5,False,2020,15.0
RAI,Alfa Romeo Racing,63.0,82.858,14.0,827,19.0,SOFT,True,1,,,True,45.0,29.7,57.5,False,2020,14.0
MAG,Haas F1 Team,63.0,83.837,15.0,827,36.0,MEDIUM,False,1,,,True,45.0,29.7,57.5,False,2020,16.0
GIO,Alfa Romeo Racing,63.0,83.251,16.0,828,18.0,SOFT,True,1,,,True,45.0,29.7,57.5,False,2020,20.0
RUS,Williams,63.0,84.724,17.0,828,28.0,MEDIUM,True,1,,,True,45.0,29.7,57.5,False,2020,18.0
LAT,Williams,63.0,83.479,18.0,829,14.0,SOFT,True,1,,,True,45.0,29.7,57.5,False,2020,19.0
GRO,Haas F1 Team,63.0,114.308,19.0,830,1.0,SOFT,True,1,,0 days 02:02:39.056000,False,45.9,29.7,57.1,False,2020,17.0
HAM,Mercedes,64.0,80.872,1.0,830,14.0,MEDIUM,True,1,,,True,46.5,29.9,57.0,False,2020,1.0
VER,Red Bull Racing,64.0,82.144,2.0,830,23.0,MEDIUM,True,1,,,True,46.5,29.9,57.0,False,2020,3.0
BOT,Mercedes,64.0,85.147,3.0,831,19.0,SOFT,False,1,0 days 02:02:46.083000,,False,46.5,29.9,57.0,False,2020,2.0
PER,Racing Point,64.0,83.141,4.0,831,35.0,MEDIUM,True,1,,,True,45.9,29.7,57.1,False,2020,4.0
STR,Racing Point,64.0,83.177,5.0,832,25.0,SOFT,False,1,,,True,45.9,29.7,57.1,False,2020,5.0
SAI,McLaren,64.0,82.817,6.0,833,23.0,MEDIUM,True,1,,,True,45.9,29.7,57.1,False,2020,7.0
VET,Ferrari,64.0,84.407,7.0,833,38.0,SOFT,False,1,,,True,45.9,29.7,57.1,False,2020,11.0
ALB,Red Bull Racing,64.0,84.319,8.0,834,25.0,MEDIUM,True,1,,,True,45.9,29.7,57.1,False,2020,6.0
GAS,AlphaTauri,64.0,84.302,9.0,835,22.0,MEDIUM,True,1,,,True,45.9,29.7,57.1,False,2020,10.0
NOR,McLaren,64.0,84.447,10.0,836,20.0,MEDIUM,True,1,,,True,45.9,29.7,57.1,False,2020,8.0
RIC,Renault,64.0,84.095,11.0,836,29.0,SOFT,True,1,,,True,45.9,29.7,57.1,False,2020,13.0
KVY,AlphaTauri,64.0,83.559,12.0,837,19.0,MEDIUM,True,1,,,True,45.9,29.7,57.1,False,2020,12.0
OCO,Renault,64.0,83.122,13.0,837,30.0,SOFT,True,1,,,True,45.9,29.7,57.1,False,2020,15.0
RAI,Alfa Romeo Racing,64.0,82.983,14.0,838,20.0,SOFT,True,1,,,True,45.9,29.7,57.1,False,2020,14.0
MAG,Haas F1 Team,64.0,83.474,15.0,838,37.0,MEDIUM,False,1,,,True,45.9,29.7,57.1,False,2020,16.0
GIO,Alfa Romeo Racing,64.0,83.16,16.0,839,19.0,SOFT,True,1,,,True,45.9,29.7,57.1,False,2020,20.0
RUS,Williams,64.0,84.89,17.0,839,29.0,MEDIUM,True,1,,,True,46.2,29.7,57.9,False,2020,18.0
LAT,Williams,64.0,85.532,18.0,840,15.0,SOFT,True,1,,,True,46.2,29.7,57.9,False,2020,19.0
GRO,Haas F1 Team,64.0,80.409,19.0,841,2.0,SOFT,True,1,,,True,46.2,29.7,57.9,False,2020,17.0
HAM,Mercedes,65.0,80.847,1.0,841,15.0,MEDIUM,True,1,,,True,45.0,29.7,57.5,False,2020,1.0
VER,Red Bull Racing,65.0,82.764,2.0,841,24.0,MEDIUM,True,1,,,True,45.9,29.7,57.1,False,2020,3.0
BOT,Mercedes,65.0,100.545,3.0,842,1.0,MEDIUM,True,1,,0 days 02:03:08.686000,False,45.9,29.7,57.1,False,2020,2.0
PER,Racing Point,65.0,83.56,4.0,842,36.0,MEDIUM,True,1,,,True,46.2,29.7,57.9,False,2020,4.0
STR,Racing Point,65.0,83.289,5.0,843,26.0,SOFT,False,1,,,True,46.2,29.7,57.9,False,2020,5.0
SAI,McLaren,65.0,82.527,6.0,844,24.0,MEDIUM,True,1,,,True,46.2,29.7,57.9,False,2020,7.0
VET,Ferrari,65.0,84.668,7.0,844,39.0,SOFT,False,1,,,True,46.2,29.7,57.9,False,2020,11.0
ALB,Red Bull Racing,65.0,84.768,8.0,845,26.0,MEDIUM,True,1,,,True,46.2,29.7,57.9,False,2020,6.0
GAS,AlphaTauri,65.0,84.546,9.0,846,23.0,MEDIUM,True,1,,,True,46.2,29.7,57.9,False,2020,10.0
NOR,McLaren,65.0,84.161,10.0,847,21.0,MEDIUM,True,1,,,True,46.2,29.7,57.9,False,2020,8.0
RIC,Renault,65.0,84.306,11.0,847,30.0,SOFT,True,1,,,True,46.2,29.7,57.9,False,2020,13.0
KVY,AlphaTauri,65.0,84.578,12.0,848,20.0,MEDIUM,True,1,,,True,46.2,29.7,57.9,False,2020,12.0
OCO,Renault,65.0,82.174,13.0,848,31.0,SOFT,True,1,,,True,46.4,29.6,58.3,False,2020,15.0
RAI,Alfa Romeo Racing,65.0,83.196,14.0,849,21.0,SOFT,True,1,,,True,46.4,29.6,58.3,False,2020,14.0
MAG,Haas F1 Team,65.0,83.925,15.0,849,38.0,MEDIUM,False,1,,,True,46.4,29.6,58.3,False,2020,16.0
GIO,Alfa Romeo Racing,65.0,83.593,16.0,850,20.0,SOFT,True,1,,,True,46.4,29.6,58.3,False,2020,20.0
RUS,Williams,65.0,85.659,17.0,850,30.0,MEDIUM,True,1,,,True,46.4,29.6,58.3,False,2020,18.0
HAM,Mercedes,66.0,82.066,1.0,851,16.0,MEDIUM,True,1,,,True,46.2,29.7,57.9,False,2020,1.0
VER,Red Bull Racing,66.0,83.629,2.0,851,25.0,MEDIUM,True,1,,,True,46.2,29.7,57.9,False,2020,3.0
BOT,Mercedes,66.0,78.183,3.0,852,2.0,MEDIUM,True,1,,,True,46.2,29.7,57.9,False,2020,2.0
VER,Red Bull Racing,1.0,86.19,1.0,1,4.0,SOFT,False,1,,,False,31.7,21.5,57.7,False,2021,2.0
HAM,Mercedes,1.0,87.702,2.0,1,5.0,SOFT,False,1,,,False,31.7,21.5,57.7,False,2021,1.0
LEC,Ferrari,1.0,89.442,3.0,2,4.0,SOFT,False,1,,,False,31.7,21.5,57.7,False,2021,4.0
BOT,Mercedes,1.0,90.174,4.0,3,4.0,SOFT,False,1,,,False,31.7,21.5,57.7,False,2021,3.0
RIC,McLaren,1.0,91.083,5.0,4,4.0,SOFT,False,1,,,False,31.7,21.5,57.7,False,2021,7.0
PER,Red Bull Racing,1.0,91.943,6.0,5,4.0,SOFT,False,1,,,False,31.7,21.5,57.7,False,2021,8.0
OCO,Alpine,1.0,92.775,7.0,6,4.0,SOFT,False,1,,,False,31.7,21.5,57.7,False,2021,5.0
SAI,Ferrari,1.0,93.5,8.0,7,4.0,SOFT,False,1,,,False,31.7,21.5,57.7,False,2021,6.0
NOR,McLaren,1.0,93.959,9.0,8,4.0,SOFT,False,1,,,False,31.7,21.5,57.7,False,2021,9.0
ALO,Alpine,1.0,94.655,10.0,9,4.0,SOFT,False,1,,,False,31.7,21.5,57.7,False,2021,10.0
STR,Aston Martin,1.0,95.051,11.0,10,1.0,SOFT,True,1,,,False,31.7,21.5,57.7,False,2021,11.0
VET,Aston Martin,1.0,95.498,12.0,11,1.0,SOFT,True,1,,,False,31.7,21.5,57.7,False,2021,13.0
GAS,AlphaTauri,1.0,96.03,13.0,12,1.0,SOFT,True,1,,,False,31.7,21.5,57.7,False,2021,12.0
RAI,Alfa Romeo Racing,1.0,96.748,14.0,13,1.0,MEDIUM,True,1,,,False,31.7,21.5,57.7,False,2021,17.0
GIO,Alfa Romeo Racing,1.0,97.299,15.0,14,1.0,SOFT,True,1,,,False,31.7,21.5,57.7,False,2021,14.0
MSC,Haas F1 Team,1.0,97.64,16.0,15,1.0,SOFT,True,1,,,False,31.7,21.5,57.7,False,2021,18.0
RUS,Williams,1.0,98.084,17.0,16,1.0,SOFT,True,1,,,False,31.7,21.5,57.7,False,2021,15.0
TSU,AlphaTauri,1.0,98.543,18.0,17,1.0,SOFT,True,1,,,False,31.7,21.5,57.7,False,2021,16.0
LAT,Williams,1.0,99.177,19.0,18,1.0,SOFT,True,1,,,False,31.7,21.5,57.7,False,2021,19.0
MAZ,Haas F1 Team,1.0,99.826,20.0,19,1.0,SOFT,True,1,,,False,31.7,21.5,57.7,False,2021,20.0
VER,Red Bull Racing,2.0,83.561,1.0,19,5.0,SOFT,False,1,,,True,31.6,21.5,58.6,False,2021,2.0
HAM,Mercedes,2.0,83.798,2.0,19,6.0,SOFT,False,1,,,True,31.6,21.5,58.6,False,2021,1.0
LEC,Ferrari,2.0,84.948,3.0,20,5.0,SOFT,False,1,,,True,31.6,21.5,58.6,False,2021,4.0
BOT,Mercedes,2.0,85.251,4.0,21,5.0,SOFT,False,1,,,True,31.6,21.5,58.6,False,2021,3.0
RIC,McLaren,2.0,85.429,5.0,22,5.0,SOFT,False,1,,,True,31.6,21.5,58.6,False,2021,7.0
PER,Red Bull Racing,2.0,85.241,6.0,23,5.0,SOFT,False,1,,,True,31.6,21.5,58.6,False,2021,8.0
OCO,Alpine,2.0,85.631,7.0,24,5.0,SOFT,False,1,,,True,31.6,21.5,58.6,False,2021,5.0
SAI,Ferrari,2.0,85.97,8.0,25,5.0,SOFT,False,1,,,True,31.6,21.5,58.6,False,2021,6.0
NOR,McLaren,2.0,86.5,9.0,26,5.0,SOFT,False,1,,,True,31.6,21.5,58.6,False,2021,9.0
ALO,Alpine,2.0,86.882,10.0,27,5.0,SOFT,False,1,,,True,31.6,21.5,58.6,False,2021,10.0
STR,Aston Martin,2.0,87.001,11.0,28,2.0,SOFT,True,1,,,True,31.6,21.5,58.6,False,2021,11.0
VET,Aston Martin,2.0,87.277,12.0,29,2.0,SOFT,True,1,,,True,31.6,21.5,58.6,False,2021,13.0
GAS,AlphaTauri,2.0,87.333,13.0,30,2.0,SOFT,True,1,,,True,31.6,21.5,58.6,False,2021,12.0
RAI,Alfa Romeo Racing,2.0,87.611,14.0,31,2.0,MEDIUM,True,1,,,True,31.6,21.5,58.6,False,2021,17.0
GIO,Alfa Romeo Racing,2.0,87.724,15.0,32,2.0,SOFT,True,1,,,True,31.6,21.5,58.6,False,2021,14.0
MSC,Haas F1 Team,2.0,88.135,16.0,33,2.0,SOFT,True,1,,,True,31.6,21.5,58.6,False,2021,18.0
TSU,AlphaTauri,2.0,87.714,17.0,34,2.0,SOFT,True,1,,,True,31.6,21.5,58.6,False,2021,16.0
RUS,Williams,2.0,88.774,18.0,35,2.0,SOFT,True,1,,,True,31.6,21.5,58.6,False,2021,15.0
LAT,Williams,2.0,88.361,19.0,36,2.0,SOFT,True,1,,,True,31.6,21.5,58.6,False,2021,19.0
MAZ,Haas F1 Team,2.0,88.311,20.0,37,2.0,SOFT,True,1,,,True,31.6,21.5,58.6,False,2021,20.0
VER,Red Bull Racing,3.0,83.25,1.0,37,6.0,SOFT,False,1,,,True,31.6,21.7,58.0,False,2021,2.0
HAM,Mercedes,3.0,83.425,2.0,37,7.0,SOFT,False,1,,,True,31.8,21.7,57.9,False,2021,1.0
LEC,Ferrari,3.0,84.403,3.0,38,6.0,SOFT,False,1,,,True,31.8,21.7,57.9,False,2021,4.0
BOT,Mercedes,3.0,84.121,4.0,39,6.0,SOFT,False,1,,,True,31.8,21.7,57.9,False,2021,3.0
RIC,McLaren,3.0,84.68,5.0,40,6.0,SOFT,False,1,,,True,31.8,21.7,57.9,False,2021,7.0
PER,Red Bull Racing,3.0,84.792,6.0,41,6.0,SOFT,False,1,,,True,31.8,21.7,57.9,False,2021,8.0
OCO,Alpine,3.0,85.236,7.0,42,6.0,SOFT,False,1,,,True,31.8,21.7,57.9,False,2021,5.0
SAI,Ferrari,3.0,85.249,8.0,43,6.0,SOFT,False,1,,,True,31.8,21.7,57.9,False,2021,6.0
NOR,McLaren,3.0,85.746,9.0,44,6.0,SOFT,False,1,,,True,31.8,21.7,57.9,False,2021,9.0
ALO,Alpine,3.0,85.698,10.0,45,6.0,SOFT,False,1,,,True,31.8,21.7,57.9,False,2021,10.0
STR,Aston Martin,3.0,86.054,11.0,46,3.0,SOFT,True,1,,,True,31.8,21.7,57.9,False,2021,11.0
VET,Aston Martin,3.0,86.125,12.0,47,3.0,SOFT,True,1,,,True,31.8,21.7,57.9,False,2021,13.0
GAS,AlphaTauri,3.0,86.014,13.0,48,3.0,SOFT,True,1,,,True,31.8,21.7,57.9,False,2021,12.0
RAI,Alfa Romeo Racing,3.0,86.177,14.0,49,3.0,MEDIUM,True,1,,,True,31.8,21.7,57.9,False,2021,17.0
GIO,Alfa Romeo Racing,3.0,86.328,15.0,50,3.0,SOFT,True,1,,,True,31.8,21.7,57.9,False,2021,14.0
MSC,Haas F1 Team,3.0,86.736,16.0,51,3.0,SOFT,True,1,,,True,31.8,21.7,57.9,False,2021,18.0
TSU,AlphaTauri,3.0,86.76,17.0,52,3.0,SOFT,True,1,,,True,31.8,21.7,57.9,False,2021,16.0
RUS,Williams,3.0,87.083,18.0,53,3.0,SOFT,True,1,,,True,31.8,21.7,57.9,False,2021,15.0
LAT,Williams,3.0,87.194,19.0,54,3.0,SOFT,True,1,,,True,31.8,21.7,57.9,False,2021,19.0
MAZ,Haas F1 Team,3.0,87.309,20.0,55,3.0,SOFT,True,1,,,True,31.8,21.7,57.9,False,2021,20.0
VER,Red Bull Racing,4.0,83.209,1.0,55,7.0,SOFT,False,1,,,True,31.7,21.8,58.0,False,2021,2.0
HAM,Mercedes,4.0,82.938,2.0,55,8.0,SOFT,False,1,,,True,31.7,21.8,58.0,False,2021,1.0
LEC,Ferrari,4.0,84.198,3.0,56,7.0,SOFT,False,1,,,True,31.7,21.8,58.0,False,2021,4.0
BOT,Mercedes,4.0,84.192,4.0,57,7.0,SOFT,False,1,,,True,31.7,21.8,58.0,False,2021,3.0
RIC,McLaren,4.0,84.436,5.0,58,7.0,SOFT,False,1,,,True,31.7,21.8,58.0,False,2021,7.0
PER,Red Bull Racing,4.0,84.723,6.0,59,7.0,SOFT,False,1,,,True,31.7,21.8,58.0,False,2021,8.0
OCO,Alpine,4.0,84.858,7.0,60,7.0,SOFT,False,1,,,True,31.7,21.8,58.0,False,2021,5.0
SAI,Ferrari,4.0,84.828,8.0,61,7.0,SOFT,False,1,,,True,31.7,21.8,58.0,False,2021,6.0
NOR,McLaren,4.0,84.945,9.0,62,7.0,SOFT,False,1,,,True,31.7,21.8,58.0,False,2021,9.0
ALO,Alpine,4.0,85.097,10.0,63,7.0,SOFT,False,1,,,True,31.7,21.8,58.0,False,2021,10.0
STR,Aston Martin,4.0,85.293,11.0,64,4.0,SOFT,True,1,,,True,31.7,21.8,58.0,False,2021,11.0
VET,Aston Martin,4.0,85.312,12.0,65,4.0,SOFT,True,1,,,True,31.7,21.8,58.0,False,2021,13.0
GAS,AlphaTauri,4.0,85.503,13.0,66,4.0,SOFT,True,1,,,True,31.7,21.8,58.0,False,2021,12.0
RAI,Alfa Romeo Racing,4.0,85.585,14.0,67,4.0,MEDIUM,True,1,,,True,31.7,21.8,58.0,False,2021,17.0
GIO,Alfa Romeo Racing,4.0,85.723,15.0,68,4.0,SOFT,True,1,,,True,31.7,21.8,58.0,False,2021,14.0
MSC,Haas F1 Team,4.0,86.209,16.0,69,4.0,SOFT,True,1,,,True,31.7,21.8,58.0,False,2021,18.0
TSU,AlphaTauri,4.0,86.189,17.0,70,4.0,SOFT,True,1,,,True,31.7,21.8,58.0,False,2021,16.0
RUS,Williams,4.0,86.223,18.0,71,4.0,SOFT,True,1,,,True,31.7,21.8,58.0,False,2021,15.0
LAT,Williams,4.0,86.338,19.0,72,4.0,SOFT,True,1,,,True,31.7,21.8,58.0,False,2021,19.0
MAZ,Haas F1 Team,4.0,86.368,20.0,73,4.0,SOFT,True,1,,,True,31.7,21.8,58.0,False,2021,20.0
VER,Red Bull Racing,5.0,83.206,1.0,73,8.0,SOFT,False,1,,,True,31.6,21.8,58.5,False,2021,2.0
HAM,Mercedes,5.0,83.118,2.0,73,9.0,SOFT,False,1,,,True,31.6,21.8,58.5,False,2021,1.0
LEC,Ferrari,5.0,84.269,3.0,74,8.0,SOFT,False,1,,,True,31.6,21.8,58.5,False,2021,4.0
BOT,Mercedes,5.0,84.784,4.0,75,8.0,SOFT,False,1,,,True,31.6,21.8,58.5,False,2021,3.0
RIC,McLaren,5.0,84.411,5.0,76,8.0,SOFT,False,1,,,True,31.6,21.8,58.5,False,2021,7.0
PER,Red Bull Racing,5.0,84.067,6.0,77,8.0,SOFT,False,1,,,True,31.6,21.8,58.5,False,2021,8.0
OCO,Alpine,5.0,84.449,7.0,78,8.0,SOFT,False,1,,,True,31.6,21.8,58.5,False,2021,5.0
SAI,Ferrari,5.0,84.759,8.0,79,8.0,SOFT,False,1,,,True,31.6,21.8,57.9,False,2021,6.0
NOR,McLaren,5.0,84.95,9.0,80,8.0,SOFT,False,1,,,True,31.6,21.8,57.9,False,2021,9.0
ALO,Alpine,5.0,85.177,10.0,81,8.0,SOFT,False,1,,,True,31.6,21.8,57.9,False,2021,10.0
STR,Aston Martin,5.0,85.044,11.0,82,5.0,SOFT,True,1,,,True,31.6,21.8,57.9,False,2021,11.0
VET,Aston Martin,5.0,85.201,12.0,83,5.0,SOFT,True,1,,,True,31.6,21.8,57.9,False,2021,13.0
GAS,AlphaTauri,5.0,85.25,13.0,84,5.0,SOFT,True,1,,,True,31.6,21.8,57.9,False,2021,12.0
RAI,Alfa Romeo Racing,5.0,85.363,14.0,85,5.0,MEDIUM,True,1,,,True,31.6,21.8,57.9,False,2021,17.0
GIO,Alfa Romeo Racing,5.0,85.571,15.0,86,5.0,SOFT,True,1,,,True,31.6,21.8,57.9,False,2021,14.0
TSU,AlphaTauri,5.0,84.825,16.0,87,5.0,SOFT,True,1,,,True,31.6,21.8,57.9,False,2021,16.0
MSC,Haas F1 Team,5.0,87.216,17.0,88,5.0,SOFT,True,1,,,True,31.6,21.8,57.9,False,2021,18.0
RUS,Williams,5.0,86.348,18.0,89,5.0,SOFT,True,1,,,True,31.6,21.8,57.9,False,2021,15.0
LAT,Williams,5.0,86.276,19.0,90,5.0,SOFT,True,1,,,True,31.6,21.8,57.9,False,2021,19.0
MAZ,Haas F1 Team,5.0,86.945,20.0,91,5.0,SOFT,True,1,,,True,31.6,21.8,57.9,False,2021,20.0
VER,Red Bull Racing,6.0,83.227,1.0,91,9.0,SOFT,False,1,,,True,31.0,21.8,58.4,False,2021,2.0
HAM,Mercedes,6.0,83.062,2.0,91,10.0,SOFT,False,1,,,True,31.0,21.8,58.4,False,2021,1.0
LEC,Ferrari,6.0,84.195,3.0,92,9.0,SOFT,False,1,,,True,31.0,21.8,58.4,False,2021,4.0
BOT,Mercedes,6.0,83.802,4.0,93,9.0,SOFT,False,1,,,True,31.0,21.8,58.4,False,2021,3.0
RIC,McLaren,6.0,84.468,5.0,94,9.0,SOFT,False,1,,,True,31.0,21.8,58.4,False,2021,7.0
PER,Red Bull Racing,6.0,84.544,6.0,95,9.0,SOFT,False,1,,,True,31.0,21.8,58.4,False,2021,8.0
OCO,Alpine,6.0,84.906,7.0,96,9.0,SOFT,False,1,,,True,31.0,21.8,58.4,False,2021,5.0
SAI,Ferrari,6.0,84.896,8.0,97,9.0,SOFT,False,1,,,True,31.0,21.8,58.4,False,2021,6.0
NOR,McLaren,6.0,85.13,9.0,98,9.0,SOFT,False,1,,,True,31.0,21.8,58.4,False,2021,9.0
ALO,Alpine,6.0,85.115,10.0,99,9.0,SOFT,False,1,,,True,31.0,21.8,58.4,False,2021,10.0
STR,Aston Martin,6.0,85.139,11.0,100,6.0,SOFT,True,1,,,True,31.0,21.8,58.4,False,2021,11.0
VET,Aston Martin,6.0,85.152,12.0,101,6.0,SOFT,True,1,,,True,31.0,21.8,58.4,False,2021,13.0
GAS,AlphaTauri,6.0,85.194,13.0,102,6.0,SOFT,True,1,,,True,31.0,21.8,58.4,False,2021,12.0
RAI,Alfa Romeo Racing,6.0,85.421,14.0,103,6.0,MEDIUM,True,1,,,True,31.0,21.8,58.4,False,2021,17.0
GIO,Alfa Romeo Racing,6.0,85.437,15.0,104,6.0,SOFT,True,1,,,True,31.0,21.8,58.4,False,2021,14.0
TSU,AlphaTauri,6.0,85.148,16.0,105,6.0,SOFT,True,1,,,True,31.0,21.8,58.4,False,2021,16.0
MSC,Haas F1 Team,6.0,86.032,17.0,106,6.0,SOFT,True,1,,,True,31.0,21.8,58.4,False,2021,18.0
RUS,Williams,6.0,86.158,18.0,107,6.0,SOFT,True,1,,,True,31.0,21.8,58.4,False,2021,15.0
LAT,Williams,6.0,86.574,19.0,108,6.0,SOFT,True,1,,,True,31.0,21.8,58.4,False,2021,19.0
MAZ,Haas F1 Team,6.0,86.904,20.0,109,6.0,SOFT,True,1,,,True,31.0,21.8,58.4,False,2021,20.0
VER,Red Bull Racing,7.0,83.09,1.0,109,10.0,SOFT,False,1,,,True,31.4,21.7,58.1,False,2021,2.0
HAM,Mercedes,7.0,83.261,2.0,109,11.0,SOFT,False,1,,,True,31.4,21.7,58.1,False,2021,1.0
LEC,Ferrari,7.0,84.062,3.0,110,10.0,SOFT,False,1,,,True,31.4,21.7,58.1,False,2021,4.0
BOT,Mercedes,7.0,83.896,4.0,111,10.0,SOFT,False,1,,,True,31.4,21.7,58.1,False,2021,3.0
RIC,McLaren,7.0,84.212,5.0,112,10.0,SOFT,False,1,,,True,31.4,21.7,58.1,False,2021,7.0
PER,Red Bull Racing,7.0,84.305,6.0,113,10.0,SOFT,False,1,,,True,31.4,21.7,58.1,False,2021,8.0
OCO,Alpine,7.0,84.617,7.0,114,10.0,SOFT,False,1,,,True,31.4,21.7,58.1,False,2021,5.0
SAI,Ferrari,7.0,84.46,8.0,115,10.0,SOFT,False,1,,,True,31.4,21.7,58.1,False,2021,6.0
NOR,McLaren,7.0,84.853,9.0,116,10.0,SOFT,False,12,,,True,31.4,21.7,58.1,False,2021,9.0
ALO,Alpine,7.0,84.966,10.0,117,10.0,SOFT,False,12,,,True,31.4,21.7,58.1,False,2021,10.0
STR,Aston Martin,7.0,85.112,11.0,118,7.0,SOFT,True,12,,,True,31.4,21.7,58.1,False,2021,11.0
VET,Aston Martin,7.0,85.047,12.0,119,7.0,SOFT,True,12,,,True,31.4,21.7,58.1,False,2021,13.0
GAS,AlphaTauri,7.0,85.027,13.0,120,7.0,SOFT,True,12,,,True,31.4,21.7,58.1,False,2021,12.0
RAI,Alfa Romeo Racing,7.0,85.434,14.0,121,7.0,MEDIUM,True,12,,,True,31.4,21.7,58.1,False,2021,17.0
GIO,Alfa Romeo Racing,7.0,85.294,15.0,122,7.0,SOFT,True,12,,,True,31.4,21.7,58.1,False,2021,14.0
MSC,Haas F1 Team,7.0,86.324,16.0,123,7.0,SOFT,True,12,,,True,30.8,21.7,58.1,False,2021,18.0
RUS,Williams,7.0,86.109,17.0,124,7.0,SOFT,True,12,,,True,30.8,21.7,58.1,False,2021,15.0
LAT,Williams,7.0,86.037,18.0,125,7.0,SOFT,True,12,,,True,30.8,21.7,58.1,False,2021,19.0
MAZ,Haas F1 Team,7.0,86.46,19.0,126,7.0,SOFT,True,12,,,True,30.8,21.7,58.1,False,2021,20.0
VER,Red Bull Racing,8.0,85.483,1.0,126,11.0,SOFT,False,124,,,False,30.8,21.7,58.1,False,2021,2.0
HAM,Mercedes,8.0,89.253,2.0,126,12.0,SOFT,False,124,,,False,30.7,21.6,58.2,False,2021,1.0
LEC,Ferrari,8.0,91.332,3.0,127,11.0,SOFT,False,124,,,False,30.7,21.6,58.2,False,2021,4.0
BOT,Mercedes,8.0,92.075,4.0,128,11.0,SOFT,False,124,,,False,30.7,21.6,58.2,False,2021,3.0
RIC,McLaren,8.0,92.522,5.0,129,11.0,SOFT,False,124,,,False,30.7,21.6,58.2,False,2021,7.0
PER,Red Bull Racing,8.0,93.466,6.0,130,11.0,SOFT,False,124,,,False,30.7,21.6,58.2,False,2021,8.0
OCO,Alpine,8.0,93.985,7.0,131,11.0,SOFT,False,124,,,False,30.7,21.6,58.2,False,2021,5.0
SAI,Ferrari,8.0,94.859,8.0,132,11.0,SOFT,False,124,,,False,30.7,21.6,58.2,False,2021,6.0
NOR,McLaren,8.0,94.755,9.0,133,11.0,SOFT,False,24,,,False,30.7,21.6,58.2,False,2021,9.0
ALO,Alpine,8.0,94.31,10.0,134,11.0,SOFT,False,24,,,False,30.7,21.6,58.2,False,2021,10.0
STR,Aston Martin,8.0,95.339,11.0,135,8.0,SOFT,True,24,,,False,30.7,21.6,58.2,False,2021,11.0
VET,Aston Martin,8.0,94.995,12.0,136,8.0,SOFT,True,24,,,False,30.7,21.6,58.2,False,2021,13.0
GAS,AlphaTauri,8.0,94.747,13.0,137,8.0,SOFT,True,24,,,False,30.7,21.6,58.2,False,2021,12.0
RAI,Alfa Romeo Racing,8.0,95.413,14.0,138,8.0,MEDIUM,True,24,,,False,30.7,21.6,58.2,False,2021,17.0
GIO,Alfa Romeo Racing,8.0,98.019,15.0,139,8.0,SOFT,True,24,0 days 00:45:06.976000,,False,30.7,21.6,58.2,False,2021,14.0
RUS,Williams,8.0,98.318,16.0,140,8.0,SOFT,True,24,,,False,30.7,21.6,58.2,False,2021,15.0
MSC,Haas F1 Team,8.0,100.855,17.0,141,8.0,SOFT,True,24,,,False,30.7,21.6,58.2,False,2021,18.0
LAT,Williams,8.0,100.465,18.0,142,8.0,SOFT,True,24,,,False,30.7,21.6,58.2,False,2021,19.0
MAZ,Haas F1 Team,8.0,101.651,19.0,143,8.0,SOFT,True,24,,,False,30.7,21.6,58.2,False,2021,20.0
VER,Red Bull Racing,9.0,134.88,1.0,143,12.0,SOFT,False,4,,,False,31.0,21.7,57.4,False,2021,2.0
HAM,Mercedes,9.0,131.611,2.0,143,13.0,SOFT,False,4,,,False,31.0,21.7,57.4,False,2021,1.0
LEC,Ferrari,9.0,122.691,3.0,144,12.0,SOFT,False,4,,,False,31.0,21.7,57.4,False,2021,4.0
BOT,Mercedes,9.0,122.218,4.0,145,12.0,SOFT,False,4,,,False,31.0,21.7,57.4,False,2021,3.0
RIC,McLaren,9.0,120.615,5.0,146,12.0,SOFT,False,4,,,False,31.0,21.7,57.4,False,2021,7.0
PER,Red Bull Racing,9.0,119.695,6.0,147,12.0,SOFT,False,4,,,False,31.0,21.7,57.4,False,2021,8.0
OCO,Alpine,9.0,117.57,7.0,148,12.0,SOFT,False,4,,,False,31.0,21.7,57.4,False,2021,5.0
SAI,Ferrari,9.0,117.331,8.0,149,12.0,SOFT,False,4,,,False,31.0,21.7,57.4,False,2021,6.0
NOR,McLaren,9.0,117.441,9.0,150,12.0,SOFT,False,4,,,False,31.0,21.7,57.4,False,2021,9.0
ALO,Alpine,9.0,117.266,10.0,151,12.0,SOFT,False,4,,,False,31.0,21.7,57.4,False,2021,10.0
STR,Aston Martin,9.0,116.562,11.0,152,9.0,SOFT,True,4,,,False,31.0,21.7,57.4,False,2021,11.0
VET,Aston Martin,9.0,116.652,12.0,153,9.0,SOFT,True,4,,,False,31.0,21.7,57.4,False,2021,13.0
GAS,AlphaTauri,9.0,117.318,13.0,154,9.0,SOFT,True,4,,,False,31.0,21.7,57.4,False,2021,12.0
RAI,Alfa Romeo Racing,9.0,116.45,14.0,155,9.0,MEDIUM,True,4,,,False,31.0,21.7,57.4,False,2021,17.0
RUS,Williams,9.0,114.735,15.0,156,9.0,SOFT,True,4,0 days 00:47:07.401000,,False,31.0,21.7,57.4,False,2021,15.0
MSC,Haas F1 Team,9.0,112.822,16.0,157,9.0,SOFT,True,4,,,False,31.0,21.7,57.4,False,2021,18.0
MAZ,Haas F1 Team,9.0,111.289,17.0,158,9.0,SOFT,True,4,,,False,31.0,21.7,57.4,False,2021,20.0
LAT,Williams,9.0,114.725,18.0,159,9.0,SOFT,True,4,0 days 00:47:10.786000,,False,31.0,21.7,57.4,False,2021,19.0
VER,Red Bull Racing,10.0,139.896,1.0,159,13.0,SOFT,False,41,,,False,31.3,21.8,57.7,False,2021,2.0
HAM,Mercedes,10.0,138.416,2.0,159,14.0,SOFT,False,41,,,False,31.3,21.8,57.7,False,2021,1.0
LEC,Ferrari,10.0,137.414,3.0,160,13.0,SOFT,False,41,,,False,31.3,21.8,57.7,False,2021,4.0
BOT,Mercedes,10.0,136.909,4.0,161,13.0,SOFT,False,41,,,False,31.3,21.8,57.7,False,2021,3.0
RIC,McLaren,10.0,136.222,5.0,162,13.0,SOFT,False,41,,,False,31.3,21.8,57.7,False,2021,7.0
PER,Red Bull Racing,10.0,136.144,6.0,163,13.0,SOFT,False,41,,,False,31.3,21.8,57.7,False,2021,8.0
OCO,Alpine,10.0,135.246,7.0,164,13.0,SOFT,False,41,,,False,31.3,21.8,57.7,False,2021,5.0
SAI,Ferrari,10.0,133.662,8.0,165,13.0,SOFT,False,41,,,False,31.3,21.8,57.7,False,2021,6.0
NOR,McLaren,10.0,131.688,9.0,166,13.0,SOFT,False,41,,,False,31.3,21.8,57.7,False,2021,9.0
ALO,Alpine,10.0,131.431,10.0,167,13.0,SOFT,False,41,,,False,31.3,21.8,57.7,False,2021,10.0
STR,Aston Martin,10.0,130.488,11.0,168,10.0,SOFT,True,41,,,False,31.3,21.8,57.7,False,2021,11.0
VET,Aston Martin,10.0,130.428,12.0,169,10.0,SOFT,True,41,,,False,31.3,21.8,57.7,False,2021,13.0
GAS,AlphaTauri,10.0,129.701,13.0,170,10.0,SOFT,True,41,,,False,31.3,21.8,57.7,False,2021,12.0
RAI,Alfa Romeo Racing,10.0,128.604,14.0,171,10.0,MEDIUM,True,41,,,False,31.3,21.8,57.7,False,2021,17.0
MSC,Haas F1 Team,10.0,121.225,15.0,172,10.0,SOFT,True,41,,,False,31.3,21.8,57.7,False,2021,18.0
MAZ,Haas F1 Team,10.0,118.697,16.0,173,10.0,SOFT,True,41,,,False,31.3,21.8,57.7,False,2021,20.0
RUS,Williams,10.0,122.194,17.0,174,1.0,MEDIUM,True,41,,0 days 00:47:31.214000,False,31.3,21.8,57.7,False,2021,15.0
LAT,Williams,10.0,119.384,18.0,175,1.0,MEDIUM,True,41,,0 days 00:47:37.703000,False,31.3,21.8,57.7,False,2021,19.0
GIO,Alfa Romeo Racing,10.0,94.073,19.0,175,5.0,MEDIUM,False,41,,,False,31.3,21.8,57.7,False,2021,14.0
VER,Red Bull Racing,11.0,83.251,1.0,175,14.0,SOFT,False,1,,,True,31.4,21.8,57.7,False,2021,2.0
HAM,Mercedes,11.0,83.608,2.0,175,15.0,SOFT,False,1,,,True,31.4,21.8,57.7,False,2021,1.0
LEC,Ferrari,11.0,84.637,3.0,176,14.0,SOFT,False,1,,,True,31.4,21.8,57.7,False,2021,4.0
BOT,Mercedes,11.0,85.078,4.0,177,14.0,SOFT,False,1,,,True,31.4,21.8,57.7,False,2021,3.0
RIC,McLaren,11.0,85.621,5.0,178,14.0,SOFT,False,1,,,True,31.6,21.9,57.3,False,2021,7.0
PER,Red Bull Racing,11.0,85.649,6.0,179,14.0,SOFT,False,1,,,True,31.6,21.9,57.3,False,2021,8.0
OCO,Alpine,11.0,86.308,7.0,180,14.0,SOFT,False,1,,,True,31.6,21.9,57.3,False,2021,5.0
SAI,Ferrari,11.0,86.753,8.0,181,14.0,SOFT,False,1,,,True,31.6,21.9,57.3,False,2021,6.0
NOR,McLaren,11.0,87.143,9.0,182,14.0,SOFT,False,1,,,True,31.6,21.9,57.3,False,2021,9.0
STR,Aston Martin,11.0,86.81,10.0,183,11.0,SOFT,True,1,,,True,31.6,21.9,57.3,False,2021,11.0
ALO,Alpine,11.0,88.119,11.0,183,14.0,SOFT,False,1,,,True,31.6,21.9,57.3,False,2021,10.0
VET,Aston Martin,11.0,87.601,12.0,184,11.0,SOFT,True,1,,,True,31.6,21.9,57.3,False,2021,13.0
GAS,AlphaTauri,11.0,87.61,13.0,185,11.0,SOFT,True,1,,,True,31.6,21.9,57.3,False,2021,12.0
RAI,Alfa Romeo Racing,11.0,87.58,14.0,186,11.0,MEDIUM,True,1,,,True,31.6,21.9,57.3,False,2021,17.0
MSC,Haas F1 Team,11.0,87.945,15.0,187,11.0,SOFT,True,1,,,True,31.6,21.9,57.3,False,2021,18.0
RUS,Williams,11.0,87.634,16.0,188,2.0,MEDIUM,True,1,,,True,31.6,21.9,57.3,False,2021,15.0
LAT,Williams,11.0,87.806,17.0,189,2.0,MEDIUM,True,1,,,True,31.6,21.9,57.3,False,2021,19.0
MAZ,Haas F1 Team,11.0,89.483,18.0,189,11.0,SOFT,True,1,,,True,31.6,21.9,57.3,False,2021,20.0
GIO,Alfa Romeo Racing,11.0,84.691,19.0,190,6.0,MEDIUM,False,1,,,True,31.6,21.9,57.3,False,2021,14.0
VER,Red Bull Racing,12.0,83.297,1.0,190,15.0,SOFT,False,1,,,True,31.8,21.9,57.7,False,2021,2.0
HAM,Mercedes,12.0,83.415,2.0,190,16.0,SOFT,False,1,,,True,31.8,21.9,57.7,False,2021,1.0
LEC,Ferrari,12.0,84.059,3.0,191,15.0,SOFT,False,1,,,True,31.8,21.9,57.7,False,2021,4.0
BOT,Mercedes,12.0,84.108,4.0,192,15.0,SOFT,False,1,,,True,31.8,21.9,57.7,False,2021,3.0
RIC,McLaren,12.0,84.598,5.0,193,15.0,SOFT,False,1,,,True,31.8,21.9,57.7,False,2021,7.0
PER,Red Bull Racing,12.0,84.816,6.0,194,15.0,SOFT,False,1,,,True,31.8,21.9,57.7,False,2021,8.0
OCO,Alpine,12.0,85.262,7.0,195,15.0,SOFT,False,1,,,True,31.8,21.9,57.7,False,2021,5.0
SAI,Ferrari,12.0,85.296,8.0,196,15.0,SOFT,False,1,,,True,31.8,21.9,57.7,False,2021,6.0
NOR,McLaren,12.0,85.919,9.0,197,15.0,SOFT,False,1,,,True,31.8,21.9,57.7,False,2021,9.0
STR,Aston Martin,12.0,86.059,10.0,198,12.0,SOFT,True,1,,,True,31.8,21.9,57.7,False,2021,11.0
ALO,Alpine,12.0,86.158,11.0,198,15.0,SOFT,False,1,,,True,31.8,21.9,57.7,False,2021,10.0
VET,Aston Martin,12.0,86.475,12.0,199,12.0,SOFT,True,1,,,True,31.8,21.9,57.7,False,2021,13.0
GAS,AlphaTauri,12.0,86.572,13.0,200,12.0,SOFT,True,1,,,True,31.8,21.9,57.7,False,2021,12.0
RAI,Alfa Romeo Racing,12.0,86.762,14.0,201,12.0,MEDIUM,True,1,,,True,31.8,21.9,57.7,False,2021,17.0
RUS,Williams,12.0,86.442,15.0,202,3.0,MEDIUM,True,1,,,True,31.8,21.9,57.7,False,2021,15.0
MSC,Haas F1 Team,12.0,88.065,16.0,202,12.0,SOFT,True,1,,,True,31.8,21.9,57.7,False,2021,18.0
LAT,Williams,12.0,87.48,17.0,203,3.0,MEDIUM,True,1,,,True,31.8,21.9,57.7,False,2021,19.0
MAZ,Haas F1 Team,12.0,87.754,18.0,203,12.0,SOFT,True,1,,,True,31.8,21.9,57.7,False,2021,20.0
GIO,Alfa Romeo Racing,12.0,84.854,19.0,204,7.0,MEDIUM,False,1,,,True,31.8,21.9,57.7,False,2021,14.0
VER,Red Bull Racing,13.0,83.009,1.0,204,16.0,SOFT,False,1,,,True,32.2,21.9,57.1,False,2021,2.0
HAM,Mercedes,13.0,83.038,2.0,204,17.0,SOFT,False,1,,,True,32.2,21.9,57.1,False,2021,1.0
LEC,Ferrari,13.0,83.839,3.0,205,16.0,SOFT,False,1,,,True,32.2,21.9,57.1,False,2021,4.0
BOT,Mercedes,13.0,83.988,4.0,206,16.0,SOFT,False,1,,,True,32.2,21.9,57.1,False,2021,3.0
RIC,McLaren,13.0,84.619,5.0,207,16.0,SOFT,False,1,,,True,32.2,21.9,57.1,False,2021,7.0
PER,Red Bull Racing,13.0,84.437,6.0,208,16.0,SOFT,False,1,,,True,32.2,21.9,57.1,False,2021,8.0
OCO,Alpine,13.0,85.014,7.0,209,16.0,SOFT,False,1,,,True,32.2,21.9,57.1,False,2021,5.0
SAI,Ferrari,13.0,85.179,8.0,210,16.0,SOFT,False,1,,,True,32.2,21.9,57.1,False,2021,6.0
NOR,McLaren,13.0,85.244,9.0,211,16.0,SOFT,False,1,,,True,32.2,21.9,57.1,False,2021,9.0
STR,Aston Martin,13.0,85.574,10.0,212,13.0,SOFT,True,1,,,True,32.2,21.9,57.1,False,2021,11.0
ALO,Alpine,13.0,85.34,11.0,212,16.0,SOFT,False,1,,,True,32.2,21.9,57.1,False,2021,10.0
VET,Aston Martin,13.0,85.487,12.0,213,13.0,SOFT,True,1,,,True,32.2,21.9,57.1,False,2021,13.0
GAS,AlphaTauri,13.0,85.73,13.0,214,13.0,SOFT,True,1,,,True,32.2,21.9,57.1,False,2021,12.0
RAI,Alfa Romeo Racing,13.0,85.986,14.0,215,13.0,MEDIUM,True,1,,,True,32.2,21.9,57.1,False,2021,17.0
RUS,Williams,13.0,86.057,15.0,216,4.0,MEDIUM,True,1,,,True,32.5,22.0,57.7,False,2021,15.0
MSC,Haas F1 Team,13.0,86.496,16.0,216,13.0,SOFT,True,1,,,True,32.5,22.0,57.7,False,2021,18.0
LAT,Williams,13.0,86.425,17.0,217,4.0,MEDIUM,True,1,,,True,32.5,22.0,57.7,False,2021,19.0
MAZ,Haas F1 Team,13.0,87.042,18.0,217,13.0,SOFT,True,1,,,True,32.5,22.0,57.7,False,2021,20.0
GIO,Alfa Romeo Racing,13.0,84.908,19.0,218,8.0,MEDIUM,False,1,,,True,32.5,22.0,57.7,False,2021,14.0
VER,Red Bull Racing,14.0,83.155,1.0,218,17.0,SOFT,False,1,,,True,32.7,22.0,57.0,False,2021,2.0
HAM,Mercedes,14.0,83.18,2.0,218,18.0,SOFT,False,1,,,True,32.7,22.0,57.0,False,2021,1.0
LEC,Ferrari,14.0,83.846,3.0,219,17.0,SOFT,False,1,,,True,32.7,22.0,57.0,False,2021,4.0
BOT,Mercedes,14.0,83.881,4.0,220,17.0,SOFT,False,1,,,True,32.7,22.0,57.0,False,2021,3.0
RIC,McLaren,14.0,84.666,5.0,221,17.0,SOFT,False,1,,,True,32.7,22.0,57.0,False,2021,7.0
PER,Red Bull Racing,14.0,85.046,6.0,222,17.0,SOFT,False,1,,,True,32.7,22.0,57.0,False,2021,8.0
OCO,Alpine,14.0,84.952,7.0,223,17.0,SOFT,False,1,,,True,32.7,22.0,57.0,False,2021,5.0
SAI,Ferrari,14.0,84.727,8.0,224,17.0,SOFT,False,1,,,True,32.7,22.0,57.0,False,2021,6.0
NOR,McLaren,14.0,85.485,9.0,225,17.0,SOFT,False,1,,,True,32.7,22.0,57.0,False,2021,9.0
STR,Aston Martin,14.0,85.265,10.0,226,14.0,SOFT,True,1,,,True,32.7,22.0,57.0,False,2021,11.0
ALO,Alpine,14.0,85.556,11.0,226,17.0,SOFT,False,1,,,True,32.7,22.0,57.0,False,2021,10.0
VET,Aston Martin,14.0,85.315,12.0,227,14.0,SOFT,True,1,,,True,32.7,22.0,57.0,False,2021,13.0
GAS,AlphaTauri,14.0,85.35,13.0,228,14.0,SOFT,True,1,,,True,32.7,22.0,57.0,False,2021,12.0
RAI,Alfa Romeo Racing,14.0,85.503,14.0,229,14.0,MEDIUM,True,1,,,True,32.7,22.0,57.0,False,2021,17.0
RUS,Williams,14.0,85.749,15.0,230,5.0,MEDIUM,True,1,,,True,32.7,22.0,57.0,False,2021,15.0
MSC,Haas F1 Team,14.0,86.657,16.0,230,14.0,SOFT,True,1,,,True,32.7,22.0,57.0,False,2021,18.0
LAT,Williams,14.0,86.592,17.0,231,5.0,MEDIUM,True,1,,,True,32.7,22.0,57.0,False,2021,19.0
MAZ,Haas F1 Team,14.0,87.211,18.0,231,14.0,SOFT,True,1,,,True,32.7,22.0,57.0,False,2021,20.0
GIO,Alfa Romeo Racing,14.0,85.239,19.0,232,9.0,MEDIUM,False,1,,,True,32.7,22.0,57.0,False,2021,14.0
VER,Red Bull Racing,15.0,83.152,1.0,232,18.0,SOFT,False,1,,,True,32.7,22.3,56.4,False,2021,2.0
HAM,Mercedes,15.0,83.309,2.0,232,19.0,SOFT,False,1,,,True,32.7,22.3,56.4,False,2021,1.0
LEC,Ferrari,15.0,83.786,3.0,233,18.0,SOFT,False,1,,,True,32.7,22.3,56.4,False,2021,4.0
BOT,Mercedes,15.0,84.035,4.0,234,18.0,SOFT,False,1,,,True,32.7,22.3,56.4,False,2021,3.0
RIC,McLaren,15.0,84.923,5.0,235,18.0,SOFT,False,1,,,True,32.7,22.3,56.4,False,2021,7.0
PER,Red Bull Racing,15.0,84.989,6.0,236,18.0,SOFT,False,1,,,True,32.7,22.3,56.4,False,2021,8.0
OCO,Alpine,15.0,84.906,7.0,237,18.0,SOFT,False,1,,,True,32.7,22.3,56.4,False,2021,5.0
SAI,Ferrari,15.0,85.321,8.0,238,18.0,SOFT,False,1,,,True,32.7,22.3,56.4,False,2021,6.0
NOR,McLaren,15.0,85.077,9.0,239,18.0,SOFT,False,1,,,True,32.7,22.3,56.4,False,2021,9.0
STR,Aston Martin,15.0,85.326,10.0,240,15.0,SOFT,True,1,,,True,32.7,22.3,56.4,False,2021,11.0
ALO,Alpine,15.0,85.459,11.0,240,18.0,SOFT,False,1,,,True,32.7,22.3,56.4,False,2021,10.0
VET,Aston Martin,15.0,85.604,12.0,241,15.0,SOFT,True,1,,,True,32.7,22.3,56.4,False,2021,13.0
GAS,AlphaTauri,15.0,85.588,13.0,242,15.0,SOFT,True,1,,,True,32.7,22.3,56.4,False,2021,12.0
RAI,Alfa Romeo Racing,15.0,85.589,14.0,243,15.0,MEDIUM,True,1,,,True,32.7,22.3,56.4,False,2021,17.0
RUS,Williams,15.0,85.522,15.0,244,6.0,MEDIUM,True,1,,,True,32.7,22.3,56.4,False,2021,15.0
LAT,Williams,15.0,85.714,16.0,245,6.0,MEDIUM,True,1,,,True,32.7,22.3,56.4,False,2021,19.0
MSC,Haas F1 Team,15.0,87.827,17.0,245,15.0,SOFT,True,1,,,True,32.7,22.3,56.4,False,2021,18.0
MAZ,Haas F1 Team,15.0,86.891,18.0,246,15.0,SOFT,True,1,,,True,32.7,22.3,56.4,False,2021,20.0
GIO,Alfa Romeo Racing,15.0,86.395,19.0,247,10.0,MEDIUM,False,1,,,True,32.7,22.3,56.4,False,2021,14.0
VER,Red Bull Racing,16.0,83.515,1.0,247,19.0,SOFT,False,1,,,True,32.7,22.3,55.9,False,2021,2.0
HAM,Mercedes,16.0,83.25,2.0,247,20.0,SOFT,False,1,,,True,32.7,22.3,55.9,False,2021,1.0
LEC,Ferrari,16.0,83.89,3.0,248,19.0,SOFT,False,1,,,True,32.7,22.3,55.9,False,2021,4.0
BOT,Mercedes,16.0,83.898,4.0,249,19.0,SOFT,False,1,,,True,32.7,22.3,55.9,False,2021,3.0
RIC,McLaren,16.0,84.705,5.0,250,19.0,SOFT,False,1,,,True,32.4,22.3,56.0,False,2021,7.0
PER,Red Bull Racing,16.0,84.563,6.0,251,19.0,SOFT,False,1,,,True,32.4,22.3,56.0,False,2021,8.0
OCO,Alpine,16.0,84.954,7.0,252,19.0,SOFT,False,1,,,True,32.4,22.3,56.0,False,2021,5.0
SAI,Ferrari,16.0,84.988,8.0,253,19.0,SOFT,False,1,,,True,32.4,22.3,56.0,False,2021,6.0
NOR,McLaren,16.0,85.052,9.0,254,19.0,SOFT,False,1,,,True,32.4,22.3,56.0,False,2021,9.0
STR,Aston Martin,16.0,85.512,10.0,255,16.0,SOFT,True,1,,,True,32.4,22.3,56.0,False,2021,11.0
ALO,Alpine,16.0,85.438,11.0,255,19.0,SOFT,False,1,,,True,32.4,22.3,56.0,False,2021,10.0
VET,Aston Martin,16.0,85.476,12.0,256,16.0,SOFT,True,1,,,True,32.4,22.3,56.0,False,2021,13.0
GAS,AlphaTauri,16.0,85.45,13.0,257,16.0,SOFT,True,1,,,True,32.4,22.3,56.0,False,2021,12.0
RAI,Alfa Romeo Racing,16.0,85.541,14.0,258,16.0,MEDIUM,True,1,,,True,32.4,22.3,56.0,False,2021,17.0
RUS,Williams,16.0,85.845,15.0,259,7.0,MEDIUM,True,1,,,True,32.4,22.3,56.0,False,2021,15.0
LAT,Williams,16.0,85.442,16.0,260,7.0,MEDIUM,True,1,,,True,32.4,22.3,56.0,False,2021,19.0
MSC,Haas F1 Team,16.0,86.352,17.0,260,16.0,SOFT,True,1,,,True,32.4,22.3,56.0,False,2021,18.0
GIO,Alfa Romeo Racing,16.0,84.931,18.0,261,11.0,MEDIUM,False,1,,,True,32.4,22.3,56.0,False,2021,14.0
MAZ,Haas F1 Team,16.0,87.647,19.0,261,16.0,SOFT,True,1,,,True,32.4,22.3,56.0,False,2021,20.0
VER,Red Bull Racing,17.0,83.263,1.0,261,20.0,SOFT,False,1,,,True,32.4,22.3,56.6,False,2021,2.0
HAM,Mercedes,17.0,83.467,2.0,261,21.0,SOFT,False,1,,,True,32.4,22.3,56.6,False,2021,1.0
LEC,Ferrari,17.0,83.742,3.0,262,20.0,SOFT,False,1,,,True,32.4,22.3,56.6,False,2021,4.0
BOT,Mercedes,17.0,83.731,4.0,263,20.0,SOFT,False,1,,,True,32.4,22.3,56.6,False,2021,3.0
RIC,McLaren,17.0,84.491,5.0,264,20.0,SOFT,False,1,,,True,32.4,22.3,56.6,False,2021,7.0
PER,Red Bull Racing,17.0,84.53,6.0,265,20.0,SOFT,False,1,,,True,32.4,22.3,56.6,False,2021,8.0
OCO,Alpine,17.0,84.623,7.0,266,20.0,SOFT,False,1,,,True,32.4,22.3,56.6,False,2021,5.0
SAI,Ferrari,17.0,84.888,8.0,267,20.0,SOFT,False,1,,,True,32.4,22.3,56.6,False,2021,6.0
NOR,McLaren,17.0,85.599,9.0,268,20.0,SOFT,False,1,,,True,32.4,22.3,56.6,False,2021,9.0
STR,Aston Martin,17.0,85.264,10.0,269,17.0,SOFT,True,1,,,True,32.4,22.3,56.6,False,2021,11.0
ALO,Alpine,17.0,85.157,11.0,269,20.0,SOFT,False,1,,,True,32.4,22.3,56.6,False,2021,10.0
VET,Aston Martin,17.0,84.956,12.0,270,17.0,SOFT,True,1,,,True,32.4,22.3,56.6,False,2021,13.0
GAS,AlphaTauri,17.0,85.133,13.0,271,17.0,SOFT,True,1,,,True,32.4,22.3,56.6,False,2021,12.0
RAI,Alfa Romeo Racing,17.0,85.463,14.0,272,17.0,MEDIUM,True,1,,,True,32.4,22.3,56.6,False,2021,17.0
RUS,Williams,17.0,85.212,15.0,273,8.0,MEDIUM,True,1,,,True,32.4,22.3,56.6,False,2021,15.0
LAT,Williams,17.0,85.419,16.0,274,8.0,MEDIUM,True,1,,,True,32.4,22.3,56.6,False,2021,19.0
MSC,Haas F1 Team,17.0,85.773,17.0,274,17.0,SOFT,True,1,,,True,32.4,22.3,56.6,False,2021,18.0
GIO,Alfa Romeo Racing,17.0,85.405,18.0,275,12.0,MEDIUM,False,1,,,True,32.4,22.3,56.6,False,2021,14.0
MAZ,Haas F1 Team,17.0,86.744,19.0,275,17.0,SOFT,True,1,,,True,32.4,22.3,56.6,False,2021,20.0
VER,Red Bull Racing,18.0,83.289,1.0,275,21.0,SOFT,False,1,,,True,32.4,22.3,55.9,False,2021,2.0
HAM,Mercedes,18.0,83.318,2.0,275,22.0,SOFT,False,1,,,True,32.4,22.3,55.9,False,2021,1.0
LEC,Ferrari,18.0,83.758,3.0,276,21.0,SOFT,False,1,,,True,32.4,22.3,55.9,False,2021,4.0
BOT,Mercedes,18.0,83.736,4.0,277,21.0,SOFT,False,1,,,True,32.4,22.3,55.9,False,2021,3.0
RIC,McLaren,18.0,84.588,5.0,278,21.0,SOFT,False,1,,,True,32.4,22.3,55.9,False,2021,7.0
PER,Red Bull Racing,18.0,84.394,6.0,279,21.0,SOFT,False,1,,,True,32.4,22.3,55.9,False,2021,8.0
OCO,Alpine,18.0,84.886,7.0,280,21.0,SOFT,False,1,,,True,32.4,22.3,55.9,False,2021,5.0
SAI,Ferrari,18.0,84.872,8.0,281,21.0,SOFT,False,1,,,True,32.4,22.3,55.9,False,2021,6.0
NOR,McLaren,18.0,85.179,9.0,282,21.0,SOFT,False,1,,,True,32.2,22.3,57.5,False,2021,9.0
STR,Aston Martin,18.0,85.282,10.0,283,18.0,SOFT,True,1,,,True,32.2,22.3,57.5,False,2021,11.0
ALO,Alpine,18.0,85.634,11.0,283,21.0,SOFT,False,1,,,True,32.2,22.3,57.5,False,2021,10.0
VET,Aston Martin,18.0,85.695,12.0,284,18.0,SOFT,True,1,,,True,32.2,22.3,57.5,False,2021,13.0
RAI,Alfa Romeo Racing,18.0,85.485,13.0,285,18.0,MEDIUM,True,1,,,True,32.2,22.3,57.5,False,2021,17.0
RUS,Williams,18.0,85.455,14.0,286,9.0,MEDIUM,True,1,,,True,32.2,22.3,57.5,False,2021,15.0
GAS,AlphaTauri,18.0,88.954,15.0,286,18.0,SOFT,True,1,0 days 01:00:38.062000,,False,32.2,22.3,57.5,False,2021,12.0
LAT,Williams,18.0,85.56,16.0,287,9.0,MEDIUM,True,1,,,True,32.2,22.3,57.5,False,2021,19.0
GIO,Alfa Romeo Racing,18.0,84.888,17.0,287,13.0,MEDIUM,False,1,,,True,32.2,22.3,57.5,False,2021,14.0
MSC,Haas F1 Team,18.0,87.943,18.0,287,18.0,SOFT,True,1,,,True,32.2,22.3,57.5,False,2021,18.0
MAZ,Haas F1 Team,18.0,86.881,19.0,288,18.0,SOFT,True,1,,,True,32.2,22.3,57.5,False,2021,20.0
VER,Red Bull Racing,19.0,83.317,1.0,288,22.0,SOFT,False,1,,,True,31.9,22.3,57.0,False,2021,2.0
HAM,Mercedes,19.0,83.407,2.0,288,23.0,SOFT,False,1,,,True,31.9,22.3,57.0,False,2021,1.0
LEC,Ferrari,19.0,83.821,3.0,289,22.0,SOFT,False,1,,,True,31.9,22.3,57.0,False,2021,4.0
BOT,Mercedes,19.0,83.699,4.0,290,22.0,SOFT,False,1,,,True,31.9,22.3,57.0,False,2021,3.0
RIC,McLaren,19.0,84.479,5.0,291,22.0,SOFT,False,1,,,True,31.9,22.3,57.0,False,2021,7.0
PER,Red Bull Racing,19.0,84.514,6.0,292,22.0,SOFT,False,1,,,True,31.9,22.3,57.0,False,2021,8.0
OCO,Alpine,19.0,84.729,7.0,293,22.0,SOFT,False,1,,,True,31.9,22.3,57.0,False,2021,5.0
SAI,Ferrari,19.0,84.768,8.0,294,22.0,SOFT,False,1,,,True,31.9,22.3,57.0,False,2021,6.0
NOR,McLaren,19.0,84.615,9.0,295,22.0,SOFT,False,1,,,True,31.9,22.3,57.0,False,2021,9.0
STR,Aston Martin,19.0,85.041,10.0,296,19.0,SOFT,True,1,,,True,31.9,22.3,57.0,False,2021,11.0
ALO,Alpine,19.0,85.195,11.0,296,22.0,SOFT,False,1,,,True,31.9,22.3,57.0,False,2021,10.0
VET,Aston Martin,19.0,85.349,12.0,297,19.0,SOFT,True,1,,,True,31.9,22.3,57.0,False,2021,13.0
RAI,Alfa Romeo Racing,19.0,85.171,13.0,298,19.0,MEDIUM,True,1,,,True,31.9,22.3,57.0,False,2021,17.0
RUS,Williams,19.0,85.448,14.0,299,10.0,MEDIUM,True,1,,,True,31.9,22.3,57.0,False,2021,15.0
LAT,Williams,19.0,85.349,15.0,300,10.0,MEDIUM,True,1,,,True,31.9,22.3,57.0,False,2021,19.0
GIO,Alfa Romeo Racing,19.0,85.042,16.0,300,14.0,MEDIUM,False,1,,,True,31.9,22.3,57.0,False,2021,14.0
MSC,Haas F1 Team,19.0,86.159,17.0,300,19.0,SOFT,True,1,,,True,31.9,22.3,57.0,False,2021,18.0
MAZ,Haas F1 Team,19.0,86.627,18.0,301,19.0,SOFT,True,1,,,True,31.9,22.3,57.0,False,2021,20.0
GAS,AlphaTauri,19.0,107.357,19.0,302,1.0,MEDIUM,True,1,,0 days 01:01:06.104000,False,31.9,22.3,57.0,False,2021,12.0
VER,Red Bull Racing,20.0,83.362,1.0,302,23.0,SOFT,False,1,,,True,32.2,22.4,57.1,False,2021,2.0
HAM,Mercedes,20.0,83.559,2.0,302,24.0,SOFT,False,1,,,True,32.2,22.4,57.1,False,2021,1.0
LEC,Ferrari,20.0,83.963,3.0,303,23.0,SOFT,False,1,,,True,32.2,22.4,57.1,False,2021,4.0
BOT,Mercedes,20.0,83.84,4.0,304,23.0,SOFT,False,1,,,True,32.2,22.4,57.1,False,2021,3.0
RIC,McLaren,20.0,84.436,5.0,305,23.0,SOFT,False,1,,,True,32.2,22.4,57.1,False,2021,7.0
PER,Red Bull Racing,20.0,84.512,6.0,306,23.0,SOFT,False,1,,,True,32.2,22.4,57.1,False,2021,8.0
OCO,Alpine,20.0,85.167,7.0,307,23.0,SOFT,False,1,,,True,32.2,22.4,57.1,False,2021,5.0
SAI,Ferrari,20.0,85.154,8.0,308,23.0,SOFT,False,1,,,True,32.2,22.4,57.1,False,2021,6.0
NOR,McLaren,20.0,84.485,9.0,309,23.0,SOFT,False,1,,,True,32.2,22.4,57.1,False,2021,9.0
STR,Aston Martin,20.0,85.219,10.0,310,20.0,SOFT,True,1,,,True,32.2,22.4,57.1,False,2021,11.0
ALO,Alpine,20.0,85.331,11.0,310,23.0,SOFT,False,1,,,True,32.2,22.4,57.1,False,2021,10.0
VET,Aston Martin,20.0,85.545,12.0,311,20.0,SOFT,True,1,,,True,32.2,22.4,57.1,False,2021,13.0
RAI,Alfa Romeo Racing,20.0,85.447,13.0,312,20.0,MEDIUM,True,1,,,True,32.2,22.4,57.1,False,2021,17.0
RUS,Williams,20.0,85.712,14.0,313,11.0,MEDIUM,True,1,,,True,32.2,22.4,57.1,False,2021,15.0
LAT,Williams,20.0,85.497,15.0,314,11.0,MEDIUM,True,1,,,True,32.2,22.4,57.4,False,2021,19.0
GIO,Alfa Romeo Racing,20.0,85.269,16.0,314,15.0,MEDIUM,False,1,,,True,32.2,22.4,57.4,False,2021,14.0
MSC,Haas F1 Team,20.0,85.978,17.0,314,20.0,SOFT,True,1,,,True,32.2,22.4,57.4,False,2021,18.0
MAZ,Haas F1 Team,20.0,86.548,18.0,315,20.0,SOFT,True,1,,,True,32.2,22.4,57.4,False,2021,20.0
GAS,AlphaTauri,20.0,83.081,19.0,316,2.0,MEDIUM,True,1,,,True,32.2,22.4,57.4,False,2021,12.0
VER,Red Bull Racing,21.0,83.46,1.0,316,24.0,SOFT,False,1,,,True,32.2,22.4,57.4,False,2021,2.0
HAM,Mercedes,21.0,83.167,2.0,316,25.0,SOFT,False,1,,,True,32.2,22.4,57.4,False,2021,1.0
LEC,Ferrari,21.0,83.834,3.0,317,24.0,SOFT,False,1,,,True,32.2,22.4,57.4,False,2021,4.0
BOT,Mercedes,21.0,83.837,4.0,318,24.0,SOFT,False,1,,,True,32.2,22.4,57.4,False,2021,3.0
RIC,McLaren,21.0,84.643,5.0,319,24.0,SOFT,False,1,,,True,32.1,22.4,58.1,False,2021,7.0
PER,Red Bull Racing,21.0,84.723,6.0,320,24.0,SOFT,False,1,,,True,32.1,22.4,58.1,False,2021,8.0
OCO,Alpine,21.0,85.228,7.0,321,24.0,SOFT,False,1,,,True,32.1,22.4,58.1,False,2021,5.0
SAI,Ferrari,21.0,84.977,8.0,322,24.0,SOFT,False,1,,,True,32.1,22.4,58.1,False,2021,6.0
NOR,McLaren,21.0,84.792,9.0,323,24.0,SOFT,False,1,,,True,32.1,22.4,58.1,False,2021,9.0
STR,Aston Martin,21.0,85.119,10.0,324,21.0,SOFT,True,1,,,True,32.1,22.4,58.1,False,2021,11.0
ALO,Alpine,21.0,88.466,11.0,324,24.0,SOFT,False,1,0 days 01:04:52.076000,,False,32.1,22.4,58.1,False,2021,10.0
RAI,Alfa Romeo Racing,21.0,85.123,12.0,325,21.0,MEDIUM,True,1,,,True,32.1,22.4,58.1,False,2021,17.0
VET,Aston Martin,21.0,88.53,13.0,326,21.0,SOFT,True,1,0 days 01:04:53.645000,,False,32.1,22.4,58.1,False,2021,13.0
RUS,Williams,21.0,85.679,14.0,327,12.0,MEDIUM,True,1,,,True,32.1,22.4,58.1,False,2021,15.0
LAT,Williams,21.0,85.557,15.0,328,12.0,MEDIUM,True,1,,,True,32.1,22.4,58.1,False,2021,19.0
GIO,Alfa Romeo Racing,21.0,85.288,16.0,328,16.0,MEDIUM,False,1,,,True,32.1,22.4,58.1,False,2021,14.0
MSC,Haas F1 Team,21.0,86.076,17.0,328,21.0,SOFT,True,1,,,True,32.1,22.4,58.1,False,2021,18.0
MAZ,Haas F1 Team,21.0,86.782,18.0,329,21.0,SOFT,True,1,,,True,32.1,22.4,58.1,False,2021,20.0
GAS,AlphaTauri,21.0,83.046,19.0,330,3.0,MEDIUM,True,1,,,True,32.1,22.4,58.1,False,2021,12.0
VER,Red Bull Racing,22.0,83.513,1.0,330,25.0,SOFT,False,1,,,True,31.8,22.3,57.6,False,2021,2.0
HAM,Mercedes,22.0,83.323,2.0,330,26.0,SOFT,False,1,,,True,31.8,22.3,57.6,False,2021,1.0
LEC,Ferrari,22.0,84.105,3.0,331,25.0,SOFT,False,1,,,True,31.8,22.3,57.6,False,2021,4.0
BOT,Mercedes,22.0,84.151,4.0,332,25.0,SOFT,False,1,,,True,31.8,22.3,57.6,False,2021,3.0
RIC,McLaren,22.0,84.769,5.0,333,25.0,SOFT,False,1,,,True,31.8,22.3,57.6,False,2021,7.0
PER,Red Bull Racing,22.0,84.764,6.0,334,25.0,SOFT,False,1,,,True,31.8,22.3,57.6,False,2021,8.0
OCO,Alpine,22.0,85.145,7.0,335,25.0,SOFT,False,1,,,True,31.8,22.3,57.6,False,2021,5.0
NOR,McLaren,22.0,84.783,8.0,336,25.0,SOFT,False,1,,,True,31.8,22.3,57.6,False,2021,9.0
SAI,Ferrari,22.0,88.62,9.0,337,25.0,SOFT,False,1,0 days 01:06:10.489000,,False,31.8,22.3,57.6,False,2021,6.0
STR,Aston Martin,22.0,88.864,10.0,338,22.0,SOFT,True,1,0 days 01:06:16.311000,,False,31.8,22.3,57.6,False,2021,11.0
RAI,Alfa Romeo Racing,22.0,84.94,11.0,339,22.0,MEDIUM,True,1,,,True,31.8,22.3,57.6,False,2021,17.0
RUS,Williams,22.0,85.048,12.0,340,13.0,MEDIUM,True,1,,,True,31.8,22.3,57.6,False,2021,15.0
LAT,Williams,22.0,85.596,13.0,341,13.0,MEDIUM,True,1,,,True,31.8,22.3,57.6,False,2021,19.0
GIO,Alfa Romeo Racing,22.0,85.261,14.0,341,17.0,MEDIUM,False,1,,,True,31.8,22.3,57.6,False,2021,14.0
MSC,Haas F1 Team,22.0,86.3,15.0,341,22.0,SOFT,True,1,,,True,31.9,22.3,57.4,False,2021,18.0
ALO,Alpine,22.0,102.352,16.0,342,1.0,MEDIUM,True,1,,0 days 01:05:13.985000,False,31.9,22.3,57.4,False,2021,10.0
GAS,AlphaTauri,22.0,85.942,17.0,342,4.0,MEDIUM,True,1,,,True,31.9,22.3,57.4,False,2021,12.0
VET,Aston Martin,22.0,104.529,18.0,343,1.0,MEDIUM,True,1,,0 days 01:05:16.386000,False,31.9,22.3,57.4,False,2021,13.0
MAZ,Haas F1 Team,22.0,91.969,19.0,343,22.0,SOFT,True,1,0 days 01:06:40.936000,,False,31.9,22.3,57.4,False,2021,20.0
VER,Red Bull Racing,23.0,83.729,1.0,343,26.0,SOFT,False,1,,,True,31.9,22.3,57.4,False,2021,2.0
HAM,Mercedes,23.0,83.576,2.0,343,27.0,SOFT,False,1,,,True,31.9,22.3,57.4,False,2021,1.0
LEC,Ferrari,23.0,84.275,3.0,344,26.0,SOFT,False,1,,,True,31.9,22.3,57.4,False,2021,4.0
BOT,Mercedes,23.0,87.743,4.0,345,26.0,SOFT,False,1,0 days 01:07:18.673000,,False,31.9,22.3,57.4,False,2021,3.0
RIC,McLaren,23.0,84.514,5.0,346,26.0,SOFT,False,1,,,True,31.9,22.3,57.4,False,2021,7.0
PER,Red Bull Racing,23.0,84.545,6.0,347,26.0,SOFT,False,1,,,True,31.9,22.3,57.4,False,2021,8.0
OCO,Alpine,23.0,88.11,7.0,348,26.0,SOFT,False,1,0 days 01:07:34.148000,,False,31.9,22.2,57.4,False,2021,5.0
NOR,McLaren,23.0,87.125,8.0,349,26.0,SOFT,False,1,0 days 01:07:36.087000,,False,31.9,22.2,57.4,False,2021,9.0
RAI,Alfa Romeo Racing,23.0,84.769,9.0,350,23.0,MEDIUM,True,1,,,True,31.9,22.2,57.4,False,2021,17.0
RUS,Williams,23.0,85.104,10.0,351,14.0,MEDIUM,True,1,,,True,31.9,22.2,57.4,False,2021,15.0
LAT,Williams,23.0,85.292,11.0,352,14.0,MEDIUM,True,1,,,True,31.9,22.2,57.4,False,2021,19.0
GIO,Alfa Romeo Racing,23.0,84.996,12.0,352,18.0,MEDIUM,False,1,,,True,31.9,22.2,57.4,False,2021,14.0
SAI,Ferrari,23.0,100.926,13.0,353,1.0,MEDIUM,True,1,,0 days 01:06:32.385000,False,31.9,22.2,57.4,False,2021,6.0
STR,Aston Martin,23.0,101.265,14.0,354,1.0,MEDIUM,True,1,,0 days 01:06:39.169000,False,31.9,22.2,57.4,False,2021,11.0
ALO,Alpine,23.0,83.886,15.0,354,2.0,MEDIUM,True,1,,,True,31.9,22.2,57.4,False,2021,10.0
MSC,Haas F1 Team,23.0,89.741,16.0,354,23.0,SOFT,True,1,0 days 01:08:00.114000,,False,31.9,22.2,57.4,False,2021,18.0
VET,Aston Martin,23.0,83.247,17.0,355,2.0,MEDIUM,True,1,,,True,31.9,22.2,57.4,False,2021,13.0
GAS,AlphaTauri,23.0,84.718,18.0,355,5.0,MEDIUM,True,1,,,True,31.9,22.2,57.4,False,2021,12.0
MAZ,Haas F1 Team,23.0,106.885,19.0,356,1.0,MEDIUM,True,1,,0 days 01:07:04.005000,False,31.9,22.2,57.4,False,2021,20.0
HAM,Mercedes,24.0,84.51,1.0,356,28.0,SOFT,False,1,,,True,31.9,22.2,57.4,False,2021,1.0
VER,Red Bull Racing,24.0,88.038,2.0,357,27.0,SOFT,False,1,0 days 01:08:32.892000,,False,31.9,22.2,57.4,False,2021,2.0
LEC,Ferrari,24.0,84.17,3.0,358,27.0,SOFT,False,1,,,True,31.9,22.2,57.4,False,2021,4.0
RIC,McLaren,24.0,84.547,4.0,359,27.0,SOFT,False,1,,,True,31.9,22.2,57.4,False,2021,7.0
PER,Red Bull Racing,24.0,84.527,5.0,360,27.0,SOFT,False,1,,,True,31.9,22.2,57.4,False,2021,8.0
BOT,Mercedes,24.0,100.129,6.0,361,1.0,MEDIUM,True,1,,0 days 01:07:40.972000,False,31.9,22.2,57.4,False,2021,3.0
RAI,Alfa Romeo Racing,24.0,84.991,7.0,361,24.0,MEDIUM,True,1,,,True,31.9,22.2,57.4,False,2021,17.0
RUS,Williams,24.0,85.086,8.0,362,15.0,MEDIUM,True,1,,,True,31.9,22.2,57.4,False,2021,15.0
LAT,Williams,24.0,85.385,9.0,363,15.0,MEDIUM,True,1,,,True,31.9,22.2,57.4,False,2021,19.0
GIO,Alfa Romeo Racing,24.0,85.431,10.0,363,19.0,MEDIUM,False,1,,,True,31.9,22.2,57.4,False,2021,14.0
SAI,Ferrari,24.0,83.991,11.0,364,2.0,MEDIUM,True,1,,,True,31.9,22.2,57.4,False,2021,6.0
OCO,Alpine,24.0,103.206,12.0,365,1.0,MEDIUM,True,1,,0 days 01:07:56.927000,False,31.9,22.2,57.4,False,2021,5.0
NOR,McLaren,24.0,103.909,13.0,366,1.0,MEDIUM,True,1,,0 days 01:07:57.916000,False,31.9,22.2,57.4,False,2021,9.0
STR,Aston Martin,24.0,83.832,14.0,366,2.0,MEDIUM,True,1,,,True,31.9,22.2,57.4,False,2021,11.0
ALO,Alpine,24.0,83.858,15.0,366,3.0,MEDIUM,True,1,,,True,31.9,22.2,57.4,False,2021,10.0
VET,Aston Martin,24.0,83.523,16.0,367,3.0,MEDIUM,True,1,,,True,31.9,22.2,57.4,False,2021,13.0
GAS,AlphaTauri,24.0,83.853,17.0,367,6.0,MEDIUM,True,1,,,True,31.9,22.2,57.4,False,2021,12.0
MSC,Haas F1 Team,24.0,106.559,18.0,368,1.0,MEDIUM,True,1,,0 days 01:08:24.100000,False,31.9,22.0,57.4,False,2021,18.0
MAZ,Haas F1 Team,24.0,84.384,19.0,368,2.0,MEDIUM,True,1,,,True,31.9,22.0,57.4,False,2021,20.0
HAM,Mercedes,25.0,83.284,1.0,368,29.0,SOFT,False,1,,,True,31.9,22.0,57.4,False,2021,1.0
LEC,Ferrari,25.0,84.227,2.0,369,28.0,SOFT,False,1,,,True,31.9,22.0,57.4,False,2021,4.0
VER,Red Bull Racing,25.0,101.545,3.0,370,1.0,MEDIUM,True,1,,0 days 01:08:56.552000,False,31.9,22.0,57.4,False,2021,2.0
PER,Red Bull Racing,25.0,85.924,4.0,370,28.0,SOFT,False,1,,,True,31.9,22.0,57.4,False,2021,8.0
RIC,McLaren,25.0,87.87,5.0,371,28.0,SOFT,False,1,0 days 01:10:17.152000,,False,31.9,22.0,57.4,False,2021,7.0
BOT,Mercedes,25.0,81.993,6.0,372,2.0,MEDIUM,True,1,,,True,31.9,22.0,57.4,False,2021,3.0
RAI,Alfa Romeo Racing,25.0,84.725,7.0,372,25.0,MEDIUM,True,1,,,True,31.9,22.1,57.4,False,2021,17.0
RUS,Williams,25.0,84.691,8.0,373,16.0,MEDIUM,True,1,,,True,31.9,22.1,57.4,False,2021,15.0
LAT,Williams,25.0,85.192,9.0,374,16.0,MEDIUM,True,1,,,True,31.9,22.1,57.4,False,2021,19.0
GIO,Alfa Romeo Racing,25.0,85.013,10.0,374,20.0,MEDIUM,False,1,,,True,31.9,22.1,57.4,False,2021,14.0
SAI,Ferrari,25.0,84.501,11.0,375,3.0,MEDIUM,True,1,,,True,31.9,22.1,57.4,False,2021,6.0
OCO,Alpine,25.0,84.122,12.0,376,2.0,MEDIUM,True,1,,,True,31.9,22.1,57.4,False,2021,5.0
NOR,McLaren,25.0,84.378,13.0,377,2.0,MEDIUM,True,1,,,True,31.9,22.1,57.4,False,2021,9.0
STR,Aston Martin,25.0,84.484,14.0,377,3.0,MEDIUM,True,1,,,True,31.9,22.1,57.4,False,2021,11.0
ALO,Alpine,25.0,84.705,15.0,377,4.0,MEDIUM,True,1,,,True,31.9,22.1,57.4,False,2021,10.0
VET,Aston Martin,25.0,83.788,16.0,378,4.0,MEDIUM,True,1,,,True,31.9,22.1,57.4,False,2021,13.0
GAS,AlphaTauri,25.0,84.043,17.0,378,7.0,MEDIUM,True,1,,,True,31.9,22.1,57.4,False,2021,12.0
MSC,Haas F1 Team,25.0,84.244,18.0,379,2.0,MEDIUM,True,1,,,True,31.9,22.1,57.4,False,2021,18.0
MAZ,Haas F1 Team,25.0,86.761,19.0,379,3.0,MEDIUM,True,1,,,True,31.9,22.1,57.4,False,2021,20.0
HAM,Mercedes,26.0,83.664,1.0,379,30.0,SOFT,False,1,,,True,31.9,22.1,57.4,False,2021,1.0
LEC,Ferrari,26.0,84.595,2.0,380,29.0,SOFT,False,1,,,True,31.9,22.1,57.4,False,2021,4.0
VER,Red Bull Racing,26.0,81.411,3.0,381,2.0,MEDIUM,True,1,,,True,32.8,22.3,56.8,False,2021,2.0
PER,Red Bull Racing,26.0,83.608,4.0,381,29.0,SOFT,False,1,,,True,32.8,22.3,56.8,False,2021,8.0
BOT,Mercedes,26.0,82.445,5.0,382,3.0,MEDIUM,True,1,,,True,32.8,22.3,56.8,False,2021,3.0
RAI,Alfa Romeo Racing,26.0,84.788,6.0,382,26.0,MEDIUM,True,1,,,True,32.8,22.3,56.8,False,2021,17.0
RUS,Williams,26.0,84.705,7.0,383,17.0,MEDIUM,True,1,,,True,32.8,22.3,56.8,False,2021,15.0
RIC,McLaren,26.0,102.377,8.0,384,1.0,MEDIUM,True,1,,0 days 01:10:39.527000,False,32.8,22.3,56.8,False,2021,7.0
LAT,Williams,26.0,85.048,9.0,384,17.0,MEDIUM,True,1,,,True,32.8,22.3,56.8,False,2021,19.0
SAI,Ferrari,26.0,83.835,10.0,385,4.0,MEDIUM,True,1,,,True,32.8,22.3,56.8,False,2021,6.0
GIO,Alfa Romeo Racing,26.0,86.182,11.0,385,21.0,MEDIUM,False,1,,,True,32.8,22.3,56.8,False,2021,14.0
OCO,Alpine,26.0,84.926,12.0,386,3.0,MEDIUM,True,1,,,True,32.8,22.3,56.8,False,2021,5.0
NOR,McLaren,26.0,84.395,13.0,387,3.0,MEDIUM,True,1,,,True,32.8,22.3,56.8,False,2021,9.0
STR,Aston Martin,26.0,84.23,14.0,387,4.0,MEDIUM,True,1,,,True,32.8,22.3,56.8,False,2021,11.0
ALO,Alpine,26.0,84.733,15.0,387,5.0,MEDIUM,True,1,,,True,32.8,22.3,56.8,False,2021,10.0
VET,Aston Martin,26.0,84.265,16.0,388,5.0,MEDIUM,True,1,,,True,32.8,22.3,56.8,False,2021,13.0
GAS,AlphaTauri,26.0,84.139,17.0,388,8.0,MEDIUM,True,1,,,True,32.8,22.3,56.8,False,2021,12.0
MSC,Haas F1 Team,26.0,84.435,18.0,389,3.0,MEDIUM,True,1,,,True,32.6,22.4,56.3,False,2021,18.0
MAZ,Haas F1 Team,26.0,84.806,19.0,389,4.0,MEDIUM,True,1,,,True,32.6,22.4,56.3,False,2021,20.0
HAM,Mercedes,27.0,83.107,1.0,389,31.0,SOFT,False,1,,,True,32.6,22.4,56.3,False,2021,1.0
LEC,Ferrari,27.0,84.519,2.0,390,30.0,SOFT,False,1,,,True,32.6,22.4,56.3,False,2021,4.0
VER,Red Bull Racing,27.0,82.171,3.0,391,3.0,MEDIUM,True,1,,,True,32.6,22.4,56.3,False,2021,2.0
BOT,Mercedes,27.0,82.408,4.0,391,4.0,MEDIUM,True,1,,,True,32.6,22.4,56.3,False,2021,3.0
PER,Red Bull Racing,27.0,86.984,5.0,391,30.0,SOFT,False,1,0 days 01:13:07.036000,,False,32.6,22.4,56.3,False,2021,8.0
RAI,Alfa Romeo Racing,27.0,84.791,6.0,392,27.0,MEDIUM,True,1,,,True,32.6,22.4,56.3,False,2021,17.0
RIC,McLaren,27.0,83.073,7.0,393,2.0,MEDIUM,True,1,,,True,32.6,22.4,56.3,False,2021,7.0
RUS,Williams,27.0,85.994,8.0,393,18.0,MEDIUM,True,1,,,True,32.6,22.4,56.3,False,2021,15.0
SAI,Ferrari,27.0,83.494,9.0,394,5.0,MEDIUM,True,1,,,True,32.6,22.4,56.3,False,2021,6.0
OCO,Alpine,27.0,83.98,10.0,395,4.0,MEDIUM,True,1,,,True,32.9,22.5,58.4,False,2021,5.0
GIO,Alfa Romeo Racing,27.0,86.851,11.0,395,22.0,MEDIUM,False,1,,,True,32.9,22.5,58.4,False,2021,14.0
LAT,Williams,27.0,89.626,12.0,396,18.0,MEDIUM,True,1,0 days 01:13:33.224000,,False,32.9,22.5,58.4,False,2021,19.0
NOR,McLaren,27.0,84.43,13.0,397,4.0,MEDIUM,True,1,,,True,32.9,22.5,58.4,False,2021,9.0
STR,Aston Martin,27.0,84.506,14.0,397,5.0,MEDIUM,True,1,,,True,32.9,22.5,58.4,False,2021,11.0
ALO,Alpine,27.0,84.418,15.0,397,6.0,MEDIUM,True,1,,,True,32.9,22.5,58.4,False,2021,10.0
VET,Aston Martin,27.0,84.316,16.0,398,6.0,MEDIUM,True,1,,,True,32.9,22.5,58.4,False,2021,13.0
GAS,AlphaTauri,27.0,84.12,17.0,398,9.0,MEDIUM,True,1,,,True,32.9,22.5,58.4,False,2021,12.0
MSC,Haas F1 Team,27.0,84.419,18.0,399,4.0,MEDIUM,True,1,,,True,32.9,22.5,58.4,False,2021,18.0
MAZ,Haas F1 Team,27.0,84.844,19.0,399,5.0,MEDIUM,True,1,,,True,32.9,22.5,58.4,False,2021,20.0
HAM,Mercedes,28.0,87.03,1.0,399,32.0,SOFT,False,1,0 days 01:14:07.343000,,False,32.9,22.5,58.4,False,2021,1.0
VER,Red Bull Racing,28.0,82.258,2.0,400,4.0,MEDIUM,True,1,,,True,32.9,22.5,58.4,False,2021,2.0
LEC,Ferrari,28.0,88.933,3.0,400,31.0,SOFT,False,1,0 days 01:14:20.546000,,False,32.9,22.5,58.4,False,2021,4.0
BOT,Mercedes,28.0,82.168,4.0,401,5.0,MEDIUM,True,1,,,True,32.9,22.5,58.4,False,2021,3.0
RAI,Alfa Romeo Racing,28.0,84.391,5.0,401,28.0,MEDIUM,True,1,,,True,33.2,22.6,57.1,False,2021,17.0
RIC,McLaren,28.0,83.316,6.0,402,3.0,MEDIUM,True,1,,,True,33.2,22.6,57.1,False,2021,7.0
PER,Red Bull Racing,28.0,103.231,7.0,403,1.0,MEDIUM,True,1,,0 days 01:13:29.370000,False,33.2,22.6,57.1,False,2021,8.0
SAI,Ferrari,28.0,83.792,8.0,403,6.0,MEDIUM,True,1,,,True,33.2,22.6,57.1,False,2021,6.0
RUS,Williams,28.0,87.78,9.0,403,19.0,MEDIUM,True,1,0 days 01:14:52.781000,,False,33.2,22.6,57.1,False,2021,15.0
OCO,Alpine,28.0,84.085,10.0,404,5.0,MEDIUM,True,1,,,True,33.2,22.6,57.1,False,2021,5.0
NOR,McLaren,28.0,84.127,11.0,405,5.0,MEDIUM,True,1,,,True,33.2,22.6,57.1,False,2021,9.0
GIO,Alfa Romeo Racing,28.0,86.595,12.0,405,23.0,MEDIUM,False,1,,,True,33.2,22.6,57.1,False,2021,14.0
STR,Aston Martin,28.0,85.375,13.0,406,6.0,MEDIUM,True,1,,,True,33.2,22.6,57.1,False,2021,11.0
ALO,Alpine,28.0,84.591,14.0,406,7.0,MEDIUM,True,1,,,True,33.2,22.6,57.1,False,2021,10.0
VET,Aston Martin,28.0,84.465,15.0,407,7.0,MEDIUM,True,1,,,True,33.2,22.6,57.1,False,2021,13.0
GAS,AlphaTauri,28.0,84.259,16.0,407,10.0,MEDIUM,True,1,,,True,33.2,22.6,57.1,False,2021,12.0
LAT,Williams,28.0,102.425,17.0,408,1.0,MEDIUM,True,1,,0 days 01:13:54.838000,False,33.2,22.6,57.1,False,2021,19.0
MSC,Haas F1 Team,28.0,84.372,18.0,408,5.0,MEDIUM,True,1,,,True,33.2,22.6,57.1,False,2021,18.0
MAZ,Haas F1 Team,28.0,84.862,19.0,408,6.0,MEDIUM,True,1,,,True,33.8,22.7,57.1,False,2021,20.0
VER,Red Bull Racing,29.0,82.446,1.0,409,5.0,MEDIUM,True,1,,,True,33.8,22.7,57.1,False,2021,2.0
HAM,Mercedes,29.0,100.943,2.0,410,1.0,MEDIUM,True,1,,0 days 01:14:29.546000,False,33.8,22.7,57.1,False,2021,1.0
BOT,Mercedes,29.0,82.572,3.0,410,6.0,MEDIUM,True,1,,,True,33.8,22.7,57.1,False,2021,3.0
LEC,Ferrari,29.0,101.185,4.0,411,1.0,MEDIUM,True,1,,0 days 01:14:42.119000,False,33.8,22.7,57.1,False,2021,4.0
RIC,McLaren,29.0,84.012,5.0,411,4.0,MEDIUM,True,1,,,True,33.8,22.7,57.1,False,2021,7.0
RAI,Alfa Romeo Racing,29.0,86.309,6.0,411,29.0,MEDIUM,True,1,,,True,33.8,22.7,57.1,False,2021,17.0
PER,Red Bull Racing,29.0,81.962,7.0,412,2.0,MEDIUM,True,1,,,True,33.8,22.7,57.1,False,2021,8.0
SAI,Ferrari,29.0,83.134,8.0,412,7.0,MEDIUM,True,1,,,True,33.8,22.7,57.1,False,2021,6.0
OCO,Alpine,29.0,83.955,9.0,413,6.0,MEDIUM,True,1,,,True,33.8,22.7,57.1,False,2021,5.0
NOR,McLaren,29.0,84.308,10.0,414,6.0,MEDIUM,True,1,,,True,33.8,22.7,57.1,False,2021,9.0
STR,Aston Martin,29.0,83.798,11.0,414,7.0,MEDIUM,True,1,,,True,33.8,22.7,57.1,False,2021,11.0
GIO,Alfa Romeo Racing,29.0,86.4,12.0,414,24.0,MEDIUM,False,1,,,True,33.8,22.7,57.1,False,2021,14.0
ALO,Alpine,29.0,85.604,13.0,415,8.0,MEDIUM,True,1,,,True,33.8,22.7,57.1,False,2021,10.0
VET,Aston Martin,29.0,85.473,14.0,416,8.0,MEDIUM,True,1,,,True,33.8,22.7,57.1,False,2021,13.0
GAS,AlphaTauri,29.0,84.941,15.0,416,11.0,MEDIUM,True,1,,,True,33.8,22.7,57.1,False,2021,12.0
RUS,Williams,29.0,101.012,16.0,417,1.0,MEDIUM,True,1,,0 days 01:15:15.072000,False,34.0,22.7,56.9,False,2021,15.0
LAT,Williams,29.0,84.29,17.0,417,2.0,MEDIUM,True,1,,,True,34.0,22.7,56.9,False,2021,19.0
MSC,Haas F1 Team,29.0,83.989,18.0,417,6.0,MEDIUM,True,1,,,True,34.0,22.7,56.9,False,2021,18.0
MAZ,Haas F1 Team,29.0,84.754,19.0,417,7.0,MEDIUM,True,1,,,True,34.0,22.7,56.9,False,2021,20.0
VER,Red Bull Racing,30.0,82.621,1.0,418,6.0,MEDIUM,True,1,,,True,34.0,22.7,56.9,False,2021,2.0
HAM,Mercedes,30.0,81.276,2.0,419,2.0,MEDIUM,True,1,,,True,34.0,22.7,56.9,False,2021,1.0
BOT,Mercedes,30.0,82.456,3.0,419,7.0,MEDIUM,True,1,,,True,34.0,22.7,56.9,False,2021,3.0
LEC,Ferrari,30.0,82.775,4.0,420,2.0,MEDIUM,True,1,,,True,34.0,22.7,56.9,False,2021,4.0
RIC,McLaren,30.0,83.545,5.0,420,5.0,MEDIUM,True,1,,,True,34.4,22.7,56.6,False,2021,7.0
PER,Red Bull Racing,30.0,82.141,6.0,421,3.0,MEDIUM,True,1,,,True,34.4,22.7,56.6,False,2021,8.0
RAI,Alfa Romeo Racing,30.0,86.038,7.0,421,30.0,MEDIUM,True,1,,,True,34.4,22.7,56.6,False,2021,17.0
SAI,Ferrari,30.0,83.889,8.0,422,8.0,MEDIUM,True,1,,,True,34.4,22.7,56.6,False,2021,6.0
OCO,Alpine,30.0,84.226,9.0,423,7.0,MEDIUM,True,1,,,True,34.4,22.7,56.6,False,2021,5.0
NOR,McLaren,30.0,84.379,10.0,424,7.0,MEDIUM,True,1,,,True,34.4,22.7,56.6,False,2021,9.0
STR,Aston Martin,30.0,84.453,11.0,424,8.0,MEDIUM,True,1,,,True,34.4,22.7,56.6,False,2021,11.0
ALO,Alpine,30.0,84.274,12.0,424,9.0,MEDIUM,True,1,,,True,34.4,22.7,56.6,False,2021,10.0
VET,Aston Martin,30.0,85.212,13.0,425,9.0,MEDIUM,True,1,,,True,34.4,22.7,56.6,False,2021,13.0
GIO,Alfa Romeo Racing,30.0,88.134,14.0,425,25.0,MEDIUM,False,1,,,True,34.4,22.7,56.6,False,2021,14.0
GAS,AlphaTauri,30.0,86.682,15.0,426,12.0,MEDIUM,True,1,,,True,34.4,22.7,56.6,False,2021,12.0
RUS,Williams,30.0,83.208,16.0,427,2.0,MEDIUM,True,1,,,True,34.4,22.7,56.6,False,2021,15.0
LAT,Williams,30.0,84.058,17.0,427,3.0,MEDIUM,True,1,,,True,34.4,22.7,56.6,False,2021,19.0
MSC,Haas F1 Team,30.0,83.959,18.0,427,7.0,MEDIUM,True,1,,,True,34.4,22.7,56.6,False,2021,18.0
MAZ,Haas F1 Team,30.0,84.83,19.0,427,8.0,MEDIUM,True,1,,,True,34.4,22.7,56.6,False,2021,20.0
VER,Red Bull Racing,31.0,82.714,1.0,428,7.0,MEDIUM,True,1,,,True,34.4,22.7,56.6,False,2021,2.0
HAM,Mercedes,31.0,81.204,2.0,429,3.0,MEDIUM,True,1,,,True,34.6,22.9,55.8,False,2021,1.0
BOT,Mercedes,31.0,82.391,3.0,429,8.0,MEDIUM,True,1,,,True,34.6,22.9,55.8,False,2021,3.0
LEC,Ferrari,31.0,82.799,4.0,430,3.0,MEDIUM,True,1,,,True,34.6,22.9,55.8,False,2021,4.0
RIC,McLaren,31.0,83.047,5.0,430,6.0,MEDIUM,True,1,,,True,34.6,22.9,55.8,False,2021,7.0
PER,Red Bull Racing,31.0,82.906,6.0,431,4.0,MEDIUM,True,1,,,True,34.6,22.9,55.8,False,2021,8.0
SAI,Ferrari,31.0,82.476,7.0,431,9.0,MEDIUM,True,1,,,True,34.6,22.9,55.8,False,2021,6.0
RAI,Alfa Romeo Racing,31.0,85.928,8.0,431,31.0,MEDIUM,True,1,,,True,34.6,22.9,55.8,False,2021,17.0
OCO,Alpine,31.0,83.873,9.0,432,8.0,MEDIUM,True,1,,,True,34.6,22.9,55.8,False,2021,5.0
NOR,McLaren,31.0,84.438,10.0,433,8.0,MEDIUM,True,1,,,True,34.6,22.9,55.8,False,2021,9.0
STR,Aston Martin,31.0,84.195,11.0,433,9.0,MEDIUM,True,1,,,True,34.6,22.9,55.8,False,2021,11.0
ALO,Alpine,31.0,84.089,12.0,433,10.0,MEDIUM,True,1,,,True,34.6,22.9,55.8,False,2021,10.0
VET,Aston Martin,31.0,84.277,13.0,434,10.0,MEDIUM,True,1,,,True,34.6,22.9,55.8,False,2021,13.0
GAS,AlphaTauri,31.0,83.567,14.0,434,13.0,MEDIUM,True,1,,,True,34.6,22.9,55.8,False,2021,12.0
GIO,Alfa Romeo Racing,31.0,86.402,15.0,434,26.0,MEDIUM,False,1,,,True,34.6,22.9,55.8,False,2021,14.0
RUS,Williams,31.0,83.651,16.0,435,3.0,MEDIUM,True,1,,,True,34.6,22.9,55.8,False,2021,15.0
LAT,Williams,31.0,83.973,17.0,435,4.0,MEDIUM,True,1,,,True,34.6,22.9,55.8,False,2021,19.0
MSC,Haas F1 Team,31.0,84.029,18.0,435,8.0,MEDIUM,True,1,,,True,34.7,22.9,54.2,False,2021,18.0
MAZ,Haas F1 Team,31.0,85.107,19.0,435,9.0,MEDIUM,True,1,,,True,34.7,22.9,54.2,False,2021,20.0
VER,Red Bull Racing,32.0,82.456,1.0,436,8.0,MEDIUM,True,1,,,True,34.7,22.9,54.2,False,2021,2.0
HAM,Mercedes,32.0,81.403,2.0,437,4.0,MEDIUM,True,1,,,True,34.7,22.9,54.2,False,2021,1.0
BOT,Mercedes,32.0,82.263,3.0,437,9.0,MEDIUM,True,1,,,True,34.7,22.9,54.2,False,2021,3.0
LEC,Ferrari,32.0,82.945,4.0,438,4.0,MEDIUM,True,1,,,True,34.7,22.9,54.2,False,2021,4.0
RIC,McLaren,32.0,83.14,5.0,438,7.0,MEDIUM,True,1,,,True,34.7,22.9,54.2,False,2021,7.0
PER,Red Bull Racing,32.0,83.181,6.0,439,5.0,MEDIUM,True,1,,,True,34.7,22.9,54.2,False,2021,8.0
SAI,Ferrari,32.0,83.004,7.0,439,10.0,MEDIUM,True,1,,,True,34.7,22.9,54.2,False,2021,6.0
RAI,Alfa Romeo Racing,32.0,85.187,8.0,439,32.0,MEDIUM,True,1,,,True,34.7,22.9,54.2,False,2021,17.0
OCO,Alpine,32.0,84.213,9.0,440,9.0,MEDIUM,True,1,,,True,34.4,22.6,56.5,False,2021,5.0
NOR,McLaren,32.0,84.053,10.0,441,9.0,MEDIUM,True,1,,,True,34.4,22.6,56.5,False,2021,9.0
STR,Aston Martin,32.0,84.228,11.0,441,10.0,MEDIUM,True,1,,,True,34.4,22.6,56.5,False,2021,11.0
ALO,Alpine,32.0,84.484,12.0,441,11.0,MEDIUM,True,1,,,True,34.4,22.6,56.5,False,2021,10.0
VET,Aston Martin,32.0,84.054,13.0,442,11.0,MEDIUM,True,1,,,True,34.4,22.6,56.5,False,2021,13.0
GAS,AlphaTauri,32.0,83.816,14.0,442,14.0,MEDIUM,True,1,,,True,34.4,22.6,56.5,False,2021,12.0
RUS,Williams,32.0,83.631,15.0,443,4.0,MEDIUM,True,1,,,True,34.4,22.6,56.5,False,2021,15.0
GIO,Alfa Romeo Racing,32.0,86.408,16.0,443,27.0,MEDIUM,False,1,,,True,34.4,22.6,56.5,False,2021,14.0
LAT,Williams,32.0,84.008,17.0,444,5.0,MEDIUM,True,1,,,True,34.4,22.6,56.5,False,2021,19.0
MSC,Haas F1 Team,32.0,84.569,18.0,444,9.0,MEDIUM,True,1,,,True,34.4,22.6,56.5,False,2021,18.0
MAZ,Haas F1 Team,32.0,87.806,19.0,444,10.0,MEDIUM,True,1,,,True,34.4,22.6,56.5,False,2021,20.0
VER,Red Bull Racing,33.0,82.131,1.0,445,9.0,MEDIUM,True,1,,,True,34.4,22.6,56.5,False,2021,2.0
HAM,Mercedes,33.0,81.509,2.0,446,5.0,MEDIUM,True,1,,,True,34.4,22.6,56.5,False,2021,1.0
BOT,Mercedes,33.0,82.228,3.0,446,10.0,MEDIUM,True,1,,,True,34.4,22.6,56.5,False,2021,3.0
LEC,Ferrari,33.0,82.71,4.0,447,5.0,MEDIUM,True,1,,,True,33.2,22.6,57.6,False,2021,4.0
RIC,McLaren,33.0,83.049,5.0,447,8.0,MEDIUM,True,1,,,True,33.2,22.6,57.6,False,2021,7.0
PER,Red Bull Racing,33.0,83.043,6.0,448,6.0,MEDIUM,True,1,,,True,33.2,22.6,57.6,False,2021,8.0
SAI,Ferrari,33.0,82.956,7.0,448,11.0,MEDIUM,True,1,,,True,33.2,22.6,57.6,False,2021,6.0
RAI,Alfa Romeo Racing,33.0,84.913,8.0,448,33.0,MEDIUM,True,1,,,True,33.2,22.6,57.6,False,2021,17.0
OCO,Alpine,33.0,84.326,9.0,449,10.0,MEDIUM,True,1,,,True,33.2,22.6,57.6,False,2021,5.0
NOR,McLaren,33.0,84.08,10.0,450,10.0,MEDIUM,True,1,,,True,33.2,22.6,57.6,False,2021,9.0
STR,Aston Martin,33.0,83.989,11.0,450,11.0,MEDIUM,True,1,,,True,33.2,22.6,57.6,False,2021,11.0
ALO,Alpine,33.0,84.187,12.0,450,12.0,MEDIUM,True,1,,,True,33.2,22.6,57.6,False,2021,10.0
VET,Aston Martin,33.0,84.321,13.0,451,12.0,MEDIUM,True,1,,,True,33.2,22.6,57.6,False,2021,13.0
GAS,AlphaTauri,33.0,84.03,14.0,451,15.0,MEDIUM,True,1,,,True,33.2,22.6,57.6,False,2021,12.0
RUS,Williams,33.0,83.614,15.0,452,5.0,MEDIUM,True,1,,,True,33.2,22.6,57.6,False,2021,15.0
GIO,Alfa Romeo Racing,33.0,85.302,16.0,452,28.0,MEDIUM,False,1,,,True,33.2,22.6,57.6,False,2021,14.0
LAT,Williams,33.0,83.514,17.0,453,6.0,MEDIUM,True,1,,,True,33.2,22.6,57.6,False,2021,19.0
MSC,Haas F1 Team,33.0,83.962,18.0,453,10.0,MEDIUM,True,1,,,True,33.2,22.6,57.6,False,2021,18.0
MAZ,Haas F1 Team,33.0,85.466,19.0,453,11.0,MEDIUM,True,1,,,True,33.3,22.8,56.7,False,2021,20.0
VER,Red Bull Racing,34.0,81.533,1.0,454,10.0,MEDIUM,True,1,,,True,33.3,22.8,56.7,False,2021,2.0
HAM,Mercedes,34.0,81.512,2.0,455,6.0,MEDIUM,True,1,,,True,33.3,22.8,56.7,False,2021,1.0
BOT,Mercedes,34.0,82.377,3.0,455,11.0,MEDIUM,True,1,,,True,33.3,22.8,56.7,False,2021,3.0
LEC,Ferrari,34.0,82.625,4.0,456,6.0,MEDIUM,True,1,,,True,33.3,22.8,56.7,False,2021,4.0
RIC,McLaren,34.0,83.045,5.0,456,9.0,MEDIUM,True,1,,,True,33.3,22.8,56.7,False,2021,7.0
PER,Red Bull Racing,34.0,83.051,6.0,457,7.0,MEDIUM,True,1,,,True,33.3,22.8,56.7,False,2021,8.0
SAI,Ferrari,34.0,82.901,7.0,457,12.0,MEDIUM,True,1,,,True,33.3,22.8,56.7,False,2021,6.0
RAI,Alfa Romeo Racing,34.0,84.949,8.0,457,34.0,MEDIUM,True,1,,,True,33.3,22.8,56.7,False,2021,17.0
OCO,Alpine,34.0,84.204,9.0,458,11.0,MEDIUM,True,1,,,True,33.3,22.8,56.7,False,2021,5.0
NOR,McLaren,34.0,84.12,10.0,459,11.0,MEDIUM,True,1,,,True,33.3,22.8,56.7,False,2021,9.0
STR,Aston Martin,34.0,84.234,11.0,459,12.0,MEDIUM,True,1,,,True,33.3,22.8,56.7,False,2021,11.0
ALO,Alpine,34.0,84.102,12.0,459,13.0,MEDIUM,True,1,,,True,33.3,22.8,56.7,False,2021,10.0
VET,Aston Martin,34.0,83.92,13.0,460,13.0,MEDIUM,True,1,,,True,33.3,22.8,56.7,False,2021,13.0
GAS,AlphaTauri,34.0,83.955,14.0,460,16.0,MEDIUM,True,1,,,True,33.6,22.8,56.7,False,2021,12.0
RUS,Williams,34.0,83.986,15.0,461,6.0,MEDIUM,True,1,,,True,33.6,22.8,56.7,False,2021,15.0
GIO,Alfa Romeo Racing,34.0,85.029,16.0,461,29.0,MEDIUM,False,1,,,True,33.6,22.8,56.7,False,2021,14.0
LAT,Williams,34.0,83.828,17.0,462,7.0,MEDIUM,True,1,,,True,33.6,22.8,56.7,False,2021,19.0
MSC,Haas F1 Team,34.0,84.267,18.0,462,11.0,MEDIUM,True,1,,,True,33.6,22.8,56.7,False,2021,18.0
MAZ,Haas F1 Team,34.0,87.73,19.0,462,12.0,MEDIUM,True,1,,,True,33.6,22.8,56.7,False,2021,20.0
VER,Red Bull Racing,35.0,81.571,1.0,463,11.0,MEDIUM,True,1,,,True,33.6,22.8,56.7,False,2021,2.0
HAM,Mercedes,35.0,81.468,2.0,464,7.0,MEDIUM,True,1,,,True,33.6,22.8,56.7,False,2021,1.0
BOT,Mercedes,35.0,81.407,3.0,464,12.0,MEDIUM,True,1,,,True,33.6,22.8,56.7,False,2021,3.0
LEC,Ferrari,35.0,82.582,4.0,465,7.0,MEDIUM,True,1,,,True,33.6,22.8,56.7,False,2021,4.0
RIC,McLaren,35.0,82.969,5.0,465,10.0,MEDIUM,True,1,,,True,33.6,22.8,56.7,False,2021,7.0
PER,Red Bull Racing,35.0,82.951,6.0,466,8.0,MEDIUM,True,1,,,True,33.6,22.7,57.0,False,2021,8.0
SAI,Ferrari,35.0,82.806,7.0,466,13.0,MEDIUM,True,1,,,True,33.6,22.7,57.0,False,2021,6.0
OCO,Alpine,35.0,84.272,8.0,467,12.0,MEDIUM,True,1,,,True,33.6,22.7,57.0,False,2021,5.0
RAI,Alfa Romeo Racing,35.0,86.779,9.0,467,35.0,MEDIUM,True,1,,,True,33.6,22.7,57.0,False,2021,17.0
NOR,McLaren,35.0,84.276,10.0,468,12.0,MEDIUM,True,1,,,True,33.6,22.7,57.0,False,2021,9.0
STR,Aston Martin,35.0,84.277,11.0,468,13.0,MEDIUM,True,1,,,True,33.6,22.7,57.0,False,2021,11.0
ALO,Alpine,35.0,84.106,12.0,468,14.0,MEDIUM,True,1,,,True,33.6,22.7,57.0,False,2021,10.0
VET,Aston Martin,35.0,83.914,13.0,469,14.0,MEDIUM,True,1,,,True,33.6,22.7,57.0,False,2021,13.0
GAS,AlphaTauri,35.0,84.079,14.0,469,17.0,MEDIUM,True,1,,,True,33.6,22.7,57.0,False,2021,12.0
RUS,Williams,35.0,84.412,15.0,470,7.0,MEDIUM,True,1,,,True,33.6,22.7,57.0,False,2021,15.0
GIO,Alfa Romeo Racing,35.0,85.234,16.0,470,30.0,MEDIUM,False,1,,,True,33.6,22.7,57.0,False,2021,14.0
LAT,Williams,35.0,84.411,17.0,471,8.0,MEDIUM,True,1,,,True,33.6,22.7,57.0,False,2021,19.0
MSC,Haas F1 Team,35.0,84.238,18.0,471,12.0,MEDIUM,True,1,,,True,33.6,22.7,57.0,False,2021,18.0
MAZ,Haas F1 Team,35.0,85.299,19.0,471,13.0,MEDIUM,True,1,,,True,33.5,22.6,58.1,False,2021,20.0
VER,Red Bull Racing,36.0,81.487,1.0,472,12.0,MEDIUM,True,1,,,True,33.6,22.7,57.0,False,2021,2.0
HAM,Mercedes,36.0,81.726,2.0,473,8.0,MEDIUM,True,1,,,True,33.6,22.7,57.0,False,2021,1.0
BOT,Mercedes,36.0,81.789,3.0,473,13.0,MEDIUM,True,1,,,True,33.6,22.7,57.0,False,2021,3.0
LEC,Ferrari,36.0,82.586,4.0,474,8.0,MEDIUM,True,1,,,True,33.5,22.6,58.1,False,2021,4.0
RIC,McLaren,36.0,83.142,5.0,474,11.0,MEDIUM,True,1,,,True,33.5,22.6,58.1,False,2021,7.0
PER,Red Bull Racing,36.0,83.361,6.0,475,9.0,MEDIUM,True,1,,,True,33.5,22.6,58.1,False,2021,8.0
SAI,Ferrari,36.0,82.977,7.0,475,14.0,MEDIUM,True,1,,,True,33.5,22.6,58.1,False,2021,6.0
OCO,Alpine,36.0,84.119,8.0,476,13.0,MEDIUM,True,1,,,True,33.5,22.6,58.1,False,2021,5.0
RAI,Alfa Romeo Racing,36.0,85.867,9.0,476,36.0,MEDIUM,True,1,,,True,33.5,22.6,58.1,False,2021,17.0
NOR,McLaren,36.0,84.933,10.0,477,13.0,MEDIUM,True,1,,,True,33.5,22.6,58.1,False,2021,9.0
STR,Aston Martin,36.0,84.606,11.0,477,14.0,MEDIUM,True,1,,,True,33.5,22.6,58.1,False,2021,11.0
ALO,Alpine,36.0,84.329,12.0,477,15.0,MEDIUM,True,1,,,True,33.5,22.6,58.1,False,2021,10.0
VET,Aston Martin,36.0,84.335,13.0,478,15.0,MEDIUM,True,1,,,True,33.5,22.6,58.1,False,2021,13.0
GAS,AlphaTauri,36.0,84.341,14.0,478,18.0,MEDIUM,True,1,,,True,33.5,22.6,58.1,False,2021,12.0
RUS,Williams,36.0,84.067,15.0,479,8.0,MEDIUM,True,1,,,True,33.5,22.6,58.1,False,2021,15.0
GIO,Alfa Romeo Racing,36.0,85.111,16.0,479,31.0,MEDIUM,False,1,,,True,33.5,22.6,58.1,False,2021,14.0
LAT,Williams,36.0,84.247,17.0,480,9.0,MEDIUM,True,1,,,True,33.5,22.6,58.1,False,2021,19.0
MSC,Haas F1 Team,36.0,84.381,18.0,480,13.0,MEDIUM,True,1,,,True,32.7,22.6,58.0,False,2021,18.0
MAZ,Haas F1 Team,36.0,85.147,19.0,480,14.0,MEDIUM,True,1,,,True,32.7,22.6,58.0,False,2021,20.0
VER,Red Bull Racing,37.0,81.872,1.0,481,13.0,MEDIUM,True,1,,,True,32.7,22.6,58.0,False,2021,2.0
HAM,Mercedes,37.0,81.605,2.0,482,9.0,MEDIUM,True,1,,,True,32.7,22.6,58.0,False,2021,1.0
BOT,Mercedes,37.0,81.527,3.0,482,14.0,MEDIUM,True,1,,,True,32.7,22.6,58.0,False,2021,3.0
LEC,Ferrari,37.0,82.604,4.0,483,9.0,MEDIUM,True,1,,,True,32.7,22.6,58.0,False,2021,4.0
RIC,McLaren,37.0,82.953,5.0,483,12.0,MEDIUM,True,1,,,True,32.7,22.6,58.0,False,2021,7.0
PER,Red Bull Racing,37.0,82.768,6.0,484,10.0,MEDIUM,True,1,,,True,32.7,22.6,58.0,False,2021,8.0
SAI,Ferrari,37.0,82.832,7.0,484,15.0,MEDIUM,True,1,,,True,32.7,22.6,58.0,False,2021,6.0
OCO,Alpine,37.0,83.999,8.0,485,14.0,MEDIUM,True,1,,,True,32.9,22.6,58.1,False,2021,5.0
NOR,McLaren,37.0,83.575,9.0,486,14.0,MEDIUM,True,1,,,True,32.9,22.6,58.1,False,2021,9.0
STR,Aston Martin,37.0,85.034,10.0,486,15.0,MEDIUM,True,1,,,True,32.9,22.6,58.1,False,2021,11.0
ALO,Alpine,37.0,84.377,11.0,486,16.0,MEDIUM,True,1,,,True,32.9,22.6,58.1,False,2021,10.0
VET,Aston Martin,37.0,84.369,12.0,487,16.0,MEDIUM,True,1,,,True,32.9,22.6,58.1,False,2021,13.0
RAI,Alfa Romeo Racing,37.0,90.354,13.0,487,37.0,MEDIUM,True,1,0 days 01:27:41.793000,,False,32.9,22.6,58.1,False,2021,17.0
GAS,AlphaTauri,37.0,84.498,14.0,488,19.0,MEDIUM,True,1,,,True,32.9,22.6,58.1,False,2021,12.0
RUS,Williams,37.0,84.495,15.0,489,9.0,MEDIUM,True,1,,,True,32.9,22.6,58.1,False,2021,15.0
LAT,Williams,37.0,83.855,16.0,489,10.0,MEDIUM,True,1,,,True,32.9,22.6,58.1,False,2021,19.0
GIO,Alfa Romeo Racing,37.0,86.82,17.0,489,32.0,MEDIUM,False,1,,,True,32.9,22.6,58.1,False,2021,14.0
MSC,Haas F1 Team,37.0,87.523,18.0,490,14.0,MEDIUM,True,1,,,True,32.9,22.6,58.1,False,2021,18.0
MAZ,Haas F1 Team,37.0,85.221,19.0,490,15.0,MEDIUM,True,1,,,True,32.9,22.6,58.1,False,2021,20.0
VER,Red Bull Racing,38.0,81.727,1.0,491,14.0,MEDIUM,True,1,,,True,32.9,22.6,58.1,False,2021,2.0
HAM,Mercedes,38.0,82.036,2.0,492,10.0,MEDIUM,True,1,,,True,32.9,22.6,58.1,False,2021,1.0
BOT,Mercedes,38.0,81.946,3.0,492,15.0,MEDIUM,True,1,,,True,32.9,22.6,58.1,False,2021,3.0
LEC,Ferrari,38.0,82.824,4.0,493,10.0,MEDIUM,True,1,,,True,32.9,22.6,58.1,False,2021,4.0
RIC,McLaren,38.0,83.026,5.0,493,13.0,MEDIUM,True,1,,,True,33.2,22.6,57.8,False,2021,7.0
PER,Red Bull Racing,38.0,82.955,6.0,494,11.0,MEDIUM,True,1,,,True,33.2,22.6,57.8,False,2021,8.0
SAI,Ferrari,38.0,82.651,7.0,494,16.0,MEDIUM,True,1,,,True,33.2,22.6,57.8,False,2021,6.0
OCO,Alpine,38.0,83.823,8.0,495,15.0,MEDIUM,True,1,,,True,33.2,22.6,57.8,False,2021,5.0
NOR,McLaren,38.0,83.266,9.0,496,15.0,MEDIUM,True,1,,,True,33.2,22.6,57.8,False,2021,9.0
STR,Aston Martin,38.0,83.642,10.0,496,16.0,MEDIUM,True,1,,,True,33.2,22.6,57.8,False,2021,11.0
ALO,Alpine,38.0,84.032,11.0,496,17.0,MEDIUM,True,1,,,True,33.2,22.6,57.8,False,2021,10.0
GAS,AlphaTauri,38.0,84.336,12.0,496,20.0,MEDIUM,True,1,,,True,33.2,22.6,57.8,False,2021,12.0
VET,Aston Martin,38.0,87.558,13.0,497,17.0,MEDIUM,True,1,0 days 01:29:08.697000,,False,33.2,22.6,57.8,False,2021,13.0
RUS,Williams,38.0,84.515,14.0,498,10.0,MEDIUM,True,1,,,True,33.2,22.6,57.8,False,2021,15.0
LAT,Williams,38.0,84.337,15.0,498,11.0,MEDIUM,True,1,,,True,33.2,22.6,57.8,False,2021,19.0
GIO,Alfa Romeo Racing,38.0,85.72,16.0,498,33.0,MEDIUM,False,1,,,True,33.2,22.6,57.8,False,2021,14.0
RAI,Alfa Romeo Racing,38.0,104.27,17.0,499,1.0,SOFT,True,1,,0 days 01:28:03.349000,False,33.2,22.6,57.8,False,2021,17.0
MSC,Haas F1 Team,38.0,85.48,18.0,499,15.0,MEDIUM,True,1,,,True,33.2,22.5,57.9,False,2021,18.0
MAZ,Haas F1 Team,38.0,86.812,19.0,499,16.0,MEDIUM,True,1,,,True,33.2,22.5,57.9,False,2021,20.0
VER,Red Bull Racing,39.0,82.084,1.0,500,15.0,MEDIUM,True,1,,,True,33.2,22.6,57.8,False,2021,2.0
HAM,Mercedes,39.0,82.039,2.0,501,11.0,MEDIUM,True,1,,,True,33.2,22.6,57.8,False,2021,1.0
BOT,Mercedes,39.0,82.346,3.0,501,16.0,MEDIUM,True,1,,,True,33.2,22.5,57.9,False,2021,3.0
LEC,Ferrari,39.0,82.66,4.0,502,11.0,MEDIUM,True,1,,,True,33.2,22.5,57.9,False,2021,4.0
RIC,McLaren,39.0,83.006,5.0,502,14.0,MEDIUM,True,1,,,True,33.2,22.5,57.9,False,2021,7.0
PER,Red Bull Racing,39.0,82.92,6.0,503,12.0,MEDIUM,True,1,,,True,33.2,22.5,57.9,False,2021,8.0
SAI,Ferrari,39.0,82.988,7.0,503,17.0,MEDIUM,True,1,,,True,33.2,22.5,57.9,False,2021,6.0
OCO,Alpine,39.0,83.745,8.0,504,16.0,MEDIUM,True,1,,,True,33.2,22.5,57.9,False,2021,5.0
NOR,McLaren,39.0,83.224,9.0,505,16.0,MEDIUM,True,1,,,True,33.2,22.5,57.9,False,2021,9.0
ALO,Alpine,39.0,84.046,10.0,505,18.0,MEDIUM,True,1,,,True,33.2,22.5,57.9,False,2021,10.0
STR,Aston Martin,39.0,87.013,11.0,506,17.0,MEDIUM,True,1,0 days 01:30:29.184000,,False,33.2,22.5,57.9,False,2021,11.0
GAS,AlphaTauri,39.0,83.711,12.0,506,21.0,MEDIUM,True,1,,,True,33.0,22.5,57.5,False,2021,12.0
RUS,Williams,39.0,84.016,13.0,507,11.0,MEDIUM,True,1,,,True,33.0,22.5,57.5,False,2021,15.0
LAT,Williams,39.0,84.104,14.0,507,12.0,MEDIUM,True,1,,,True,33.0,22.5,57.5,False,2021,19.0
RAI,Alfa Romeo Racing,39.0,83.915,15.0,508,2.0,SOFT,True,1,,,True,33.0,22.5,57.5,False,2021,17.0
VET,Aston Martin,39.0,102.16,16.0,508,4.0,SOFT,False,1,,0 days 01:29:30.540000,False,33.0,22.5,57.5,False,2021,13.0
GIO,Alfa Romeo Racing,39.0,92.536,17.0,508,34.0,MEDIUM,False,1,0 days 01:30:52.395000,,False,33.0,22.5,57.5,False,2021,14.0
MSC,Haas F1 Team,39.0,86.294,18.0,509,16.0,MEDIUM,True,1,,,True,33.0,22.5,57.5,False,2021,18.0
MAZ,Haas F1 Team,39.0,85.457,19.0,509,17.0,MEDIUM,True,1,,,True,33.0,22.5,57.5,False,2021,20.0
VER,Red Bull Racing,40.0,81.99,1.0,510,16.0,MEDIUM,True,1,,,True,33.0,22.5,57.5,False,2021,2.0
HAM,Mercedes,40.0,81.778,2.0,511,12.0,MEDIUM,True,1,,,True,33.0,22.5,57.5,False,2021,1.0
BOT,Mercedes,40.0,81.635,3.0,511,17.0,MEDIUM,True,1,,,True,33.0,22.5,57.5,False,2021,3.0
LEC,Ferrari,40.0,82.56,4.0,512,12.0,MEDIUM,True,1,,,True,33.0,22.5,57.5,False,2021,4.0
RIC,McLaren,40.0,83.352,5.0,512,15.0,MEDIUM,True,1,,,True,33.0,22.5,57.5,False,2021,7.0
PER,Red Bull Racing,40.0,83.371,6.0,513,13.0,MEDIUM,True,1,,,True,33.0,22.5,57.5,False,2021,8.0
SAI,Ferrari,40.0,82.967,7.0,513,18.0,MEDIUM,True,1,,,True,33.0,22.5,57.5,False,2021,6.0
OCO,Alpine,40.0,83.452,8.0,514,17.0,MEDIUM,True,1,,,True,33.0,22.5,58.1,False,2021,5.0
NOR,McLaren,40.0,83.176,9.0,515,17.0,MEDIUM,True,1,,,True,33.0,22.5,58.1,False,2021,9.0
ALO,Alpine,40.0,83.944,10.0,515,19.0,MEDIUM,True,1,,,True,33.0,22.5,58.1,False,2021,10.0
GAS,AlphaTauri,40.0,83.755,11.0,515,22.0,MEDIUM,True,1,,,True,33.0,22.5,58.1,False,2021,12.0
RUS,Williams,40.0,83.915,12.0,516,12.0,MEDIUM,True,1,,,True,33.0,22.5,58.1,False,2021,15.0
LAT,Williams,40.0,83.93,13.0,516,13.0,MEDIUM,True,1,,,True,33.0,22.5,58.1,False,2021,19.0
STR,Aston Martin,40.0,101.986,14.0,517,4.0,SOFT,False,1,,0 days 01:30:50.919000,False,33.0,22.5,58.1,False,2021,11.0
RAI,Alfa Romeo Racing,40.0,83.444,15.0,518,3.0,SOFT,True,1,,,True,33.0,22.5,58.1,False,2021,17.0
VET,Aston Martin,40.0,83.264,16.0,518,5.0,SOFT,False,1,,,True,33.0,22.5,58.1,False,2021,13.0
MSC,Haas F1 Team,40.0,84.978,17.0,518,17.0,MEDIUM,True,1,,,True,33.0,22.5,58.1,False,2021,18.0
GIO,Alfa Romeo Racing,40.0,104.771,18.0,519,4.0,SOFT,False,1,,0 days 01:31:16.572000,False,33.0,22.5,58.2,False,2021,14.0
MAZ,Haas F1 Team,40.0,85.809,19.0,519,18.0,MEDIUM,True,1,,,True,33.0,22.5,58.2,False,2021,20.0
VER,Red Bull Racing,41.0,81.717,1.0,520,17.0,MEDIUM,True,1,,,True,33.0,22.5,58.1,False,2021,2.0
HAM,Mercedes,41.0,81.697,2.0,521,13.0,MEDIUM,True,1,,,True,33.0,22.5,58.1,False,2021,1.0
BOT,Mercedes,41.0,82.838,3.0,521,18.0,MEDIUM,True,1,,,True,33.0,22.5,58.1,False,2021,3.0
LEC,Ferrari,41.0,82.826,4.0,522,13.0,MEDIUM,True,1,,,True,33.0,22.5,58.2,False,2021,4.0
RIC,McLaren,41.0,83.719,5.0,522,16.0,MEDIUM,True,1,,,True,33.0,22.5,58.2,False,2021,7.0
PER,Red Bull Racing,41.0,84.725,6.0,523,14.0,MEDIUM,True,1,,,True,33.0,22.5,58.2,False,2021,8.0
SAI,Ferrari,41.0,83.948,7.0,523,19.0,MEDIUM,True,1,,,True,33.0,22.5,58.2,False,2021,6.0
OCO,Alpine,41.0,83.484,8.0,524,18.0,MEDIUM,True,1,,,True,33.0,22.5,58.2,False,2021,5.0
NOR,McLaren,41.0,83.26,9.0,525,18.0,MEDIUM,True,1,,,True,33.0,22.5,58.2,False,2021,9.0
ALO,Alpine,41.0,84.011,10.0,525,20.0,MEDIUM,True,1,,,True,33.0,22.5,58.2,False,2021,10.0
GAS,AlphaTauri,41.0,83.876,11.0,525,23.0,MEDIUM,True,1,,,True,33.0,22.5,58.2,False,2021,12.0
RUS,Williams,41.0,83.882,12.0,526,13.0,MEDIUM,True,1,,,True,33.0,22.5,58.2,False,2021,15.0
LAT,Williams,41.0,83.9,13.0,526,14.0,MEDIUM,True,1,,,True,33.0,22.5,58.2,False,2021,19.0
STR,Aston Martin,41.0,83.068,14.0,527,5.0,SOFT,False,1,,,True,32.5,22.4,58.4,False,2021,11.0
RAI,Alfa Romeo Racing,41.0,83.17,15.0,528,4.0,SOFT,True,1,,,True,32.5,22.4,58.4,False,2021,17.0
VET,Aston Martin,41.0,83.096,16.0,528,6.0,SOFT,False,1,,,True,32.5,22.4,58.4,False,2021,13.0
MSC,Haas F1 Team,41.0,84.258,17.0,528,18.0,MEDIUM,True,1,,,True,32.5,22.4,58.4,False,2021,18.0
GIO,Alfa Romeo Racing,41.0,83.22,18.0,529,5.0,SOFT,False,1,,,True,32.5,22.4,58.4,False,2021,14.0
MAZ,Haas F1 Team,41.0,85.309,19.0,529,19.0,MEDIUM,True,1,,,True,32.5,22.4,58.4,False,2021,20.0
VER,Red Bull Racing,42.0,82.118,1.0,530,18.0,MEDIUM,True,1,,,True,33.0,22.5,58.2,False,2021,2.0
HAM,Mercedes,42.0,85.686,2.0,531,14.0,MEDIUM,True,1,0 days 01:33:33.250000,,False,32.5,22.4,58.4,False,2021,1.0
BOT,Mercedes,42.0,82.694,3.0,531,19.0,MEDIUM,True,1,,,True,32.5,22.4,58.4,False,2021,3.0
LEC,Ferrari,42.0,82.698,4.0,532,14.0,MEDIUM,True,1,,,True,32.5,22.4,58.4,False,2021,4.0
RIC,McLaren,42.0,83.364,5.0,532,17.0,MEDIUM,True,1,,,True,32.5,22.4,58.4,False,2021,7.0
PER,Red Bull Racing,42.0,82.967,6.0,533,15.0,MEDIUM,True,1,,,True,32.5,22.4,58.4,False,2021,8.0
SAI,Ferrari,42.0,83.499,7.0,533,20.0,MEDIUM,True,1,,,True,32.5,22.4,58.4,False,2021,6.0
OCO,Alpine,42.0,83.466,8.0,534,19.0,MEDIUM,True,1,,,True,32.5,22.4,58.6,False,2021,5.0
NOR,McLaren,42.0,83.157,9.0,535,19.0,MEDIUM,True,1,,,True,32.5,22.4,58.6,False,2021,9.0
ALO,Alpine,42.0,84.12,10.0,535,21.0,MEDIUM,True,1,,,True,32.5,22.4,58.6,False,2021,10.0
GAS,AlphaTauri,42.0,83.952,11.0,535,24.0,MEDIUM,True,1,,,True,32.5,22.4,58.6,False,2021,12.0
RUS,Williams,42.0,83.649,12.0,536,14.0,MEDIUM,True,1,,,True,32.5,22.4,58.6,False,2021,15.0
LAT,Williams,42.0,85.623,13.0,536,15.0,MEDIUM,True,1,,,True,32.5,22.4,58.6,False,2021,19.0
STR,Aston Martin,42.0,83.515,14.0,537,6.0,SOFT,False,1,,,True,32.5,22.4,58.6,False,2021,11.0
RAI,Alfa Romeo Racing,42.0,85.493,15.0,538,5.0,SOFT,True,1,,,True,32.5,22.4,58.6,False,2021,17.0
VET,Aston Martin,42.0,85.554,16.0,538,7.0,SOFT,False,1,,,True,32.5,22.4,58.6,False,2021,13.0
MSC,Haas F1 Team,42.0,84.398,17.0,538,19.0,MEDIUM,True,1,,,True,32.5,22.4,58.6,False,2021,18.0
GIO,Alfa Romeo Racing,42.0,82.802,18.0,539,6.0,SOFT,False,1,,,True,32.5,22.4,58.6,False,2021,14.0
MAZ,Haas F1 Team,42.0,89.125,19.0,539,20.0,MEDIUM,True,1,0 days 01:35:37.331000,,False,32.5,22.4,59.2,False,2021,20.0
VER,Red Bull Racing,43.0,81.632,1.0,540,19.0,MEDIUM,True,1,,,True,32.5,22.4,58.6,False,2021,2.0
BOT,Mercedes,43.0,82.683,2.0,540,20.0,MEDIUM,True,1,,,True,32.5,22.4,58.6,False,2021,3.0
HAM,Mercedes,43.0,99.613,3.0,541,7.0,MEDIUM,False,1,,0 days 01:33:55.307000,False,32.5,22.4,58.6,False,2021,1.0
LEC,Ferrari,43.0,82.735,4.0,541,15.0,MEDIUM,True,1,,,True,32.5,22.4,58.6,False,2021,4.0
RIC,McLaren,43.0,83.433,5.0,541,18.0,MEDIUM,True,1,,,True,32.5,22.4,59.2,False,2021,7.0
PER,Red Bull Racing,43.0,83.103,6.0,542,16.0,MEDIUM,True,1,,,True,32.5,22.4,59.2,False,2021,8.0
SAI,Ferrari,43.0,83.521,7.0,542,21.0,MEDIUM,True,1,,,True,32.5,22.4,59.2,False,2021,6.0
OCO,Alpine,43.0,83.64,8.0,543,20.0,MEDIUM,True,1,,,True,32.5,22.4,59.2,False,2021,5.0
NOR,McLaren,43.0,83.172,9.0,544,20.0,MEDIUM,True,1,,,True,32.5,22.4,59.2,False,2021,9.0
ALO,Alpine,43.0,83.968,10.0,544,22.0,MEDIUM,True,1,,,True,32.5,22.4,59.2,False,2021,10.0
GAS,AlphaTauri,43.0,83.723,11.0,544,25.0,MEDIUM,True,1,,,True,32.5,22.4,59.2,False,2021,12.0
RUS,Williams,43.0,83.78,12.0,545,15.0,MEDIUM,True,1,,,True,32.5,22.4,59.2,False,2021,15.0
LAT,Williams,43.0,84.266,13.0,545,16.0,MEDIUM,True,1,,,True,32.5,22.4,59.2,False,2021,19.0
STR,Aston Martin,43.0,83.239,14.0,546,7.0,SOFT,False,1,,,True,32.5,22.4,59.2,False,2021,11.0
RAI,Alfa Romeo Racing,43.0,82.964,15.0,547,6.0,SOFT,True,1,,,True,32.5,22.4,59.2,False,2021,17.0
VET,Aston Martin,43.0,83.037,16.0,547,8.0,SOFT,False,1,,,True,32.5,22.4,59.2,False,2021,13.0
MSC,Haas F1 Team,43.0,86.013,17.0,547,20.0,MEDIUM,True,1,,,True,32.8,22.4,58.9,False,2021,18.0
GIO,Alfa Romeo Racing,43.0,83.004,18.0,548,7.0,SOFT,False,1,,,True,32.8,22.4,58.9,False,2021,14.0
MAZ,Haas F1 Team,43.0,106.069,19.0,549,1.0,MEDIUM,True,1,,0 days 01:35:59.775000,False,32.8,22.4,58.9,False,2021,20.0
VER,Red Bull Racing,44.0,81.886,1.0,549,20.0,MEDIUM,True,1,,,True,32.5,22.4,59.2,False,2021,2.0
BOT,Mercedes,44.0,82.038,2.0,549,21.0,MEDIUM,True,1,,,True,32.5,22.4,59.2,False,2021,3.0
HAM,Mercedes,44.0,80.775,3.0,550,8.0,MEDIUM,False,1,,,True,32.8,22.4,58.9,False,2021,1.0
LEC,Ferrari,44.0,82.759,4.0,550,16.0,MEDIUM,True,1,,,True,32.8,22.4,58.9,False,2021,4.0
RIC,McLaren,44.0,82.966,5.0,550,19.0,MEDIUM,True,1,,,True,32.8,22.4,58.9,False,2021,7.0
PER,Red Bull Racing,44.0,82.77,6.0,551,17.0,MEDIUM,True,1,,,True,32.8,22.4,58.9,False,2021,8.0
SAI,Ferrari,44.0,82.914,7.0,551,22.0,MEDIUM,True,1,,,True,32.8,22.4,58.9,False,2021,6.0
OCO,Alpine,44.0,83.472,8.0,552,21.0,MEDIUM,True,1,,,True,32.8,22.4,58.9,False,2021,5.0
NOR,McLaren,44.0,83.27,9.0,553,21.0,MEDIUM,True,1,,,True,32.8,22.4,58.9,False,2021,9.0
ALO,Alpine,44.0,83.923,10.0,553,23.0,MEDIUM,True,1,,,True,32.8,22.4,58.9,False,2021,10.0
GAS,AlphaTauri,44.0,83.903,11.0,553,26.0,MEDIUM,True,1,,,True,32.6,22.4,58.8,False,2021,12.0
RUS,Williams,44.0,83.89,12.0,554,16.0,MEDIUM,True,1,,,True,32.6,22.4,58.8,False,2021,15.0
LAT,Williams,44.0,83.906,13.0,554,17.0,MEDIUM,True,1,,,True,32.6,22.4,58.8,False,2021,19.0
STR,Aston Martin,44.0,82.944,14.0,555,8.0,SOFT,False,1,,,True,32.6,22.4,58.8,False,2021,11.0
RAI,Alfa Romeo Racing,44.0,83.002,15.0,556,7.0,SOFT,True,1,,,True,32.6,22.4,58.8,False,2021,17.0
VET,Aston Martin,44.0,82.949,16.0,556,9.0,SOFT,False,1,,,True,32.6,22.4,58.8,False,2021,13.0
MSC,Haas F1 Team,44.0,84.384,17.0,556,21.0,MEDIUM,True,1,,,True,32.6,22.4,58.8,False,2021,18.0
GIO,Alfa Romeo Racing,44.0,83.056,18.0,557,8.0,SOFT,False,1,,,True,32.6,22.4,58.8,False,2021,14.0
MAZ,Haas F1 Team,44.0,84.842,19.0,558,2.0,MEDIUM,True,1,,,True,32.5,22.4,59.5,False,2021,20.0
VER,Red Bull Racing,45.0,81.987,1.0,558,21.0,MEDIUM,True,1,,,True,32.6,22.4,58.8,False,2021,2.0
BOT,Mercedes,45.0,82.338,2.0,558,22.0,MEDIUM,True,1,,,True,32.6,22.4,58.8,False,2021,3.0
HAM,Mercedes,45.0,80.728,3.0,559,9.0,MEDIUM,False,1,,,True,32.6,22.4,58.8,False,2021,1.0
LEC,Ferrari,45.0,82.805,4.0,559,17.0,MEDIUM,True,1,,,True,32.6,22.4,58.8,False,2021,4.0
RIC,McLaren,45.0,83.303,5.0,559,20.0,MEDIUM,True,1,,,True,32.6,22.4,58.8,False,2021,7.0
PER,Red Bull Racing,45.0,83.211,6.0,560,18.0,MEDIUM,True,1,,,True,32.6,22.4,58.8,False,2021,8.0
SAI,Ferrari,45.0,83.173,7.0,560,23.0,MEDIUM,True,1,,,True,32.6,22.4,58.8,False,2021,6.0
OCO,Alpine,45.0,83.353,8.0,561,22.0,MEDIUM,True,1,,,True,32.5,22.4,59.5,False,2021,5.0
NOR,McLaren,45.0,83.381,9.0,562,22.0,MEDIUM,True,1,,,True,32.5,22.4,59.5,False,2021,9.0
ALO,Alpine,45.0,84.04,10.0,562,24.0,MEDIUM,True,1,,,True,32.5,22.4,59.5,False,2021,10.0
GAS,AlphaTauri,45.0,84.14,11.0,562,27.0,MEDIUM,True,1,,,True,32.5,22.4,59.5,False,2021,12.0
RUS,Williams,45.0,85.394,12.0,563,17.0,MEDIUM,True,1,,,True,32.5,22.4,59.5,False,2021,15.0
LAT,Williams,45.0,84.061,13.0,563,18.0,MEDIUM,True,1,,,True,32.5,22.4,59.5,False,2021,19.0
STR,Aston Martin,45.0,84.777,14.0,564,9.0,SOFT,False,1,,,True,32.5,22.4,59.5,False,2021,11.0
RAI,Alfa Romeo Racing,45.0,83.194,15.0,565,8.0,SOFT,True,1,,,True,32.5,22.4,59.5,False,2021,17.0
VET,Aston Martin,45.0,83.438,16.0,565,10.0,SOFT,False,1,,,True,32.5,22.4,59.5,False,2021,13.0
MSC,Haas F1 Team,45.0,84.092,17.0,565,22.0,MEDIUM,True,1,,,True,32.5,22.4,59.5,False,2021,18.0
GIO,Alfa Romeo Racing,45.0,83.193,18.0,566,9.0,SOFT,False,1,,,True,32.6,22.3,58.9,False,2021,14.0
MAZ,Haas F1 Team,45.0,84.04,19.0,567,3.0,MEDIUM,True,1,,,True,32.6,22.3,58.9,False,2021,20.0
VER,Red Bull Racing,46.0,82.473,1.0,567,22.0,MEDIUM,True,1,,,True,32.5,22.4,59.5,False,2021,2.0
BOT,Mercedes,46.0,82.55,2.0,567,23.0,MEDIUM,True,1,,,True,32.5,22.4,59.5,False,2021,3.0
HAM,Mercedes,46.0,80.73,3.0,568,10.0,MEDIUM,False,1,,,True,32.5,22.4,59.5,False,2021,1.0
LEC,Ferrari,46.0,82.737,4.0,568,18.0,MEDIUM,True,1,,,True,32.5,22.4,59.5,False,2021,4.0
PER,Red Bull Racing,46.0,82.272,5.0,568,19.0,MEDIUM,True,1,,,True,32.6,22.3,58.9,False,2021,8.0
RIC,McLaren,46.0,88.536,6.0,568,21.0,MEDIUM,True,1,0 days 01:39:49.511000,,False,32.6,22.3,58.9,False,2021,7.0
SAI,Ferrari,46.0,87.033,7.0,568,24.0,MEDIUM,True,1,0 days 01:39:50.875000,,False,32.6,22.3,58.9,False,2021,6.0
OCO,Alpine,46.0,83.311,8.0,569,23.0,MEDIUM,True,1,,,True,32.6,22.3,58.9,False,2021,5.0
NOR,McLaren,46.0,83.416,9.0,570,23.0,MEDIUM,True,1,,,True,32.6,22.3,58.9,False,2021,9.0
ALO,Alpine,46.0,84.205,10.0,570,25.0,MEDIUM,True,1,,,True,32.6,22.3,58.9,False,2021,10.0
GAS,AlphaTauri,46.0,84.151,11.0,570,28.0,MEDIUM,True,1,,,True,32.6,22.3,58.9,False,2021,12.0
RUS,Williams,46.0,84.241,12.0,571,18.0,MEDIUM,True,1,,,True,32.6,22.3,58.9,False,2021,15.0
LAT,Williams,46.0,85.922,13.0,571,19.0,MEDIUM,True,1,,,True,32.5,22.3,59.2,False,2021,19.0
STR,Aston Martin,46.0,83.589,14.0,572,10.0,SOFT,False,1,,,True,32.5,22.3,59.2,False,2021,11.0
RAI,Alfa Romeo Racing,46.0,83.53,15.0,573,9.0,SOFT,True,1,,,True,32.5,22.3,59.2,False,2021,17.0
VET,Aston Martin,46.0,83.426,16.0,573,11.0,SOFT,False,1,,,True,32.5,22.3,59.2,False,2021,13.0
MSC,Haas F1 Team,46.0,84.223,17.0,573,23.0,MEDIUM,True,1,,,True,32.5,22.3,59.2,False,2021,18.0
GIO,Alfa Romeo Racing,46.0,83.266,18.0,574,10.0,SOFT,False,1,,,True,32.5,22.3,59.2,False,2021,14.0
MAZ,Haas F1 Team,46.0,84.392,19.0,575,4.0,MEDIUM,True,1,,,True,32.5,22.3,59.4,False,2021,20.0
VER,Red Bull Racing,47.0,82.589,1.0,575,23.0,MEDIUM,True,1,,,True,32.6,22.3,58.9,False,2021,2.0
BOT,Mercedes,47.0,82.254,2.0,575,24.0,MEDIUM,True,1,,,True,32.5,22.3,59.2,False,2021,3.0
HAM,Mercedes,47.0,81.348,3.0,576,11.0,MEDIUM,False,1,,,True,32.5,22.3,59.2,False,2021,1.0
LEC,Ferrari,47.0,83.04,4.0,576,19.0,MEDIUM,True,1,,,True,32.5,22.3,59.2,False,2021,4.0
PER,Red Bull Racing,47.0,82.055,5.0,576,20.0,MEDIUM,True,1,,,True,32.5,22.3,59.2,False,2021,8.0
OCO,Alpine,47.0,83.799,6.0,576,24.0,MEDIUM,True,1,,,True,32.5,22.3,59.2,False,2021,5.0
NOR,McLaren,47.0,83.589,7.0,577,24.0,MEDIUM,True,1,,,True,32.5,22.3,59.2,False,2021,9.0
RIC,McLaren,47.0,101.018,8.0,578,2.0,SOFT,False,1,,0 days 01:40:11.232000,False,32.5,22.3,59.4,False,2021,7.0
SAI,Ferrari,47.0,101.059,9.0,578,4.0,SOFT,False,1,,0 days 01:40:12.679000,False,32.5,22.3,59.4,False,2021,6.0
ALO,Alpine,47.0,84.423,10.0,578,26.0,MEDIUM,True,1,,,True,32.5,22.3,59.4,False,2021,10.0
RUS,Williams,47.0,83.949,11.0,579,19.0,MEDIUM,True,1,,,True,32.5,22.3,59.4,False,2021,15.0
GAS,AlphaTauri,47.0,89.486,12.0,579,29.0,MEDIUM,True,1,0 days 01:41:47.583000,,False,32.5,22.3,59.4,False,2021,12.0
STR,Aston Martin,47.0,82.607,13.0,580,11.0,SOFT,False,1,,,True,32.5,22.3,59.4,False,2021,11.0
LAT,Williams,47.0,87.143,14.0,580,20.0,MEDIUM,True,1,,,True,32.5,22.3,59.4,False,2021,19.0
RAI,Alfa Romeo Racing,47.0,84.8,15.0,581,10.0,SOFT,True,1,,,True,32.5,22.3,59.4,False,2021,17.0
VET,Aston Martin,47.0,84.652,16.0,581,12.0,SOFT,False,1,,,True,32.5,22.3,59.4,False,2021,13.0
MSC,Haas F1 Team,47.0,86.973,17.0,581,24.0,MEDIUM,True,1,,,True,32.5,22.3,59.4,False,2021,18.0
GIO,Alfa Romeo Racing,47.0,83.532,18.0,582,11.0,SOFT,False,1,,,True,32.5,22.3,59.4,False,2021,14.0
MAZ,Haas F1 Team,47.0,84.539,19.0,583,5.0,MEDIUM,True,1,,,True,32.6,22.3,59.0,False,2021,20.0
VER,Red Bull Racing,48.0,83.039,1.0,583,24.0,MEDIUM,True,1,,,True,32.5,22.3,59.4,False,2021,2.0
BOT,Mercedes,48.0,82.045,2.0,583,25.0,MEDIUM,True,1,,,True,32.5,22.3,59.4,False,2021,3.0
HAM,Mercedes,48.0,81.27,3.0,584,12.0,MEDIUM,False,1,,,True,32.5,22.3,59.4,False,2021,1.0
LEC,Ferrari,48.0,83.016,4.0,584,20.0,MEDIUM,True,1,,,True,32.5,22.3,59.4,False,2021,4.0
PER,Red Bull Racing,48.0,81.883,5.0,584,21.0,MEDIUM,True,1,,,True,32.5,22.3,59.4,False,2021,8.0
OCO,Alpine,48.0,83.611,6.0,584,25.0,MEDIUM,True,1,,,True,32.6,22.3,59.0,False,2021,5.0
NOR,McLaren,48.0,83.448,7.0,585,25.0,MEDIUM,True,1,,,True,32.6,22.3,59.0,False,2021,9.0
RIC,McLaren,48.0,82.58,8.0,586,3.0,SOFT,False,1,,,True,32.6,22.3,59.0,False,2021,7.0
SAI,Ferrari,48.0,82.095,9.0,586,5.0,SOFT,False,1,,,True,32.6,22.3,59.0,False,2021,6.0
ALO,Alpine,48.0,85.825,10.0,586,27.0,MEDIUM,True,1,,,True,32.6,22.3,59.0,False,2021,10.0
RUS,Williams,48.0,84.159,11.0,587,20.0,MEDIUM,True,1,,,True,32.6,22.3,59.0,False,2021,15.0
STR,Aston Martin,48.0,82.915,12.0,588,12.0,SOFT,False,1,,,True,32.6,22.3,59.0,False,2021,11.0
LAT,Williams,48.0,84.916,13.0,588,21.0,MEDIUM,True,1,,,True,32.6,22.3,59.0,False,2021,19.0
RAI,Alfa Romeo Racing,48.0,84.879,14.0,589,11.0,SOFT,True,1,,,True,32.6,22.3,59.0,False,2021,17.0
VET,Aston Martin,48.0,84.514,15.0,589,13.0,SOFT,False,1,,,True,32.6,22.3,59.0,False,2021,13.0
GAS,AlphaTauri,48.0,104.31,16.0,590,1.0,SOFT,True,1,,0 days 01:42:13.636000,False,32.7,22.5,58.8,False,2021,12.0
MSC,Haas F1 Team,48.0,84.728,17.0,590,25.0,MEDIUM,True,1,,,True,32.7,22.5,58.8,False,2021,18.0
GIO,Alfa Romeo Racing,48.0,83.521,18.0,591,12.0,SOFT,False,1,,,True,32.7,22.5,58.8,False,2021,14.0
MAZ,Haas F1 Team,48.0,84.381,19.0,592,6.0,MEDIUM,True,1,,,True,32.7,22.5,58.8,False,2021,20.0
VER,Red Bull Racing,49.0,82.924,1.0,592,25.0,MEDIUM,True,1,,,True,32.6,22.3,59.0,False,2021,2.0
BOT,Mercedes,49.0,82.245,2.0,592,26.0,MEDIUM,True,1,,,True,32.6,22.3,59.0,False,2021,3.0
HAM,Mercedes,49.0,81.155,3.0,593,13.0,MEDIUM,False,1,,,True,32.6,22.3,59.0,False,2021,1.0
LEC,Ferrari,49.0,82.411,4.0,593,21.0,MEDIUM,True,1,,,True,32.7,22.5,58.8,False,2021,4.0
PER,Red Bull Racing,49.0,82.204,5.0,593,22.0,MEDIUM,True,1,,,True,32.7,22.5,58.8,False,2021,8.0
OCO,Alpine,49.0,83.583,6.0,593,26.0,MEDIUM,True,1,,,True,32.7,22.5,58.8,False,2021,5.0
RIC,McLaren,49.0,83.428,7.0,594,4.0,SOFT,False,1,,,True,32.7,22.5,58.8,False,2021,7.0
NOR,McLaren,49.0,85.779,8.0,594,26.0,MEDIUM,True,1,,,True,32.7,22.5,58.8,False,2021,9.0
SAI,Ferrari,49.0,84.034,9.0,595,6.0,SOFT,False,1,,,True,32.7,22.5,58.8,False,2021,6.0
ALO,Alpine,49.0,84.35,10.0,595,28.0,MEDIUM,True,1,,,True,32.9,22.4,58.8,False,2021,10.0
RUS,Williams,49.0,83.707,11.0,596,21.0,MEDIUM,True,1,,,True,32.9,22.4,58.8,False,2021,15.0
STR,Aston Martin,49.0,84.741,12.0,597,13.0,SOFT,False,1,,,True,32.9,22.4,58.8,False,2021,11.0
RAI,Alfa Romeo Racing,49.0,83.56,13.0,598,12.0,SOFT,True,1,,,True,32.9,22.4,58.8,False,2021,17.0
VET,Aston Martin,49.0,84.237,14.0,598,14.0,SOFT,False,1,,,True,32.9,22.4,58.8,False,2021,13.0
LAT,Williams,49.0,86.946,15.0,598,22.0,MEDIUM,True,1,,,True,32.9,22.4,58.8,False,2021,19.0
GAS,AlphaTauri,49.0,81.496,16.0,599,2.0,SOFT,True,1,,,True,32.9,22.4,58.8,False,2021,12.0
MSC,Haas F1 Team,49.0,84.56,17.0,599,26.0,MEDIUM,True,1,,,True,32.9,22.4,58.8,False,2021,18.0
GIO,Alfa Romeo Racing,49.0,83.429,18.0,600,13.0,SOFT,False,1,,,True,32.9,22.4,58.8,False,2021,14.0
MAZ,Haas F1 Team,49.0,86.441,19.0,601,7.0,MEDIUM,True,1,,,True,32.9,22.2,60.2,False,2021,20.0
VER,Red Bull Racing,50.0,82.34,1.0,601,26.0,MEDIUM,True,1,,,True,32.7,22.5,58.8,False,2021,2.0
BOT,Mercedes,50.0,82.9,2.0,601,27.0,MEDIUM,True,1,,,True,32.9,22.4,58.8,False,2021,3.0
HAM,Mercedes,50.0,80.994,3.0,602,14.0,MEDIUM,False,1,,,True,32.9,22.4,58.8,False,2021,1.0
LEC,Ferrari,50.0,82.531,4.0,602,22.0,MEDIUM,True,1,,,True,32.9,22.4,58.8,False,2021,4.0
PER,Red Bull Racing,50.0,82.024,5.0,602,23.0,MEDIUM,True,1,,,True,32.9,22.4,58.8,False,2021,8.0
OCO,Alpine,50.0,83.793,6.0,602,27.0,MEDIUM,True,1,,,True,32.9,22.2,60.2,False,2021,5.0
RIC,McLaren,50.0,82.437,7.0,603,5.0,SOFT,False,1,,,True,32.9,22.2,60.2,False,2021,7.0
SAI,Ferrari,50.0,81.852,8.0,603,7.0,SOFT,False,1,,,True,32.9,22.2,60.2,False,2021,6.0
NOR,McLaren,50.0,84.764,9.0,603,27.0,MEDIUM,True,1,,,True,32.9,22.2,60.2,False,2021,9.0
ALO,Alpine,50.0,84.342,10.0,603,29.0,MEDIUM,True,1,,,True,32.9,22.2,60.2,False,2021,10.0
RUS,Williams,50.0,83.995,11.0,604,22.0,MEDIUM,True,1,,,True,32.9,22.2,60.2,False,2021,15.0
STR,Aston Martin,50.0,82.91,12.0,605,14.0,SOFT,False,1,,,True,32.9,22.2,60.2,False,2021,11.0
RAI,Alfa Romeo Racing,50.0,83.284,13.0,606,13.0,SOFT,True,1,,,True,32.9,22.2,60.2,False,2021,17.0
VET,Aston Martin,50.0,83.381,14.0,606,15.0,SOFT,False,1,,,True,32.9,22.2,60.2,False,2021,13.0
GAS,AlphaTauri,50.0,83.056,15.0,607,3.0,SOFT,True,1,,,True,32.9,22.2,60.2,False,2021,12.0
LAT,Williams,50.0,88.65,16.0,607,23.0,MEDIUM,True,1,0 days 01:46:19.459000,,False,32.9,22.2,60.2,False,2021,19.0
GIO,Alfa Romeo Racing,50.0,84.806,17.0,608,14.0,SOFT,False,1,,,True,33.0,22.2,61.1,False,2021,14.0
MSC,Haas F1 Team,50.0,88.28,18.0,608,27.0,MEDIUM,True,1,0 days 01:46:33.689000,,False,33.0,22.2,61.1,False,2021,18.0
MAZ,Haas F1 Team,50.0,84.465,19.0,609,8.0,MEDIUM,True,1,,,True,33.0,22.2,61.1,False,2021,20.0
VER,Red Bull Racing,51.0,82.513,1.0,609,27.0,MEDIUM,True,1,,,True,32.9,22.2,60.2,False,2021,2.0
BOT,Mercedes,51.0,82.728,2.0,609,28.0,MEDIUM,True,1,,,True,32.9,22.2,60.2,False,2021,3.0
HAM,Mercedes,51.0,81.225,3.0,610,15.0,MEDIUM,False,1,,,True,32.9,22.2,60.2,False,2021,1.0
LEC,Ferrari,51.0,82.461,4.0,610,23.0,MEDIUM,True,1,,,True,32.9,22.2,60.2,False,2021,4.0
PER,Red Bull Racing,51.0,82.579,5.0,610,24.0,MEDIUM,True,1,,,True,33.0,22.2,61.1,False,2021,8.0
OCO,Alpine,51.0,84.691,6.0,610,28.0,MEDIUM,True,1,,,True,33.0,22.2,61.1,False,2021,5.0
RIC,McLaren,51.0,84.413,7.0,611,6.0,SOFT,False,1,,,True,33.0,22.2,61.1,False,2021,7.0
SAI,Ferrari,51.0,84.136,8.0,611,8.0,SOFT,False,1,,,True,33.0,22.2,61.1,False,2021,6.0
NOR,McLaren,51.0,86.88,9.0,611,28.0,MEDIUM,True,1,0 days 01:47:09.182000,,False,33.0,22.2,61.1,False,2021,9.0
ALO,Alpine,51.0,84.861,10.0,611,30.0,MEDIUM,True,1,,,True,33.0,22.2,61.1,False,2021,10.0
RUS,Williams,51.0,84.183,11.0,612,23.0,MEDIUM,True,1,,,True,33.0,22.2,61.1,False,2021,15.0
STR,Aston Martin,51.0,83.064,12.0,613,15.0,SOFT,False,1,,,True,33.0,22.2,61.1,False,2021,11.0
RAI,Alfa Romeo Racing,51.0,83.57,13.0,614,14.0,SOFT,True,1,,,True,33.2,22.3,60.1,False,2021,17.0
VET,Aston Martin,51.0,83.515,14.0,614,16.0,SOFT,False,1,,,True,33.2,22.3,60.1,False,2021,13.0
GAS,AlphaTauri,51.0,81.387,15.0,615,4.0,SOFT,True,1,,,True,33.2,22.3,60.1,False,2021,12.0
GIO,Alfa Romeo Racing,51.0,83.381,16.0,615,15.0,SOFT,False,1,,,True,33.2,22.3,60.1,False,2021,14.0
LAT,Williams,51.0,103.082,17.0,616,4.0,SOFT,False,1,,0 days 01:46:42.129000,False,33.2,22.3,60.1,False,2021,19.0
MSC,Haas F1 Team,51.0,103.198,18.0,617,1.0,MEDIUM,True,1,,0 days 01:46:56.016000,False,33.2,22.3,60.1,False,2021,18.0
MAZ,Haas F1 Team,51.0,84.053,19.0,617,9.0,MEDIUM,True,1,,,True,33.2,22.4,59.9,False,2021,20.0
VER,Red Bull Racing,52.0,82.358,1.0,617,28.0,MEDIUM,True,1,,,True,33.0,22.2,61.1,False,2021,2.0
HAM,Mercedes,52.0,82.67,2.0,618,16.0,MEDIUM,False,1,,,True,33.0,22.2,61.1,False,2021,1.0
BOT,Mercedes,52.0,85.165,3.0,618,29.0,MEDIUM,True,1,,,True,33.0,22.2,61.1,False,2021,3.0
LEC,Ferrari,52.0,82.462,4.0,619,24.0,MEDIUM,True,1,,,True,33.2,22.3,60.1,False,2021,4.0
PER,Red Bull Racing,52.0,82.567,5.0,619,25.0,MEDIUM,True,1,,,True,33.2,22.3,60.1,False,2021,8.0
RIC,McLaren,52.0,82.604,6.0,620,7.0,SOFT,False,1,,,True,33.2,22.3,60.1,False,2021,7.0
OCO,Alpine,52.0,85.589,7.0,620,29.0,MEDIUM,True,1,,,True,33.2,22.3,60.1,False,2021,5.0
SAI,Ferrari,52.0,84.631,8.0,621,9.0,SOFT,False,1,,,True,33.2,22.3,60.1,False,2021,6.0
ALO,Alpine,52.0,84.596,9.0,621,31.0,MEDIUM,True,1,,,True,33.2,22.4,59.9,False,2021,10.0
RUS,Williams,52.0,85.238,10.0,622,24.0,MEDIUM,True,1,,,True,33.2,22.4,59.9,False,2021,15.0
NOR,McLaren,52.0,101.83,11.0,623,4.0,SOFT,False,1,,0 days 01:47:31.704000,False,33.2,22.4,59.9,False,2021,9.0
STR,Aston Martin,52.0,84.109,12.0,623,16.0,SOFT,False,1,,,True,33.2,22.4,59.9,False,2021,11.0
RAI,Alfa Romeo Racing,52.0,82.935,13.0,624,15.0,SOFT,True,1,,,True,33.2,22.4,59.9,False,2021,17.0
VET,Aston Martin,52.0,83.148,14.0,624,17.0,SOFT,False,1,,,True,33.2,22.4,59.9,False,2021,13.0
GAS,AlphaTauri,52.0,82.019,15.0,625,5.0,SOFT,True,1,,,True,33.2,22.4,59.9,False,2021,12.0
GIO,Alfa Romeo Racing,52.0,83.303,16.0,625,16.0,SOFT,False,1,,,True,33.2,22.4,59.9,False,2021,14.0
LAT,Williams,52.0,83.127,17.0,626,5.0,SOFT,False,1,,,True,33.2,22.4,59.9,False,2021,19.0
MSC,Haas F1 Team,52.0,82.97,18.0,627,2.0,MEDIUM,True,1,,,True,33.5,22.4,59.9,False,2021,18.0
MAZ,Haas F1 Team,52.0,84.204,19.0,627,10.0,MEDIUM,True,1,,,True,33.5,22.4,59.9,False,2021,20.0
VER,Red Bull Racing,53.0,82.168,1.0,627,29.0,MEDIUM,True,1,,,True,33.2,22.4,59.9,False,2021,2.0
HAM,Mercedes,53.0,81.304,2.0,628,17.0,MEDIUM,False,1,,,True,33.2,22.4,59.9,False,2021,1.0
BOT,Mercedes,53.0,87.702,3.0,628,30.0,MEDIUM,True,1,0 days 01:48:53.815000,,False,33.2,22.4,59.9,False,2021,3.0
LEC,Ferrari,53.0,82.286,4.0,629,25.0,MEDIUM,True,1,,,True,33.2,22.4,59.9,False,2021,4.0
PER,Red Bull Racing,53.0,83.031,5.0,629,26.0,MEDIUM,True,1,,,True,33.2,22.4,59.9,False,2021,8.0
RIC,McLaren,53.0,82.746,6.0,630,8.0,SOFT,False,1,,,True,33.5,22.4,59.9,False,2021,7.0
SAI,Ferrari,53.0,81.568,7.0,630,10.0,SOFT,False,1,,,True,33.5,22.4,59.9,False,2021,6.0
OCO,Alpine,53.0,85.088,8.0,630,30.0,MEDIUM,True,1,,,True,33.5,22.4,59.9,False,2021,5.0
ALO,Alpine,53.0,85.347,9.0,630,32.0,MEDIUM,True,1,,,True,33.5,22.4,59.9,False,2021,10.0
RUS,Williams,53.0,84.483,10.0,631,25.0,MEDIUM,True,1,,,True,33.5,22.4,59.9,False,2021,15.0
NOR,McLaren,53.0,82.349,11.0,632,5.0,SOFT,False,1,,,True,33.5,22.4,59.9,False,2021,9.0
STR,Aston Martin,53.0,83.008,12.0,632,17.0,SOFT,False,1,,,True,33.5,22.4,59.9,False,2021,11.0
RAI,Alfa Romeo Racing,53.0,83.112,13.0,633,16.0,SOFT,True,1,,,True,33.5,22.4,59.9,False,2021,17.0
GAS,AlphaTauri,53.0,81.729,14.0,634,6.0,SOFT,True,1,,,True,33.5,22.4,59.9,False,2021,12.0
VET,Aston Martin,53.0,84.633,15.0,634,18.0,SOFT,False,1,,,True,33.5,22.4,59.9,False,2021,13.0
GIO,Alfa Romeo Racing,53.0,83.237,16.0,635,17.0,SOFT,False,1,,,True,34.0,22.5,59.8,False,2021,14.0
LAT,Williams,53.0,82.977,17.0,636,6.0,SOFT,False,1,,,True,34.0,22.5,59.8,False,2021,19.0
MSC,Haas F1 Team,53.0,82.752,18.0,637,3.0,MEDIUM,True,1,,,True,34.0,22.5,59.8,False,2021,18.0
MAZ,Haas F1 Team,53.0,86.228,19.0,637,11.0,MEDIUM,True,1,,,True,35.2,22.6,58.7,False,2021,20.0
VER,Red Bull Racing,54.0,82.529,1.0,637,30.0,MEDIUM,True,1,,,True,33.5,22.4,59.9,False,2021,2.0
HAM,Mercedes,54.0,80.665,2.0,638,18.0,MEDIUM,False,1,,,True,33.5,22.4,59.9,False,2021,1.0
LEC,Ferrari,54.0,82.717,3.0,638,26.0,MEDIUM,True,1,,,True,33.5,22.4,59.9,False,2021,4.0
BOT,Mercedes,54.0,100.105,4.0,639,4.0,SOFT,False,1,,0 days 01:49:14.606000,False,34.0,22.5,59.8,False,2021,3.0
PER,Red Bull Racing,54.0,82.69,5.0,639,27.0,MEDIUM,True,1,,,True,34.0,22.5,59.8,False,2021,8.0
RIC,McLaren,54.0,82.267,6.0,640,9.0,SOFT,False,1,,,True,34.0,22.5,59.8,False,2021,7.0
SAI,Ferrari,54.0,81.918,7.0,640,11.0,SOFT,False,1,,,True,34.0,22.5,59.8,False,2021,6.0
OCO,Alpine,54.0,84.758,8.0,640,31.0,MEDIUM,True,1,,,True,34.0,22.5,59.8,False,2021,5.0
ALO,Alpine,54.0,84.629,9.0,640,33.0,MEDIUM,True,1,,,True,35.2,22.6,58.7,False,2021,10.0
RUS,Williams,54.0,84.48,10.0,641,26.0,MEDIUM,True,1,,,True,35.2,22.6,58.7,False,2021,15.0
NOR,McLaren,54.0,83.303,11.0,642,6.0,SOFT,False,1,,,True,35.2,22.6,58.7,False,2021,9.0
STR,Aston Martin,54.0,83.265,12.0,642,18.0,SOFT,False,1,,,True,35.2,22.6,58.7,False,2021,11.0
RAI,Alfa Romeo Racing,54.0,82.868,13.0,643,17.0,SOFT,True,1,,,True,35.2,22.6,58.7,False,2021,17.0
GAS,AlphaTauri,54.0,83.036,14.0,644,7.0,SOFT,True,1,,,True,35.2,22.6,58.7,False,2021,12.0
VET,Aston Martin,54.0,83.062,15.0,644,19.0,SOFT,False,1,,,True,35.2,22.6,58.7,False,2021,13.0
GIO,Alfa Romeo Racing,54.0,83.119,16.0,645,18.0,SOFT,False,1,,,True,35.2,22.6,58.7,False,2021,14.0
LAT,Williams,54.0,83.28,17.0,646,7.0,SOFT,False,1,,,True,35.2,22.6,58.7,False,2021,19.0
MSC,Haas F1 Team,54.0,82.637,18.0,647,4.0,MEDIUM,True,1,,,True,35.2,22.6,58.7,False,2021,18.0
MAZ,Haas F1 Team,54.0,84.824,19.0,647,12.0,MEDIUM,True,1,,,True,35.4,22.7,59.3,False,2021,20.0
VER,Red Bull Racing,55.0,82.664,1.0,647,31.0,MEDIUM,True,1,,,True,34.0,22.5,59.8,False,2021,2.0
HAM,Mercedes,55.0,80.787,2.0,648,19.0,MEDIUM,False,1,,,True,34.0,22.5,59.8,False,2021,1.0
LEC,Ferrari,55.0,82.944,3.0,648,27.0,MEDIUM,True,1,,,True,35.2,22.6,58.7,False,2021,4.0
BOT,Mercedes,55.0,80.091,4.0,649,5.0,SOFT,False,1,,,True,35.2,22.6,58.7,False,2021,3.0
PER,Red Bull Racing,55.0,82.682,5.0,649,28.0,MEDIUM,True,1,,,True,35.2,22.6,58.7,False,2021,8.0
RIC,McLaren,55.0,81.993,6.0,650,10.0,SOFT,False,1,,,True,35.4,22.7,59.3,False,2021,7.0
SAI,Ferrari,55.0,81.815,7.0,650,12.0,SOFT,False,1,,,True,35.4,22.7,59.3,False,2021,6.0
OCO,Alpine,55.0,86.767,8.0,650,32.0,MEDIUM,True,1,,,True,35.4,22.7,59.3,False,2021,5.0
ALO,Alpine,55.0,85.543,9.0,650,34.0,MEDIUM,True,1,,,True,35.4,22.7,59.3,False,2021,10.0
NOR,McLaren,55.0,83.941,10.0,651,7.0,SOFT,False,1,,,True,35.4,22.7,59.3,False,2021,9.0
RUS,Williams,55.0,85.577,11.0,651,27.0,MEDIUM,True,1,,,True,35.4,22.7,59.3,False,2021,15.0
STR,Aston Martin,55.0,83.688,12.0,652,19.0,SOFT,False,1,,,True,35.4,22.7,59.3,False,2021,11.0
RAI,Alfa Romeo Racing,55.0,83.146,13.0,653,18.0,SOFT,True,1,,,True,35.4,22.7,59.3,False,2021,17.0
GAS,AlphaTauri,55.0,82.945,14.0,654,8.0,SOFT,True,1,,,True,35.4,22.7,59.3,False,2021,12.0
VET,Aston Martin,55.0,83.101,15.0,654,20.0,SOFT,False,1,,,True,35.4,22.7,59.3,False,2021,13.0
GIO,Alfa Romeo Racing,55.0,83.05,16.0,655,19.0,SOFT,False,1,,,True,35.4,22.7,59.3,False,2021,14.0
LAT,Williams,55.0,83.515,17.0,656,8.0,SOFT,False,1,,,True,35.4,22.7,58.5,False,2021,19.0
MSC,Haas F1 Team,55.0,82.649,18.0,657,5.0,MEDIUM,True,1,,,True,35.4,22.7,58.5,False,2021,18.0
MAZ,Haas F1 Team,55.0,84.42,19.0,657,13.0,MEDIUM,True,1,,,True,35.4,22.7,58.5,False,2021,20.0
VER,Red Bull Racing,56.0,82.923,1.0,657,32.0,MEDIUM,True,1,,,True,35.4,22.7,59.3,False,2021,2.0
HAM,Mercedes,56.0,80.99,2.0,658,20.0,MEDIUM,False,1,,,True,35.4,22.7,59.3,False,2021,1.0
LEC,Ferrari,56.0,82.956,3.0,658,28.0,MEDIUM,True,1,,,True,35.4,22.7,59.3,False,2021,4.0
BOT,Mercedes,56.0,82.012,4.0,659,6.0,SOFT,False,1,,,True,35.4,22.7,59.3,False,2021,3.0
PER,Red Bull Racing,56.0,83.11,5.0,659,29.0,MEDIUM,True,1,,,True,35.4,22.7,59.3,False,2021,8.0
RIC,McLaren,56.0,82.036,6.0,660,11.0,SOFT,False,1,,,True,35.4,22.7,58.5,False,2021,7.0
SAI,Ferrari,56.0,81.934,7.0,660,13.0,SOFT,False,1,,,True,35.4,22.7,58.5,False,2021,6.0
OCO,Alpine,56.0,86.157,8.0,660,33.0,MEDIUM,True,1,,,True,35.4,22.7,58.5,False,2021,5.0
NOR,McLaren,56.0,81.279,9.0,661,8.0,SOFT,False,1,,,True,35.4,22.7,58.5,False,2021,9.0
ALO,Alpine,56.0,85.384,10.0,661,35.0,MEDIUM,True,1,,,True,35.4,22.7,58.5,False,2021,10.0
RUS,Williams,56.0,84.782,11.0,662,28.0,MEDIUM,True,1,,,True,35.4,22.7,58.5,False,2021,15.0
STR,Aston Martin,56.0,84.542,12.0,663,20.0,SOFT,False,1,,,True,35.4,22.7,58.5,False,2021,11.0
RAI,Alfa Romeo Racing,56.0,82.947,13.0,664,19.0,SOFT,True,1,,,True,36.0,22.7,58.5,False,2021,17.0
GAS,AlphaTauri,56.0,82.895,14.0,665,9.0,SOFT,True,1,,,True,36.0,22.7,58.5,False,2021,12.0
VET,Aston Martin,56.0,82.82,15.0,665,21.0,SOFT,False,1,,,True,36.0,22.7,58.5,False,2021,13.0
GIO,Alfa Romeo Racing,56.0,83.06,16.0,666,20.0,SOFT,False,1,,,True,36.0,22.7,58.5,False,2021,14.0
LAT,Williams,56.0,83.144,17.0,667,9.0,SOFT,False,1,,,True,36.0,22.7,58.5,False,2021,19.0
MSC,Haas F1 Team,56.0,82.646,18.0,668,6.0,MEDIUM,True,1,,,True,36.0,22.7,58.5,False,2021,18.0
MAZ,Haas F1 Team,56.0,86.574,19.0,668,14.0,MEDIUM,True,1,,,True,36.2,22.7,58.4,False,2021,20.0
VER,Red Bull Racing,57.0,82.554,1.0,668,33.0,MEDIUM,True,1,,,True,35.4,22.7,58.5,False,2021,2.0
HAM,Mercedes,57.0,80.906,2.0,669,21.0,MEDIUM,False,1,,,True,35.4,22.7,58.5,False,2021,1.0
BOT,Mercedes,57.0,80.242,3.0,670,7.0,SOFT,False,1,,,True,36.0,22.7,58.5,False,2021,3.0
LEC,Ferrari,57.0,84.245,4.0,670,29.0,MEDIUM,True,1,,,True,36.0,22.7,58.5,False,2021,4.0
PER,Red Bull Racing,57.0,87.212,5.0,670,30.0,MEDIUM,True,1,0 days 01:54:55.991000,,False,36.0,22.7,58.5,False,2021,8.0
RIC,McLaren,57.0,81.86,6.0,671,12.0,SOFT,False,1,,,True,36.0,22.7,58.5,False,2021,7.0
SAI,Ferrari,57.0,82.052,7.0,671,14.0,SOFT,False,1,,,True,36.0,22.7,58.5,False,2021,6.0
OCO,Alpine,57.0,84.52,8.0,671,34.0,MEDIUM,True,1,,,True,36.2,22.7,58.4,False,2021,5.0
NOR,McLaren,57.0,82.082,9.0,672,9.0,SOFT,False,1,,,True,36.2,22.7,58.4,False,2021,9.0
ALO,Alpine,57.0,85.15,10.0,672,36.0,MEDIUM,True,1,,,True,36.2,22.7,58.4,False,2021,10.0
RUS,Williams,57.0,85.045,11.0,673,29.0,MEDIUM,True,1,,,True,36.2,22.7,58.4,False,2021,15.0
STR,Aston Martin,57.0,85.146,12.0,674,21.0,SOFT,False,1,,,True,36.2,22.7,58.4,False,2021,11.0
RAI,Alfa Romeo Racing,57.0,83.395,13.0,675,20.0,SOFT,True,1,,,True,36.2,22.7,58.4,False,2021,17.0
GAS,AlphaTauri,57.0,83.422,14.0,676,10.0,SOFT,True,1,,,True,36.2,22.7,58.4,False,2021,12.0
VET,Aston Martin,57.0,83.374,15.0,676,22.0,SOFT,False,1,,,True,36.2,22.7,58.4,False,2021,13.0
GIO,Alfa Romeo Racing,57.0,83.098,16.0,677,21.0,SOFT,False,1,,,True,36.2,22.7,58.4,False,2021,14.0
LAT,Williams,57.0,82.905,17.0,678,10.0,SOFT,False,1,,,True,36.2,22.7,58.4,False,2021,19.0
MSC,Haas F1 Team,57.0,83.567,18.0,679,7.0,MEDIUM,True,1,,,True,36.1,23.0,58.1,False,2021,18.0
MAZ,Haas F1 Team,57.0,84.949,19.0,679,15.0,MEDIUM,True,1,,,True,36.1,23.0,58.1,False,2021,20.0
VER,Red Bull Racing,58.0,82.411,1.0,679,34.0,MEDIUM,True,1,,,True,36.0,22.7,58.5,False,2021,2.0
HAM,Mercedes,58.0,80.931,2.0,680,22.0,MEDIUM,False,1,,,True,36.0,22.7,58.5,False,2021,1.0
BOT,Mercedes,58.0,81.333,3.0,681,8.0,SOFT,False,1,,,True,36.2,22.7,58.4,False,2021,3.0
LEC,Ferrari,58.0,86.959,4.0,681,30.0,MEDIUM,True,1,0 days 01:56:05.987000,,False,36.2,22.7,58.4,False,2021,4.0
PER,Red Bull Racing,58.0,100.501,5.0,682,4.0,SOFT,False,1,,0 days 01:55:17.373000,False,36.1,23.0,58.1,False,2021,8.0
RIC,McLaren,58.0,82.256,6.0,682,13.0,SOFT,False,1,,,True,36.1,23.0,58.1,False,2021,7.0
SAI,Ferrari,58.0,82.249,7.0,682,15.0,SOFT,False,1,,,True,36.1,23.0,58.1,False,2021,6.0
OCO,Alpine,58.0,84.479,8.0,682,35.0,MEDIUM,True,1,,,True,36.1,23.0,58.1,False,2021,5.0
NOR,McLaren,58.0,81.701,9.0,683,10.0,SOFT,False,1,,,True,36.1,23.0,58.1,False,2021,9.0
ALO,Alpine,58.0,85.336,10.0,683,37.0,MEDIUM,True,1,,,True,36.1,23.0,58.1,False,2021,10.0
RUS,Williams,58.0,85.435,11.0,684,30.0,MEDIUM,True,1,,,True,36.1,23.0,58.1,False,2021,15.0
STR,Aston Martin,58.0,85.166,12.0,685,22.0,SOFT,False,1,,,True,36.1,23.0,58.1,False,2021,11.0
RAI,Alfa Romeo Racing,58.0,84.922,13.0,686,21.0,SOFT,True,1,,,True,36.1,23.0,58.1,False,2021,17.0
GAS,AlphaTauri,58.0,84.878,14.0,687,11.0,SOFT,True,1,,,True,36.1,23.0,58.1,False,2021,12.0
VET,Aston Martin,58.0,84.72,15.0,687,23.0,SOFT,False,1,,,True,36.1,23.0,58.1,False,2021,13.0
GIO,Alfa Romeo Racing,58.0,83.229,16.0,688,22.0,SOFT,False,1,,,True,36.1,23.0,58.0,False,2021,14.0
LAT,Williams,58.0,83.194,17.0,689,11.0,SOFT,False,1,,,True,36.1,23.0,58.0,False,2021,19.0
MSC,Haas F1 Team,58.0,86.684,18.0,690,8.0,MEDIUM,True,1,,,True,36.1,23.0,58.0,False,2021,18.0
MAZ,Haas F1 Team,58.0,84.698,19.0,690,16.0,MEDIUM,True,1,,,True,35.8,23.2,57.2,False,2021,20.0
VER,Red Bull Racing,59.0,82.546,1.0,690,35.0,MEDIUM,True,1,,,True,36.1,23.0,58.1,False,2021,2.0
HAM,Mercedes,59.0,81.521,2.0,691,23.0,MEDIUM,False,1,,,True,36.1,23.0,58.1,False,2021,1.0
BOT,Mercedes,59.0,82.241,3.0,692,9.0,SOFT,False,1,,,True,36.1,23.0,58.1,False,2021,3.0
LEC,Ferrari,59.0,100.867,4.0,693,4.0,SOFT,False,1,,0 days 01:56:28.258000,False,36.1,23.0,58.0,False,2021,4.0
PER,Red Bull Racing,59.0,82.891,5.0,693,5.0,SOFT,False,1,,,True,36.1,23.0,58.0,False,2021,8.0
RIC,McLaren,59.0,82.531,6.0,693,14.0,SOFT,False,1,,,True,36.1,23.0,58.0,False,2021,7.0
SAI,Ferrari,59.0,82.221,7.0,693,16.0,SOFT,False,1,,,True,36.1,23.0,58.0,False,2021,6.0
OCO,Alpine,59.0,85.084,8.0,693,36.0,MEDIUM,True,1,,,True,36.1,23.0,58.0,False,2021,5.0
NOR,McLaren,59.0,81.788,9.0,694,11.0,SOFT,False,1,,,True,36.1,23.0,58.0,False,2021,9.0
ALO,Alpine,59.0,85.706,10.0,694,38.0,MEDIUM,True,1,,,True,35.8,23.2,57.2,False,2021,10.0
STR,Aston Martin,59.0,85.066,11.0,695,23.0,SOFT,False,1,,,True,35.8,23.2,57.2,False,2021,11.0
RAI,Alfa Romeo Racing,59.0,85.413,12.0,696,22.0,SOFT,True,1,,,True,35.8,23.2,57.2,False,2021,17.0
GAS,AlphaTauri,59.0,85.339,13.0,697,12.0,SOFT,True,1,,,True,35.8,23.2,57.2,False,2021,12.0
RUS,Williams,59.0,88.62,14.0,697,31.0,MEDIUM,True,1,,,True,35.8,23.2,57.2,False,2021,15.0
VET,Aston Martin,59.0,85.309,15.0,698,24.0,SOFT,False,1,,,True,35.8,23.2,57.2,False,2021,13.0
GIO,Alfa Romeo Racing,59.0,83.511,16.0,699,23.0,SOFT,False,1,,,True,35.8,23.2,57.2,False,2021,14.0
LAT,Williams,59.0,84.998,17.0,700,12.0,SOFT,False,1,,,True,35.8,23.2,57.2,False,2021,19.0
MSC,Haas F1 Team,59.0,86.422,18.0,701,9.0,MEDIUM,True,1,,,True,35.8,23.2,57.2,False,2021,18.0
MAZ,Haas F1 Team,59.0,86.61,19.0,701,17.0,MEDIUM,True,1,,,True,35.8,23.2,57.3,False,2021,20.0
HAM,Mercedes,60.0,82.205,1.0,701,24.0,MEDIUM,False,1,,,True,36.1,23.0,58.0,False,2021,1.0
VER,Red Bull Racing,60.0,88.448,2.0,701,36.0,MEDIUM,True,1,0 days 01:58:18.814000,,False,36.1,23.0,58.0,False,2021,2.0
BOT,Mercedes,60.0,83.9,3.0,702,10.0,SOFT,False,1,,,True,35.8,23.2,57.2,False,2021,3.0
LEC,Ferrari,60.0,81.064,4.0,703,5.0,SOFT,False,1,,,True,35.8,23.2,57.2,False,2021,4.0
PER,Red Bull Racing,60.0,79.483,5.0,703,6.0,SOFT,False,1,,,True,35.8,23.2,57.2,False,2021,8.0
RIC,McLaren,60.0,81.853,6.0,703,15.0,SOFT,False,1,,,True,35.8,23.2,57.2,False,2021,7.0
SAI,Ferrari,60.0,82.014,7.0,703,17.0,SOFT,False,1,,,True,35.8,23.2,57.2,False,2021,6.0
OCO,Alpine,60.0,84.941,8.0,703,37.0,MEDIUM,True,1,,,True,35.8,23.2,57.3,False,2021,5.0
NOR,McLaren,60.0,83.14,9.0,704,12.0,SOFT,False,1,,,True,35.8,23.2,57.3,False,2021,9.0
ALO,Alpine,60.0,87.797,10.0,704,39.0,MEDIUM,True,1,,,True,35.8,23.2,57.3,False,2021,10.0
STR,Aston Martin,60.0,87.774,11.0,705,24.0,SOFT,False,1,,,True,35.8,23.2,57.3,False,2021,11.0
GAS,AlphaTauri,60.0,86.694,12.0,706,13.0,SOFT,True,1,,,True,35.8,23.2,57.3,False,2021,12.0
RAI,Alfa Romeo Racing,60.0,87.936,13.0,706,23.0,SOFT,True,1,,,True,35.8,23.2,57.3,False,2021,17.0
VET,Aston Martin,60.0,85.907,14.0,706,25.0,SOFT,False,1,,,True,35.8,23.2,57.3,False,2021,13.0
RUS,Williams,60.0,87.411,15.0,706,32.0,MEDIUM,True,1,,,True,35.8,23.2,57.3,False,2021,15.0
GIO,Alfa Romeo Racing,60.0,83.623,16.0,707,24.0,SOFT,False,1,,,True,35.8,23.2,57.3,False,2021,14.0
LAT,Williams,60.0,83.041,17.0,708,13.0,SOFT,False,1,,,True,35.8,23.1,56.3,False,2021,19.0
MSC,Haas F1 Team,60.0,83.102,18.0,709,10.0,MEDIUM,True,1,,,True,35.8,23.1,56.3,False,2021,18.0
MAZ,Haas F1 Team,60.0,87.116,19.0,709,18.0,MEDIUM,True,1,,,True,35.8,23.1,57.0,False,2021,20.0
HAM,Mercedes,61.0,81.107,1.0,709,25.0,MEDIUM,False,1,,,True,35.8,23.2,57.3,False,2021,1.0
VER,Red Bull Racing,61.0,101.338,2.0,710,1.0,SOFT,True,1,,0 days 01:58:40.405000,False,35.8,23.2,57.3,False,2021,2.0
BOT,Mercedes,61.0,83.695,3.0,710,11.0,SOFT,False,1,,,True,35.8,23.2,57.3,False,2021,3.0
LEC,Ferrari,61.0,81.056,4.0,711,6.0,SOFT,False,1,,,True,35.8,23.2,57.3,False,2021,4.0
PER,Red Bull Racing,61.0,81.668,5.0,711,7.0,SOFT,False,1,,,True,35.8,23.1,56.3,False,2021,8.0
RIC,McLaren,61.0,82.091,6.0,711,16.0,SOFT,False,1,,,True,35.8,23.1,56.3,False,2021,7.0
SAI,Ferrari,61.0,82.12,7.0,711,18.0,SOFT,False,1,,,True,35.8,23.1,56.3,False,2021,6.0
NOR,McLaren,61.0,82.263,8.0,712,13.0,SOFT,False,1,,,True,35.8,23.1,56.3,False,2021,9.0
OCO,Alpine,61.0,86.208,9.0,712,38.0,MEDIUM,True,1,,,True,35.8,23.1,56.3,False,2021,5.0
STR,Aston Martin,61.0,82.67,10.0,713,25.0,SOFT,False,1,,,True,35.8,23.1,57.0,False,2021,11.0
GAS,AlphaTauri,61.0,82.804,11.0,714,14.0,SOFT,True,1,,,True,35.8,23.1,57.0,False,2021,12.0
RAI,Alfa Romeo Racing,61.0,83.668,12.0,714,24.0,SOFT,True,1,,,True,35.8,23.1,57.0,False,2021,17.0
VET,Aston Martin,61.0,86.156,13.0,714,26.0,SOFT,False,1,,,True,35.8,23.1,57.0,False,2021,13.0
RUS,Williams,61.0,86.176,14.0,714,33.0,MEDIUM,True,1,,,True,35.8,23.1,57.0,False,2021,15.0
ALO,Alpine,61.0,91.873,15.0,714,40.0,MEDIUM,True,1,0 days 02:01:41.618000,,False,35.8,23.1,57.0,False,2021,10.0
GIO,Alfa Romeo Racing,61.0,83.555,16.0,715,25.0,SOFT,False,1,,,True,35.8,23.1,57.0,False,2021,14.0
LAT,Williams,61.0,82.988,17.0,716,14.0,SOFT,False,1,,,True,35.8,23.1,57.0,False,2021,19.0
MSC,Haas F1 Team,61.0,83.825,18.0,717,11.0,MEDIUM,True,1,,,True,35.8,23.1,57.0,False,2021,18.0
MAZ,Haas F1 Team,61.0,90.047,19.0,717,19.0,MEDIUM,True,1,,,True,36.1,23.2,57.3,False,2021,20.0
HAM,Mercedes,62.0,81.636,1.0,717,26.0,MEDIUM,False,1,,,True,35.8,23.1,56.3,False,2021,1.0
VER,Red Bull Racing,62.0,78.149,2.0,718,2.0,SOFT,True,1,,,True,35.8,23.1,56.3,False,2021,2.0
BOT,Mercedes,62.0,81.331,3.0,718,12.0,SOFT,False,1,,,True,35.8,23.1,56.3,False,2021,3.0
LEC,Ferrari,62.0,80.931,4.0,719,7.0,SOFT,False,1,,,True,35.8,23.1,57.0,False,2021,4.0
PER,Red Bull Racing,62.0,81.4,5.0,719,8.0,SOFT,False,1,,,True,35.8,23.1,57.0,False,2021,8.0
RIC,McLaren,62.0,82.123,6.0,719,17.0,SOFT,False,1,,,True,35.8,23.1,57.0,False,2021,7.0
SAI,Ferrari,62.0,82.29,7.0,719,19.0,SOFT,False,1,,,True,35.8,23.1,57.0,False,2021,6.0
NOR,McLaren,62.0,83.656,8.0,720,14.0,SOFT,False,1,,,True,36.1,23.2,57.3,False,2021,9.0
OCO,Alpine,62.0,86.775,9.0,720,39.0,MEDIUM,True,1,,,True,36.1,23.2,57.3,False,2021,5.0
GAS,AlphaTauri,62.0,81.892,10.0,721,15.0,SOFT,True,1,,,True,36.1,23.2,57.3,False,2021,12.0
STR,Aston Martin,62.0,84.615,11.0,721,26.0,SOFT,False,1,,,True,36.1,23.2,57.3,False,2021,11.0
RAI,Alfa Romeo Racing,62.0,83.465,12.0,722,25.0,SOFT,True,1,,,True,36.1,23.2,57.3,False,2021,17.0
VET,Aston Martin,62.0,83.465,13.0,722,27.0,SOFT,False,1,,,True,36.1,23.2,57.3,False,2021,13.0
RUS,Williams,62.0,84.867,14.0,722,34.0,MEDIUM,True,1,,,True,36.1,23.2,57.3,False,2021,15.0
GIO,Alfa Romeo Racing,62.0,85.31,15.0,723,26.0,SOFT,False,1,,,True,36.1,23.2,57.3,False,2021,14.0
LAT,Williams,62.0,83.038,16.0,724,15.0,SOFT,False,1,,,True,36.1,23.2,57.3,False,2021,19.0
ALO,Alpine,62.0,106.209,17.0,725,4.0,SOFT,False,1,,0 days 02:02:05.079000,False,36.1,23.2,57.3,False,2021,10.0
MSC,Haas F1 Team,62.0,83.547,18.0,725,12.0,MEDIUM,True,1,,,True,36.1,23.2,56.8,False,2021,18.0
MAZ,Haas F1 Team,62.0,87.399,19.0,725,20.0,MEDIUM,True,1,,,True,36.1,23.2,56.8,False,2021,20.0
HAM,Mercedes,63.0,81.705,1.0,725,27.0,MEDIUM,False,1,,,True,35.8,23.1,57.0,False,2021,1.0
VER,Red Bull Racing,63.0,80.216,2.0,726,3.0,SOFT,True,1,,,True,36.1,23.2,57.3,False,2021,2.0
BOT,Mercedes,63.0,80.619,3.0,726,13.0,SOFT,False,1,,,True,36.1,23.2,57.3,False,2021,3.0
LEC,Ferrari,63.0,81.326,4.0,727,8.0,SOFT,False,1,,,True,36.1,23.2,57.3,False,2021,4.0
PER,Red Bull Racing,63.0,80.955,5.0,727,9.0,SOFT,False,1,,,True,36.1,23.2,57.3,False,2021,8.0
RIC,McLaren,63.0,82.067,6.0,727,18.0,SOFT,False,1,,,True,36.1,23.2,56.8,False,2021,7.0
SAI,Ferrari,63.0,82.037,7.0,727,20.0,SOFT,False,1,,,True,36.1,23.2,56.8,False,2021,6.0
NOR,McLaren,63.0,85.197,8.0,728,15.0,SOFT,False,1,,,True,36.1,23.2,56.8,False,2021,9.0
OCO,Alpine,63.0,85.23,9.0,728,40.0,MEDIUM,True,1,,,True,36.1,23.2,56.8,False,2021,5.0
GAS,AlphaTauri,63.0,81.404,10.0,729,16.0,SOFT,True,1,,,True,36.1,23.2,56.8,False,2021,12.0
STR,Aston Martin,63.0,82.864,11.0,729,27.0,SOFT,False,1,,,True,36.1,23.2,56.8,False,2021,11.0
RAI,Alfa Romeo Racing,63.0,83.102,12.0,730,26.0,SOFT,True,1,,,True,36.1,23.2,56.8,False,2021,17.0
VET,Aston Martin,63.0,83.813,13.0,730,28.0,SOFT,False,1,,,True,36.1,23.2,56.8,False,2021,13.0
RUS,Williams,63.0,85.234,14.0,730,35.0,MEDIUM,True,1,,,True,36.1,23.2,56.8,False,2021,15.0
GIO,Alfa Romeo Racing,63.0,83.949,15.0,731,27.0,SOFT,False,1,,,True,35.9,23.2,56.7,False,2021,14.0
LAT,Williams,63.0,82.96,16.0,732,16.0,SOFT,False,1,,,True,35.9,23.2,56.7,False,2021,19.0
ALO,Alpine,63.0,81.182,17.0,733,5.0,SOFT,False,1,,,True,35.9,23.2,56.7,False,2021,10.0
MSC,Haas F1 Team,63.0,85.695,18.0,733,13.0,MEDIUM,True,1,,,True,35.9,23.2,56.7,False,2021,18.0
MAZ,Haas F1 Team,63.0,84.739,19.0,733,21.0,MEDIUM,True,1,,,True,35.9,23.2,56.2,False,2021,20.0
HAM,Mercedes,64.0,81.708,1.0,733,28.0,MEDIUM,False,1,,,True,36.1,23.2,56.8,False,2021,1.0
VER,Red Bull Racing,64.0,79.619,2.0,734,4.0,SOFT,True,1,,,True,36.1,23.2,56.8,False,2021,2.0
BOT,Mercedes,64.0,80.632,3.0,734,14.0,SOFT,False,1,,,True,36.1,23.2,56.8,False,2021,3.0
LEC,Ferrari,64.0,80.459,4.0,735,9.0,SOFT,False,1,,,True,35.9,23.2,56.7,False,2021,4.0
PER,Red Bull Racing,64.0,81.703,5.0,735,10.0,SOFT,False,1,,,True,35.9,23.2,56.7,False,2021,8.0
RIC,McLaren,64.0,82.489,6.0,735,19.0,SOFT,False,1,,,True,35.9,23.2,56.7,False,2021,7.0
SAI,Ferrari,64.0,82.454,7.0,735,21.0,SOFT,False,1,,,True,35.9,23.2,56.7,False,2021,6.0
NOR,McLaren,64.0,82.989,8.0,736,16.0,SOFT,False,1,,,True,35.9,23.2,56.7,False,2021,9.0
OCO,Alpine,64.0,86.766,9.0,736,41.0,MEDIUM,True,1,,,True,35.9,23.2,56.2,False,2021,5.0
GAS,AlphaTauri,64.0,81.375,10.0,737,17.0,SOFT,True,1,,,True,35.9,23.2,56.2,False,2021,12.0
STR,Aston Martin,64.0,83.177,11.0,737,28.0,SOFT,False,1,,,True,35.9,23.2,56.2,False,2021,11.0
RAI,Alfa Romeo Racing,64.0,83.057,12.0,738,27.0,SOFT,True,1,,,True,35.9,23.2,56.2,False,2021,17.0
VET,Aston Martin,64.0,83.51,13.0,738,29.0,SOFT,False,1,,,True,35.9,23.2,56.2,False,2021,13.0
RUS,Williams,64.0,86.77,14.0,738,36.0,MEDIUM,True,1,,,True,35.9,23.2,56.2,False,2021,15.0
GIO,Alfa Romeo Racing,64.0,83.445,15.0,739,28.0,SOFT,False,1,,,True,35.9,23.2,56.2,False,2021,14.0
LAT,Williams,64.0,82.942,16.0,740,17.0,SOFT,False,1,,,True,35.9,23.2,56.2,False,2021,19.0
ALO,Alpine,64.0,83.452,17.0,741,6.0,SOFT,False,1,,,True,35.9,23.2,56.2,False,2021,10.0
MSC,Haas F1 Team,64.0,83.585,18.0,741,14.0,MEDIUM,True,1,,,True,35.9,23.2,56.2,False,2021,18.0
MAZ,Haas F1 Team,64.0,84.471,19.0,741,22.0,MEDIUM,True,1,,,True,35.6,23.3,56.6,False,2021,20.0
HAM,Mercedes,65.0,81.985,1.0,741,29.0,MEDIUM,False,1,,,True,35.9,23.2,56.7,False,2021,1.0
VER,Red Bull Racing,65.0,80.146,2.0,742,5.0,SOFT,True,1,,,True,35.9,23.2,56.7,False,2021,2.0
BOT,Mercedes,65.0,79.43,3.0,742,15.0,SOFT,False,1,,,True,35.9,23.2,56.7,False,2021,3.0
LEC,Ferrari,65.0,82.501,4.0,743,10.0,SOFT,False,1,,,True,35.9,23.2,56.2,False,2021,4.0
PER,Red Bull Racing,65.0,81.408,5.0,743,11.0,SOFT,False,1,,,True,35.9,23.2,56.2,False,2021,8.0
RIC,McLaren,65.0,82.298,6.0,743,20.0,SOFT,False,1,,,True,35.9,23.2,56.2,False,2021,7.0
SAI,Ferrari,65.0,82.259,7.0,743,22.0,SOFT,False,1,,,True,35.9,23.2,56.2,False,2021,6.0
NOR,McLaren,65.0,83.099,8.0,744,17.0,SOFT,False,1,,,True,35.6,23.3,56.6,False,2021,9.0
OCO,Alpine,65.0,86.593,9.0,744,42.0,MEDIUM,True,1,,,True,35.6,23.3,56.6,False,2021,5.0
GAS,AlphaTauri,65.0,83.746,10.0,745,18.0,SOFT,True,1,,,True,35.6,23.3,56.6,False,2021,12.0
STR,Aston Martin,65.0,83.643,11.0,745,29.0,SOFT,False,1,,,True,35.6,23.3,56.6,False,2021,11.0
RAI,Alfa Romeo Racing,65.0,83.61,12.0,746,28.0,SOFT,True,1,,,True,35.6,23.3,56.6,False,2021,17.0
VET,Aston Martin,65.0,83.519,13.0,746,30.0,SOFT,False,1,,,True,35.6,23.3,56.6,False,2021,13.0
RUS,Williams,65.0,85.794,14.0,746,37.0,MEDIUM,True,1,,,True,35.6,23.3,56.6,False,2021,15.0
GIO,Alfa Romeo Racing,65.0,83.896,15.0,747,29.0,SOFT,False,1,,,True,35.6,23.3,56.6,False,2021,14.0
LAT,Williams,65.0,88.857,16.0,748,18.0,SOFT,False,1,,,True,35.4,23.3,56.2,False,2021,19.0
ALO,Alpine,65.0,81.355,17.0,749,7.0,SOFT,False,1,,,True,35.4,23.3,56.2,False,2021,10.0
HAM,Mercedes,66.0,82.044,1.0,749,30.0,MEDIUM,False,1,,,True,35.9,23.2,56.2,False,2021,1.0
VER,Red Bull Racing,66.0,80.875,2.0,750,6.0,SOFT,True,1,,,True,35.6,23.3,56.6,False,2021,2.0
BOT,Mercedes,66.0,81.252,3.0,750,16.0,SOFT,False,1,,,True,35.6,23.3,56.6,False,2021,3.0
LEC,Ferrari,66.0,83.696,4.0,751,11.0,SOFT,False,1,,,True,35.6,23.3,56.6,False,2021,4.0
PER,Red Bull Racing,66.0,80.971,5.0,751,12.0,SOFT,False,1,,,True,35.6,23.3,56.6,False,2021,8.0
RIC,McLaren,66.0,82.438,6.0,751,21.0,SOFT,False,1,,,True,35.4,23.3,56.2,False,2021,7.0
SAI,Ferrari,66.0,82.347,7.0,751,23.0,SOFT,False,1,,,True,35.4,23.3,56.2,False,2021,6.0
LEC,Ferrari,1.0,88.746,1.0,1,1.0,SOFT,True,12,,,False,49.3,36.6,6.0,False,2022,1.0
VER,Red Bull Racing,1.0,89.739,2.0,1,4.0,SOFT,False,12,,,False,49.3,36.6,6.0,False,2022,2.0
RUS,Mercedes,1.0,90.987,3.0,2,4.0,SOFT,False,12,,,False,49.3,36.6,6.0,False,2022,4.0
PER,Red Bull Racing,1.0,92.215,4.0,3,4.0,SOFT,False,12,,,False,49.3,36.6,6.0,False,2022,5.0
SAI,Ferrari,1.0,92.878,5.0,4,4.0,SOFT,False,12,,,False,49.3,36.6,6.0,False,2022,3.0
MSC,Haas F1 Team,1.0,94.018,6.0,5,3.0,SOFT,False,12,,,False,49.3,36.6,6.0,False,2022,10.0
BOT,Alfa Romeo,1.0,94.684,7.0,5,4.0,SOFT,False,12,,,False,49.3,36.6,6.0,False,2022,7.0
RIC,McLaren,1.0,95.429,8.0,6,4.0,SOFT,False,12,,,False,49.3,36.6,6.0,False,2022,9.0
OCO,Alpine,1.0,95.905,9.0,7,1.0,SOFT,True,12,,,False,49.3,36.6,6.0,False,2022,12.0
NOR,McLaren,1.0,96.471,10.0,8,1.0,SOFT,True,12,,,False,49.3,36.6,6.0,False,2022,11.0
TSU,AlphaTauri,1.0,97.032,11.0,9,1.0,SOFT,True,12,,,False,49.3,36.6,6.0,False,2022,13.0
GAS,AlphaTauri,1.0,97.54,12.0,10,1.0,SOFT,True,12,,,False,49.3,36.6,6.0,False,2022,14.0
VET,Aston Martin,1.0,97.914,13.0,10,4.0,SOFT,False,12,,,False,49.3,36.6,6.0,False,2022,16.0
STR,Aston Martin,1.0,98.434,14.0,11,4.0,SOFT,False,12,,,False,49.3,36.6,6.0,False,2022,17.0
ALO,Alpine,1.0,99.123,15.0,12,1.0,SOFT,True,12,,,False,49.3,36.6,6.0,False,2022,20.0
ALB,Williams,1.0,99.503,16.0,13,1.0,SOFT,True,12,,,False,49.3,36.6,6.0,False,2022,18.0
ZHO,Alfa Romeo,1.0,99.84,17.0,14,1.0,SOFT,True,12,,,False,49.3,36.6,6.0,False,2022,15.0
LAT,Williams,1.0,100.512,18.0,15,1.0,SOFT,True,12,,,False,49.3,36.6,6.0,False,2022,19.0
HAM,Mercedes,1.0,115.147,19.0,16,1.0,MEDIUM,True,12,0 days 01:04:05.538000,,False,49.3,36.6,6.0,False,2022,6.0
MAG,Haas F1 Team,1.0,135.888,20.0,16,3.0,SOFT,False,12,0 days 01:04:26.287000,,False,49.4,36.7,7.0,False,2022,8.0
LEC,Ferrari,2.0,87.627,1.0,17,2.0,SOFT,True,1,,,True,49.4,36.7,7.0,False,2022,1.0
VER,Red Bull Racing,2.0,87.509,2.0,17,5.0,SOFT,False,1,,,True,49.4,36.7,7.0,False,2022,2.0
RUS,Mercedes,2.0,87.831,3.0,18,5.0,SOFT,False,1,,,True,49.4,36.7,7.0,False,2022,4.0
PER,Red Bull Racing,2.0,87.791,4.0,19,5.0,SOFT,False,1,,,True,49.4,36.7,7.0,False,2022,5.0
SAI,Ferrari,2.0,88.431,5.0,20,5.0,SOFT,False,1,,,True,49.4,36.7,7.0,False,2022,3.0
MSC,Haas F1 Team,2.0,89.013,6.0,21,4.0,SOFT,False,1,,,True,49.4,36.7,7.0,False,2022,10.0
BOT,Alfa Romeo,2.0,89.46,7.0,21,5.0,SOFT,False,1,,,True,49.4,36.7,7.0,False,2022,7.0
RIC,McLaren,2.0,89.663,8.0,22,5.0,SOFT,False,1,,,True,49.4,36.7,7.0,False,2022,9.0
OCO,Alpine,2.0,89.962,9.0,23,2.0,SOFT,True,1,,,True,49.4,36.7,7.0,False,2022,12.0
NOR,McLaren,2.0,90.317,10.0,24,2.0,SOFT,True,1,,,True,49.4,36.7,7.0,False,2022,11.0
TSU,AlphaTauri,2.0,90.603,11.0,25,2.0,SOFT,True,1,,,True,49.4,36.7,7.0,False,2022,13.0
GAS,AlphaTauri,2.0,90.898,12.0,26,2.0,SOFT,True,1,,,True,49.4,36.7,7.0,False,2022,14.0
VET,Aston Martin,2.0,90.959,13.0,26,5.0,SOFT,False,1,,,True,49.4,36.7,7.0,False,2022,16.0
STR,Aston Martin,2.0,91.063,14.0,27,5.0,SOFT,False,1,,,True,49.4,36.7,7.0,False,2022,17.0
ALO,Alpine,2.0,90.932,15.0,28,2.0,SOFT,True,1,,,True,49.4,36.7,7.0,False,2022,20.0
ALB,Williams,2.0,91.252,16.0,29,2.0,SOFT,True,1,,,True,49.4,36.7,7.0,False,2022,18.0
ZHO,Alfa Romeo,2.0,91.212,17.0,30,2.0,SOFT,True,1,,,True,49.4,36.7,7.0,False,2022,15.0
LAT,Williams,2.0,91.197,18.0,31,2.0,SOFT,True,1,,,True,49.4,36.7,7.0,False,2022,19.0
HAM,Mercedes,2.0,115.134,19.0,31,3.0,SOFT,False,1,,0 days 01:04:36.616000,False,49.4,36.7,7.0,False,2022,6.0
MAG,Haas F1 Team,2.0,113.833,20.0,32,1.0,MEDIUM,True,1,,0 days 01:04:55.906000,False,49.4,36.9,6.0,False,2022,8.0
LEC,Ferrari,3.0,87.198,1.0,32,3.0,SOFT,True,1,,,True,49.4,36.9,6.0,False,2022,1.0
VER,Red Bull Racing,3.0,87.574,2.0,32,6.0,SOFT,False,1,,,True,49.4,36.9,6.0,False,2022,2.0
RUS,Mercedes,3.0,87.9,3.0,33,6.0,SOFT,False,1,,,True,49.4,36.9,6.0,False,2022,4.0
PER,Red Bull Racing,3.0,87.942,4.0,34,6.0,SOFT,False,1,,,True,49.4,36.9,6.0,False,2022,5.0
SAI,Ferrari,3.0,88.145,5.0,35,6.0,SOFT,False,1,,,True,49.4,36.9,6.0,False,2022,3.0
MSC,Haas F1 Team,3.0,89.329,6.0,36,5.0,SOFT,False,1,,,True,49.4,36.9,6.0,False,2022,10.0
BOT,Alfa Romeo,3.0,88.709,7.0,36,6.0,SOFT,False,1,,,True,49.4,36.9,6.0,False,2022,7.0
RIC,McLaren,3.0,89.28,8.0,37,6.0,SOFT,False,1,,,True,49.4,36.9,6.0,False,2022,9.0
OCO,Alpine,3.0,89.434,9.0,38,3.0,SOFT,True,1,,,True,49.4,36.9,6.0,False,2022,12.0
NOR,McLaren,3.0,89.87,10.0,39,3.0,SOFT,True,1,,,True,49.4,36.9,6.0,False,2022,11.0
TSU,AlphaTauri,3.0,89.864,11.0,40,3.0,SOFT,True,1,,,True,49.4,36.9,6.0,False,2022,13.0
GAS,AlphaTauri,3.0,89.831,12.0,41,3.0,SOFT,True,1,,,True,49.4,36.9,6.0,False,2022,14.0
VET,Aston Martin,3.0,90.09,13.0,41,6.0,SOFT,False,1,,,True,49.4,36.9,6.0,False,2022,16.0
STR,Aston Martin,3.0,90.49,14.0,42,6.0,SOFT,False,1,,,True,49.4,36.9,6.0,False,2022,17.0
ALO,Alpine,3.0,90.573,15.0,43,3.0,SOFT,True,1,,,True,49.4,36.9,6.0,False,2022,20.0
ZHO,Alfa Romeo,3.0,90.169,16.0,44,3.0,SOFT,True,1,,,True,49.4,36.9,6.0,False,2022,15.0
ALB,Williams,3.0,91.561,17.0,45,3.0,SOFT,True,1,,,True,49.4,36.9,6.0,False,2022,18.0
LAT,Williams,3.0,91.102,18.0,46,3.0,SOFT,True,1,,,True,49.4,36.9,6.0,False,2022,19.0
HAM,Mercedes,3.0,87.495,19.0,46,4.0,SOFT,False,1,,,True,49.4,36.9,6.0,False,2022,6.0
MAG,Haas F1 Team,3.0,87.537,20.0,47,2.0,MEDIUM,True,1,,,True,49.4,36.9,6.0,False,2022,8.0
LEC,Ferrari,4.0,87.671,1.0,47,4.0,SOFT,True,1,,,True,49.4,36.9,6.0,False,2022,1.0
VER,Red Bull Racing,4.0,87.601,2.0,47,7.0,SOFT,False,1,,,True,49.4,36.9,6.0,False,2022,2.0
RUS,Mercedes,4.0,88.177,3.0,48,7.0,SOFT,False,1,,,True,49.4,36.9,6.0,False,2022,4.0
PER,Red Bull Racing,4.0,88.119,4.0,49,7.0,SOFT,False,1,,,True,49.4,36.9,6.0,False,2022,5.0
SAI,Ferrari,4.0,88.127,5.0,50,7.0,SOFT,False,1,,,True,49.4,36.9,6.0,False,2022,3.0
BOT,Alfa Romeo,4.0,88.499,6.0,51,7.0,SOFT,False,1,,,True,49.5,37.0,6.0,False,2022,7.0
MSC,Haas F1 Team,4.0,90.6,7.0,52,6.0,SOFT,False,1,,,True,49.5,37.0,6.0,False,2022,10.0
RIC,McLaren,4.0,89.651,8.0,52,7.0,SOFT,False,1,,,True,49.5,37.0,6.0,False,2022,9.0
OCO,Alpine,4.0,89.087,9.0,53,4.0,SOFT,True,1,,,True,49.5,37.0,6.0,False,2022,12.0
NOR,McLaren,4.0,89.647,10.0,54,4.0,SOFT,True,1,,,True,49.5,37.0,6.0,False,2022,11.0
TSU,AlphaTauri,4.0,89.457,11.0,55,4.0,SOFT,True,1,,,True,49.5,37.0,6.0,False,2022,13.0
GAS,AlphaTauri,4.0,89.589,12.0,56,4.0,SOFT,True,1,,,True,49.5,37.0,6.0,False,2022,14.0
VET,Aston Martin,4.0,89.876,13.0,56,7.0,SOFT,False,1,,,True,49.5,37.0,6.0,False,2022,16.0
STR,Aston Martin,4.0,89.978,14.0,57,7.0,SOFT,False,1,,,True,49.5,37.0,6.0,False,2022,17.0
ALO,Alpine,4.0,89.627,15.0,58,4.0,SOFT,True,1,,,True,49.5,37.0,6.0,False,2022,20.0
ZHO,Alfa Romeo,4.0,89.824,16.0,59,4.0,SOFT,True,1,,,True,49.5,37.0,6.0,False,2022,15.0
ALB,Williams,4.0,90.224,17.0,60,4.0,SOFT,True,1,,,True,49.5,37.0,6.0,False,2022,18.0
LAT,Williams,4.0,90.425,18.0,61,4.0,SOFT,True,1,,,True,49.5,37.0,6.0,False,2022,19.0
HAM,Mercedes,4.0,88.327,19.0,61,5.0,SOFT,False,1,,,True,49.5,37.0,6.0,False,2022,6.0
MAG,Haas F1 Team,4.0,87.693,20.0,62,3.0,MEDIUM,True,1,,,True,49.3,37.0,6.0,False,2022,8.0
LEC,Ferrari,5.0,87.891,1.0,62,5.0,SOFT,True,1,,,True,49.3,37.0,6.0,False,2022,1.0
VER,Red Bull Racing,5.0,87.937,2.0,62,8.0,SOFT,False,1,,,True,49.3,37.0,6.0,False,2022,2.0
RUS,Mercedes,5.0,88.503,3.0,63,8.0,SOFT,False,1,,,True,49.3,37.0,6.0,False,2022,4.0
PER,Red Bull Racing,5.0,88.534,4.0,64,8.0,SOFT,False,1,,,True,49.3,37.0,6.0,False,2022,5.0
SAI,Ferrari,5.0,88.385,5.0,65,8.0,SOFT,False,1,,,True,49.3,37.0,6.0,False,2022,3.0
BOT,Alfa Romeo,5.0,88.999,6.0,66,8.0,SOFT,False,1,,,True,49.3,37.0,6.0,False,2022,7.0
MSC,Haas F1 Team,5.0,90.017,7.0,67,7.0,SOFT,False,1,,,True,49.3,37.0,6.0,False,2022,10.0
OCO,Alpine,5.0,88.992,8.0,68,5.0,SOFT,True,1,,,True,49.3,37.0,6.0,False,2022,12.0
RIC,McLaren,5.0,90.979,9.0,68,8.0,SOFT,False,1,,,True,49.3,37.0,6.0,False,2022,9.0
NOR,McLaren,5.0,89.915,10.0,69,5.0,SOFT,True,1,,,True,49.3,37.0,6.0,False,2022,11.0
TSU,AlphaTauri,5.0,90.038,11.0,70,5.0,SOFT,True,1,,,True,49.3,37.0,6.0,False,2022,13.0
GAS,AlphaTauri,5.0,89.981,12.0,71,5.0,SOFT,True,1,,,True,49.3,37.0,6.0,False,2022,14.0
VET,Aston Martin,5.0,90.074,13.0,71,8.0,SOFT,False,1,,,True,49.3,37.0,6.0,False,2022,16.0
ALO,Alpine,5.0,89.174,14.0,72,5.0,SOFT,True,1,,,True,49.3,37.0,6.0,False,2022,20.0
STR,Aston Martin,5.0,91.223,15.0,72,8.0,SOFT,False,1,,,True,49.3,37.0,6.0,False,2022,17.0
ZHO,Alfa Romeo,5.0,90.451,16.0,73,5.0,SOFT,True,1,,,True,49.3,37.0,6.0,False,2022,15.0
ALB,Williams,5.0,90.495,17.0,74,5.0,SOFT,True,1,,,True,49.3,37.0,6.0,False,2022,18.0
LAT,Williams,5.0,90.854,18.0,75,5.0,SOFT,True,1,,,True,49.3,37.0,6.0,False,2022,19.0
HAM,Mercedes,5.0,89.321,19.0,75,6.0,SOFT,False,1,,,True,49.3,37.0,6.0,False,2022,6.0
MAG,Haas F1 Team,5.0,88.24,20.0,76,4.0,MEDIUM,True,1,,,True,49.3,37.0,6.0,False,2022,8.0
LEC,Ferrari,6.0,87.427,1.0,76,6.0,SOFT,True,1,,,True,49.3,37.0,6.0,False,2022,1.0
VER,Red Bull Racing,6.0,87.761,2.0,76,9.0,SOFT,False,1,,,True,49.3,37.0,6.0,False,2022,2.0
RUS,Mercedes,6.0,88.655,3.0,77,9.0,SOFT,False,1,,,True,49.3,37.0,6.0,False,2022,4.0
PER,Red Bull Racing,6.0,88.708,4.0,78,9.0,SOFT,False,1,,,True,49.3,37.0,6.0,False,2022,5.0
SAI,Ferrari,6.0,88.613,5.0,79,9.0,SOFT,False,1,,,True,49.3,37.0,6.0,False,2022,3.0
BOT,Alfa Romeo,6.0,88.984,6.0,80,9.0,SOFT,False,1,,,True,49.3,37.0,6.0,False,2022,7.0
OCO,Alpine,6.0,88.76,7.0,81,6.0,SOFT,True,1,,,True,49.5,36.9,6.0,False,2022,12.0
MSC,Haas F1 Team,6.0,90.939,8.0,81,8.0,SOFT,False,1,,,True,49.5,36.9,6.0,False,2022,10.0
RIC,McLaren,6.0,89.981,9.0,81,9.0,SOFT,False,1,,,True,49.5,36.9,6.0,False,2022,9.0
NOR,McLaren,6.0,89.796,10.0,82,6.0,SOFT,True,1,,,True,49.5,36.9,6.0,False,2022,11.0
TSU,AlphaTauri,6.0,90.018,11.0,83,6.0,SOFT,True,1,,,True,49.5,36.9,6.0,False,2022,13.0
GAS,AlphaTauri,6.0,89.945,12.0,84,6.0,SOFT,True,1,,,True,49.5,36.9,6.0,False,2022,14.0
VET,Aston Martin,6.0,90.45,13.0,84,9.0,SOFT,False,1,,,True,49.5,36.9,6.0,False,2022,16.0
ALO,Alpine,6.0,90.389,14.0,85,6.0,SOFT,True,1,,,True,49.5,36.9,6.0,False,2022,20.0
ZHO,Alfa Romeo,6.0,90.711,15.0,86,6.0,SOFT,True,1,,,True,49.5,36.9,6.0,False,2022,15.0
STR,Aston Martin,6.0,91.457,16.0,86,9.0,SOFT,False,1,,,True,49.5,36.9,6.0,False,2022,17.0
ALB,Williams,6.0,91.25,17.0,87,6.0,SOFT,True,1,,,True,49.5,36.9,6.0,False,2022,18.0
LAT,Williams,6.0,91.335,18.0,88,6.0,SOFT,True,1,,,True,49.5,36.9,6.0,False,2022,19.0
HAM,Mercedes,6.0,88.986,19.0,88,7.0,SOFT,False,12,,,True,49.5,36.9,6.0,False,2022,6.0
MAG,Haas F1 Team,6.0,88.784,20.0,89,5.0,MEDIUM,True,12,,,True,49.5,36.8,6.0,False,2022,8.0
LEC,Ferrari,7.0,87.897,1.0,89,7.0,SOFT,True,12,,,True,49.5,36.8,6.0,False,2022,1.0
VER,Red Bull Racing,7.0,88.07,2.0,89,10.0,SOFT,False,12,,,True,49.5,36.8,6.0,False,2022,2.0
RUS,Mercedes,7.0,88.74,3.0,90,10.0,SOFT,False,12,,,True,49.5,36.8,6.0,False,2022,4.0
PER,Red Bull Racing,7.0,88.456,4.0,91,10.0,SOFT,False,12,,,True,49.5,36.8,6.0,False,2022,5.0
BOT,Alfa Romeo,7.0,89.508,5.0,92,10.0,SOFT,False,12,,,True,49.5,36.8,6.0,False,2022,7.0
OCO,Alpine,7.0,89.725,6.0,93,7.0,SOFT,True,12,,,True,49.5,36.8,6.0,False,2022,12.0
MSC,Haas F1 Team,7.0,90.338,7.0,93,9.0,SOFT,False,12,,,True,49.5,36.8,6.0,False,2022,10.0
RIC,McLaren,7.0,90.399,8.0,93,10.0,SOFT,False,12,,,True,49.5,36.8,6.0,False,2022,9.0
NOR,McLaren,7.0,90.165,9.0,94,7.0,SOFT,True,12,,,True,49.5,36.8,6.0,False,2022,11.0
TSU,AlphaTauri,7.0,90.32,10.0,95,7.0,SOFT,True,12,,,True,49.5,36.8,6.0,False,2022,13.0
SAI,Ferrari,7.0,103.795,11.0,95,10.0,SOFT,False,12,,,True,49.5,36.8,6.0,False,2022,3.0
GAS,AlphaTauri,7.0,91.338,12.0,96,7.0,SOFT,True,12,,,True,49.5,36.8,6.0,False,2022,14.0
ALO,Alpine,7.0,89.656,13.0,97,7.0,SOFT,True,12,,,True,49.5,36.8,6.0,False,2022,20.0
VET,Aston Martin,7.0,91.635,14.0,97,10.0,SOFT,False,12,,,True,49.5,36.8,6.0,False,2022,16.0
ZHO,Alfa Romeo,7.0,90.865,15.0,98,7.0,SOFT,True,12,,,True,49.5,36.8,6.0,False,2022,15.0
STR,Aston Martin,7.0,91.49,16.0,98,10.0,SOFT,False,12,,,True,49.5,36.8,6.0,False,2022,17.0
ALB,Williams,7.0,91.389,17.0,99,7.0,SOFT,True,12,,,True,49.5,36.8,6.0,False,2022,18.0
LAT,Williams,7.0,91.34,18.0,100,7.0,SOFT,True,12,,,True,49.5,36.8,6.0,False,2022,19.0
HAM,Mercedes,7.0,89.147,19.0,100,8.0,SOFT,False,1,,,True,49.5,37.0,6.0,False,2022,6.0
MAG,Haas F1 Team,7.0,89.243,20.0,101,6.0,MEDIUM,True,1,,,True,49.5,37.0,6.0,False,2022,8.0
LEC,Ferrari,8.0,87.782,1.0,101,8.0,SOFT,True,1,,,True,49.5,37.0,6.0,False,2022,1.0
VER,Red Bull Racing,8.0,88.115,2.0,101,11.0,SOFT,False,1,,,True,49.5,37.0,6.0,False,2022,2.0
RUS,Mercedes,8.0,88.892,3.0,102,11.0,SOFT,False,1,,,True,49.5,37.0,6.0,False,2022,4.0
PER,Red Bull Racing,8.0,88.703,4.0,103,11.0,SOFT,False,1,,,True,49.5,37.0,6.0,False,2022,5.0
BOT,Alfa Romeo,8.0,89.083,5.0,104,11.0,SOFT,False,1,,,True,49.5,37.0,6.0,False,2022,7.0
OCO,Alpine,8.0,89.294,6.0,105,8.0,SOFT,True,1,,,True,49.5,37.0,6.0,False,2022,12.0
MSC,Haas F1 Team,8.0,90.32,7.0,105,10.0,SOFT,False,1,,,True,49.5,37.0,6.0,False,2022,10.0
RIC,McLaren,8.0,90.159,8.0,105,11.0,SOFT,False,1,,,True,49.5,37.0,6.0,False,2022,9.0
NOR,McLaren,8.0,89.859,9.0,106,8.0,SOFT,True,1,,,True,49.5,37.0,6.0,False,2022,11.0
TSU,AlphaTauri,8.0,90.237,10.0,107,8.0,SOFT,True,1,,,True,49.5,37.0,6.0,False,2022,13.0
SAI,Ferrari,8.0,90.09,11.0,107,11.0,SOFT,False,1,,,True,49.5,37.0,6.0,False,2022,3.0
GAS,AlphaTauri,8.0,90.773,12.0,108,8.0,SOFT,True,1,,,True,49.5,37.0,6.0,False,2022,14.0
ALO,Alpine,8.0,90.653,13.0,109,8.0,SOFT,True,1,,,True,49.5,37.0,6.0,False,2022,20.0
VET,Aston Martin,8.0,90.72,14.0,109,11.0,SOFT,False,1,,,True,49.5,37.0,6.0,False,2022,16.0
ZHO,Alfa Romeo,8.0,90.614,15.0,110,8.0,SOFT,True,12,,,True,49.5,37.0,6.0,False,2022,15.0
STR,Aston Martin,8.0,90.867,16.0,110,11.0,SOFT,False,12,,,True,49.5,37.0,6.0,False,2022,17.0
ALB,Williams,8.0,91.244,17.0,111,8.0,SOFT,True,12,,,True,49.5,37.0,6.0,False,2022,18.0
LAT,Williams,8.0,91.341,18.0,112,8.0,SOFT,True,12,,,True,49.5,37.0,6.0,False,2022,19.0
HAM,Mercedes,8.0,89.086,19.0,112,9.0,SOFT,False,12,,,True,49.5,37.0,6.0,False,2022,6.0
MAG,Haas F1 Team,8.0,89.59,20.0,113,7.0,MEDIUM,True,12,,,True,49.3,36.9,6.0,False,2022,8.0
LEC,Ferrari,9.0,88.364,1.0,113,9.0,SOFT,True,12,,,True,49.3,36.9,6.0,False,2022,1.0
RUS,Mercedes,9.0,89.504,2.0,113,12.0,SOFT,False,12,,,True,49.3,36.9,6.0,False,2022,4.0
PER,Red Bull Racing,9.0,89.475,3.0,114,12.0,SOFT,False,12,,,True,49.3,36.9,6.0,False,2022,5.0
VER,Red Bull Racing,9.0,96.463,4.0,115,12.0,SOFT,False,12,,,True,49.3,36.9,6.0,False,2022,2.0
BOT,Alfa Romeo,9.0,89.517,5.0,116,12.0,SOFT,False,12,,,True,49.3,36.9,6.0,False,2022,7.0
OCO,Alpine,9.0,89.822,6.0,117,9.0,SOFT,True,12,,,True,49.3,36.9,6.0,False,2022,12.0
MSC,Haas F1 Team,9.0,90.732,7.0,117,11.0,SOFT,False,12,,,True,49.3,36.9,6.0,False,2022,10.0
NOR,McLaren,9.0,89.795,8.0,118,9.0,SOFT,True,12,,,True,49.3,36.9,6.0,False,2022,11.0
RIC,McLaren,9.0,91.767,9.0,118,12.0,SOFT,False,12,,,True,49.3,36.9,6.0,False,2022,9.0
TSU,AlphaTauri,9.0,90.644,10.0,119,9.0,SOFT,True,12,,,True,49.3,36.9,6.0,False,2022,13.0
SAI,Ferrari,9.0,90.381,11.0,119,12.0,SOFT,False,12,,,True,49.3,36.9,6.0,False,2022,3.0
ALO,Alpine,9.0,89.669,12.0,120,9.0,SOFT,True,12,,,True,49.3,36.9,6.0,False,2022,20.0
GAS,AlphaTauri,9.0,91.738,13.0,121,9.0,SOFT,True,12,,,True,49.3,36.9,6.0,False,2022,14.0
VET,Aston Martin,9.0,91.1,14.0,121,12.0,SOFT,False,12,,,True,49.3,36.9,6.0,False,2022,16.0
ZHO,Alfa Romeo,9.0,90.975,15.0,122,9.0,SOFT,True,21,,,True,49.3,36.9,6.0,False,2022,15.0
STR,Aston Martin,9.0,91.22,16.0,122,12.0,SOFT,False,21,,,True,49.3,36.9,6.0,False,2022,17.0
ALB,Williams,9.0,91.741,17.0,123,9.0,SOFT,True,21,,,True,49.3,36.9,6.0,False,2022,18.0
LAT,Williams,9.0,91.727,18.0,124,9.0,SOFT,True,21,,,True,49.3,36.9,6.0,False,2022,19.0
HAM,Mercedes,9.0,88.606,19.0,124,10.0,SOFT,False,1,,,True,49.6,37.0,6.0,False,2022,6.0
MAG,Haas F1 Team,9.0,90.216,20.0,125,8.0,MEDIUM,True,1,,,True,49.6,37.0,6.0,False,2022,8.0
LEC,Ferrari,10.0,88.721,1.0,125,10.0,SOFT,True,1,,,True,49.6,37.0,6.0,False,2022,1.0
RUS,Mercedes,10.0,89.42,2.0,125,13.0,SOFT,False,1,,,True,49.6,37.0,6.0,False,2022,4.0
PER,Red Bull Racing,10.0,89.546,3.0,126,13.0,SOFT,False,1,,,True,49.6,37.0,6.0,False,2022,5.0
VER,Red Bull Racing,10.0,89.262,4.0,127,13.0,SOFT,False,1,,,True,49.6,37.0,6.0,False,2022,2.0
BOT,Alfa Romeo,10.0,89.63,5.0,128,13.0,SOFT,False,1,,,True,49.6,37.0,6.0,False,2022,7.0
OCO,Alpine,10.0,89.671,6.0,129,10.0,SOFT,True,1,,,True,49.7,37.0,6.0,False,2022,12.0
NOR,McLaren,10.0,89.857,7.0,130,10.0,SOFT,True,1,,,True,49.7,37.0,6.0,False,2022,11.0
MSC,Haas F1 Team,10.0,92.107,8.0,130,12.0,SOFT,False,1,,,True,49.7,37.0,6.0,False,2022,10.0
RIC,McLaren,10.0,91.519,9.0,130,13.0,SOFT,False,1,,,True,49.7,37.0,6.0,False,2022,9.0
TSU,AlphaTauri,10.0,90.872,10.0,131,10.0,SOFT,True,1,,,True,49.7,37.0,6.0,False,2022,13.0
SAI,Ferrari,10.0,94.685,11.0,131,13.0,SOFT,False,1,0 days 01:17:24.007000,,False,49.7,37.0,6.0,False,2022,3.0
VET,Aston Martin,10.0,91.398,12.0,132,13.0,SOFT,False,1,,,True,49.7,37.0,6.0,False,2022,16.0
ALO,Alpine,10.0,94.566,13.0,133,10.0,SOFT,True,1,0 days 01:17:24.820000,,False,49.7,37.0,6.0,False,2022,20.0
GAS,AlphaTauri,10.0,95.542,14.0,134,10.0,SOFT,True,1,0 days 01:17:27.680000,,False,49.7,37.0,6.0,False,2022,14.0
STR,Aston Martin,10.0,91.32,15.0,134,13.0,SOFT,False,1,,,True,49.7,37.0,6.0,False,2022,17.0
ZHO,Alfa Romeo,10.0,94.924,16.0,135,10.0,SOFT,True,1,0 days 01:17:30.004000,,False,49.7,37.0,6.0,False,2022,15.0
ALB,Williams,10.0,91.667,17.0,136,10.0,SOFT,True,1,,,True,49.7,37.0,6.0,False,2022,18.0
LAT,Williams,10.0,91.817,18.0,137,10.0,SOFT,True,1,,,True,49.7,37.0,6.0,False,2022,19.0
HAM,Mercedes,10.0,88.558,19.0,137,11.0,SOFT,False,1,,,True,49.7,37.0,6.0,False,2022,6.0
MAG,Haas F1 Team,10.0,89.636,20.0,138,9.0,MEDIUM,True,1,,,True,49.7,36.9,6.0,False,2022,8.0
LEC,Ferrari,11.0,88.976,1.0,138,11.0,SOFT,True,1,,,True,49.7,36.9,6.0,False,2022,1.0
RUS,Mercedes,11.0,89.528,2.0,138,14.0,SOFT,False,1,,,True,49.7,36.9,6.0,False,2022,4.0
VER,Red Bull Racing,11.0,89.192,3.0,139,14.0,SOFT,False,1,,,True,49.7,36.9,6.0,False,2022,2.0
PER,Red Bull Racing,11.0,90.777,4.0,140,14.0,SOFT,False,1,,,True,49.7,36.9,6.0,False,2022,5.0
BOT,Alfa Romeo,11.0,89.147,5.0,141,14.0,SOFT,False,1,,,True,49.7,36.9,6.0,False,2022,7.0
OCO,Alpine,11.0,89.666,6.0,142,11.0,SOFT,True,1,,,True,49.7,36.9,6.0,False,2022,12.0
NOR,McLaren,11.0,90.049,7.0,143,11.0,SOFT,True,1,,,True,49.7,36.9,6.0,False,2022,11.0
MSC,Haas F1 Team,11.0,90.888,8.0,143,13.0,SOFT,False,1,,,True,49.7,36.9,6.0,False,2022,10.0
TSU,AlphaTauri,11.0,93.713,9.0,144,11.0,SOFT,True,1,0 days 01:18:53.221000,,False,49.7,36.9,6.0,False,2022,13.0
RIC,McLaren,11.0,95.648,10.0,144,14.0,SOFT,False,1,0 days 01:18:54.906000,,False,49.7,36.9,6.0,False,2022,9.0
VET,Aston Martin,11.0,90.561,11.0,145,14.0,SOFT,False,1,,,True,49.7,36.9,6.0,False,2022,16.0
STR,Aston Martin,11.0,90.851,12.0,146,14.0,SOFT,False,1,,,True,49.7,36.9,6.0,False,2022,17.0
LAT,Williams,11.0,91.592,13.0,147,11.0,SOFT,True,1,,,True,49.7,36.9,6.0,False,2022,19.0
ALB,Williams,11.0,94.915,14.0,148,11.0,SOFT,True,1,0 days 01:19:05.671000,,False,49.7,36.9,6.0,False,2022,18.0
SAI,Ferrari,11.0,105.81,15.0,149,1.0,MEDIUM,True,1,,0 days 01:17:46.267000,False,49.7,36.9,6.0,False,2022,3.0
ALO,Alpine,11.0,107.116,16.0,150,1.0,MEDIUM,True,1,,0 days 01:17:47.209000,False,49.7,37.0,6.0,False,2022,20.0
GAS,AlphaTauri,11.0,106.89,17.0,151,1.0,MEDIUM,True,1,,0 days 01:17:49.566000,False,49.7,37.0,6.0,False,2022,14.0
ZHO,Alfa Romeo,11.0,107.447,18.0,152,1.0,MEDIUM,True,1,,0 days 01:17:53.146000,False,49.7,37.0,6.0,False,2022,15.0
HAM,Mercedes,11.0,89.331,19.0,152,12.0,SOFT,False,1,,,True,49.7,37.0,6.0,False,2022,6.0
MAG,Haas F1 Team,11.0,89.855,20.0,153,10.0,MEDIUM,True,1,,,True,49.7,37.0,6.0,False,2022,8.0
LEC,Ferrari,12.0,88.677,1.0,153,12.0,SOFT,True,1,,,True,49.7,37.0,6.0,False,2022,1.0
RUS,Mercedes,12.0,89.014,2.0,153,15.0,SOFT,False,1,,,True,49.7,37.0,6.0,False,2022,4.0
VER,Red Bull Racing,12.0,89.055,3.0,154,15.0,SOFT,False,1,,,True,49.7,37.0,6.0,False,2022,2.0
PER,Red Bull Racing,12.0,89.571,4.0,155,15.0,SOFT,False,1,,,True,49.7,37.0,6.0,False,2022,5.0
BOT,Alfa Romeo,12.0,89.414,5.0,156,15.0,SOFT,False,1,,,True,49.7,37.0,6.0,False,2022,7.0
OCO,Alpine,12.0,89.693,6.0,157,12.0,SOFT,True,1,,,True,49.7,37.0,6.0,False,2022,12.0
NOR,McLaren,12.0,92.651,7.0,158,12.0,SOFT,True,1,0 days 01:20:18.822000,,False,49.7,37.0,6.0,False,2022,11.0
MSC,Haas F1 Team,12.0,94.895,8.0,158,14.0,SOFT,False,1,0 days 01:20:23.599000,,False,49.7,37.0,6.0,False,2022,10.0
VET,Aston Martin,12.0,90.542,9.0,158,15.0,SOFT,False,1,,,True,49.7,37.0,6.0,False,2022,16.0
STR,Aston Martin,12.0,90.736,10.0,159,15.0,SOFT,False,1,,,True,49.7,37.0,6.0,False,2022,17.0
SAI,Ferrari,12.0,87.632,11.0,160,2.0,MEDIUM,True,1,,,True,49.7,37.0,6.0,False,2022,3.0
LAT,Williams,12.0,94.853,12.0,160,12.0,SOFT,True,1,0 days 01:20:38.530000,,False,49.7,37.0,6.0,False,2022,19.0
ALO,Alpine,12.0,88.932,13.0,161,2.0,MEDIUM,True,1,,,True,49.7,37.0,6.0,False,2022,20.0
TSU,AlphaTauri,12.0,108.5,14.0,162,1.0,MEDIUM,True,1,,0 days 01:19:16.292000,False,49.7,37.0,6.0,False,2022,13.0
RIC,McLaren,12.0,107.813,15.0,162,4.0,SOFT,False,1,,0 days 01:19:17.024000,False,49.7,37.0,6.0,False,2022,9.0
GAS,AlphaTauri,12.0,89.513,16.0,163,2.0,MEDIUM,True,1,,,True,49.7,37.0,6.0,False,2022,14.0
ZHO,Alfa Romeo,12.0,88.415,17.0,164,2.0,MEDIUM,True,1,,,True,49.7,37.0,6.0,False,2022,15.0
HAM,Mercedes,12.0,88.746,18.0,164,13.0,SOFT,False,1,,,True,49.7,37.0,6.0,False,2022,6.0
ALB,Williams,12.0,108.446,19.0,165,1.0,MEDIUM,True,1,,0 days 01:19:29.077000,False,49.7,37.0,6.0,False,2022,18.0
MAG,Haas F1 Team,12.0,89.543,20.0,165,11.0,MEDIUM,True,1,,,True,49.7,37.0,6.0,False,2022,8.0
LEC,Ferrari,13.0,88.375,1.0,165,13.0,SOFT,True,1,,,True,49.7,37.0,6.0,False,2022,1.0
PER,Red Bull Racing,13.0,89.348,2.0,165,16.0,SOFT,False,1,,,True,49.7,37.0,6.0,False,2022,5.0
RUS,Mercedes,13.0,92.39,3.0,166,16.0,SOFT,False,1,0 days 01:21:30.053000,,False,49.7,37.0,6.0,False,2022,4.0
VER,Red Bull Racing,13.0,92.379,4.0,167,16.0,SOFT,False,1,0 days 01:21:31.061000,,False,49.7,37.0,6.0,False,2022,2.0
BOT,Alfa Romeo,13.0,89.267,5.0,168,16.0,SOFT,False,1,,,True,49.7,37.0,6.0,False,2022,7.0
OCO,Alpine,13.0,93.395,6.0,169,13.0,SOFT,True,1,0 days 01:21:43.858000,,False,49.7,37.0,6.0,False,2022,12.0
VET,Aston Martin,13.0,90.444,7.0,169,16.0,SOFT,False,1,,,True,49.7,37.0,6.0,False,2022,16.0
STR,Aston Martin,13.0,90.433,8.0,170,16.0,SOFT,False,1,,,True,49.7,37.0,6.0,False,2022,17.0
NOR,McLaren,13.0,107.09,9.0,171,1.0,MEDIUM,True,1,,0 days 01:20:40.751000,False,49.7,37.0,6.0,False,2022,11.0
SAI,Ferrari,13.0,89.103,10.0,171,3.0,MEDIUM,True,1,,,True,49.7,37.0,6.0,False,2022,3.0
ALO,Alpine,13.0,89.343,11.0,172,3.0,MEDIUM,True,1,,,True,49.7,37.0,6.0,False,2022,20.0
TSU,AlphaTauri,13.0,88.956,12.0,173,2.0,MEDIUM,True,1,,,True,49.7,36.9,6.0,False,2022,13.0
RIC,McLaren,13.0,89.034,13.0,173,5.0,SOFT,False,1,,,True,49.7,36.9,6.0,False,2022,9.0
MSC,Haas F1 Team,13.0,109.062,14.0,174,4.0,SOFT,False,1,,0 days 01:20:47.171000,False,49.7,36.9,6.0,False,2022,10.0
GAS,AlphaTauri,13.0,90.112,15.0,175,3.0,MEDIUM,True,1,,,True,49.7,36.9,6.0,False,2022,14.0
ZHO,Alfa Romeo,13.0,89.842,16.0,176,3.0,MEDIUM,True,1,,,True,49.7,36.9,6.0,False,2022,15.0
HAM,Mercedes,13.0,89.037,17.0,176,14.0,SOFT,False,1,,,True,49.7,36.9,6.0,False,2022,6.0
ALB,Williams,13.0,89.34,18.0,177,2.0,MEDIUM,True,1,,,True,49.7,36.9,6.0,False,2022,18.0
LAT,Williams,13.0,109.125,19.0,178,1.0,MEDIUM,True,1,,0 days 01:21:01.800000,False,49.7,36.9,6.0,False,2022,19.0
MAG,Haas F1 Team,13.0,89.792,20.0,178,12.0,MEDIUM,True,1,,,True,49.7,36.9,6.0,False,2022,8.0
LEC,Ferrari,14.0,88.495,1.0,178,14.0,SOFT,True,1,,,True,49.7,36.9,6.0,False,2022,1.0
PER,Red Bull Racing,14.0,89.176,2.0,178,17.0,SOFT,False,1,,,True,49.7,36.9,6.0,False,2022,5.0
BOT,Alfa Romeo,14.0,93.231,3.0,179,17.0,SOFT,False,1,0 days 01:23:08.583000,,False,49.7,36.9,6.0,False,2022,7.0
RUS,Mercedes,14.0,105.382,4.0,180,1.0,MEDIUM,True,1,,0 days 01:21:52.082000,False,49.7,36.8,6.0,False,2022,4.0
VER,Red Bull Racing,14.0,105.251,5.0,181,1.0,MEDIUM,True,1,,0 days 01:21:53.251000,False,49.7,36.8,6.0,False,2022,2.0
VET,Aston Martin,14.0,90.653,6.0,181,17.0,SOFT,False,1,,,True,49.7,36.8,6.0,False,2022,16.0
OCO,Alpine,14.0,106.958,7.0,182,1.0,MEDIUM,True,1,,0 days 01:22:05.964000,False,49.7,36.8,6.0,False,2022,12.0
SAI,Ferrari,14.0,87.967,8.0,182,4.0,MEDIUM,True,1,,,True,49.7,36.8,6.0,False,2022,3.0
STR,Aston Martin,14.0,94.527,9.0,182,17.0,SOFT,False,1,0 days 01:23:34.514000,,False,49.7,36.8,6.0,False,2022,17.0
NOR,McLaren,14.0,90.999,10.0,183,2.0,MEDIUM,True,1,,,True,49.7,36.8,6.0,False,2022,11.0
TSU,AlphaTauri,14.0,88.671,11.0,183,3.0,MEDIUM,True,1,,,True,49.7,36.8,6.0,False,2022,13.0
ALO,Alpine,14.0,89.992,12.0,183,4.0,MEDIUM,True,1,,,True,49.7,36.8,6.0,False,2022,20.0
RIC,McLaren,14.0,89.366,13.0,183,6.0,SOFT,False,1,,,True,49.7,36.8,6.0,False,2022,9.0
MSC,Haas F1 Team,14.0,89.048,14.0,184,5.0,SOFT,False,1,,,True,49.7,36.8,6.0,False,2022,10.0
GAS,AlphaTauri,14.0,89.332,15.0,185,4.0,MEDIUM,True,1,,,True,49.7,36.8,6.0,False,2022,14.0
ZHO,Alfa Romeo,14.0,89.488,16.0,186,4.0,MEDIUM,True,1,,,True,49.7,36.8,6.0,False,2022,15.0
HAM,Mercedes,14.0,89.167,17.0,186,15.0,SOFT,False,1,,,True,49.7,36.8,6.0,False,2022,6.0
ALB,Williams,14.0,89.639,18.0,187,3.0,MEDIUM,True,1,,,True,49.7,36.8,6.0,False,2022,18.0
LAT,Williams,14.0,89.8,19.0,188,2.0,MEDIUM,True,1,,,True,49.7,36.8,6.0,False,2022,19.0
MAG,Haas F1 Team,14.0,89.778,20.0,188,13.0,MEDIUM,True,1,,,True,49.7,36.8,6.0,False,2022,8.0
LEC,Ferrari,15.0,88.386,1.0,188,15.0,SOFT,True,1,,,True,49.7,36.8,5.0,False,2022,1.0
PER,Red Bull Racing,15.0,89.283,2.0,188,18.0,SOFT,False,1,,,True,49.7,36.8,5.0,False,2022,5.0
RUS,Mercedes,15.0,87.631,3.0,189,2.0,MEDIUM,True,1,,,True,49.7,36.8,5.0,False,2022,4.0
VER,Red Bull Racing,15.0,87.317,4.0,190,2.0,MEDIUM,True,1,,,True,49.7,36.8,5.0,False,2022,2.0
BOT,Alfa Romeo,15.0,107.922,5.0,191,1.0,MEDIUM,True,1,,0 days 01:23:31.555000,False,49.7,36.8,5.0,False,2022,7.0
VET,Aston Martin,15.0,90.948,6.0,191,18.0,SOFT,False,1,,,True,49.7,36.8,5.0,False,2022,16.0
OCO,Alpine,15.0,88.845,7.0,192,2.0,MEDIUM,True,1,,,True,49.7,36.8,5.0,False,2022,12.0
SAI,Ferrari,15.0,88.067,8.0,192,5.0,MEDIUM,True,1,,,True,49.7,36.8,5.0,False,2022,3.0
NOR,McLaren,15.0,89.179,9.0,193,3.0,MEDIUM,True,1,,,True,49.7,36.8,5.0,False,2022,11.0
TSU,AlphaTauri,15.0,89.201,10.0,193,4.0,MEDIUM,True,1,,,True,49.7,36.8,5.0,False,2022,13.0
ALO,Alpine,15.0,89.508,11.0,193,5.0,MEDIUM,True,1,,,True,49.7,36.8,5.0,False,2022,20.0
RIC,McLaren,15.0,89.387,12.0,193,7.0,SOFT,False,1,,,True,49.7,36.7,6.0,False,2022,9.0
MSC,Haas F1 Team,15.0,89.453,13.0,194,6.0,SOFT,False,1,,,True,49.7,36.7,6.0,False,2022,10.0
GAS,AlphaTauri,15.0,89.404,14.0,195,5.0,MEDIUM,True,1,,,True,49.7,36.7,6.0,False,2022,14.0
ZHO,Alfa Romeo,15.0,89.12,15.0,196,5.0,MEDIUM,True,1,,,True,49.7,36.7,6.0,False,2022,15.0
HAM,Mercedes,15.0,89.215,16.0,196,16.0,SOFT,False,1,,,True,49.7,36.7,6.0,False,2022,6.0
ALB,Williams,15.0,90.237,17.0,197,4.0,MEDIUM,True,1,,,True,49.7,36.7,6.0,False,2022,18.0
STR,Aston Martin,15.0,109.072,18.0,198,4.0,SOFT,False,1,,0 days 01:23:57.372000,False,49.7,36.7,6.0,False,2022,17.0
LAT,Williams,15.0,89.68,19.0,199,3.0,MEDIUM,True,1,,,True,49.7,36.7,6.0,False,2022,19.0
MAG,Haas F1 Team,15.0,89.835,20.0,199,14.0,MEDIUM,True,1,,,True,49.7,36.7,6.0,False,2022,8.0
LEC,Ferrari,16.0,88.512,1.0,199,16.0,SOFT,True,1,,,True,49.7,36.7,6.0,False,2022,1.0
PER,Red Bull Racing,16.0,89.234,2.0,199,19.0,SOFT,False,1,,,True,49.7,36.7,6.0,False,2022,5.0
RUS,Mercedes,16.0,88.016,3.0,200,3.0,MEDIUM,True,1,,,True,49.7,36.6,6.0,False,2022,4.0
VER,Red Bull Racing,16.0,88.085,4.0,201,3.0,MEDIUM,True,1,,,True,49.7,36.6,6.0,False,2022,2.0
BOT,Alfa Romeo,16.0,88.392,5.0,202,2.0,MEDIUM,True,1,,,True,49.7,36.6,6.0,False,2022,7.0
VET,Aston Martin,16.0,90.37,6.0,202,19.0,SOFT,False,1,,,True,49.7,36.6,6.0,False,2022,16.0
OCO,Alpine,16.0,89.026,7.0,203,3.0,MEDIUM,True,1,,,True,49.7,36.6,6.0,False,2022,12.0
SAI,Ferrari,16.0,88.318,8.0,203,6.0,MEDIUM,True,1,,,True,49.7,36.6,6.0,False,2022,3.0
NOR,McLaren,16.0,89.313,9.0,204,4.0,MEDIUM,True,1,,,True,49.7,36.6,6.0,False,2022,11.0
TSU,AlphaTauri,16.0,89.23,10.0,204,5.0,MEDIUM,True,1,,,True,49.7,36.6,6.0,False,2022,13.0
ALO,Alpine,16.0,89.74,11.0,204,6.0,MEDIUM,True,1,,,True,49.7,36.6,6.0,False,2022,20.0
RIC,McLaren,16.0,89.861,12.0,204,8.0,SOFT,False,1,,,True,49.7,36.6,6.0,False,2022,9.0
MSC,Haas F1 Team,16.0,89.815,13.0,205,7.0,SOFT,False,1,,,True,49.7,36.6,6.0,False,2022,10.0
GAS,AlphaTauri,16.0,89.868,14.0,206,6.0,MEDIUM,True,1,,,True,49.7,36.6,6.0,False,2022,14.0
ZHO,Alfa Romeo,16.0,89.711,15.0,207,6.0,MEDIUM,True,1,,,True,49.7,36.6,6.0,False,2022,15.0
HAM,Mercedes,16.0,89.642,16.0,207,17.0,SOFT,False,1,,,True,49.7,36.6,6.0,False,2022,6.0
STR,Aston Martin,16.0,88.761,17.0,208,5.0,SOFT,False,1,,,True,49.7,36.6,6.0,False,2022,17.0
ALB,Williams,16.0,91.254,18.0,209,5.0,MEDIUM,True,1,,,True,49.7,36.6,6.0,False,2022,18.0
LAT,Williams,16.0,89.995,19.0,210,4.0,MEDIUM,True,1,,,True,49.7,36.6,6.0,False,2022,19.0
MAG,Haas F1 Team,16.0,91.431,20.0,210,15.0,MEDIUM,True,1,,,True,49.7,36.7,6.0,False,2022,8.0
LEC,Ferrari,17.0,88.377,1.0,210,17.0,SOFT,True,1,,,True,49.7,36.6,6.0,False,2022,1.0
PER,Red Bull Racing,17.0,92.728,2.0,210,20.0,SOFT,False,1,0 days 01:27:30.056000,,False,49.7,36.7,6.0,False,2022,5.0
RUS,Mercedes,17.0,88.149,3.0,211,4.0,MEDIUM,True,1,,,True,49.7,36.7,6.0,False,2022,4.0
VER,Red Bull Racing,17.0,88.13,4.0,212,4.0,MEDIUM,True,1,,,True,49.7,36.7,6.0,False,2022,2.0
BOT,Alfa Romeo,17.0,88.276,5.0,213,3.0,MEDIUM,True,1,,,True,49.7,36.7,6.0,False,2022,7.0
OCO,Alpine,17.0,88.689,6.0,213,4.0,MEDIUM,True,1,,,True,49.7,36.7,6.0,False,2022,12.0
VET,Aston Martin,17.0,91.784,7.0,213,20.0,SOFT,False,1,,,True,49.7,36.7,6.0,False,2022,16.0
SAI,Ferrari,17.0,89.416,8.0,214,7.0,MEDIUM,True,1,,,True,49.7,36.7,6.0,False,2022,3.0
NOR,McLaren,17.0,89.496,9.0,215,5.0,MEDIUM,True,1,,,True,49.7,36.7,6.0,False,2022,11.0
TSU,AlphaTauri,17.0,89.295,10.0,215,6.0,MEDIUM,True,1,,,True,49.7,36.7,6.0,False,2022,13.0
ALO,Alpine,17.0,89.62,11.0,215,7.0,MEDIUM,True,1,,,True,49.7,36.7,6.0,False,2022,20.0
RIC,McLaren,17.0,89.864,12.0,215,9.0,SOFT,False,1,,,True,49.7,36.7,6.0,False,2022,9.0
MSC,Haas F1 Team,17.0,90.113,13.0,216,8.0,SOFT,False,1,,,True,49.7,36.9,6.0,False,2022,10.0
GAS,AlphaTauri,17.0,89.961,14.0,217,7.0,MEDIUM,True,1,,,True,49.7,36.9,6.0,False,2022,14.0
ZHO,Alfa Romeo,17.0,89.587,15.0,218,7.0,MEDIUM,True,1,,,True,49.7,36.9,6.0,False,2022,15.0
HAM,Mercedes,17.0,89.873,16.0,218,18.0,SOFT,False,1,,,True,49.7,36.9,6.0,False,2022,6.0
STR,Aston Martin,17.0,88.888,17.0,219,6.0,SOFT,False,1,,,True,49.7,36.9,6.0,False,2022,17.0
ALB,Williams,17.0,91.213,18.0,220,6.0,MEDIUM,True,1,,,True,49.7,36.9,6.0,False,2022,18.0
LAT,Williams,17.0,90.593,19.0,221,5.0,MEDIUM,True,1,,,True,49.7,36.9,6.0,False,2022,19.0
MAG,Haas F1 Team,17.0,90.01,20.0,221,16.0,MEDIUM,True,1,,,True,49.7,36.9,6.0,False,2022,8.0
LEC,Ferrari,18.0,88.099,1.0,221,18.0,SOFT,True,1,,,True,49.7,36.9,6.0,False,2022,1.0
RUS,Mercedes,18.0,88.317,2.0,222,5.0,MEDIUM,True,1,,,True,49.7,36.9,6.0,False,2022,4.0
VER,Red Bull Racing,18.0,88.336,3.0,223,5.0,MEDIUM,True,1,,,True,49.7,36.9,6.0,False,2022,2.0
PER,Red Bull Racing,18.0,105.488,4.0,224,1.0,MEDIUM,True,1,,0 days 01:27:52.072000,False,49.7,37.2,5.0,False,2022,5.0
BOT,Alfa Romeo,18.0,88.537,5.0,224,4.0,MEDIUM,True,1,,,True,49.7,37.2,5.0,False,2022,7.0
OCO,Alpine,18.0,88.997,6.0,224,5.0,MEDIUM,True,1,,,True,49.7,37.2,5.0,False,2022,12.0
SAI,Ferrari,18.0,88.192,7.0,224,8.0,MEDIUM,True,1,,,True,49.7,37.2,5.0,False,2022,3.0
VET,Aston Martin,18.0,91.338,8.0,224,21.0,SOFT,False,1,,,True,49.7,37.2,5.0,False,2022,16.0
NOR,McLaren,18.0,89.216,9.0,225,6.0,MEDIUM,True,1,,,True,49.7,37.2,5.0,False,2022,11.0
TSU,AlphaTauri,18.0,89.249,10.0,225,7.0,MEDIUM,True,1,,,True,49.7,37.2,5.0,False,2022,13.0
ALO,Alpine,18.0,89.783,11.0,225,8.0,MEDIUM,True,1,,,True,49.7,37.2,5.0,False,2022,20.0
RIC,McLaren,18.0,90.118,12.0,225,10.0,SOFT,False,1,,,True,49.7,37.2,5.0,False,2022,9.0
MSC,Haas F1 Team,18.0,89.688,13.0,226,9.0,SOFT,False,1,,,True,49.7,37.2,5.0,False,2022,10.0
GAS,AlphaTauri,18.0,90.089,14.0,227,8.0,MEDIUM,True,1,,,True,49.7,37.2,5.0,False,2022,14.0
ZHO,Alfa Romeo,18.0,89.745,15.0,228,8.0,MEDIUM,True,1,,,True,49.7,37.2,5.0,False,2022,15.0
HAM,Mercedes,18.0,90.181,16.0,228,19.0,SOFT,False,1,,,True,49.7,37.2,5.0,False,2022,6.0
STR,Aston Martin,18.0,88.532,17.0,229,7.0,SOFT,False,1,,,True,49.7,37.2,5.0,False,2022,17.0
ALB,Williams,18.0,91.167,18.0,230,7.0,MEDIUM,True,1,,,True,49.7,37.2,5.0,False,2022,18.0
LAT,Williams,18.0,90.305,19.0,231,6.0,MEDIUM,True,1,,,True,49.7,37.2,5.0,False,2022,19.0
MAG,Haas F1 Team,18.0,90.358,20.0,231,17.0,MEDIUM,True,1,,,True,49.7,37.1,5.0,False,2022,8.0
LEC,Ferrari,19.0,88.8,1.0,231,19.0,SOFT,True,1,,,True,49.7,37.2,5.0,False,2022,1.0
RUS,Mercedes,19.0,88.03,2.0,232,6.0,MEDIUM,True,1,,,True,49.7,37.1,5.0,False,2022,4.0
VER,Red Bull Racing,19.0,87.954,3.0,233,6.0,MEDIUM,True,1,,,True,49.7,37.1,5.0,False,2022,2.0
PER,Red Bull Racing,19.0,87.169,4.0,234,2.0,MEDIUM,True,1,,,True,49.7,37.1,5.0,False,2022,5.0
BOT,Alfa Romeo,19.0,88.389,5.0,234,5.0,MEDIUM,True,1,,,True,49.7,37.1,5.0,False,2022,7.0
OCO,Alpine,19.0,88.888,6.0,234,6.0,MEDIUM,True,1,,,True,49.7,37.1,5.0,False,2022,12.0
SAI,Ferrari,19.0,88.476,7.0,234,9.0,MEDIUM,True,1,,,True,49.7,37.1,5.0,False,2022,3.0
VET,Aston Martin,19.0,90.47,8.0,234,22.0,SOFT,False,1,,,True,49.7,37.1,5.0,False,2022,16.0
NOR,McLaren,19.0,89.621,9.0,235,7.0,MEDIUM,True,1,,,True,49.7,37.1,5.0,False,2022,11.0
TSU,AlphaTauri,19.0,89.691,10.0,235,8.0,MEDIUM,True,1,,,True,49.7,37.1,5.0,False,2022,13.0
ALO,Alpine,19.0,89.681,11.0,235,9.0,MEDIUM,True,1,,,True,49.7,37.1,5.0,False,2022,20.0
MSC,Haas F1 Team,19.0,89.215,12.0,235,10.0,SOFT,False,1,,,True,49.7,37.1,5.0,False,2022,10.0
RIC,McLaren,19.0,91.258,13.0,235,11.0,SOFT,False,1,,,True,49.7,37.1,6.0,False,2022,9.0
GAS,AlphaTauri,19.0,90.447,14.0,236,9.0,MEDIUM,True,1,,,True,49.7,37.1,6.0,False,2022,14.0
ZHO,Alfa Romeo,19.0,90.566,15.0,237,9.0,MEDIUM,True,1,,,True,49.7,37.1,6.0,False,2022,15.0
HAM,Mercedes,19.0,90.07,16.0,237,20.0,SOFT,False,1,,,True,49.7,37.1,6.0,False,2022,6.0
STR,Aston Martin,19.0,89.025,17.0,238,8.0,SOFT,False,1,,,True,49.7,37.1,6.0,False,2022,17.0
ALB,Williams,19.0,91.396,18.0,239,8.0,MEDIUM,True,1,,,True,49.7,37.1,6.0,False,2022,18.0
LAT,Williams,19.0,90.851,19.0,240,7.0,MEDIUM,True,1,,,True,49.7,37.1,6.0,False,2022,19.0
MAG,Haas F1 Team,19.0,90.199,20.0,240,18.0,MEDIUM,True,1,,,True,49.7,37.1,6.0,False,2022,8.0
LEC,Ferrari,20.0,88.899,1.0,240,20.0,SOFT,True,1,,,True,49.7,37.1,6.0,False,2022,1.0
RUS,Mercedes,20.0,88.255,2.0,241,7.0,MEDIUM,True,1,,,True,49.7,37.1,6.0,False,2022,4.0
VER,Red Bull Racing,20.0,88.275,3.0,242,7.0,MEDIUM,True,1,,,True,49.7,37.1,6.0,False,2022,2.0
PER,Red Bull Racing,20.0,87.312,4.0,243,3.0,MEDIUM,True,1,,,True,49.7,37.1,6.0,False,2022,5.0
BOT,Alfa Romeo,20.0,88.55,5.0,243,6.0,MEDIUM,True,1,,,True,49.7,37.1,5.0,False,2022,7.0
OCO,Alpine,20.0,89.122,6.0,243,7.0,MEDIUM,True,1,,,True,49.7,37.1,5.0,False,2022,12.0
SAI,Ferrari,20.0,88.728,7.0,243,10.0,MEDIUM,True,1,,,True,49.7,37.1,5.0,False,2022,3.0
VET,Aston Martin,20.0,90.645,8.0,243,23.0,SOFT,False,1,,,True,49.7,37.1,5.0,False,2022,16.0
NOR,McLaren,20.0,89.942,9.0,244,8.0,MEDIUM,True,1,,,True,49.7,37.1,5.0,False,2022,11.0
TSU,AlphaTauri,20.0,89.43,10.0,244,9.0,MEDIUM,True,1,,,True,49.7,37.1,5.0,False,2022,13.0
ALO,Alpine,20.0,89.82,11.0,244,10.0,MEDIUM,True,1,,,True,49.7,37.1,5.0,False,2022,20.0
MSC,Haas F1 Team,20.0,90.038,12.0,244,11.0,SOFT,False,1,,,True,49.7,37.1,5.0,False,2022,10.0
RIC,McLaren,20.0,90.123,13.0,244,12.0,SOFT,False,1,,,True,49.7,37.1,5.0,False,2022,9.0
GAS,AlphaTauri,20.0,90.364,14.0,245,10.0,MEDIUM,True,1,,,True,49.7,37.1,5.0,False,2022,14.0
ZHO,Alfa Romeo,20.0,90.247,15.0,246,10.0,MEDIUM,True,1,,,True,49.7,37.1,5.0,False,2022,15.0
HAM,Mercedes,20.0,90.443,16.0,246,21.0,SOFT,False,1,,,True,49.7,37.1,5.0,False,2022,6.0
STR,Aston Martin,20.0,89.374,17.0,247,9.0,SOFT,False,1,,,True,49.7,37.1,5.0,False,2022,17.0
ALB,Williams,20.0,91.912,18.0,248,9.0,MEDIUM,True,1,,,True,49.7,37.1,5.0,False,2022,18.0
LAT,Williams,20.0,91.86,19.0,249,8.0,MEDIUM,True,1,,,True,49.7,37.1,5.0,False,2022,19.0
MAG,Haas F1 Team,20.0,90.563,20.0,249,19.0,MEDIUM,True,1,,,True,49.0,37.0,6.0,False,2022,8.0
LEC,Ferrari,21.0,93.256,1.0,249,21.0,SOFT,True,1,0 days 01:33:08.653000,,False,49.7,37.1,5.0,False,2022,1.0
RUS,Mercedes,21.0,88.123,2.0,250,8.0,MEDIUM,True,1,,,True,49.0,37.0,6.0,False,2022,4.0
VER,Red Bull Racing,21.0,88.094,3.0,251,8.0,MEDIUM,True,1,,,True,49.0,37.0,6.0,False,2022,2.0
PER,Red Bull Racing,21.0,87.383,4.0,252,4.0,MEDIUM,True,1,,,True,49.0,37.0,6.0,False,2022,5.0
BOT,Alfa Romeo,21.0,88.613,5.0,252,7.0,MEDIUM,True,1,,,True,49.0,37.0,6.0,False,2022,7.0
OCO,Alpine,21.0,89.237,6.0,252,8.0,MEDIUM,True,1,,,True,49.0,37.0,6.0,False,2022,12.0
SAI,Ferrari,21.0,89.122,7.0,252,11.0,MEDIUM,True,1,,,True,49.0,37.0,6.0,False,2022,3.0
NOR,McLaren,21.0,90.024,8.0,253,9.0,MEDIUM,True,1,,,True,49.0,37.0,6.0,False,2022,11.0
TSU,AlphaTauri,21.0,89.778,9.0,253,10.0,MEDIUM,True,1,,,True,49.0,37.0,6.0,False,2022,13.0
VET,Aston Martin,21.0,94.637,10.0,253,24.0,SOFT,False,1,0 days 01:34:07.096000,,False,49.0,37.0,6.0,False,2022,16.0
ALO,Alpine,21.0,89.888,11.0,254,11.0,MEDIUM,True,1,,,True,49.0,37.0,6.0,False,2022,20.0
MSC,Haas F1 Team,21.0,90.042,12.0,254,12.0,SOFT,False,1,,,True,49.0,37.0,6.0,False,2022,10.0
RIC,McLaren,21.0,90.173,13.0,254,13.0,SOFT,False,1,,,True,49.0,37.1,6.0,False,2022,9.0
GAS,AlphaTauri,21.0,90.531,14.0,255,11.0,MEDIUM,True,1,,,True,49.0,37.1,6.0,False,2022,14.0
ZHO,Alfa Romeo,21.0,90.375,15.0,256,11.0,MEDIUM,True,1,,,True,49.0,37.1,6.0,False,2022,15.0
HAM,Mercedes,21.0,90.48,16.0,256,22.0,SOFT,False,1,,,True,49.0,37.1,6.0,False,2022,6.0
STR,Aston Martin,21.0,89.964,17.0,257,10.0,SOFT,False,1,,,True,49.0,37.1,6.0,False,2022,17.0
LAT,Williams,21.0,90.343,18.0,258,9.0,MEDIUM,True,1,,,True,49.0,37.1,6.0,False,2022,19.0
ALB,Williams,21.0,92.144,19.0,258,10.0,MEDIUM,True,1,,,True,49.0,37.1,6.0,False,2022,18.0
MAG,Haas F1 Team,21.0,89.849,20.0,258,20.0,MEDIUM,True,1,,,True,49.0,37.1,6.0,False,2022,8.0
LEC,Ferrari,22.0,105.687,1.0,259,1.0,MEDIUM,True,1,,0 days 01:33:30.392000,False,49.0,37.1,6.0,False,2022,1.0
RUS,Mercedes,22.0,88.137,2.0,259,9.0,MEDIUM,True,1,,,True,49.0,37.1,6.0,False,2022,4.0
VER,Red Bull Racing,22.0,88.207,3.0,260,9.0,MEDIUM,True,1,,,True,49.0,37.1,6.0,False,2022,2.0
PER,Red Bull Racing,22.0,87.419,4.0,261,5.0,MEDIUM,True,1,,,True,49.0,37.1,6.0,False,2022,5.0
BOT,Alfa Romeo,22.0,88.189,5.0,261,8.0,MEDIUM,True,1,,,True,49.0,37.0,6.0,False,2022,7.0
OCO,Alpine,22.0,89.169,6.0,261,9.0,MEDIUM,True,1,,,True,49.0,37.0,6.0,False,2022,12.0
SAI,Ferrari,22.0,88.971,7.0,261,12.0,MEDIUM,True,1,,,True,49.0,37.0,6.0,False,2022,3.0
NOR,McLaren,22.0,88.88,8.0,262,10.0,MEDIUM,True,1,,,True,49.0,37.0,6.0,False,2022,11.0
TSU,AlphaTauri,22.0,89.485,9.0,262,11.0,MEDIUM,True,1,,,True,49.0,37.0,6.0,False,2022,13.0
ALO,Alpine,22.0,89.737,10.0,262,12.0,MEDIUM,True,1,,,True,49.0,37.0,6.0,False,2022,20.0
MSC,Haas F1 Team,22.0,90.122,11.0,262,13.0,SOFT,False,1,,,True,49.0,37.0,6.0,False,2022,10.0
RIC,McLaren,22.0,90.139,12.0,262,14.0,SOFT,False,1,,,True,49.0,37.0,6.0,False,2022,9.0
ZHO,Alfa Romeo,22.0,90.033,13.0,263,12.0,MEDIUM,True,1,,,True,49.0,37.0,6.0,False,2022,15.0
GAS,AlphaTauri,22.0,91.754,14.0,264,12.0,MEDIUM,True,1,,,True,49.0,37.0,6.0,False,2022,14.0
STR,Aston Martin,22.0,90.203,15.0,265,11.0,SOFT,False,1,,,True,49.0,37.0,6.0,False,2022,17.0
HAM,Mercedes,22.0,94.486,16.0,265,23.0,SOFT,False,1,0 days 01:35:50.937000,,False,49.0,37.0,6.0,False,2022,6.0
VET,Aston Martin,22.0,107.632,17.0,266,4.0,SOFT,False,1,,0 days 01:34:29.565000,False,49.0,37.0,6.0,False,2022,16.0
LAT,Williams,22.0,91.289,18.0,266,10.0,MEDIUM,True,1,,,True,49.0,37.0,6.0,False,2022,19.0
ALB,Williams,22.0,92.098,19.0,266,11.0,MEDIUM,True,1,,,True,49.0,37.0,6.0,False,2022,18.0
MAG,Haas F1 Team,22.0,90.554,20.0,266,21.0,MEDIUM,True,1,,,True,49.5,37.1,6.0,False,2022,8.0
LEC,Ferrari,23.0,87.21,1.0,267,2.0,MEDIUM,True,1,,,True,49.5,37.1,6.0,False,2022,1.0
RUS,Mercedes,23.0,88.555,2.0,267,10.0,MEDIUM,True,1,,,True,49.5,37.1,6.0,False,2022,4.0
VER,Red Bull Racing,23.0,88.466,3.0,268,10.0,MEDIUM,True,1,,,True,49.5,37.1,6.0,False,2022,2.0
PER,Red Bull Racing,23.0,88.06,4.0,269,6.0,MEDIUM,True,1,,,True,49.5,37.1,6.0,False,2022,5.0
BOT,Alfa Romeo,23.0,88.803,5.0,269,9.0,MEDIUM,True,1,,,True,49.5,37.1,6.0,False,2022,7.0
OCO,Alpine,23.0,89.515,6.0,269,10.0,MEDIUM,True,1,,,True,49.5,37.1,6.0,False,2022,12.0
SAI,Ferrari,23.0,89.078,7.0,269,13.0,MEDIUM,True,1,,,True,49.5,37.1,6.0,False,2022,3.0
NOR,McLaren,23.0,89.509,8.0,270,11.0,MEDIUM,True,1,,,True,49.5,37.1,6.0,False,2022,11.0
TSU,AlphaTauri,23.0,89.96,9.0,270,12.0,MEDIUM,True,1,,,True,49.5,37.1,6.0,False,2022,13.0
ALO,Alpine,23.0,89.763,10.0,270,13.0,MEDIUM,True,1,,,True,49.5,37.1,6.0,False,2022,20.0
MSC,Haas F1 Team,23.0,89.993,11.0,270,14.0,SOFT,False,1,,,True,49.5,37.1,6.0,False,2022,10.0
RIC,McLaren,23.0,90.16,12.0,270,15.0,SOFT,False,1,,,True,49.4,37.1,6.0,False,2022,9.0
ZHO,Alfa Romeo,23.0,90.005,13.0,271,13.0,MEDIUM,True,1,,,True,49.4,37.1,6.0,False,2022,15.0
GAS,AlphaTauri,23.0,90.36,14.0,272,13.0,MEDIUM,True,1,,,True,49.4,37.1,6.0,False,2022,14.0
STR,Aston Martin,23.0,89.298,15.0,273,12.0,SOFT,False,1,,,True,49.4,37.1,6.0,False,2022,17.0
VET,Aston Martin,23.0,89.014,16.0,274,5.0,SOFT,False,1,,,True,49.4,37.1,6.0,False,2022,16.0
LAT,Williams,23.0,90.736,17.0,274,11.0,MEDIUM,True,1,,,True,49.4,37.1,6.0,False,2022,19.0
ALB,Williams,23.0,91.525,18.0,274,12.0,MEDIUM,True,1,,,True,49.4,37.1,6.0,False,2022,18.0
HAM,Mercedes,23.0,105.871,19.0,275,1.0,MEDIUM,True,1,,0 days 01:36:12.989000,False,49.4,37.1,6.0,False,2022,6.0
MAG,Haas F1 Team,23.0,90.757,20.0,275,22.0,MEDIUM,True,1,,,True,49.4,37.1,6.0,False,2022,8.0
LEC,Ferrari,24.0,87.196,1.0,276,3.0,MEDIUM,True,1,,,True,49.4,37.1,6.0,False,2022,1.0
RUS,Mercedes,24.0,89.588,2.0,276,11.0,MEDIUM,True,1,,,True,49.4,37.1,6.0,False,2022,4.0
VER,Red Bull Racing,24.0,89.602,3.0,277,11.0,MEDIUM,True,1,,,True,49.4,37.1,6.0,False,2022,2.0
PER,Red Bull Racing,24.0,87.722,4.0,278,7.0,MEDIUM,True,1,,,True,49.4,37.1,6.0,False,2022,5.0
BOT,Alfa Romeo,24.0,88.563,5.0,278,10.0,MEDIUM,True,1,,,True,49.4,37.0,6.0,False,2022,7.0
SAI,Ferrari,24.0,88.204,6.0,278,14.0,MEDIUM,True,1,,,True,49.4,37.0,6.0,False,2022,3.0
OCO,Alpine,24.0,90.197,7.0,279,11.0,MEDIUM,True,1,,,True,49.4,37.0,6.0,False,2022,12.0
NOR,McLaren,24.0,89.298,8.0,279,12.0,MEDIUM,True,1,,,True,49.4,37.0,6.0,False,2022,11.0
TSU,AlphaTauri,24.0,89.536,9.0,279,13.0,MEDIUM,True,1,,,True,49.4,37.0,6.0,False,2022,13.0
ALO,Alpine,24.0,89.738,10.0,279,14.0,MEDIUM,True,1,,,True,49.4,37.0,6.0,False,2022,20.0
MSC,Haas F1 Team,24.0,89.768,11.0,279,15.0,SOFT,False,1,,,True,49.4,37.0,6.0,False,2022,10.0
RIC,McLaren,24.0,89.992,12.0,279,16.0,SOFT,False,1,,,True,49.4,37.0,6.0,False,2022,9.0
ZHO,Alfa Romeo,24.0,89.869,13.0,280,14.0,MEDIUM,True,1,,,True,49.4,37.0,6.0,False,2022,15.0
GAS,AlphaTauri,24.0,90.532,14.0,281,14.0,MEDIUM,True,1,,,True,49.4,37.0,6.0,False,2022,14.0
STR,Aston Martin,24.0,89.992,15.0,282,13.0,SOFT,False,1,,,True,49.4,37.0,6.0,False,2022,17.0
VET,Aston Martin,24.0,88.814,16.0,283,6.0,SOFT,False,1,,,True,49.4,37.0,6.0,False,2022,16.0
LAT,Williams,24.0,90.925,17.0,283,12.0,MEDIUM,True,1,,,True,49.4,37.0,6.0,False,2022,19.0
HAM,Mercedes,24.0,87.98,18.0,284,2.0,MEDIUM,True,1,,,True,49.4,37.0,6.0,False,2022,6.0
ALB,Williams,24.0,91.595,19.0,284,13.0,MEDIUM,True,1,,,True,49.4,37.0,6.0,False,2022,18.0
MAG,Haas F1 Team,24.0,90.558,20.0,284,23.0,MEDIUM,True,1,,,True,49.4,37.0,6.0,False,2022,8.0
LEC,Ferrari,25.0,87.03,1.0,285,4.0,MEDIUM,True,1,,,True,49.4,37.0,6.0,False,2022,1.0
RUS,Mercedes,25.0,88.79,2.0,285,12.0,MEDIUM,True,1,,,True,49.4,37.0,6.0,False,2022,4.0
VER,Red Bull Racing,25.0,88.957,3.0,286,12.0,MEDIUM,True,1,,,True,49.4,37.0,6.0,False,2022,2.0
PER,Red Bull Racing,25.0,88.409,4.0,287,8.0,MEDIUM,True,1,,,True,49.4,37.0,6.0,False,2022,5.0
BOT,Alfa Romeo,25.0,88.699,5.0,287,11.0,MEDIUM,True,1,,,True,49.4,37.0,6.0,False,2022,7.0
SAI,Ferrari,25.0,88.739,6.0,287,15.0,MEDIUM,True,1,,,True,49.4,37.0,6.0,False,2022,3.0
OCO,Alpine,25.0,89.551,7.0,288,12.0,MEDIUM,True,1,,,True,49.4,37.0,6.0,False,2022,12.0
NOR,McLaren,25.0,89.186,8.0,288,13.0,MEDIUM,True,1,,,True,49.4,37.0,6.0,False,2022,11.0
TSU,AlphaTauri,25.0,89.884,9.0,288,14.0,MEDIUM,True,1,,,True,49.4,37.0,6.0,False,2022,13.0
ALO,Alpine,25.0,89.732,10.0,288,15.0,MEDIUM,True,1,,,True,49.4,37.0,6.0,False,2022,20.0
MSC,Haas F1 Team,25.0,89.97,11.0,288,16.0,SOFT,False,1,,,True,49.4,37.0,6.0,False,2022,10.0
RIC,McLaren,25.0,90.297,12.0,288,17.0,SOFT,False,1,,,True,49.4,37.0,6.0,False,2022,9.0
ZHO,Alfa Romeo,25.0,90.114,13.0,289,15.0,MEDIUM,True,1,,,True,49.4,37.0,6.0,False,2022,15.0
GAS,AlphaTauri,25.0,90.252,14.0,290,15.0,MEDIUM,True,1,,,True,49.4,37.0,6.0,False,2022,14.0
STR,Aston Martin,25.0,89.957,15.0,291,14.0,SOFT,False,1,,,True,49.4,37.0,6.0,False,2022,17.0
VET,Aston Martin,25.0,88.8,16.0,292,7.0,SOFT,False,1,,,True,49.4,37.0,6.0,False,2022,16.0
HAM,Mercedes,25.0,87.415,17.0,293,3.0,MEDIUM,True,1,,,True,49.4,37.0,6.0,False,2022,6.0
LAT,Williams,25.0,91.835,18.0,293,13.0,MEDIUM,True,1,,,True,49.4,37.0,6.0,False,2022,19.0
ALB,Williams,25.0,95.378,19.0,293,14.0,MEDIUM,True,1,0 days 01:40:43.056000,,False,49.4,37.0,6.0,False,2022,18.0
MAG,Haas F1 Team,25.0,92.489,20.0,293,24.0,MEDIUM,True,1,,,True,49.4,37.0,6.0,False,2022,8.0
LEC,Ferrari,26.0,87.279,1.0,294,5.0,MEDIUM,True,1,,,True,49.4,37.0,6.0,False,2022,1.0
RUS,Mercedes,26.0,88.687,2.0,294,13.0,MEDIUM,True,1,,,True,49.4,37.0,6.0,False,2022,4.0
VER,Red Bull Racing,26.0,88.486,3.0,295,13.0,MEDIUM,True,1,,,True,49.4,37.0,6.0,False,2022,2.0
PER,Red Bull Racing,26.0,88.498,4.0,296,9.0,MEDIUM,True,1,,,True,49.4,37.0,6.0,False,2022,5.0
BOT,Alfa Romeo,26.0,88.576,5.0,296,12.0,MEDIUM,True,1,,,True,49.4,37.0,6.0,False,2022,7.0
SAI,Ferrari,26.0,88.755,6.0,296,16.0,MEDIUM,True,1,,,True,49.4,37.0,7.0,False,2022,3.0
OCO,Alpine,26.0,89.641,7.0,297,13.0,MEDIUM,True,1,,,True,49.4,37.0,7.0,False,2022,12.0
NOR,McLaren,26.0,89.555,8.0,297,14.0,MEDIUM,True,1,,,True,49.4,37.0,7.0,False,2022,11.0
TSU,AlphaTauri,26.0,90.021,9.0,297,15.0,MEDIUM,True,1,,,True,49.4,37.0,7.0,False,2022,13.0
ALO,Alpine,26.0,90.135,10.0,297,16.0,MEDIUM,True,1,,,True,49.4,37.0,7.0,False,2022,20.0
MSC,Haas F1 Team,26.0,90.457,11.0,297,17.0,SOFT,False,1,,,True,49.4,37.0,7.0,False,2022,10.0
RIC,McLaren,26.0,90.299,12.0,297,18.0,SOFT,False,1,,,True,49.4,37.0,7.0,False,2022,9.0
ZHO,Alfa Romeo,26.0,90.163,13.0,298,16.0,MEDIUM,True,1,,,True,49.4,37.0,7.0,False,2022,15.0
GAS,AlphaTauri,26.0,90.82,14.0,299,16.0,MEDIUM,True,1,,,True,49.4,37.0,7.0,False,2022,14.0
STR,Aston Martin,26.0,90.687,15.0,300,15.0,SOFT,False,1,,,True,49.4,37.0,7.0,False,2022,17.0
VET,Aston Martin,26.0,89.347,16.0,301,8.0,SOFT,False,1,,,True,49.4,37.0,7.0,False,2022,16.0
HAM,Mercedes,26.0,87.156,17.0,302,4.0,MEDIUM,True,1,,,True,49.4,37.0,7.0,False,2022,6.0
LAT,Williams,26.0,94.403,18.0,302,14.0,MEDIUM,True,1,0 days 01:42:10.287000,,False,49.4,37.0,7.0,False,2022,19.0
MAG,Haas F1 Team,26.0,91.847,19.0,302,25.0,MEDIUM,True,1,,,True,49.4,37.0,7.0,False,2022,8.0
ALB,Williams,26.0,108.293,20.0,303,1.0,SOFT,True,1,,0 days 01:41:05.711000,False,49.4,37.0,7.0,False,2022,18.0
RUS,Mercedes,27.0,88.513,1.0,303,14.0,MEDIUM,True,1,,,True,49.4,37.0,7.0,False,2022,4.0
VER,Red Bull Racing,27.0,88.533,2.0,304,14.0,MEDIUM,True,1,,,True,49.4,37.0,7.0,False,2022,2.0
PER,Red Bull Racing,27.0,88.642,3.0,305,10.0,MEDIUM,True,1,,,True,49.4,37.0,7.0,False,2022,5.0
LEC,Ferrari,27.0,109.08,4.0,306,6.0,MEDIUM,True,1,0 days 01:42:32.020000,,False,49.4,37.0,7.0,False,2022,1.0
BOT,Alfa Romeo,27.0,88.508,5.0,306,13.0,MEDIUM,True,1,,,True,49.4,37.0,7.0,False,2022,7.0
SAI,Ferrari,27.0,88.548,6.0,306,17.0,MEDIUM,True,1,,,True,49.4,37.0,7.0,False,2022,3.0
OCO,Alpine,27.0,89.504,7.0,307,14.0,MEDIUM,True,1,,,True,49.4,37.0,7.0,False,2022,12.0
NOR,McLaren,27.0,89.201,8.0,307,15.0,MEDIUM,True,1,,,True,49.4,37.0,7.0,False,2022,11.0
TSU,AlphaTauri,27.0,89.746,9.0,307,16.0,MEDIUM,True,1,,,True,49.4,37.0,7.0,False,2022,13.0
ALO,Alpine,27.0,89.815,10.0,307,17.0,MEDIUM,True,1,,,True,49.4,37.0,7.0,False,2022,20.0
MSC,Haas F1 Team,27.0,90.17,11.0,307,18.0,SOFT,False,1,,,True,49.4,37.0,6.0,False,2022,10.0
RIC,McLaren,27.0,90.188,12.0,307,19.0,SOFT,False,1,,,True,49.4,37.0,6.0,False,2022,9.0
ZHO,Alfa Romeo,27.0,89.942,13.0,308,17.0,MEDIUM,True,1,,,True,49.4,37.0,6.0,False,2022,15.0
GAS,AlphaTauri,27.0,91.82,14.0,309,17.0,MEDIUM,True,1,,,True,49.4,37.0,6.0,False,2022,14.0
VET,Aston Martin,27.0,90.684,15.0,310,9.0,SOFT,False,1,,,True,49.4,37.0,6.0,False,2022,16.0
HAM,Mercedes,27.0,87.244,16.0,311,5.0,MEDIUM,True,1,,,True,49.4,37.0,6.0,False,2022,6.0
STR,Aston Martin,27.0,105.403,17.0,311,16.0,SOFT,False,1,0 days 01:43:33.664000,,False,49.4,37.0,6.0,False,2022,17.0
MAG,Haas F1 Team,27.0,91.143,18.0,311,26.0,MEDIUM,True,1,,,True,49.4,37.0,6.0,False,2022,8.0
LAT,Williams,27.0,108.12,19.0,312,1.0,SOFT,True,1,,0 days 01:42:32.589000,False,49.4,37.0,6.0,False,2022,19.0
ALB,Williams,27.0,89.46,20.0,312,2.0,SOFT,True,1,,,True,49.4,37.0,6.0,False,2022,18.0
RUS,Mercedes,28.0,88.838,1.0,312,15.0,MEDIUM,True,1,,,True,49.4,37.0,6.0,False,2022,4.0
PER,Red Bull Racing,28.0,88.61,2.0,313,11.0,MEDIUM,True,1,,,True,49.4,37.0,6.0,False,2022,5.0
VER,Red Bull Racing,28.0,92.263,3.0,313,15.0,MEDIUM,True,1,0 days 01:43:57.001000,,False,49.4,37.0,6.0,False,2022,2.0
BOT,Alfa Romeo,28.0,89.057,4.0,314,14.0,MEDIUM,True,1,,,True,49.4,37.0,6.0,False,2022,7.0
SAI,Ferrari,28.0,88.654,5.0,314,18.0,MEDIUM,True,1,,,True,49.4,37.0,7.0,False,2022,3.0
OCO,Alpine,28.0,89.942,6.0,315,15.0,MEDIUM,True,1,,,True,49.4,37.0,7.0,False,2022,12.0
NOR,McLaren,28.0,89.681,7.0,315,16.0,MEDIUM,True,1,,,True,49.4,37.0,7.0,False,2022,11.0
TSU,AlphaTauri,28.0,89.653,8.0,315,17.0,MEDIUM,True,1,,,True,49.4,37.0,7.0,False,2022,13.0
ALO,Alpine,28.0,89.914,9.0,315,18.0,MEDIUM,True,1,,,True,49.4,37.0,7.0,False,2022,20.0
MSC,Haas F1 Team,28.0,90.905,10.0,315,19.0,SOFT,False,1,,,True,49.4,37.0,7.0,False,2022,10.0
RIC,McLaren,28.0,90.606,11.0,315,20.0,SOFT,False,1,,,True,49.4,37.0,7.0,False,2022,9.0
GAS,AlphaTauri,28.0,90.191,12.0,316,18.0,MEDIUM,True,1,,,True,49.4,37.0,7.0,False,2022,14.0
VET,Aston Martin,28.0,89.055,13.0,317,10.0,SOFT,False,1,,,True,49.4,37.0,7.0,False,2022,16.0
HAM,Mercedes,28.0,86.99,14.0,318,6.0,MEDIUM,True,1,,,True,49.4,37.0,7.0,False,2022,6.0
ZHO,Alfa Romeo,28.0,111.317,15.0,318,18.0,MEDIUM,True,1,0 days 01:45:05.988000,,False,49.4,37.0,7.0,False,2022,15.0
MAG,Haas F1 Team,28.0,91.137,16.0,318,27.0,MEDIUM,True,1,,,True,49.3,37.2,7.0,False,2022,8.0
STR,Aston Martin,28.0,110.401,17.0,319,2.0,MEDIUM,False,1,,0 days 01:43:57.062000,False,49.3,37.2,7.0,False,2022,17.0
LAT,Williams,28.0,89.601,18.0,320,2.0,SOFT,True,1,,,True,49.3,37.2,7.0,False,2022,19.0
ALB,Williams,28.0,89.605,19.0,320,3.0,SOFT,True,1,,,True,49.3,37.2,7.0,False,2022,18.0
RUS,Mercedes,29.0,88.799,1.0,320,16.0,MEDIUM,True,1,,,True,49.3,37.2,7.0,False,2022,4.0
PER,Red Bull Racing,29.0,87.972,2.0,321,12.0,MEDIUM,True,1,,,True,49.3,37.2,7.0,False,2022,5.0
BOT,Alfa Romeo,29.0,88.695,3.0,321,15.0,MEDIUM,True,1,,,True,49.3,37.2,7.0,False,2022,7.0
VER,Red Bull Racing,29.0,103.366,4.0,322,4.0,SOFT,False,1,,0 days 01:44:18.970000,False,49.3,37.2,7.0,False,2022,2.0
SAI,Ferrari,29.0,89.525,5.0,322,19.0,MEDIUM,True,1,,,True,49.3,37.2,7.0,False,2022,3.0
OCO,Alpine,29.0,89.786,6.0,323,16.0,MEDIUM,True,1,,,True,49.3,37.2,7.0,False,2022,12.0
NOR,McLaren,29.0,89.371,7.0,323,17.0,MEDIUM,True,1,,,True,49.3,37.2,7.0,False,2022,11.0
TSU,AlphaTauri,29.0,89.742,8.0,323,18.0,MEDIUM,True,1,,,True,49.3,37.2,7.0,False,2022,13.0
ALO,Alpine,29.0,89.714,9.0,323,19.0,MEDIUM,True,1,,,True,49.3,37.2,7.0,False,2022,20.0
MSC,Haas F1 Team,29.0,90.515,10.0,323,20.0,SOFT,False,1,,,True,49.3,37.2,6.0,False,2022,10.0
RIC,McLaren,29.0,90.702,11.0,323,21.0,SOFT,False,1,,,True,49.3,37.2,6.0,False,2022,9.0
VET,Aston Martin,29.0,90.368,12.0,324,11.0,SOFT,False,1,,,True,49.3,37.2,6.0,False,2022,16.0
HAM,Mercedes,29.0,87.619,13.0,325,7.0,MEDIUM,True,1,,,True,49.3,37.2,6.0,False,2022,6.0
GAS,AlphaTauri,29.0,94.406,14.0,325,19.0,MEDIUM,True,1,0 days 01:46:24.252000,,False,49.3,37.2,6.0,False,2022,14.0
STR,Aston Martin,29.0,89.823,15.0,326,3.0,MEDIUM,False,1,,,True,49.3,37.2,6.0,False,2022,17.0
LAT,Williams,29.0,89.282,16.0,327,3.0,SOFT,True,1,,,True,49.3,37.2,6.0,False,2022,19.0
MAG,Haas F1 Team,29.0,99.076,17.0,327,28.0,MEDIUM,True,1,0 days 01:46:59.867000,,False,49.3,37.2,6.0,False,2022,8.0
ALB,Williams,29.0,89.801,18.0,328,4.0,SOFT,True,1,,,True,49.3,37.2,6.0,False,2022,18.0
RUS,Mercedes,30.0,88.626,1.0,328,17.0,MEDIUM,True,1,,,True,49.3,37.2,6.0,False,2022,4.0
PER,Red Bull Racing,30.0,88.328,2.0,329,13.0,MEDIUM,True,1,,,True,49.3,37.2,6.0,False,2022,5.0
BOT,Alfa Romeo,30.0,88.692,3.0,329,16.0,MEDIUM,True,1,,,True,49.3,37.2,6.0,False,2022,7.0
VER,Red Bull Racing,30.0,85.732,4.0,330,5.0,SOFT,False,1,,,True,49.3,37.2,6.0,False,2022,2.0
SAI,Ferrari,30.0,88.827,5.0,330,20.0,MEDIUM,True,1,,,True,49.3,37.2,6.0,False,2022,3.0
OCO,Alpine,30.0,89.672,6.0,331,17.0,MEDIUM,True,1,,,True,49.3,37.2,6.0,False,2022,12.0
NOR,McLaren,30.0,89.6,7.0,331,18.0,MEDIUM,True,1,,,True,49.3,37.2,6.0,False,2022,11.0
TSU,AlphaTauri,30.0,89.796,8.0,331,19.0,MEDIUM,True,1,,,True,49.3,37.2,6.0,False,2022,13.0
ALO,Alpine,30.0,89.996,9.0,331,20.0,MEDIUM,True,1,,,True,49.3,37.2,6.0,False,2022,20.0
RIC,McLaren,30.0,90.342,10.0,331,22.0,SOFT,False,1,,,True,49.3,37.2,6.0,False,2022,9.0
MSC,Haas F1 Team,30.0,94.265,11.0,332,21.0,SOFT,False,1,0 days 01:47:46.261000,,False,49.3,37.2,6.0,False,2022,10.0
HAM,Mercedes,30.0,86.711,12.0,333,8.0,MEDIUM,True,1,,,True,49.3,37.2,6.0,False,2022,6.0
VET,Aston Martin,30.0,89.393,13.0,333,12.0,SOFT,False,1,,,True,49.3,37.2,6.0,False,2022,16.0
GAS,AlphaTauri,30.0,112.145,14.0,334,4.0,SOFT,False,1,,0 days 01:46:52.176000,False,49.3,37.2,6.0,False,2022,14.0
STR,Aston Martin,30.0,88.99,15.0,335,4.0,MEDIUM,False,1,,,True,49.3,37.2,6.0,False,2022,17.0
LAT,Williams,30.0,89.083,16.0,336,4.0,SOFT,True,1,,,True,49.3,37.2,6.0,False,2022,19.0
ALB,Williams,30.0,89.939,17.0,336,5.0,SOFT,True,1,,,True,49.3,37.2,6.0,False,2022,18.0
MAG,Haas F1 Team,30.0,110.257,18.0,337,1.0,HARD,True,1,,0 days 01:47:23.706000,False,49.3,37.2,6.0,False,2022,8.0
PER,Red Bull Racing,31.0,87.92,1.0,337,14.0,MEDIUM,True,1,,,True,49.3,37.2,6.0,False,2022,5.0
RUS,Mercedes,31.0,90.146,2.0,337,18.0,MEDIUM,True,1,,,True,49.3,37.2,6.0,False,2022,4.0
VER,Red Bull Racing,31.0,87.0,3.0,338,6.0,SOFT,False,1,,,True,49.3,37.2,6.0,False,2022,2.0
BOT,Alfa Romeo,31.0,89.25,4.0,338,17.0,MEDIUM,True,1,,,True,49.3,37.2,6.0,False,2022,7.0
SAI,Ferrari,31.0,92.7,5.0,338,21.0,MEDIUM,True,1,0 days 01:48:46.836000,,False,49.3,37.2,6.0,False,2022,3.0
OCO,Alpine,31.0,91.062,6.0,339,18.0,MEDIUM,True,1,,,True,49.3,37.2,6.0,False,2022,12.0
NOR,McLaren,31.0,89.122,7.0,339,19.0,MEDIUM,True,1,,,True,49.3,37.2,6.0,False,2022,11.0
TSU,AlphaTauri,31.0,89.48,8.0,339,20.0,MEDIUM,True,1,,,True,49.3,37.2,6.0,False,2022,13.0
ALO,Alpine,31.0,93.694,9.0,339,21.0,MEDIUM,True,1,0 days 01:49:10.481000,,False,49.3,37.2,6.0,False,2022,20.0
HAM,Mercedes,31.0,87.364,10.0,340,9.0,MEDIUM,True,1,,,True,49.5,37.1,6.0,False,2022,6.0
RIC,McLaren,31.0,94.152,11.0,340,23.0,SOFT,False,1,0 days 01:49:18.815000,,False,49.5,37.1,6.0,False,2022,9.0
VET,Aston Martin,31.0,88.715,12.0,341,13.0,SOFT,False,1,,,True,49.5,37.1,6.0,False,2022,16.0
MSC,Haas F1 Team,31.0,106.912,13.0,342,1.0,MEDIUM,True,1,,0 days 01:48:09.360000,False,49.5,37.1,6.0,False,2022,10.0
GAS,AlphaTauri,31.0,88.16,14.0,342,5.0,SOFT,False,1,,,True,49.5,37.1,6.0,False,2022,14.0
STR,Aston Martin,31.0,88.943,15.0,343,5.0,MEDIUM,False,1,,,True,49.5,37.1,6.0,False,2022,17.0
LAT,Williams,31.0,89.187,16.0,344,5.0,SOFT,True,1,,,True,49.5,37.1,6.0,False,2022,19.0
ALB,Williams,31.0,90.928,17.0,344,6.0,SOFT,True,1,,,True,49.5,37.1,6.0,False,2022,18.0
MAG,Haas F1 Team,31.0,88.569,18.0,345,2.0,HARD,True,1,,,True,49.5,37.1,6.0,False,2022,8.0
PER,Red Bull Racing,32.0,88.276,1.0,345,15.0,MEDIUM,True,1,,,True,49.5,37.1,6.0,False,2022,5.0
RUS,Mercedes,32.0,89.244,2.0,345,19.0,MEDIUM,True,1,,,True,49.5,37.1,6.0,False,2022,4.0
VER,Red Bull Racing,32.0,85.974,3.0,346,7.0,SOFT,False,1,,,True,49.5,37.1,6.0,False,2022,2.0
BOT,Alfa Romeo,32.0,88.803,4.0,346,18.0,MEDIUM,True,1,,,True,49.5,37.1,6.0,False,2022,7.0
OCO,Alpine,32.0,89.863,5.0,346,19.0,MEDIUM,True,1,,,True,49.5,37.1,6.0,False,2022,12.0
NOR,McLaren,32.0,89.309,6.0,346,20.0,MEDIUM,True,1,,,True,49.5,37.1,6.0,False,2022,11.0
SAI,Ferrari,32.0,105.94,7.0,347,1.0,MEDIUM,True,1,,0 days 01:49:08.678000,False,49.5,37.1,6.0,False,2022,3.0
TSU,AlphaTauri,32.0,93.438,8.0,347,21.0,MEDIUM,True,1,0 days 01:50:35.980000,,False,49.5,37.1,6.0,False,2022,13.0
HAM,Mercedes,32.0,86.329,9.0,348,10.0,MEDIUM,True,1,,,True,49.5,37.1,6.0,False,2022,6.0
VET,Aston Martin,32.0,88.556,10.0,348,14.0,SOFT,False,1,,,True,49.5,37.1,6.0,False,2022,16.0
ALO,Alpine,32.0,105.671,11.0,349,1.0,SOFT,True,1,,0 days 01:49:32.417000,False,49.5,37.1,6.0,False,2022,20.0
MSC,Haas F1 Team,32.0,87.447,12.0,349,2.0,MEDIUM,True,1,,,True,49.5,37.1,6.0,False,2022,10.0
RIC,McLaren,32.0,107.364,13.0,350,1.0,MEDIUM,True,1,,0 days 01:49:41.205000,False,49.5,37.1,6.0,False,2022,9.0
GAS,AlphaTauri,32.0,88.005,14.0,350,6.0,SOFT,False,1,,,True,49.5,37.0,6.0,False,2022,14.0
STR,Aston Martin,32.0,89.034,15.0,351,6.0,MEDIUM,False,1,,,True,49.5,37.0,6.0,False,2022,17.0
LAT,Williams,32.0,89.621,16.0,352,6.0,SOFT,True,1,,,True,49.5,37.0,6.0,False,2022,19.0
ALB,Williams,32.0,90.177,17.0,352,7.0,SOFT,True,1,,,True,49.5,37.0,6.0,False,2022,18.0
MAG,Haas F1 Team,32.0,87.756,18.0,353,3.0,HARD,True,1,,,True,49.5,37.0,6.0,False,2022,8.0
PER,Red Bull Racing,33.0,88.393,1.0,353,16.0,MEDIUM,True,1,,,True,49.5,37.0,6.0,False,2022,5.0
RUS,Mercedes,33.0,89.286,2.0,353,20.0,MEDIUM,True,1,,,True,49.5,37.0,6.0,False,2022,4.0
VER,Red Bull Racing,33.0,86.799,3.0,354,8.0,SOFT,False,1,,,True,49.5,37.0,6.0,False,2022,2.0
BOT,Alfa Romeo,33.0,89.322,4.0,354,19.0,MEDIUM,True,1,,,True,49.5,37.0,6.0,False,2022,7.0
OCO,Alpine,33.0,89.663,5.0,354,20.0,MEDIUM,True,1,,,True,49.5,37.0,6.0,False,2022,12.0
NOR,McLaren,33.0,92.718,6.0,354,21.0,MEDIUM,True,1,0 days 01:51:59.173000,,False,49.5,37.0,6.0,False,2022,11.0
SAI,Ferrari,33.0,86.673,7.0,355,2.0,MEDIUM,True,1,,,True,49.5,37.0,6.0,False,2022,3.0
HAM,Mercedes,33.0,86.895,8.0,355,11.0,MEDIUM,True,1,,,True,49.5,37.0,6.0,False,2022,6.0
VET,Aston Martin,33.0,88.729,9.0,355,15.0,SOFT,False,1,,,True,49.3,36.7,6.0,False,2022,16.0
TSU,AlphaTauri,33.0,107.423,10.0,356,4.0,SOFT,False,1,,0 days 01:50:58.761000,False,49.3,36.7,6.0,False,2022,13.0
ALO,Alpine,33.0,87.707,11.0,357,2.0,SOFT,True,1,,,True,49.3,36.7,6.0,False,2022,20.0
MSC,Haas F1 Team,33.0,87.654,12.0,357,3.0,MEDIUM,True,1,,,True,49.3,36.7,6.0,False,2022,10.0
RIC,McLaren,33.0,88.741,13.0,358,2.0,MEDIUM,True,1,,,True,49.3,36.7,6.0,False,2022,9.0
GAS,AlphaTauri,33.0,88.19,14.0,358,7.0,SOFT,False,1,,,True,49.3,36.7,6.0,False,2022,14.0
STR,Aston Martin,33.0,88.746,15.0,359,7.0,MEDIUM,False,1,,,True,49.3,36.7,6.0,False,2022,17.0
LAT,Williams,33.0,90.987,16.0,360,7.0,SOFT,True,1,,,True,49.3,36.7,6.0,False,2022,19.0
ALB,Williams,33.0,91.53,17.0,360,8.0,SOFT,True,1,,,True,49.3,36.7,6.0,False,2022,18.0
MAG,Haas F1 Team,33.0,87.991,18.0,361,4.0,HARD,True,1,,,True,49.2,36.7,7.0,False,2022,8.0
PER,Red Bull Racing,34.0,88.047,1.0,361,17.0,MEDIUM,True,1,,,True,49.3,36.7,6.0,False,2022,5.0
RUS,Mercedes,34.0,89.221,2.0,361,21.0,MEDIUM,True,1,,,True,49.3,36.7,6.0,False,2022,4.0
VER,Red Bull Racing,34.0,86.517,3.0,362,9.0,SOFT,False,1,,,True,49.3,36.7,6.0,False,2022,2.0
BOT,Alfa Romeo,34.0,92.22,4.0,362,20.0,MEDIUM,True,1,0 days 01:53:04.635000,,False,49.3,36.7,6.0,False,2022,7.0
OCO,Alpine,34.0,89.418,5.0,362,21.0,MEDIUM,True,1,,,True,49.2,36.7,7.0,False,2022,12.0
SAI,Ferrari,34.0,86.627,6.0,363,3.0,MEDIUM,True,1,,,True,49.2,36.7,7.0,False,2022,3.0
HAM,Mercedes,34.0,86.697,7.0,363,12.0,MEDIUM,True,1,,,True,49.2,36.7,7.0,False,2022,6.0
VET,Aston Martin,34.0,88.676,8.0,363,16.0,SOFT,False,1,,,True,49.2,36.7,7.0,False,2022,16.0
NOR,McLaren,34.0,109.283,9.0,364,4.0,SOFT,False,1,,0 days 01:52:22.458000,False,49.2,36.7,7.0,False,2022,11.0
ALO,Alpine,34.0,87.898,10.0,365,3.0,SOFT,True,1,,,True,49.2,36.7,7.0,False,2022,20.0
TSU,AlphaTauri,34.0,89.888,11.0,365,5.0,SOFT,False,1,,,True,49.2,36.7,7.0,False,2022,13.0
MSC,Haas F1 Team,34.0,87.939,12.0,366,4.0,MEDIUM,True,1,,,True,49.2,36.7,7.0,False,2022,10.0
RIC,McLaren,34.0,88.271,13.0,367,3.0,MEDIUM,True,1,,,True,49.2,36.7,7.0,False,2022,9.0
GAS,AlphaTauri,34.0,88.216,14.0,367,8.0,SOFT,False,1,,,True,49.2,36.7,7.0,False,2022,14.0
STR,Aston Martin,34.0,88.744,15.0,368,8.0,MEDIUM,False,1,,,True,49.1,36.7,7.0,False,2022,17.0
LAT,Williams,34.0,89.286,16.0,369,8.0,SOFT,True,1,,,True,49.1,36.7,7.0,False,2022,19.0
ALB,Williams,34.0,90.018,17.0,369,9.0,SOFT,True,1,,,True,49.1,36.7,7.0,False,2022,18.0
MAG,Haas F1 Team,34.0,87.746,18.0,370,5.0,HARD,True,1,,,True,49.1,36.7,7.0,False,2022,8.0
PER,Red Bull Racing,35.0,88.288,1.0,370,18.0,MEDIUM,True,1,,,True,49.1,36.7,7.0,False,2022,5.0
RUS,Mercedes,35.0,88.956,2.0,370,22.0,MEDIUM,True,1,,,True,49.1,36.7,7.0,False,2022,4.0
VER,Red Bull Racing,35.0,86.951,3.0,371,10.0,SOFT,False,1,,,True,49.1,36.7,7.0,False,2022,2.0
BOT,Alfa Romeo,35.0,106.198,4.0,372,1.0,MEDIUM,True,1,,0 days 01:53:27.161000,False,49.1,36.7,7.0,False,2022,7.0
SAI,Ferrari,35.0,87.053,5.0,372,4.0,MEDIUM,True,1,,,True,49.1,36.7,7.0,False,2022,3.0
OCO,Alpine,35.0,93.452,6.0,372,22.0,MEDIUM,True,1,0 days 01:54:54.070000,,False,49.1,36.7,7.0,False,2022,12.0
HAM,Mercedes,35.0,87.31,7.0,373,13.0,MEDIUM,True,1,,,True,49.1,36.7,7.0,False,2022,6.0
VET,Aston Martin,35.0,88.624,8.0,373,17.0,SOFT,False,1,,,True,49.1,36.6,7.0,False,2022,16.0
NOR,McLaren,35.0,88.724,9.0,374,5.0,SOFT,False,1,,,True,49.1,36.6,7.0,False,2022,11.0
ALO,Alpine,35.0,88.735,10.0,375,4.0,SOFT,True,1,,,True,49.1,36.6,7.0,False,2022,20.0
TSU,AlphaTauri,35.0,88.625,11.0,375,6.0,SOFT,False,1,,,True,49.1,36.6,7.0,False,2022,13.0
MSC,Haas F1 Team,35.0,88.456,12.0,376,5.0,MEDIUM,True,1,,,True,49.1,36.6,7.0,False,2022,10.0
RIC,McLaren,35.0,88.397,13.0,377,4.0,MEDIUM,True,1,,,True,49.1,36.6,7.0,False,2022,9.0
GAS,AlphaTauri,35.0,88.136,14.0,377,9.0,SOFT,False,1,,,True,49.1,36.6,7.0,False,2022,14.0
STR,Aston Martin,35.0,90.825,15.0,378,9.0,MEDIUM,False,1,,,True,49.1,36.6,7.0,False,2022,17.0
LAT,Williams,35.0,89.831,16.0,379,9.0,SOFT,True,1,,,True,49.1,36.6,7.0,False,2022,19.0
ALB,Williams,35.0,89.893,17.0,379,10.0,SOFT,True,1,,,True,49.1,36.6,7.0,False,2022,18.0
MAG,Haas F1 Team,35.0,88.117,18.0,380,6.0,HARD,True,1,,,True,49.1,36.6,7.0,False,2022,8.0
PER,Red Bull Racing,36.0,88.433,1.0,380,19.0,MEDIUM,True,1,,,True,49.1,36.6,7.0,False,2022,5.0
VER,Red Bull Racing,36.0,87.255,2.0,381,11.0,SOFT,False,1,,,True,49.1,36.6,7.0,False,2022,2.0
RUS,Mercedes,36.0,92.633,3.0,381,23.0,MEDIUM,True,1,0 days 01:55:49.895000,,False,49.1,36.6,7.0,False,2022,4.0
BOT,Alfa Romeo,36.0,86.395,4.0,382,2.0,MEDIUM,True,1,,,True,49.0,36.6,7.0,False,2022,7.0
SAI,Ferrari,36.0,86.849,5.0,382,5.0,MEDIUM,True,1,,,True,49.0,36.6,7.0,False,2022,3.0
HAM,Mercedes,36.0,86.976,6.0,382,14.0,MEDIUM,True,1,,,True,49.0,36.6,7.0,False,2022,6.0
OCO,Alpine,36.0,106.285,7.0,383,4.0,SOFT,False,1,,0 days 01:55:16.973000,False,49.0,36.6,7.0,False,2022,12.0
VET,Aston Martin,36.0,89.603,8.0,383,18.0,SOFT,False,1,,,True,49.0,36.6,7.0,False,2022,16.0
NOR,McLaren,36.0,88.221,9.0,384,6.0,SOFT,False,1,,,True,49.0,36.6,7.0,False,2022,11.0
ALO,Alpine,36.0,88.382,10.0,385,5.0,SOFT,True,1,,,True,49.0,36.6,7.0,False,2022,20.0
TSU,AlphaTauri,36.0,88.304,11.0,385,7.0,SOFT,False,1,,,True,49.0,36.6,7.0,False,2022,13.0
MSC,Haas F1 Team,36.0,88.359,12.0,386,6.0,MEDIUM,True,1,,,True,49.0,36.6,7.0,False,2022,10.0
RIC,McLaren,36.0,88.475,13.0,387,5.0,MEDIUM,True,1,,,True,49.0,36.6,7.0,False,2022,9.0
GAS,AlphaTauri,36.0,88.448,14.0,387,10.0,SOFT,False,1,,,True,49.0,36.6,7.0,False,2022,14.0
STR,Aston Martin,36.0,88.816,15.0,388,10.0,MEDIUM,False,1,,,True,49.0,36.6,7.0,False,2022,17.0
LAT,Williams,36.0,89.764,16.0,389,10.0,SOFT,True,1,,,True,49.0,36.6,7.0,False,2022,19.0
ALB,Williams,36.0,89.988,17.0,389,11.0,SOFT,True,1,,,True,49.0,36.6,7.0,False,2022,18.0
MAG,Haas F1 Team,36.0,88.223,18.0,390,7.0,HARD,True,1,,,True,49.0,36.6,7.0,False,2022,8.0
PER,Red Bull Racing,37.0,92.252,1.0,390,20.0,MEDIUM,True,1,0 days 01:57:12.660000,,False,49.0,36.6,7.0,False,2022,5.0
VER,Red Bull Racing,37.0,86.773,2.0,391,12.0,SOFT,False,1,,,True,49.0,36.6,7.0,False,2022,2.0
RUS,Mercedes,37.0,104.507,3.0,392,1.0,MEDIUM,True,1,,0 days 01:56:11.916000,False,49.0,36.6,7.0,False,2022,4.0
BOT,Alfa Romeo,37.0,87.343,4.0,392,3.0,MEDIUM,True,1,,,True,49.0,36.6,7.0,False,2022,7.0
SAI,Ferrari,37.0,86.837,5.0,392,6.0,MEDIUM,True,1,,,True,49.0,36.6,7.0,False,2022,3.0
HAM,Mercedes,37.0,86.956,6.0,392,15.0,MEDIUM,True,1,,,True,49.0,36.6,7.0,False,2022,6.0
OCO,Alpine,37.0,87.027,7.0,393,5.0,SOFT,False,1,,,True,49.0,36.6,7.0,False,2022,12.0
VET,Aston Martin,37.0,88.58,8.0,393,19.0,SOFT,False,1,,,True,49.3,36.8,7.0,False,2022,16.0
NOR,McLaren,37.0,87.683,9.0,394,7.0,SOFT,False,1,,,True,49.3,36.8,7.0,False,2022,11.0
ALO,Alpine,37.0,88.053,10.0,395,6.0,SOFT,True,1,,,True,49.3,36.8,7.0,False,2022,20.0
TSU,AlphaTauri,37.0,88.036,11.0,395,8.0,SOFT,False,1,,,True,49.3,36.8,7.0,False,2022,13.0
MSC,Haas F1 Team,37.0,88.609,12.0,396,7.0,MEDIUM,True,1,,,True,49.3,36.8,7.0,False,2022,10.0
RIC,McLaren,37.0,88.418,13.0,397,6.0,MEDIUM,True,1,,,True,49.3,36.8,7.0,False,2022,9.0
GAS,AlphaTauri,37.0,88.327,14.0,397,11.0,SOFT,False,1,,,True,49.3,36.8,7.0,False,2022,14.0
STR,Aston Martin,37.0,88.436,15.0,398,11.0,MEDIUM,False,1,,,True,49.3,36.8,7.0,False,2022,17.0
LAT,Williams,37.0,89.756,16.0,399,11.0,SOFT,True,1,,,True,49.3,36.8,7.0,False,2022,19.0
ALB,Williams,37.0,91.314,17.0,399,12.0,SOFT,True,1,,,True,49.3,36.8,7.0,False,2022,18.0
MAG,Haas F1 Team,37.0,88.37,18.0,400,8.0,HARD,True,1,,,True,49.3,36.8,7.0,False,2022,8.0
VER,Red Bull Racing,38.0,86.586,1.0,400,13.0,SOFT,False,1,,,True,49.3,36.8,7.0,False,2022,2.0
PER,Red Bull Racing,38.0,104.438,2.0,401,1.0,MEDIUM,True,1,,0 days 01:57:34.252000,False,49.3,36.8,7.0,False,2022,5.0
RUS,Mercedes,38.0,86.839,3.0,401,2.0,MEDIUM,True,1,,,True,49.3,36.8,7.0,False,2022,4.0
BOT,Alfa Romeo,38.0,87.335,4.0,401,4.0,MEDIUM,True,1,,,True,49.1,36.9,7.0,False,2022,7.0
SAI,Ferrari,38.0,86.915,5.0,401,7.0,MEDIUM,True,1,,,True,49.1,36.9,7.0,False,2022,3.0
HAM,Mercedes,38.0,87.157,6.0,401,16.0,MEDIUM,True,1,,,True,49.1,36.9,7.0,False,2022,6.0
OCO,Alpine,38.0,87.438,7.0,402,6.0,SOFT,False,1,,,True,49.1,36.9,7.0,False,2022,12.0
VET,Aston Martin,38.0,88.876,8.0,402,20.0,SOFT,False,1,,,True,49.1,36.9,7.0,False,2022,16.0
NOR,McLaren,38.0,88.069,9.0,403,8.0,SOFT,False,1,,,True,49.1,36.9,7.0,False,2022,11.0
ALO,Alpine,38.0,88.089,10.0,404,7.0,SOFT,True,1,,,True,49.1,36.9,7.0,False,2022,20.0
TSU,AlphaTauri,38.0,88.142,11.0,404,9.0,SOFT,False,1,,,True,49.1,36.9,7.0,False,2022,13.0
MSC,Haas F1 Team,38.0,88.703,12.0,405,8.0,MEDIUM,True,1,,,True,49.1,36.9,7.0,False,2022,10.0
RIC,McLaren,38.0,88.575,13.0,406,7.0,MEDIUM,True,1,,,True,49.1,36.9,7.0,False,2022,9.0
GAS,AlphaTauri,38.0,88.808,14.0,406,12.0,SOFT,False,1,,,True,49.1,36.9,7.0,False,2022,14.0
STR,Aston Martin,38.0,88.865,15.0,407,12.0,MEDIUM,False,1,,,True,49.1,36.7,7.0,False,2022,17.0
LAT,Williams,38.0,90.934,16.0,408,12.0,SOFT,True,1,,,True,49.1,36.7,7.0,False,2022,19.0
ALB,Williams,38.0,90.364,17.0,408,13.0,SOFT,True,1,,,True,49.1,36.7,7.0,False,2022,18.0
MAG,Haas F1 Team,38.0,88.926,18.0,409,9.0,HARD,True,1,,,True,49.1,36.7,7.0,False,2022,8.0
VER,Red Bull Racing,39.0,86.776,1.0,409,14.0,SOFT,False,1,,,True,49.1,36.9,7.0,False,2022,2.0
PER,Red Bull Racing,39.0,86.649,2.0,410,2.0,MEDIUM,True,1,,,True,49.1,36.7,7.0,False,2022,5.0
RUS,Mercedes,39.0,87.082,3.0,410,3.0,MEDIUM,True,1,,,True,49.1,36.7,7.0,False,2022,4.0
BOT,Alfa Romeo,39.0,87.314,4.0,410,5.0,MEDIUM,True,1,,,True,49.1,36.7,7.0,False,2022,7.0
SAI,Ferrari,39.0,87.165,5.0,410,8.0,MEDIUM,True,1,,,True,49.1,36.7,7.0,False,2022,3.0
HAM,Mercedes,39.0,86.82,6.0,410,17.0,MEDIUM,True,1,,,True,49.1,36.7,7.0,False,2022,6.0
OCO,Alpine,39.0,87.481,7.0,411,7.0,SOFT,False,1,,,True,49.1,36.7,7.0,False,2022,12.0
NOR,McLaren,39.0,87.116,8.0,411,9.0,SOFT,False,1,,,True,49.1,36.7,7.0,False,2022,11.0
VET,Aston Martin,39.0,89.96,9.0,411,21.0,SOFT,False,1,,,True,49.1,36.7,7.0,False,2022,16.0
ALO,Alpine,39.0,88.234,10.0,412,8.0,SOFT,True,1,,,True,49.1,36.8,8.0,False,2022,20.0
TSU,AlphaTauri,39.0,88.255,11.0,412,10.0,SOFT,False,1,,,True,49.1,36.8,8.0,False,2022,13.0
MSC,Haas F1 Team,39.0,89.311,12.0,413,9.0,MEDIUM,True,1,,,True,49.1,36.8,8.0,False,2022,10.0
RIC,McLaren,39.0,88.594,13.0,414,8.0,MEDIUM,True,1,,,True,49.1,36.8,8.0,False,2022,9.0
GAS,AlphaTauri,39.0,88.632,14.0,414,13.0,SOFT,False,1,,,True,49.1,36.8,8.0,False,2022,14.0
STR,Aston Martin,39.0,89.218,15.0,415,13.0,MEDIUM,False,1,,,True,49.1,36.8,8.0,False,2022,17.0
LAT,Williams,39.0,90.079,16.0,416,13.0,SOFT,True,1,,,True,49.1,36.8,8.0,False,2022,19.0
ALB,Williams,39.0,90.624,17.0,416,14.0,SOFT,True,1,,,True,49.1,36.8,8.0,False,2022,18.0
MAG,Haas F1 Team,39.0,89.578,18.0,417,10.0,HARD,True,1,,,True,49.1,36.8,8.0,False,2022,8.0
VER,Red Bull Racing,40.0,86.93,1.0,417,15.0,SOFT,False,1,,,True,49.1,36.8,8.0,False,2022,2.0
PER,Red Bull Racing,40.0,86.9,2.0,418,3.0,MEDIUM,True,1,,,True,49.1,36.8,8.0,False,2022,5.0
RUS,Mercedes,40.0,87.943,3.0,418,4.0,MEDIUM,True,1,,,True,49.1,36.8,8.0,False,2022,4.0
BOT,Alfa Romeo,40.0,87.449,4.0,418,6.0,MEDIUM,True,1,,,True,49.1,36.8,8.0,False,2022,7.0
SAI,Ferrari,40.0,87.633,5.0,418,9.0,MEDIUM,True,1,,,True,49.1,36.8,8.0,False,2022,3.0
HAM,Mercedes,40.0,87.34,6.0,418,18.0,MEDIUM,True,1,,,True,49.0,36.8,8.0,False,2022,6.0
OCO,Alpine,40.0,87.301,7.0,419,8.0,SOFT,False,1,,,True,49.0,36.8,8.0,False,2022,12.0
NOR,McLaren,40.0,87.28,8.0,419,10.0,SOFT,False,1,,,True,49.0,36.8,8.0,False,2022,11.0
VET,Aston Martin,40.0,89.423,9.0,419,22.0,SOFT,False,1,,,True,49.0,36.8,8.0,False,2022,16.0
ALO,Alpine,40.0,88.445,10.0,420,9.0,SOFT,True,1,,,True,49.0,36.8,8.0,False,2022,20.0
TSU,AlphaTauri,40.0,88.531,11.0,420,11.0,SOFT,False,1,,,True,49.0,36.8,8.0,False,2022,13.0
MSC,Haas F1 Team,40.0,89.501,12.0,421,10.0,MEDIUM,True,1,,,True,49.0,36.8,8.0,False,2022,10.0
RIC,McLaren,40.0,88.871,13.0,422,9.0,MEDIUM,True,1,,,True,49.0,36.8,8.0,False,2022,9.0
GAS,AlphaTauri,40.0,88.617,14.0,422,14.0,SOFT,False,1,,,True,49.0,36.8,8.0,False,2022,14.0
STR,Aston Martin,40.0,89.108,15.0,423,14.0,MEDIUM,False,1,,,True,49.0,36.6,8.0,False,2022,17.0
LAT,Williams,40.0,90.826,16.0,424,14.0,SOFT,True,1,,,True,49.0,36.6,8.0,False,2022,19.0
MAG,Haas F1 Team,40.0,88.467,17.0,425,11.0,HARD,True,1,,,True,49.0,36.6,8.0,False,2022,8.0
ALB,Williams,40.0,93.007,18.0,425,15.0,SOFT,True,1,,,True,49.0,36.6,8.0,False,2022,18.0
VER,Red Bull Racing,41.0,87.455,1.0,425,16.0,SOFT,False,1,,,True,49.0,36.8,8.0,False,2022,2.0
PER,Red Bull Racing,41.0,86.816,2.0,426,4.0,MEDIUM,True,1,,,True,49.0,36.6,8.0,False,2022,5.0
RUS,Mercedes,41.0,87.348,3.0,426,5.0,MEDIUM,True,1,,,True,49.0,36.6,8.0,False,2022,4.0
BOT,Alfa Romeo,41.0,88.315,4.0,426,7.0,MEDIUM,True,1,,,True,49.0,36.6,8.0,False,2022,7.0
SAI,Ferrari,41.0,87.834,5.0,426,10.0,MEDIUM,True,1,,,True,49.0,36.6,8.0,False,2022,3.0
HAM,Mercedes,41.0,87.36,6.0,426,19.0,MEDIUM,True,1,,,True,49.0,36.6,8.0,False,2022,6.0
OCO,Alpine,41.0,87.642,7.0,427,9.0,SOFT,False,1,,,True,49.0,36.6,8.0,False,2022,12.0
NOR,McLaren,41.0,87.573,8.0,427,11.0,SOFT,False,1,,,True,49.0,36.6,8.0,False,2022,11.0
VET,Aston Martin,41.0,89.357,9.0,427,23.0,SOFT,False,1,,,True,49.0,36.6,8.0,False,2022,16.0
ALO,Alpine,41.0,88.339,10.0,428,10.0,SOFT,True,1,,,True,49.0,36.6,8.0,False,2022,20.0
TSU,AlphaTauri,41.0,88.571,11.0,428,12.0,SOFT,False,1,,,True,49.0,36.6,7.0,False,2022,13.0
MSC,Haas F1 Team,41.0,89.351,12.0,429,11.0,MEDIUM,True,1,,,True,49.0,36.6,7.0,False,2022,10.0
RIC,McLaren,41.0,89.17,13.0,430,10.0,MEDIUM,True,1,,,True,49.0,36.6,7.0,False,2022,9.0
GAS,AlphaTauri,41.0,90.683,14.0,430,15.0,SOFT,False,1,,,True,49.0,36.6,7.0,False,2022,14.0
STR,Aston Martin,41.0,88.85,15.0,431,15.0,MEDIUM,False,1,,,True,49.0,36.6,7.0,False,2022,17.0
LAT,Williams,41.0,89.444,16.0,432,15.0,SOFT,True,1,,,True,49.0,36.6,7.0,False,2022,19.0
MAG,Haas F1 Team,41.0,92.026,17.0,433,12.0,HARD,True,1,,,True,49.0,36.6,7.0,False,2022,8.0
ALB,Williams,41.0,90.916,18.0,433,16.0,SOFT,True,1,,,True,49.0,36.6,7.0,False,2022,18.0
VER,Red Bull Racing,42.0,87.176,1.0,433,17.0,SOFT,False,1,,,True,49.0,36.6,7.0,False,2022,2.0
PER,Red Bull Racing,42.0,87.184,2.0,434,5.0,MEDIUM,True,1,,,True,49.0,36.6,7.0,False,2022,5.0
RUS,Mercedes,42.0,87.146,3.0,434,6.0,MEDIUM,True,1,,,True,49.0,36.6,7.0,False,2022,4.0
BOT,Alfa Romeo,42.0,87.646,4.0,434,8.0,MEDIUM,True,1,,,True,49.0,36.6,7.0,False,2022,7.0
SAI,Ferrari,42.0,87.95,5.0,434,11.0,MEDIUM,True,1,,,True,49.0,36.6,7.0,False,2022,3.0
HAM,Mercedes,42.0,87.351,6.0,434,20.0,MEDIUM,True,1,,,True,49.0,36.6,7.0,False,2022,6.0
OCO,Alpine,42.0,87.49,7.0,435,10.0,SOFT,False,1,,,True,49.0,36.6,7.0,False,2022,12.0
NOR,McLaren,42.0,87.813,8.0,435,12.0,SOFT,False,1,,,True,49.0,36.6,7.0,False,2022,11.0
ALO,Alpine,42.0,88.995,9.0,436,11.0,SOFT,True,1,,,True,49.0,36.6,7.0,False,2022,20.0
TSU,AlphaTauri,42.0,88.416,10.0,436,13.0,SOFT,False,1,,,True,49.0,36.6,7.0,False,2022,13.0
VET,Aston Martin,42.0,93.219,11.0,436,24.0,SOFT,False,1,0 days 02:05:42.480000,,False,49.0,36.6,7.0,False,2022,16.0
MSC,Haas F1 Team,42.0,88.695,12.0,437,12.0,MEDIUM,True,1,,,True,49.0,36.6,7.0,False,2022,10.0
RIC,McLaren,42.0,88.95,13.0,438,11.0,MEDIUM,True,1,,,True,49.0,36.6,7.0,False,2022,9.0
GAS,AlphaTauri,42.0,88.748,14.0,438,16.0,SOFT,False,1,,,True,49.0,36.6,7.0,False,2022,14.0
STR,Aston Martin,42.0,90.363,15.0,439,16.0,MEDIUM,False,1,,,True,48.7,36.6,8.0,False,2022,17.0
LAT,Williams,42.0,89.831,16.0,440,16.0,SOFT,True,1,,,True,48.7,36.6,8.0,False,2022,19.0
MAG,Haas F1 Team,42.0,89.278,17.0,441,13.0,HARD,True,1,,,True,48.7,36.6,8.0,False,2022,8.0
ALB,Williams,42.0,91.363,18.0,441,17.0,SOFT,True,1,,,True,48.7,36.6,8.0,False,2022,18.0
VER,Red Bull Racing,43.0,87.134,1.0,441,18.0,SOFT,False,1,,,True,49.0,36.6,7.0,False,2022,2.0
PER,Red Bull Racing,43.0,86.957,2.0,442,6.0,MEDIUM,True,1,,,True,48.7,36.6,8.0,False,2022,5.0
RUS,Mercedes,43.0,87.081,3.0,442,7.0,MEDIUM,True,1,,,True,48.7,36.6,8.0,False,2022,4.0
BOT,Alfa Romeo,43.0,88.174,4.0,442,9.0,MEDIUM,True,1,,,True,48.7,36.6,8.0,False,2022,7.0
SAI,Ferrari,43.0,88.058,5.0,442,12.0,MEDIUM,True,1,,,True,48.7,36.6,8.0,False,2022,3.0
HAM,Mercedes,43.0,88.239,6.0,442,21.0,MEDIUM,True,1,,,True,48.7,36.6,8.0,False,2022,6.0
OCO,Alpine,43.0,87.719,7.0,443,11.0,SOFT,False,1,,,True,48.7,36.6,8.0,False,2022,12.0
NOR,McLaren,43.0,87.975,8.0,443,13.0,SOFT,False,1,,,True,48.7,36.6,8.0,False,2022,11.0
ALO,Alpine,43.0,87.271,9.0,444,12.0,SOFT,True,1,,,True,48.7,36.6,8.0,False,2022,20.0
TSU,AlphaTauri,43.0,88.513,10.0,444,14.0,SOFT,False,1,,,True,48.7,36.6,8.0,False,2022,13.0
MSC,Haas F1 Team,43.0,88.835,11.0,445,13.0,MEDIUM,True,1,,,True,48.9,36.6,8.0,False,2022,10.0
RIC,McLaren,43.0,89.014,12.0,446,12.0,MEDIUM,True,1,,,True,48.9,36.6,8.0,False,2022,9.0
GAS,AlphaTauri,43.0,88.986,13.0,446,17.0,SOFT,False,1,,,True,48.9,36.6,8.0,False,2022,14.0
VET,Aston Martin,43.0,107.252,14.0,447,2.0,MEDIUM,False,1,,0 days 02:06:04.955000,False,48.9,36.6,8.0,False,2022,16.0
STR,Aston Martin,43.0,90.323,15.0,447,17.0,MEDIUM,False,1,,,True,48.9,36.6,8.0,False,2022,17.0
LAT,Williams,43.0,89.491,16.0,448,17.0,SOFT,True,1,,,True,48.9,36.6,8.0,False,2022,19.0
MAG,Haas F1 Team,43.0,89.124,17.0,449,14.0,HARD,True,1,,,True,48.9,36.6,8.0,False,2022,8.0
ALB,Williams,43.0,91.617,18.0,449,18.0,SOFT,True,1,,,True,49.1,36.6,8.0,False,2022,18.0
VER,Red Bull Racing,44.0,90.814,1.0,449,19.0,SOFT,False,1,0 days 02:07:26.284000,,False,48.9,36.6,8.0,False,2022,2.0
PER,Red Bull Racing,44.0,86.945,2.0,450,7.0,MEDIUM,True,1,,,True,48.9,36.6,8.0,False,2022,5.0
RUS,Mercedes,44.0,87.5,3.0,450,8.0,MEDIUM,True,1,,,True,48.9,36.6,8.0,False,2022,4.0
BOT,Alfa Romeo,44.0,87.999,4.0,450,10.0,MEDIUM,True,1,,,True,48.9,36.6,8.0,False,2022,7.0
SAI,Ferrari,44.0,88.125,5.0,450,13.0,MEDIUM,True,1,,,True,48.9,36.6,8.0,False,2022,3.0
HAM,Mercedes,44.0,87.114,6.0,450,22.0,MEDIUM,True,1,,,True,48.9,36.6,8.0,False,2022,6.0
OCO,Alpine,44.0,87.789,7.0,451,12.0,SOFT,False,1,,,True,49.1,36.6,8.0,False,2022,12.0
NOR,McLaren,44.0,87.777,8.0,451,14.0,SOFT,False,1,,,True,49.1,36.6,8.0,False,2022,11.0
ALO,Alpine,44.0,87.764,9.0,452,13.0,SOFT,True,1,,,True,49.1,36.6,8.0,False,2022,20.0
TSU,AlphaTauri,44.0,88.316,10.0,452,15.0,SOFT,False,1,,,True,49.1,36.6,8.0,False,2022,13.0
MSC,Haas F1 Team,44.0,89.146,11.0,453,14.0,MEDIUM,True,1,,,True,49.1,36.6,8.0,False,2022,10.0
RIC,McLaren,44.0,89.384,12.0,454,13.0,MEDIUM,True,1,,,True,49.1,36.6,8.0,False,2022,9.0
GAS,AlphaTauri,44.0,88.985,13.0,454,18.0,SOFT,False,1,,,True,49.1,36.6,8.0,False,2022,14.0
VET,Aston Martin,44.0,87.857,14.0,455,3.0,MEDIUM,False,1,,,True,49.1,36.6,8.0,False,2022,16.0
STR,Aston Martin,44.0,92.587,15.0,455,18.0,MEDIUM,False,1,,,True,49.1,36.7,8.0,False,2022,17.0
LAT,Williams,44.0,89.616,16.0,456,18.0,SOFT,True,1,,,True,49.1,36.7,8.0,False,2022,19.0
MAG,Haas F1 Team,44.0,89.178,17.0,457,15.0,HARD,True,1,,,True,49.1,36.7,8.0,False,2022,8.0
ALB,Williams,44.0,90.755,18.0,457,19.0,SOFT,True,1,,,True,49.1,36.7,8.0,False,2022,18.0
PER,Red Bull Racing,45.0,86.913,1.0,458,8.0,MEDIUM,True,1,,,True,49.1,36.6,8.0,False,2022,5.0
VER,Red Bull Racing,45.0,103.854,2.0,459,1.0,MEDIUM,True,1,,0 days 02:07:48.305000,False,49.1,36.6,8.0,False,2022,2.0
RUS,Mercedes,45.0,88.345,3.0,459,9.0,MEDIUM,True,1,,,True,49.1,36.7,8.0,False,2022,4.0
BOT,Alfa Romeo,45.0,88.259,4.0,459,11.0,MEDIUM,True,1,,,True,49.1,36.7,8.0,False,2022,7.0
SAI,Ferrari,45.0,91.806,5.0,459,14.0,MEDIUM,True,1,0 days 02:09:32.306000,,False,49.1,36.7,8.0,False,2022,3.0
HAM,Mercedes,45.0,87.458,6.0,459,23.0,MEDIUM,True,1,,,True,49.1,36.7,8.0,False,2022,6.0
OCO,Alpine,45.0,88.247,7.0,460,13.0,SOFT,False,1,,,True,49.1,36.7,8.0,False,2022,12.0
NOR,McLaren,45.0,87.858,8.0,460,15.0,SOFT,False,1,,,True,49.1,36.7,8.0,False,2022,11.0
ALO,Alpine,45.0,87.693,9.0,461,14.0,SOFT,True,1,,,True,49.1,36.7,8.0,False,2022,20.0
TSU,AlphaTauri,45.0,88.34,10.0,461,16.0,SOFT,False,1,,,True,49.1,36.7,8.0,False,2022,13.0
MSC,Haas F1 Team,45.0,88.939,11.0,462,15.0,MEDIUM,True,1,,,True,49.1,36.8,8.0,False,2022,10.0
RIC,McLaren,45.0,89.152,12.0,463,14.0,MEDIUM,True,1,,,True,49.1,36.8,8.0,False,2022,9.0
VET,Aston Martin,45.0,88.152,13.0,464,4.0,MEDIUM,False,1,,,True,49.1,36.8,8.0,False,2022,16.0
GAS,AlphaTauri,45.0,90.422,14.0,464,19.0,SOFT,False,1,,,True,49.1,36.8,8.0,False,2022,14.0
STR,Aston Martin,45.0,89.851,15.0,465,19.0,MEDIUM,False,1,,,True,49.1,36.8,8.0,False,2022,17.0
LAT,Williams,45.0,90.104,16.0,466,19.0,SOFT,True,1,,,True,49.1,36.8,8.0,False,2022,19.0
MAG,Haas F1 Team,45.0,90.581,17.0,467,16.0,HARD,True,1,,,True,49.1,36.8,8.0,False,2022,8.0
ALB,Williams,45.0,94.44,18.0,467,20.0,SOFT,True,1,0 days 02:11:17.107000,,False,49.0,36.8,7.0,False,2022,18.0
PER,Red Bull Racing,46.0,86.808,1.0,468,9.0,MEDIUM,True,1,,,True,49.1,36.8,8.0,False,2022,5.0
VER,Red Bull Racing,46.0,85.456,2.0,469,2.0,MEDIUM,True,1,,,True,49.1,36.8,8.0,False,2022,2.0
RUS,Mercedes,46.0,87.927,3.0,469,10.0,MEDIUM,True,1,,,True,49.1,36.8,8.0,False,2022,4.0
BOT,Alfa Romeo,46.0,88.512,4.0,469,12.0,MEDIUM,True,1,,,True,49.1,36.8,8.0,False,2022,7.0
HAM,Mercedes,46.0,87.73,5.0,469,24.0,MEDIUM,True,1,,,True,49.1,36.8,8.0,False,2022,6.0
OCO,Alpine,46.0,88.233,6.0,470,14.0,SOFT,False,1,,,True,49.0,36.8,7.0,False,2022,12.0
SAI,Ferrari,46.0,104.598,7.0,471,4.0,SOFT,False,1,,0 days 02:09:54.515000,False,49.0,36.8,7.0,False,2022,3.0
NOR,McLaren,46.0,88.437,8.0,471,16.0,SOFT,False,1,,,True,49.0,36.8,7.0,False,2022,11.0
ALO,Alpine,46.0,87.715,9.0,472,15.0,SOFT,True,1,,,True,49.0,36.8,7.0,False,2022,20.0
TSU,AlphaTauri,46.0,88.019,10.0,472,17.0,SOFT,False,1,,,True,49.0,36.8,7.0,False,2022,13.0
MSC,Haas F1 Team,46.0,89.038,11.0,473,16.0,MEDIUM,True,1,,,True,49.0,36.8,7.0,False,2022,10.0
RIC,McLaren,46.0,89.303,12.0,474,15.0,MEDIUM,True,1,,,True,49.0,36.8,7.0,False,2022,9.0
VET,Aston Martin,46.0,88.283,13.0,475,5.0,MEDIUM,False,1,,,True,49.0,36.8,7.0,False,2022,16.0
GAS,AlphaTauri,46.0,93.241,14.0,475,20.0,SOFT,False,1,0 days 02:12:00.983000,,False,49.0,36.8,7.0,False,2022,14.0
STR,Aston Martin,46.0,93.415,15.0,476,20.0,MEDIUM,False,1,0 days 02:12:19.019000,,False,49.0,36.8,7.0,False,2022,17.0
LAT,Williams,46.0,91.441,16.0,477,20.0,SOFT,True,1,,,True,49.0,36.8,7.0,False,2022,19.0
MAG,Haas F1 Team,46.0,89.431,17.0,478,17.0,HARD,True,1,,,True,49.0,36.8,7.0,False,2022,8.0
ALB,Williams,46.0,109.747,18.0,479,1.0,MEDIUM,True,1,,0 days 02:11:40.358000,False,49.0,36.8,7.0,False,2022,18.0
PER,Red Bull Racing,47.0,87.183,1.0,479,10.0,MEDIUM,True,1,,,True,49.0,36.8,7.0,False,2022,5.0
VER,Red Bull Racing,47.0,85.704,2.0,480,3.0,MEDIUM,True,1,,,True,49.0,36.8,7.0,False,2022,2.0
RUS,Mercedes,47.0,87.884,3.0,480,11.0,MEDIUM,True,1,,,True,49.0,36.8,7.0,False,2022,4.0
BOT,Alfa Romeo,47.0,88.374,4.0,480,13.0,MEDIUM,True,1,,,True,49.0,36.8,7.0,False,2022,7.0
HAM,Mercedes,47.0,87.662,5.0,480,25.0,MEDIUM,True,1,,,True,49.0,36.8,7.0,False,2022,6.0
SAI,Ferrari,47.0,86.345,6.0,481,5.0,SOFT,False,1,,,True,49.0,36.8,7.0,False,2022,3.0
OCO,Alpine,47.0,89.064,7.0,481,15.0,SOFT,False,1,,,True,49.0,36.8,7.0,False,2022,12.0
NOR,McLaren,47.0,88.114,8.0,481,17.0,SOFT,False,1,,,True,49.0,36.8,7.0,False,2022,11.0
ALO,Alpine,47.0,87.855,9.0,482,16.0,SOFT,True,1,,,True,49.0,36.8,7.0,False,2022,20.0
TSU,AlphaTauri,47.0,87.877,10.0,482,18.0,SOFT,False,1,,,True,49.0,36.8,7.0,False,2022,13.0
MSC,Haas F1 Team,47.0,89.074,11.0,483,17.0,MEDIUM,True,1,,,True,49.0,36.6,7.0,False,2022,10.0
RIC,McLaren,47.0,89.148,12.0,484,16.0,MEDIUM,True,1,,,True,49.0,36.6,7.0,False,2022,9.0
VET,Aston Martin,47.0,88.027,13.0,485,6.0,MEDIUM,False,1,,,True,49.0,36.6,7.0,False,2022,16.0
GAS,AlphaTauri,47.0,106.282,14.0,486,4.0,SOFT,False,1,,0 days 02:12:22.899000,False,49.0,36.6,7.0,False,2022,14.0
LAT,Williams,47.0,89.944,15.0,486,21.0,SOFT,True,1,,,True,49.0,36.6,7.0,False,2022,19.0
MAG,Haas F1 Team,47.0,88.999,16.0,487,18.0,HARD,True,1,,,True,49.0,36.6,7.0,False,2022,8.0
STR,Aston Martin,47.0,107.64,17.0,488,1.0,SOFT,False,1,,0 days 02:12:42.818000,False,49.0,36.6,7.0,False,2022,17.0
ALB,Williams,47.0,88.903,18.0,488,2.0,MEDIUM,True,1,,,True,49.0,36.6,8.0,False,2022,18.0
PER,Red Bull Racing,48.0,86.915,1.0,488,11.0,MEDIUM,True,1,,,True,49.0,36.6,7.0,False,2022,5.0
VER,Red Bull Racing,48.0,85.755,2.0,489,4.0,MEDIUM,True,1,,,True,49.0,36.6,7.0,False,2022,2.0
RUS,Mercedes,48.0,87.843,3.0,489,12.0,MEDIUM,True,1,,,True,49.0,36.6,7.0,False,2022,4.0
BOT,Alfa Romeo,48.0,88.364,4.0,489,14.0,MEDIUM,True,1,,,True,49.0,36.6,7.0,False,2022,7.0
HAM,Mercedes,48.0,90.916,5.0,489,26.0,MEDIUM,True,1,0 days 02:14:01.551000,,False,49.0,36.6,7.0,False,2022,6.0
SAI,Ferrari,48.0,86.171,6.0,490,6.0,SOFT,False,1,,,True,49.0,36.6,7.0,False,2022,3.0
OCO,Alpine,48.0,88.091,7.0,490,16.0,SOFT,False,1,,,True,49.0,36.6,8.0,False,2022,12.0
NOR,McLaren,48.0,88.617,8.0,490,18.0,SOFT,False,1,,,True,49.0,36.6,8.0,False,2022,11.0
ALO,Alpine,48.0,87.849,9.0,491,17.0,SOFT,True,1,,,True,49.0,36.6,8.0,False,2022,20.0
TSU,AlphaTauri,48.0,88.182,10.0,491,19.0,SOFT,False,1,,,True,49.0,36.6,8.0,False,2022,13.0
MSC,Haas F1 Team,48.0,88.779,11.0,492,18.0,MEDIUM,True,1,,,True,49.0,36.6,8.0,False,2022,10.0
VET,Aston Martin,48.0,88.012,12.0,493,7.0,MEDIUM,False,1,,,True,49.0,36.6,8.0,False,2022,16.0
RIC,McLaren,48.0,92.494,13.0,493,17.0,MEDIUM,True,1,0 days 02:14:51.101000,,False,49.0,36.6,8.0,False,2022,9.0
GAS,AlphaTauri,48.0,87.003,14.0,494,5.0,SOFT,False,1,,,True,49.0,36.5,8.0,False,2022,14.0
LAT,Williams,48.0,90.109,15.0,494,22.0,SOFT,True,1,,,True,49.0,36.5,8.0,False,2022,19.0
MAG,Haas F1 Team,48.0,88.908,16.0,495,19.0,HARD,True,1,,,True,49.0,36.5,8.0,False,2022,8.0
STR,Aston Martin,48.0,87.376,17.0,496,2.0,SOFT,False,1,,,True,49.0,36.5,8.0,False,2022,17.0
ALB,Williams,48.0,89.331,18.0,496,3.0,MEDIUM,True,1,,,True,49.0,36.5,8.0,False,2022,18.0
VER,Red Bull Racing,49.0,86.242,1.0,496,5.0,MEDIUM,True,1,,,True,49.0,36.6,8.0,False,2022,2.0
PER,Red Bull Racing,49.0,88.557,2.0,496,12.0,MEDIUM,True,1,,,True,49.0,36.6,8.0,False,2022,5.0
RUS,Mercedes,49.0,87.479,3.0,496,13.0,MEDIUM,True,1,,,True,49.0,36.6,8.0,False,2022,4.0
BOT,Alfa Romeo,49.0,88.448,4.0,496,15.0,MEDIUM,True,1,,,True,49.0,36.5,8.0,False,2022,7.0
SAI,Ferrari,49.0,85.985,5.0,497,7.0,SOFT,False,1,,,True,49.0,36.5,8.0,False,2022,3.0
OCO,Alpine,49.0,87.841,6.0,497,17.0,SOFT,False,1,,,True,49.0,36.5,8.0,False,2022,12.0
HAM,Mercedes,49.0,103.326,7.0,498,4.0,SOFT,False,1,,0 days 02:14:23.775000,False,49.0,36.5,8.0,False,2022,6.0
NOR,McLaren,49.0,89.543,8.0,498,19.0,SOFT,False,1,,,True,49.0,36.5,8.0,False,2022,11.0
ALO,Alpine,49.0,88.119,9.0,499,18.0,SOFT,True,1,,,True,49.0,36.5,8.0,False,2022,20.0
TSU,AlphaTauri,49.0,88.441,10.0,499,20.0,SOFT,False,1,,,True,49.0,36.5,8.0,False,2022,13.0
MSC,Haas F1 Team,49.0,89.192,11.0,500,19.0,MEDIUM,True,1,,,True,49.0,36.5,8.0,False,2022,10.0
VET,Aston Martin,49.0,88.126,12.0,501,8.0,MEDIUM,False,1,,,True,48.8,36.8,8.0,False,2022,16.0
RIC,McLaren,49.0,107.158,13.0,502,4.0,SOFT,False,1,,0 days 02:15:13.235000,False,48.8,36.8,8.0,False,2022,9.0
GAS,AlphaTauri,49.0,87.243,14.0,502,6.0,SOFT,False,1,,,True,48.8,36.8,8.0,False,2022,14.0
LAT,Williams,49.0,89.908,15.0,502,23.0,SOFT,True,1,,,True,48.8,36.8,8.0,False,2022,19.0
MAG,Haas F1 Team,49.0,88.765,16.0,503,20.0,HARD,True,1,,,True,48.8,36.8,8.0,False,2022,8.0
STR,Aston Martin,49.0,89.066,17.0,504,3.0,SOFT,False,1,,,True,48.8,36.8,8.0,False,2022,17.0
ALB,Williams,49.0,89.333,18.0,504,4.0,MEDIUM,True,1,,,True,48.8,36.9,7.0,False,2022,18.0
VER,Red Bull Racing,50.0,86.491,1.0,504,6.0,MEDIUM,True,1,,,True,48.8,36.8,8.0,False,2022,2.0
PER,Red Bull Racing,50.0,87.39,2.0,504,13.0,MEDIUM,True,1,,,True,48.8,36.8,8.0,False,2022,5.0
RUS,Mercedes,50.0,87.42,3.0,504,14.0,MEDIUM,True,1,,,True,48.8,36.8,8.0,False,2022,4.0
BOT,Alfa Romeo,50.0,88.275,4.0,504,16.0,MEDIUM,True,1,,,True,48.8,36.8,8.0,False,2022,7.0
SAI,Ferrari,50.0,86.281,5.0,505,8.0,SOFT,False,1,,,True,48.8,36.8,8.0,False,2022,3.0
OCO,Alpine,50.0,88.147,6.0,505,18.0,SOFT,False,1,,,True,48.8,36.8,8.0,False,2022,12.0
HAM,Mercedes,50.0,85.106,7.0,506,5.0,SOFT,False,1,,,True,48.8,36.8,8.0,False,2022,6.0
NOR,McLaren,50.0,88.469,8.0,506,20.0,SOFT,False,1,,,True,48.8,36.9,7.0,False,2022,11.0
ALO,Alpine,50.0,88.296,9.0,507,19.0,SOFT,True,1,,,True,48.8,36.9,7.0,False,2022,20.0
TSU,AlphaTauri,50.0,88.615,10.0,507,21.0,SOFT,False,1,,,True,48.8,36.9,7.0,False,2022,13.0
MSC,Haas F1 Team,50.0,89.326,11.0,508,20.0,MEDIUM,True,1,,,True,48.8,36.9,7.0,False,2022,10.0
VET,Aston Martin,50.0,89.925,12.0,509,9.0,MEDIUM,False,1,,,True,48.8,36.9,7.0,False,2022,16.0
RIC,McLaren,50.0,87.636,13.0,510,5.0,SOFT,False,1,,,True,48.8,36.9,7.0,False,2022,9.0
GAS,AlphaTauri,50.0,87.025,14.0,510,7.0,SOFT,False,1,,,True,48.8,36.9,7.0,False,2022,14.0
LAT,Williams,50.0,93.887,15.0,510,24.0,SOFT,True,1,0 days 02:18:30.410000,,False,48.8,36.9,7.0,False,2022,19.0
MAG,Haas F1 Team,50.0,90.635,16.0,511,21.0,HARD,True,1,,,True,48.8,36.9,7.0,False,2022,8.0
STR,Aston Martin,50.0,88.026,17.0,512,4.0,SOFT,False,1,,,True,48.8,36.9,7.0,False,2022,17.0
ALB,Williams,50.0,89.544,18.0,512,5.0,MEDIUM,True,1,,,True,48.8,36.9,7.0,False,2022,18.0
VER,Red Bull Racing,51.0,86.66,1.0,512,7.0,MEDIUM,True,1,,,True,48.8,36.9,7.0,False,2022,2.0
PER,Red Bull Racing,51.0,87.607,2.0,512,14.0,MEDIUM,True,1,,,True,48.8,36.9,7.0,False,2022,5.0
RUS,Mercedes,51.0,90.898,3.0,512,15.0,MEDIUM,True,1,0 days 02:18:03.122000,,False,48.8,36.9,7.0,False,2022,4.0
BOT,Alfa Romeo,51.0,88.13,4.0,512,17.0,MEDIUM,True,1,,,True,48.8,36.9,7.0,False,2022,7.0
SAI,Ferrari,51.0,86.216,5.0,513,9.0,SOFT,False,1,,,True,48.8,36.9,7.0,False,2022,3.0
HAM,Mercedes,51.0,84.253,6.0,514,6.0,SOFT,False,1,,,True,48.8,36.9,7.0,False,2022,6.0
OCO,Alpine,51.0,88.627,7.0,514,19.0,SOFT,False,1,,,True,48.8,36.9,7.0,False,2022,12.0
NOR,McLaren,51.0,91.363,8.0,514,21.0,SOFT,False,1,0 days 02:18:49.072000,,False,48.8,36.9,7.0,False,2022,11.0
ALO,Alpine,51.0,88.039,9.0,515,20.0,SOFT,True,1,,,True,48.8,36.9,7.0,False,2022,20.0
TSU,AlphaTauri,51.0,88.793,10.0,515,22.0,SOFT,False,1,,,True,48.8,36.9,7.0,False,2022,13.0
MSC,Haas F1 Team,51.0,88.974,11.0,516,21.0,MEDIUM,True,1,,,True,48.8,36.9,7.0,False,2022,10.0
VET,Aston Martin,51.0,90.404,12.0,517,10.0,MEDIUM,False,1,,,True,48.9,36.9,7.0,False,2022,16.0
RIC,McLaren,51.0,87.36,13.0,518,6.0,SOFT,False,1,,,True,48.9,36.9,7.0,False,2022,9.0
GAS,AlphaTauri,51.0,86.987,14.0,518,8.0,SOFT,False,1,,,True,48.9,36.9,7.0,False,2022,14.0
STR,Aston Martin,51.0,87.943,15.0,519,5.0,SOFT,False,1,,,True,48.9,36.9,7.0,False,2022,17.0
MAG,Haas F1 Team,51.0,91.497,16.0,519,22.0,HARD,True,1,,,True,48.9,36.9,7.0,False,2022,8.0
LAT,Williams,51.0,108.759,17.0,520,4.0,SOFT,False,1,,0 days 02:18:53.167000,False,48.9,36.9,7.0,False,2022,19.0
ALB,Williams,51.0,89.287,18.0,520,6.0,MEDIUM,True,1,,,True,48.9,36.9,7.0,False,2022,18.0
VER,Red Bull Racing,52.0,86.785,1.0,520,8.0,MEDIUM,True,1,,,True,48.9,36.9,7.0,False,2022,2.0
PER,Red Bull Racing,52.0,87.648,2.0,520,15.0,MEDIUM,True,1,,,True,48.9,36.9,7.0,False,2022,5.0
BOT,Alfa Romeo,52.0,88.684,3.0,520,18.0,MEDIUM,True,1,,,True,48.9,36.9,7.0,False,2022,7.0
RUS,Mercedes,52.0,103.495,4.0,521,3.0,SOFT,False,1,,0 days 02:18:25.943000,False,48.9,36.9,7.0,False,2022,4.0
SAI,Ferrari,52.0,86.136,5.0,521,10.0,SOFT,False,1,,,True,48.9,36.9,7.0,False,2022,3.0
HAM,Mercedes,52.0,85.802,6.0,522,7.0,SOFT,False,1,,,True,48.9,36.9,7.0,False,2022,6.0
OCO,Alpine,52.0,92.228,7.0,522,20.0,SOFT,False,1,0 days 02:20:10.667000,,False,48.9,36.9,7.0,False,2022,12.0
ALO,Alpine,52.0,88.164,8.0,522,21.0,SOFT,True,1,,,True,48.9,36.9,7.0,False,2022,20.0
TSU,AlphaTauri,52.0,92.915,9.0,522,23.0,SOFT,False,1,0 days 02:20:28.146000,,False,48.9,36.9,7.0,False,2022,13.0
NOR,McLaren,52.0,104.828,10.0,523,4.0,SOFT,False,1,,0 days 02:19:11.205000,False,48.9,36.9,7.0,False,2022,11.0
MSC,Haas F1 Team,52.0,89.255,11.0,523,22.0,MEDIUM,True,1,,,True,48.9,36.9,7.0,False,2022,10.0
VET,Aston Martin,52.0,88.248,12.0,524,11.0,MEDIUM,False,1,,,True,48.9,36.9,7.0,False,2022,16.0
RIC,McLaren,52.0,87.388,13.0,525,7.0,SOFT,False,1,,,True,48.9,36.9,7.0,False,2022,9.0
GAS,AlphaTauri,52.0,86.998,14.0,525,9.0,SOFT,False,1,,,True,48.9,36.9,7.0,False,2022,14.0
STR,Aston Martin,52.0,89.291,15.0,526,6.0,SOFT,False,1,,,True,48.8,36.7,7.0,False,2022,17.0
MAG,Haas F1 Team,52.0,89.659,16.0,526,23.0,HARD,True,1,,,True,48.8,36.7,7.0,False,2022,8.0
LAT,Williams,52.0,87.246,17.0,527,5.0,SOFT,False,1,,,True,48.8,36.7,7.0,False,2022,19.0
ALB,Williams,52.0,90.629,18.0,527,7.0,MEDIUM,True,1,,,True,48.8,36.7,7.0,False,2022,18.0
VER,Red Bull Racing,53.0,86.656,1.0,527,9.0,MEDIUM,True,1,,,True,48.9,36.9,7.0,False,2022,2.0
PER,Red Bull Racing,53.0,90.735,2.0,527,16.0,MEDIUM,True,1,0 days 02:20:48.286000,,False,48.9,36.9,7.0,False,2022,5.0
RUS,Mercedes,53.0,84.636,3.0,528,4.0,SOFT,False,1,,,True,48.8,36.7,7.0,False,2022,4.0
BOT,Alfa Romeo,53.0,89.717,4.0,528,19.0,MEDIUM,True,1,,,True,48.8,36.7,7.0,False,2022,7.0
SAI,Ferrari,53.0,86.437,5.0,529,11.0,SOFT,False,1,,,True,48.8,36.7,7.0,False,2022,3.0
HAM,Mercedes,53.0,85.257,6.0,530,8.0,SOFT,False,1,,,True,48.8,36.7,7.0,False,2022,6.0
ALO,Alpine,53.0,91.991,7.0,530,22.0,SOFT,True,1,0 days 02:21:49.753000,,False,48.8,36.7,7.0,False,2022,20.0
OCO,Alpine,53.0,104.279,8.0,531,4.0,SOFT,False,1,,0 days 02:20:32.707000,False,48.8,36.7,7.0,False,2022,12.0
NOR,McLaren,53.0,85.619,9.0,531,5.0,SOFT,False,1,,,True,48.8,36.7,7.0,False,2022,11.0
MSC,Haas F1 Team,53.0,90.819,10.0,531,23.0,MEDIUM,True,1,,,True,48.8,36.7,7.0,False,2022,10.0
TSU,AlphaTauri,53.0,105.466,11.0,532,4.0,SOFT,False,1,,0 days 02:20:50.483000,False,48.5,36.6,8.0,False,2022,13.0
VET,Aston Martin,53.0,89.008,12.0,532,12.0,MEDIUM,False,1,,,True,48.5,36.6,8.0,False,2022,16.0
RIC,McLaren,53.0,87.376,13.0,533,8.0,SOFT,False,1,,,True,48.5,36.6,8.0,False,2022,9.0
GAS,AlphaTauri,53.0,87.009,14.0,533,10.0,SOFT,False,1,,,True,48.5,36.6,8.0,False,2022,14.0
STR,Aston Martin,53.0,86.916,15.0,534,7.0,SOFT,False,1,,,True,48.5,36.6,8.0,False,2022,17.0
MAG,Haas F1 Team,53.0,89.876,16.0,534,24.0,HARD,True,1,,,True,48.5,36.6,8.0,False,2022,8.0
LAT,Williams,53.0,87.614,17.0,535,6.0,SOFT,False,1,,,True,48.4,36.6,8.0,False,2022,19.0
ALB,Williams,53.0,89.561,18.0,535,8.0,MEDIUM,True,1,,,True,48.4,36.6,8.0,False,2022,18.0
VER,Red Bull Racing,54.0,86.935,1.0,535,10.0,MEDIUM,True,1,,,True,48.8,36.7,7.0,False,2022,2.0
PER,Red Bull Racing,54.0,105.742,2.0,536,4.0,SOFT,False,1,,0 days 02:21:09.964000,False,48.5,36.6,8.0,False,2022,5.0
RUS,Mercedes,54.0,85.262,3.0,536,5.0,SOFT,False,1,,,True,48.5,36.6,8.0,False,2022,4.0
BOT,Alfa Romeo,54.0,87.948,4.0,536,20.0,MEDIUM,True,1,,,True,48.5,36.6,8.0,False,2022,7.0
SAI,Ferrari,54.0,86.455,5.0,537,12.0,SOFT,False,1,,,True,48.5,36.6,8.0,False,2022,3.0
HAM,Mercedes,54.0,85.389,6.0,538,9.0,SOFT,False,1,,,True,48.5,36.6,8.0,False,2022,6.0
OCO,Alpine,54.0,85.935,7.0,539,5.0,SOFT,False,1,,,True,48.4,36.6,8.0,False,2022,12.0
NOR,McLaren,54.0,85.859,8.0,539,6.0,SOFT,False,1,,,True,48.4,36.6,8.0,False,2022,11.0
MSC,Haas F1 Team,54.0,88.916,9.0,539,24.0,MEDIUM,True,1,,,True,48.4,36.6,8.0,False,2022,10.0
ALO,Alpine,54.0,108.172,10.0,540,3.0,SOFT,False,1,,0 days 02:22:15.155000,False,48.4,36.6,8.0,False,2022,20.0
TSU,AlphaTauri,54.0,87.131,11.0,540,5.0,SOFT,False,1,,,True,48.4,36.6,8.0,False,2022,13.0
VET,Aston Martin,54.0,88.35,12.0,540,13.0,MEDIUM,False,1,,,True,48.4,36.6,8.0,False,2022,16.0
RIC,McLaren,54.0,87.285,13.0,541,9.0,SOFT,False,1,,,True,48.4,36.6,8.0,False,2022,9.0
GAS,AlphaTauri,54.0,87.275,14.0,541,11.0,SOFT,False,1,,,True,48.4,36.6,8.0,False,2022,14.0
STR,Aston Martin,54.0,86.876,15.0,542,8.0,SOFT,False,1,,,True,48.3,36.5,9.0,False,2022,17.0
MAG,Haas F1 Team,54.0,89.583,16.0,542,25.0,HARD,True,1,,,True,48.3,36.5,9.0,False,2022,8.0
LAT,Williams,54.0,87.772,17.0,543,7.0,SOFT,False,1,,,True,48.3,36.5,9.0,False,2022,19.0
ALB,Williams,54.0,94.61,18.0,543,9.0,MEDIUM,True,1,0 days 02:25:08.011000,,False,48.3,36.5,9.0,False,2022,18.0
VER,Red Bull Racing,55.0,87.015,1.0,543,11.0,MEDIUM,True,1,,,True,48.4,36.6,8.0,False,2022,2.0
PER,Red Bull Racing,55.0,84.108,2.0,544,5.0,SOFT,False,1,,,True,48.4,36.6,8.0,False,2022,5.0
RUS,Mercedes,55.0,85.551,3.0,544,6.0,SOFT,False,1,,,True,48.4,36.6,8.0,False,2022,4.0
BOT,Alfa Romeo,55.0,87.842,4.0,544,21.0,MEDIUM,True,1,,,True,48.3,36.5,9.0,False,2022,7.0
SAI,Ferrari,55.0,86.302,5.0,545,13.0,SOFT,False,1,,,True,48.3,36.5,9.0,False,2022,3.0
HAM,Mercedes,55.0,85.207,6.0,546,10.0,SOFT,False,1,,,True,48.3,36.5,9.0,False,2022,6.0
OCO,Alpine,55.0,86.174,7.0,547,6.0,SOFT,False,1,,,True,48.3,36.5,9.0,False,2022,12.0
NOR,McLaren,55.0,85.87,8.0,547,7.0,SOFT,False,1,,,True,48.3,36.5,9.0,False,2022,11.0
ALO,Alpine,55.0,86.819,9.0,548,4.0,SOFT,False,1,,,True,48.3,36.5,9.0,False,2022,20.0
MSC,Haas F1 Team,55.0,90.575,10.0,548,25.0,MEDIUM,True,1,,,True,48.3,36.5,9.0,False,2022,10.0
TSU,AlphaTauri,55.0,87.474,11.0,549,6.0,SOFT,False,1,,,True,48.3,36.5,9.0,False,2022,13.0
VET,Aston Martin,55.0,88.187,12.0,549,14.0,MEDIUM,False,1,,,True,48.3,36.5,9.0,False,2022,16.0
RIC,McLaren,55.0,88.545,13.0,550,10.0,SOFT,False,1,,,True,48.3,36.5,9.0,False,2022,9.0
GAS,AlphaTauri,55.0,89.596,14.0,550,12.0,SOFT,False,1,,,True,48.3,36.5,9.0,False,2022,14.0
STR,Aston Martin,55.0,87.677,15.0,551,9.0,SOFT,False,1,,,True,48.3,36.5,9.0,False,2022,17.0
MAG,Haas F1 Team,55.0,89.74,16.0,551,26.0,HARD,True,1,,,True,48.3,36.5,9.0,False,2022,8.0
LAT,Williams,55.0,87.762,17.0,552,8.0,SOFT,False,1,,,True,48.3,36.5,9.0,False,2022,19.0
ALB,Williams,55.0,109.761,18.0,553,4.0,SOFT,False,1,,0 days 02:25:31.453000,False,48.4,36.4,8.0,False,2022,18.0
VER,Red Bull Racing,56.0,87.038,1.0,553,12.0,MEDIUM,True,1,,,True,48.3,36.5,9.0,False,2022,2.0
PER,Red Bull Racing,56.0,85.885,2.0,554,6.0,SOFT,False,1,,,True,48.3,36.5,9.0,False,2022,5.0
RUS,Mercedes,56.0,85.947,3.0,554,7.0,SOFT,False,1,,,True,48.3,36.5,9.0,False,2022,4.0
BOT,Alfa Romeo,56.0,87.657,4.0,554,22.0,MEDIUM,True,1,,,True,48.3,36.5,9.0,False,2022,7.0
SAI,Ferrari,56.0,86.76,5.0,555,14.0,SOFT,False,1,,,True,48.3,36.5,9.0,False,2022,3.0
HAM,Mercedes,56.0,85.832,6.0,556,11.0,SOFT,False,1,,,True,48.3,36.5,9.0,False,2022,6.0
OCO,Alpine,56.0,86.219,7.0,557,7.0,SOFT,False,1,,,True,48.4,36.4,8.0,False,2022,12.0
NOR,McLaren,56.0,86.164,8.0,557,8.0,SOFT,False,1,,,True,48.4,36.4,8.0,False,2022,11.0
ALO,Alpine,56.0,86.599,9.0,558,5.0,SOFT,False,1,,,True,48.4,36.4,8.0,False,2022,20.0
TSU,AlphaTauri,56.0,87.078,10.0,558,7.0,SOFT,False,1,,,True,48.4,36.4,8.0,False,2022,13.0
MSC,Haas F1 Team,56.0,90.482,11.0,558,26.0,MEDIUM,True,1,,,True,48.4,36.4,8.0,False,2022,10.0
VET,Aston Martin,56.0,88.392,12.0,559,15.0,MEDIUM,False,1,,,True,48.4,36.4,8.0,False,2022,16.0
RIC,McLaren,56.0,89.196,13.0,560,11.0,SOFT,False,1,,,True,48.4,36.4,8.0,False,2022,9.0
GAS,AlphaTauri,56.0,89.681,14.0,560,13.0,SOFT,False,1,,,True,48.4,36.4,8.0,False,2022,14.0
STR,Aston Martin,56.0,88.016,15.0,561,10.0,SOFT,False,1,,,True,48.4,36.3,8.0,False,2022,17.0
MAG,Haas F1 Team,56.0,90.087,16.0,561,27.0,HARD,True,1,,,True,48.4,36.3,8.0,False,2022,8.0
LAT,Williams,56.0,88.454,17.0,562,9.0,SOFT,False,1,,,True,48.4,36.3,8.0,False,2022,19.0
ALB,Williams,56.0,88.281,18.0,563,5.0,SOFT,False,1,,,True,48.4,36.3,7.0,False,2022,18.0
VER,Red Bull Racing,57.0,86.618,1.0,563,13.0,MEDIUM,True,1,,,True,48.4,36.4,8.0,False,2022,2.0
PER,Red Bull Racing,57.0,85.567,2.0,564,7.0,SOFT,False,1,,,True,48.4,36.4,8.0,False,2022,5.0
RUS,Mercedes,57.0,86.882,3.0,564,8.0,SOFT,False,1,,,True,48.4,36.4,8.0,False,2022,4.0
BOT,Alfa Romeo,57.0,88.149,4.0,564,23.0,MEDIUM,True,1,,,True,48.4,36.4,8.0,False,2022,7.0
SAI,Ferrari,57.0,87.691,5.0,565,15.0,SOFT,False,1,,,True,48.4,36.4,8.0,False,2022,3.0
HAM,Mercedes,57.0,86.447,6.0,566,12.0,SOFT,False,1,,,True,48.4,36.4,8.0,False,2022,6.0
OCO,Alpine,57.0,86.456,7.0,567,8.0,SOFT,False,1,,,True,48.4,36.3,8.0,False,2022,12.0
NOR,McLaren,57.0,85.906,8.0,567,9.0,SOFT,False,1,,,True,48.4,36.3,8.0,False,2022,11.0
ALO,Alpine,57.0,86.792,9.0,568,6.0,SOFT,False,1,,,True,48.4,36.3,8.0,False,2022,20.0
TSU,AlphaTauri,57.0,86.859,10.0,568,8.0,SOFT,False,1,,,True,48.4,36.3,8.0,False,2022,13.0
MSC,Haas F1 Team,57.0,89.673,11.0,568,27.0,MEDIUM,True,1,,,True,48.4,36.3,8.0,False,2022,10.0
VET,Aston Martin,57.0,88.67,12.0,569,16.0,MEDIUM,False,1,,,True,48.4,36.3,8.0,False,2022,16.0
RIC,McLaren,57.0,89.49,13.0,570,12.0,SOFT,False,1,,,True,48.4,36.3,7.0,False,2022,9.0
GAS,AlphaTauri,57.0,88.002,14.0,570,14.0,SOFT,False,1,,,True,48.4,36.3,7.0,False,2022,14.0
STR,Aston Martin,57.0,87.733,15.0,571,11.0,SOFT,False,1,,,True,48.4,36.3,7.0,False,2022,17.0
MAG,Haas F1 Team,57.0,89.676,16.0,571,28.0,HARD,True,1,,,True,48.4,36.3,7.0,False,2022,8.0
LAT,Williams,57.0,90.052,17.0,572,10.0,SOFT,False,1,,,True,48.4,36.3,7.0,False,2022,19.0
ALB,Williams,57.0,88.493,18.0,573,6.0,SOFT,False,1,,,True,48.3,36.3,8.0,False,2022,18.0
VER,Red Bull Racing,58.0,86.621,1.0,573,14.0,MEDIUM,True,1,,,True,48.4,36.3,8.0,False,2022,2.0
PER,Red Bull Racing,58.0,85.714,2.0,574,8.0,SOFT,False,1,,,True,48.4,36.3,7.0,False,2022,5.0
RUS,Mercedes,58.0,86.691,3.0,574,9.0,SOFT,False,1,,,True,48.4,36.3,7.0,False,2022,4.0
SAI,Ferrari,58.0,86.051,4.0,574,16.0,SOFT,False,1,,,True,48.4,36.3,7.0,False,2022,3.0
HAM,Mercedes,58.0,86.408,5.0,575,13.0,SOFT,False,1,,,True,48.4,36.3,7.0,False,2022,6.0
BOT,Alfa Romeo,58.0,90.459,6.0,575,24.0,MEDIUM,True,1,,,True,48.4,36.3,7.0,False,2022,7.0
OCO,Alpine,58.0,87.126,7.0,576,9.0,SOFT,False,1,,,True,48.4,36.3,7.0,False,2022,12.0
NOR,McLaren,58.0,86.746,8.0,576,10.0,SOFT,False,1,,,True,48.4,36.3,7.0,False,2022,11.0
ALO,Alpine,58.0,86.789,9.0,577,7.0,SOFT,False,1,,,True,48.3,36.3,8.0,False,2022,20.0
TSU,AlphaTauri,58.0,86.974,10.0,577,9.0,SOFT,False,1,,,True,48.3,36.3,8.0,False,2022,13.0
MSC,Haas F1 Team,58.0,90.104,11.0,577,28.0,MEDIUM,True,1,,,True,48.3,36.3,8.0,False,2022,10.0
VET,Aston Martin,58.0,89.301,12.0,578,17.0,MEDIUM,False,1,,,True,48.3,36.3,8.0,False,2022,16.0
RIC,McLaren,58.0,88.071,13.0,579,13.0,SOFT,False,1,,,True,48.3,36.3,8.0,False,2022,9.0
GAS,AlphaTauri,58.0,87.911,14.0,579,15.0,SOFT,False,1,,,True,48.3,36.3,8.0,False,2022,14.0
STR,Aston Martin,58.0,88.243,15.0,580,12.0,SOFT,False,1,,,True,48.3,36.3,9.0,False,2022,17.0
MAG,Haas F1 Team,58.0,90.126,16.0,580,29.0,HARD,True,1,,,True,48.3,36.3,9.0,False,2022,8.0
LAT,Williams,58.0,88.926,17.0,581,11.0,SOFT,False,1,,,True,48.3,36.3,9.0,False,2022,19.0
ALB,Williams,58.0,88.79,18.0,582,7.0,SOFT,False,1,,,True,48.2,36.4,9.0,False,2022,18.0
VER,Red Bull Racing,59.0,86.863,1.0,582,15.0,MEDIUM,True,1,,,True,48.3,36.3,8.0,False,2022,2.0
PER,Red Bull Racing,59.0,86.108,2.0,583,9.0,SOFT,False,1,,,True,48.3,36.3,8.0,False,2022,5.0
RUS,Mercedes,59.0,86.761,3.0,583,10.0,SOFT,False,1,,,True,48.3,36.3,8.0,False,2022,4.0
SAI,Ferrari,59.0,87.298,4.0,583,17.0,SOFT,False,1,,,True,48.3,36.3,8.0,False,2022,3.0
HAM,Mercedes,59.0,86.919,5.0,584,14.0,SOFT,False,1,,,True,48.3,36.3,8.0,False,2022,6.0
BOT,Alfa Romeo,59.0,88.471,6.0,584,25.0,MEDIUM,True,1,,,True,48.3,36.3,8.0,False,2022,7.0
OCO,Alpine,59.0,86.364,7.0,585,10.0,SOFT,False,1,,,True,48.3,36.3,9.0,False,2022,12.0
NOR,McLaren,59.0,87.704,8.0,585,11.0,SOFT,False,1,,,True,48.3,36.3,9.0,False,2022,11.0
ALO,Alpine,59.0,86.611,9.0,586,8.0,SOFT,False,1,,,True,48.3,36.3,9.0,False,2022,20.0
TSU,AlphaTauri,59.0,86.828,10.0,586,10.0,SOFT,False,1,,,True,48.3,36.3,9.0,False,2022,13.0
VET,Aston Martin,59.0,87.629,11.0,586,18.0,MEDIUM,False,1,,,True,48.3,36.3,9.0,False,2022,16.0
MSC,Haas F1 Team,59.0,91.964,12.0,586,29.0,MEDIUM,True,1,,,True,48.3,36.3,9.0,False,2022,10.0
RIC,McLaren,59.0,87.956,13.0,587,14.0,SOFT,False,1,,,True,48.2,36.4,9.0,False,2022,9.0
GAS,AlphaTauri,59.0,88.154,14.0,587,16.0,SOFT,False,1,,,True,48.2,36.4,9.0,False,2022,14.0
STR,Aston Martin,59.0,88.217,15.0,588,13.0,SOFT,False,1,,,True,48.2,36.4,9.0,False,2022,17.0
MAG,Haas F1 Team,59.0,91.259,16.0,588,30.0,HARD,True,1,,,True,48.2,36.4,9.0,False,2022,8.0
LAT,Williams,59.0,90.348,17.0,589,12.0,SOFT,False,1,,,True,48.2,36.4,9.0,False,2022,19.0
ALB,Williams,59.0,88.712,18.0,590,8.0,SOFT,False,1,,,True,48.1,36.4,11.0,False,2022,18.0
VER,Red Bull Racing,60.0,86.59,1.0,590,16.0,MEDIUM,True,1,,,True,48.3,36.3,9.0,False,2022,2.0
PER,Red Bull Racing,60.0,86.026,2.0,591,10.0,SOFT,False,1,,,True,48.3,36.3,9.0,False,2022,5.0
RUS,Mercedes,60.0,86.386,3.0,591,11.0,SOFT,False,1,,,True,48.2,36.4,9.0,False,2022,4.0
HAM,Mercedes,60.0,85.895,4.0,591,15.0,SOFT,False,1,,,True,48.2,36.4,9.0,False,2022,6.0
SAI,Ferrari,60.0,88.388,5.0,591,18.0,SOFT,False,1,,,True,48.2,36.4,9.0,False,2022,3.0
BOT,Alfa Romeo,60.0,88.522,6.0,591,26.0,MEDIUM,True,1,,,True,48.2,36.4,9.0,False,2022,7.0
OCO,Alpine,60.0,87.207,7.0,592,11.0,SOFT,False,1,,,True,48.2,36.4,9.0,False,2022,12.0
NOR,McLaren,60.0,87.663,8.0,592,12.0,SOFT,False,1,,,True,48.2,36.4,9.0,False,2022,11.0
ALO,Alpine,60.0,86.926,9.0,593,9.0,SOFT,False,1,,,True,48.1,36.4,11.0,False,2022,20.0
TSU,AlphaTauri,60.0,87.151,10.0,593,11.0,SOFT,False,1,,,True,48.1,36.4,11.0,False,2022,13.0
VET,Aston Martin,60.0,89.599,11.0,593,19.0,MEDIUM,False,1,,,True,48.1,36.4,11.0,False,2022,16.0
MSC,Haas F1 Team,60.0,89.737,12.0,593,30.0,MEDIUM,True,1,,,True,48.1,36.4,11.0,False,2022,10.0
RIC,McLaren,60.0,88.076,13.0,594,15.0,SOFT,False,1,,,True,48.1,36.4,11.0,False,2022,9.0
GAS,AlphaTauri,60.0,88.3,14.0,594,17.0,SOFT,False,1,,,True,48.1,36.4,11.0,False,2022,14.0
STR,Aston Martin,60.0,88.025,15.0,595,14.0,SOFT,False,1,,,True,48.1,36.4,11.0,False,2022,17.0
MAG,Haas F1 Team,60.0,92.217,16.0,595,31.0,HARD,True,1,,,True,47.9,36.5,9.0,False,2022,8.0
LAT,Williams,60.0,88.671,17.0,596,13.0,SOFT,False,1,,,True,47.9,36.5,9.0,False,2022,19.0
ALB,Williams,60.0,90.057,18.0,597,9.0,SOFT,False,1,,,True,48.0,36.5,9.0,False,2022,18.0
VER,Red Bull Racing,61.0,86.819,1.0,597,17.0,MEDIUM,True,1,,,True,48.1,36.4,11.0,False,2022,2.0
PER,Red Bull Racing,61.0,86.367,2.0,598,11.0,SOFT,False,1,,,True,48.1,36.4,11.0,False,2022,5.0
RUS,Mercedes,61.0,87.069,3.0,598,12.0,SOFT,False,1,,,True,48.1,36.4,11.0,False,2022,4.0
HAM,Mercedes,61.0,86.425,4.0,598,16.0,SOFT,False,1,,,True,48.1,36.4,11.0,False,2022,6.0
SAI,Ferrari,61.0,87.394,5.0,598,19.0,SOFT,False,1,,,True,48.1,36.4,11.0,False,2022,3.0
BOT,Alfa Romeo,61.0,88.748,6.0,598,27.0,MEDIUM,True,1,,,True,48.1,36.4,11.0,False,2022,7.0
OCO,Alpine,61.0,87.211,7.0,599,12.0,SOFT,False,1,,,True,47.9,36.5,9.0,False,2022,12.0
NOR,McLaren,61.0,88.045,8.0,599,13.0,SOFT,False,1,,,True,47.9,36.5,9.0,False,2022,11.0
ALO,Alpine,61.0,87.384,9.0,600,10.0,SOFT,False,1,,,True,47.9,36.5,9.0,False,2022,20.0
TSU,AlphaTauri,61.0,87.334,10.0,600,12.0,SOFT,False,1,,,True,47.9,36.5,9.0,False,2022,13.0
VET,Aston Martin,61.0,88.249,11.0,600,20.0,MEDIUM,False,1,,,True,47.9,36.5,9.0,False,2022,16.0
MSC,Haas F1 Team,61.0,92.02,12.0,600,31.0,MEDIUM,True,1,,,True,48.0,36.5,9.0,False,2022,10.0
RIC,McLaren,61.0,88.175,13.0,601,16.0,SOFT,False,1,,,True,48.0,36.5,9.0,False,2022,9.0
GAS,AlphaTauri,61.0,88.145,14.0,601,18.0,SOFT,False,1,,,True,48.0,36.5,9.0,False,2022,14.0
STR,Aston Martin,61.0,88.153,15.0,602,15.0,SOFT,False,1,,,True,48.0,36.5,9.0,False,2022,17.0
MAG,Haas F1 Team,61.0,90.304,16.0,602,32.0,HARD,True,1,,,True,48.0,36.5,9.0,False,2022,8.0
LAT,Williams,61.0,89.25,17.0,603,14.0,SOFT,False,1,,,True,48.0,36.5,9.0,False,2022,19.0
ALB,Williams,61.0,89.229,18.0,604,10.0,SOFT,False,1,,,True,48.0,36.5,8.0,False,2022,18.0
VER,Red Bull Racing,62.0,86.924,1.0,604,18.0,MEDIUM,True,1,,,True,47.9,36.5,9.0,False,2022,2.0
PER,Red Bull Racing,62.0,86.036,2.0,605,12.0,SOFT,False,1,,,True,47.9,36.5,9.0,False,2022,5.0
RUS,Mercedes,62.0,87.141,3.0,605,13.0,SOFT,False,1,,,True,47.9,36.5,9.0,False,2022,4.0
HAM,Mercedes,62.0,86.804,4.0,605,17.0,SOFT,False,1,,,True,48.0,36.5,9.0,False,2022,6.0
SAI,Ferrari,62.0,87.366,5.0,605,20.0,SOFT,False,1,,,True,48.0,36.5,9.0,False,2022,3.0
BOT,Alfa Romeo,62.0,89.055,6.0,605,28.0,MEDIUM,True,1,,,True,48.0,36.5,9.0,False,2022,7.0
OCO,Alpine,62.0,87.104,7.0,606,13.0,SOFT,False,1,,,True,48.0,36.5,9.0,False,2022,12.0
NOR,McLaren,62.0,87.581,8.0,606,14.0,SOFT,False,1,,,True,48.0,36.5,9.0,False,2022,11.0
ALO,Alpine,62.0,87.719,9.0,607,11.0,SOFT,False,1,,,True,48.0,36.5,8.0,False,2022,20.0
TSU,AlphaTauri,62.0,87.784,10.0,607,13.0,SOFT,False,1,,,True,48.0,36.5,8.0,False,2022,13.0
VET,Aston Martin,62.0,88.376,11.0,607,21.0,MEDIUM,False,1,,,True,48.0,36.5,8.0,False,2022,16.0
MSC,Haas F1 Team,62.0,90.413,12.0,607,32.0,MEDIUM,True,1,,,True,48.0,36.5,8.0,False,2022,10.0
RIC,McLaren,62.0,88.526,13.0,608,17.0,SOFT,False,1,,,True,48.0,36.5,8.0,False,2022,9.0
GAS,AlphaTauri,62.0,88.352,14.0,608,19.0,SOFT,False,1,,,True,48.0,36.5,8.0,False,2022,14.0
STR,Aston Martin,62.0,88.487,15.0,609,16.0,SOFT,False,1,,,True,48.0,36.5,8.0,False,2022,17.0
LAT,Williams,62.0,88.7,16.0,610,15.0,SOFT,False,1,,,True,48.0,36.4,8.0,False,2022,19.0
MAG,Haas F1 Team,62.0,93.41,17.0,610,33.0,HARD,True,1,,,True,48.0,36.4,8.0,False,2022,8.0
ALB,Williams,62.0,90.496,18.0,611,11.0,SOFT,False,1,,,True,47.9,36.5,8.0,False,2022,18.0
VER,Red Bull Racing,63.0,87.205,1.0,611,19.0,MEDIUM,True,1,,,True,48.0,36.5,9.0,False,2022,2.0
PER,Red Bull Racing,63.0,86.218,2.0,612,13.0,SOFT,False,1,,,True,48.0,36.5,8.0,False,2022,5.0
RUS,Mercedes,63.0,87.404,3.0,612,14.0,SOFT,False,1,,,True,48.0,36.5,8.0,False,2022,4.0
HAM,Mercedes,63.0,88.977,4.0,612,18.0,SOFT,False,1,,,True,48.0,36.5,8.0,False,2022,6.0
SAI,Ferrari,63.0,87.865,5.0,612,21.0,SOFT,False,1,,,True,48.0,36.5,8.0,False,2022,3.0
BOT,Alfa Romeo,63.0,88.844,6.0,612,29.0,MEDIUM,True,1,,,True,48.0,36.5,8.0,False,2022,7.0
OCO,Alpine,63.0,87.644,7.0,613,14.0,SOFT,False,1,,,True,48.0,36.4,8.0,False,2022,12.0
NOR,McLaren,63.0,87.64,8.0,613,15.0,SOFT,False,1,,,True,48.0,36.4,8.0,False,2022,11.0
ALO,Alpine,63.0,87.421,9.0,614,12.0,SOFT,False,1,,,True,48.0,36.4,8.0,False,2022,20.0
TSU,AlphaTauri,63.0,87.159,10.0,614,14.0,SOFT,False,1,,,True,48.0,36.4,8.0,False,2022,13.0
VET,Aston Martin,63.0,88.465,11.0,614,22.0,MEDIUM,False,1,,,True,48.0,36.4,8.0,False,2022,16.0
MSC,Haas F1 Team,63.0,89.727,12.0,614,33.0,MEDIUM,True,1,,,True,47.9,36.5,8.0,False,2022,10.0
RIC,McLaren,63.0,89.164,13.0,615,18.0,SOFT,False,1,,,True,47.9,36.5,8.0,False,2022,9.0
GAS,AlphaTauri,63.0,88.873,14.0,615,20.0,SOFT,False,1,,,True,47.9,36.5,8.0,False,2022,14.0
STR,Aston Martin,63.0,88.624,15.0,616,17.0,SOFT,False,1,,,True,47.9,36.5,8.0,False,2022,17.0
LAT,Williams,63.0,91.986,16.0,617,16.0,SOFT,False,1,,,True,47.9,36.5,8.0,False,2022,19.0
MAG,Haas F1 Team,63.0,92.247,17.0,617,34.0,HARD,True,1,,,True,47.9,36.5,8.0,False,2022,8.0
ALB,Williams,63.0,89.829,18.0,618,12.0,SOFT,False,1,,,True,48.1,36.4,7.0,False,2022,18.0
VER,Red Bull Racing,64.0,87.345,1.0,618,20.0,MEDIUM,True,1,,,True,48.0,36.4,8.0,False,2022,2.0
PER,Red Bull Racing,64.0,85.752,2.0,619,14.0,SOFT,False,1,,,True,48.0,36.4,8.0,False,2022,5.0
RUS,Mercedes,64.0,87.965,3.0,619,15.0,SOFT,False,1,,,True,48.0,36.4,8.0,False,2022,4.0
HAM,Mercedes,64.0,89.833,4.0,619,19.0,SOFT,False,1,,,True,47.9,36.5,8.0,False,2022,6.0
SAI,Ferrari,64.0,88.256,5.0,619,22.0,SOFT,False,1,,,True,47.9,36.5,8.0,False,2022,3.0
BOT,Alfa Romeo,64.0,89.289,6.0,619,30.0,MEDIUM,True,1,,,True,47.9,36.5,8.0,False,2022,7.0
OCO,Alpine,64.0,87.829,7.0,620,15.0,SOFT,False,1,,,True,47.9,36.5,8.0,False,2022,12.0
NOR,McLaren,64.0,87.917,8.0,620,16.0,SOFT,False,1,,,True,47.9,36.5,8.0,False,2022,11.0
ALO,Alpine,64.0,88.493,9.0,621,13.0,SOFT,False,1,,,True,47.9,36.5,8.0,False,2022,20.0
TSU,AlphaTauri,64.0,87.826,10.0,621,15.0,SOFT,False,1,,,True,48.1,36.4,7.0,False,2022,13.0
VET,Aston Martin,64.0,88.353,11.0,621,23.0,MEDIUM,False,1,,,True,48.1,36.4,7.0,False,2022,16.0
RIC,McLaren,64.0,89.12,12.0,622,19.0,SOFT,False,1,,,True,48.1,36.4,7.0,False,2022,9.0
MSC,Haas F1 Team,64.0,91.005,13.0,622,34.0,MEDIUM,True,1,,,True,48.1,36.4,7.0,False,2022,10.0
GAS,AlphaTauri,64.0,89.664,14.0,623,21.0,SOFT,False,1,,,True,48.1,36.4,7.0,False,2022,14.0
STR,Aston Martin,64.0,88.064,15.0,624,18.0,SOFT,False,1,,,True,48.1,36.4,7.0,False,2022,17.0
LAT,Williams,64.0,89.424,16.0,625,17.0,SOFT,False,1,,,True,48.1,36.4,7.0,False,2022,19.0
MAG,Haas F1 Team,64.0,93.091,17.0,625,35.0,HARD,True,1,,,True,48.1,36.4,7.0,False,2022,8.0
ALB,Williams,64.0,89.593,18.0,626,13.0,SOFT,False,1,,,True,47.8,36.4,8.0,False,2022,18.0
VER,Red Bull Racing,65.0,87.611,1.0,626,21.0,MEDIUM,True,1,,,True,47.9,36.5,8.0,False,2022,2.0
PER,Red Bull Racing,65.0,86.096,2.0,627,15.0,SOFT,False,1,,,True,48.1,36.4,7.0,False,2022,5.0
RUS,Mercedes,65.0,88.936,3.0,627,16.0,SOFT,False,1,,,True,48.1,36.4,7.0,False,2022,4.0
SAI,Ferrari,65.0,87.64,4.0,627,23.0,SOFT,False,1,,,True,48.1,36.4,7.0,False,2022,3.0
HAM,Mercedes,65.0,91.646,5.0,628,20.0,SOFT,False,1,,,True,48.1,36.4,7.0,False,2022,6.0
BOT,Alfa Romeo,65.0,89.97,6.0,628,31.0,MEDIUM,True,1,,,True,48.1,36.4,7.0,False,2022,7.0
OCO,Alpine,65.0,87.852,7.0,629,16.0,SOFT,False,1,,,True,48.1,36.4,7.0,False,2022,12.0
NOR,McLaren,65.0,88.372,8.0,629,17.0,SOFT,False,1,,,True,48.1,36.4,7.0,False,2022,11.0
ALO,Alpine,65.0,88.27,9.0,630,14.0,SOFT,False,1,,,True,48.1,36.4,7.0,False,2022,20.0
TSU,AlphaTauri,65.0,88.314,10.0,630,16.0,SOFT,False,1,,,True,48.1,36.4,7.0,False,2022,13.0
VET,Aston Martin,65.0,88.2,11.0,630,24.0,MEDIUM,False,1,,,True,48.1,36.4,7.0,False,2022,16.0
RIC,McLaren,65.0,88.96,12.0,631,20.0,SOFT,False,1,,,True,48.1,36.4,7.0,False,2022,9.0
GAS,AlphaTauri,65.0,88.352,13.0,631,22.0,SOFT,False,1,,,True,47.8,36.4,8.0,False,2022,14.0
MSC,Haas F1 Team,65.0,91.153,14.0,631,35.0,MEDIUM,True,1,,,True,47.8,36.4,8.0,False,2022,10.0
STR,Aston Martin,65.0,89.85,15.0,632,19.0,SOFT,False,1,,,True,47.8,36.4,8.0,False,2022,17.0
VER,Red Bull Racing,66.0,87.437,1.0,632,22.0,MEDIUM,True,1,,,True,48.1,36.4,7.0,False,2022,2.0
PER,Red Bull Racing,66.0,86.056,2.0,633,16.0,SOFT,False,1,,,True,48.1,36.4,7.0,False,2022,5.0
RUS,Mercedes,66.0,90.571,3.0,633,17.0,SOFT,False,1,,,True,48.1,36.4,7.0,False,2022,4.0
SAI,Ferrari,66.0,88.221,4.0,633,24.0,SOFT,False,1,,,True,47.8,36.4,8.0,False,2022,3.0
HAM,Mercedes,66.0,94.345,5.0,634,21.0,SOFT,False,1,,,True,47.8,36.4,8.0,False,2022,6.0
BOT,Alfa Romeo,66.0,90.378,6.0,634,32.0,MEDIUM,True,1,,,True,47.8,36.4,8.0,False,2022,7.0
OCO,Alpine,66.0,88.219,7.0,635,17.0,SOFT,False,1,,,True,47.8,36.4,8.0,False,2022,12.0
NOR,McLaren,66.0,89.179,8.0,635,18.0,SOFT,False,1,,,True,47.8,36.4,8.0,False,2022,11.0
VER,Red Bull Racing,1.0,83.935,1.0,1,1.0,MEDIUM,True,1,,,False,33.4,22.6,64.0,False,2023,1.0
SAI,Ferrari,1.0,85.014,2.0,1,4.0,SOFT,False,1,,,False,33.4,22.6,64.0,False,2023,2.0
STR,Aston Martin,1.0,85.739,3.0,2,4.0,SOFT,False,1,,,False,33.4,22.6,64.0,False,2023,5.0
HAM,Mercedes,1.0,86.376,4.0,3,4.0,SOFT,False,1,,,False,33.4,22.6,64.0,False,2023,4.0
OCO,Alpine,1.0,87.129,5.0,4,4.0,SOFT,False,1,,,False,33.4,22.6,64.0,False,2023,6.0
ALO,Aston Martin,1.0,88.039,6.0,5,4.0,SOFT,False,1,,,False,33.4,22.6,64.0,False,2023,8.0
RUS,Mercedes,1.0,88.534,7.0,6,1.0,SOFT,True,1,,,False,33.4,22.6,64.0,False,2023,12.0
HUL,Haas F1 Team,1.0,89.133,8.0,6,4.0,SOFT,False,1,,,False,33.4,22.6,64.0,False,2023,7.0
ZHO,Alfa Romeo,1.0,89.482,9.0,7,1.0,SOFT,True,1,,,False,33.4,22.6,64.0,False,2023,13.0
PIA,McLaren,1.0,90.075,10.0,7,3.0,SOFT,False,1,,,False,33.4,22.6,64.0,False,2023,9.0
PER,Red Bull Racing,1.0,90.355,11.0,8,1.0,MEDIUM,True,1,,,False,33.4,22.6,64.0,False,2023,11.0
TSU,AlphaTauri,1.0,90.844,12.0,9,1.0,SOFT,True,1,,,False,33.4,22.6,64.0,False,2023,15.0
MAG,Haas F1 Team,1.0,91.193,13.0,10,1.0,SOFT,True,1,,,False,33.4,22.6,64.0,False,2023,17.0
NOR,McLaren,1.0,91.428,14.0,10,3.0,SOFT,False,1,0 days 01:03:44.836000,,False,33.4,22.6,64.0,False,2023,3.0
GAS,Alpine,1.0,91.543,15.0,10,4.0,SOFT,False,1,,,False,33.4,22.6,64.0,False,2023,10.0
DEV,AlphaTauri,1.0,91.797,16.0,11,1.0,SOFT,True,1,,,False,33.4,22.6,64.0,False,2023,14.0
ALB,Williams,1.0,92.275,17.0,12,1.0,SOFT,True,1,,,False,33.4,22.6,64.0,False,2023,18.0
BOT,Alfa Romeo,1.0,92.66,18.0,13,1.0,SOFT,True,1,,,False,33.4,22.6,64.0,False,2023,16.0
SAR,Williams,1.0,94.301,19.0,14,1.0,MEDIUM,True,1,,0 days 01:02:25.603000,False,33.4,22.6,64.0,False,2023,20.0
LEC,Ferrari,1.0,95.79,20.0,15,1.0,HARD,True,1,,0 days 01:02:26.603000,False,33.4,22.6,64.0,False,2023,19.0
VER,Red Bull Racing,2.0,80.402,1.0,15,2.0,MEDIUM,True,1,,,True,33.3,22.5,63.0,False,2023,1.0
SAI,Ferrari,2.0,80.852,2.0,15,5.0,SOFT,False,1,,,True,33.3,22.5,63.0,False,2023,2.0
STR,Aston Martin,2.0,80.967,3.0,16,5.0,SOFT,False,1,,,True,33.3,22.5,63.0,False,2023,5.0
HAM,Mercedes,2.0,81.678,4.0,17,5.0,SOFT,False,1,,,True,33.3,22.5,63.0,False,2023,4.0
OCO,Alpine,2.0,82.0,5.0,18,5.0,SOFT,False,1,,,True,33.3,22.5,63.0,False,2023,6.0
ALO,Aston Martin,2.0,81.792,6.0,19,5.0,SOFT,False,1,,,True,33.3,22.5,63.0,False,2023,8.0
RUS,Mercedes,2.0,81.934,7.0,20,2.0,SOFT,True,1,,,True,33.3,22.5,63.0,False,2023,12.0
HUL,Haas F1 Team,2.0,81.912,8.0,20,5.0,SOFT,False,1,,,True,33.3,22.5,63.0,False,2023,7.0
ZHO,Alfa Romeo,2.0,81.832,9.0,21,2.0,SOFT,True,1,,,True,33.3,22.5,63.0,False,2023,13.0
PER,Red Bull Racing,2.0,81.724,10.0,22,2.0,MEDIUM,True,1,,,True,33.3,22.5,63.0,False,2023,11.0
PIA,McLaren,2.0,82.916,11.0,22,4.0,SOFT,False,1,,,True,33.3,22.5,63.0,False,2023,9.0
TSU,AlphaTauri,2.0,82.459,12.0,23,2.0,SOFT,True,1,,,True,33.3,22.5,63.0,False,2023,15.0
MAG,Haas F1 Team,2.0,82.725,13.0,24,2.0,SOFT,True,1,,,True,33.3,22.5,63.0,False,2023,17.0
GAS,Alpine,2.0,82.874,14.0,24,5.0,SOFT,False,1,,,True,33.3,22.5,63.0,False,2023,10.0
DEV,AlphaTauri,2.0,83.068,15.0,25,2.0,SOFT,True,1,,,True,33.3,22.5,63.0,False,2023,14.0
ALB,Williams,2.0,83.056,16.0,26,2.0,SOFT,True,1,,,True,33.3,22.5,63.0,False,2023,18.0
BOT,Alfa Romeo,2.0,83.122,17.0,27,2.0,SOFT,True,1,,,True,33.3,22.5,63.0,False,2023,16.0
SAR,Williams,2.0,82.426,18.0,28,2.0,MEDIUM,True,1,,,True,33.3,22.5,63.0,False,2023,20.0
LEC,Ferrari,2.0,82.029,19.0,29,2.0,HARD,True,1,,,True,33.3,22.5,63.0,False,2023,19.0
NOR,McLaren,2.0,116.0,20.0,30,1.0,HARD,True,1,,0 days 01:04:22.570000,False,33.0,22.4,64.0,False,2023,3.0
VER,Red Bull Racing,3.0,80.499,1.0,30,3.0,MEDIUM,True,1,,,True,33.0,22.4,64.0,False,2023,1.0
SAI,Ferrari,3.0,80.571,2.0,30,6.0,SOFT,False,1,,,True,33.0,22.4,64.0,False,2023,2.0
STR,Aston Martin,3.0,80.868,3.0,31,6.0,SOFT,False,1,,,True,33.0,22.4,64.0,False,2023,5.0
HAM,Mercedes,3.0,80.839,4.0,32,6.0,SOFT,False,1,,,True,33.0,22.4,64.0,False,2023,4.0
OCO,Alpine,3.0,81.445,5.0,33,6.0,SOFT,False,1,,,True,33.0,22.4,64.0,False,2023,6.0
ALO,Aston Martin,3.0,81.574,6.0,34,6.0,SOFT,False,1,,,True,33.0,22.4,64.0,False,2023,8.0
RUS,Mercedes,3.0,81.637,7.0,35,3.0,SOFT,True,1,,,True,32.7,22.5,64.0,False,2023,12.0
HUL,Haas F1 Team,3.0,81.892,8.0,35,6.0,SOFT,False,1,,,True,32.7,22.5,64.0,False,2023,7.0
ZHO,Alfa Romeo,3.0,81.997,9.0,36,3.0,SOFT,True,1,,,True,32.7,22.5,64.0,False,2023,13.0
PER,Red Bull Racing,3.0,81.953,10.0,37,3.0,MEDIUM,True,1,,,True,32.7,22.5,64.0,False,2023,11.0
TSU,AlphaTauri,3.0,81.587,11.0,38,3.0,SOFT,True,1,,,True,32.7,22.5,64.0,False,2023,15.0
PIA,McLaren,3.0,82.404,12.0,38,5.0,SOFT,False,1,,,True,32.7,22.5,64.0,False,2023,9.0
MAG,Haas F1 Team,3.0,81.836,13.0,39,3.0,SOFT,True,1,,,True,32.7,22.5,64.0,False,2023,17.0
GAS,Alpine,3.0,81.972,14.0,39,6.0,SOFT,False,1,,,True,32.7,22.5,64.0,False,2023,10.0
DEV,AlphaTauri,3.0,82.007,15.0,40,3.0,SOFT,True,1,,,True,32.7,22.5,64.0,False,2023,14.0
ALB,Williams,3.0,82.115,16.0,41,3.0,SOFT,True,1,,,True,32.7,22.5,64.0,False,2023,18.0
BOT,Alfa Romeo,3.0,82.033,17.0,42,3.0,SOFT,True,1,,,True,32.7,22.5,64.0,False,2023,16.0
SAR,Williams,3.0,82.124,18.0,43,3.0,MEDIUM,True,1,,,True,32.7,22.5,64.0,False,2023,20.0
LEC,Ferrari,3.0,81.469,19.0,44,3.0,HARD,True,1,,,True,32.7,22.5,64.0,False,2023,19.0
NOR,McLaren,3.0,80.072,20.0,45,2.0,HARD,True,1,,,True,32.7,22.5,64.0,False,2023,3.0
VER,Red Bull Racing,4.0,80.346,1.0,45,4.0,MEDIUM,True,1,,,True,32.6,22.4,64.0,False,2023,1.0
SAI,Ferrari,4.0,80.815,2.0,45,7.0,SOFT,False,1,,,True,32.6,22.4,64.0,False,2023,2.0
STR,Aston Martin,4.0,80.996,3.0,46,7.0,SOFT,False,1,,,True,32.6,22.4,64.0,False,2023,5.0
HAM,Mercedes,4.0,80.962,4.0,47,7.0,SOFT,False,1,,,True,32.6,22.4,64.0,False,2023,4.0
OCO,Alpine,4.0,80.939,5.0,48,7.0,SOFT,False,1,,,True,32.6,22.4,64.0,False,2023,6.0
ALO,Aston Martin,4.0,80.717,6.0,49,7.0,SOFT,False,1,,,True,32.6,22.4,64.0,False,2023,8.0
RUS,Mercedes,4.0,81.087,7.0,50,4.0,SOFT,True,1,,,True,32.6,22.4,64.0,False,2023,12.0
HUL,Haas F1 Team,4.0,81.363,8.0,50,7.0,SOFT,False,1,,,True,32.6,22.4,64.0,False,2023,7.0
ZHO,Alfa Romeo,4.0,81.232,9.0,51,4.0,SOFT,True,1,,,True,32.6,22.4,64.0,False,2023,13.0
PER,Red Bull Racing,4.0,80.936,10.0,52,4.0,MEDIUM,True,1,,,True,32.6,22.4,64.0,False,2023,11.0
TSU,AlphaTauri,4.0,81.03,11.0,53,4.0,SOFT,True,1,,,True,32.6,22.4,64.0,False,2023,15.0
PIA,McLaren,4.0,81.271,12.0,53,6.0,SOFT,False,1,,,True,32.6,22.4,64.0,False,2023,9.0
MAG,Haas F1 Team,4.0,82.097,13.0,54,4.0,SOFT,True,1,,,True,32.6,22.4,64.0,False,2023,17.0
GAS,Alpine,4.0,81.884,14.0,54,7.0,SOFT,False,1,,,True,32.6,22.4,64.0,False,2023,10.0
DEV,AlphaTauri,4.0,81.717,15.0,55,4.0,SOFT,True,1,,,True,32.6,22.4,64.0,False,2023,14.0
ALB,Williams,4.0,81.84,16.0,56,4.0,SOFT,True,1,,,True,32.6,22.4,64.0,False,2023,18.0
BOT,Alfa Romeo,4.0,82.24,17.0,57,4.0,SOFT,True,1,,,True,32.6,22.4,64.0,False,2023,16.0
LEC,Ferrari,4.0,81.854,18.0,58,4.0,HARD,True,1,,,True,32.6,22.4,64.0,False,2023,19.0
SAR,Williams,4.0,83.489,19.0,59,4.0,MEDIUM,True,1,,,True,32.6,22.4,64.0,False,2023,20.0
NOR,McLaren,4.0,80.051,20.0,60,3.0,HARD,True,1,,,True,32.6,22.4,64.0,False,2023,3.0
VER,Red Bull Racing,5.0,80.283,1.0,60,5.0,MEDIUM,True,1,,,True,32.6,22.4,64.0,False,2023,1.0
SAI,Ferrari,5.0,80.935,2.0,60,8.0,SOFT,False,1,,,True,32.6,22.4,64.0,False,2023,2.0
STR,Aston Martin,5.0,80.854,3.0,61,8.0,SOFT,False,1,,,True,32.6,22.4,64.0,False,2023,5.0
HAM,Mercedes,5.0,80.755,4.0,62,8.0,SOFT,False,1,,,True,32.6,22.4,64.0,False,2023,4.0
OCO,Alpine,5.0,80.792,5.0,63,8.0,SOFT,False,1,,,True,32.6,22.4,64.0,False,2023,6.0
ALO,Aston Martin,5.0,81.289,6.0,64,8.0,SOFT,False,1,,,True,32.6,22.4,64.0,False,2023,8.0
RUS,Mercedes,5.0,80.975,7.0,65,5.0,SOFT,True,1,,,True,32.6,22.4,64.0,False,2023,12.0
ZHO,Alfa Romeo,5.0,80.397,8.0,66,5.0,SOFT,True,1,,,True,32.6,22.4,64.0,False,2023,13.0
HUL,Haas F1 Team,5.0,81.972,9.0,66,8.0,SOFT,False,1,,,True,32.6,22.4,64.0,False,2023,7.0
PER,Red Bull Racing,5.0,81.824,10.0,67,5.0,MEDIUM,True,1,,,True,32.6,22.4,64.0,False,2023,11.0
TSU,AlphaTauri,5.0,81.647,11.0,68,5.0,SOFT,True,1,,,True,32.6,22.4,64.0,False,2023,15.0
PIA,McLaren,5.0,81.546,12.0,68,7.0,SOFT,False,1,,,True,32.6,22.4,64.0,False,2023,9.0
MAG,Haas F1 Team,5.0,81.294,13.0,69,5.0,SOFT,True,1,,,True,32.6,22.4,64.0,False,2023,17.0
GAS,Alpine,5.0,81.453,14.0,69,8.0,SOFT,False,1,,,True,32.6,22.4,64.0,False,2023,10.0
DEV,AlphaTauri,5.0,81.6,15.0,70,5.0,SOFT,True,1,,,True,32.6,22.4,64.0,False,2023,14.0
ALB,Williams,5.0,81.845,16.0,71,5.0,SOFT,True,1,,,True,32.6,22.4,64.0,False,2023,18.0
LEC,Ferrari,5.0,81.631,17.0,72,5.0,HARD,True,1,,,True,32.6,22.4,64.0,False,2023,19.0
SAR,Williams,5.0,82.011,18.0,73,5.0,MEDIUM,True,1,,,True,32.6,22.4,64.0,False,2023,20.0
BOT,Alfa Romeo,5.0,85.549,19.0,74,5.0,SOFT,True,1,0 days 01:09:19.002000,,False,32.6,22.4,64.0,False,2023,16.0
NOR,McLaren,5.0,80.241,20.0,75,4.0,HARD,True,1,,,True,33.0,22.4,63.0,False,2023,3.0
VER,Red Bull Racing,6.0,80.402,1.0,75,6.0,MEDIUM,True,1,,,True,33.0,22.4,63.0,False,2023,1.0
SAI,Ferrari,6.0,80.784,2.0,75,9.0,SOFT,False,1,,,True,33.0,22.4,63.0,False,2023,2.0
STR,Aston Martin,6.0,81.033,3.0,76,9.0,SOFT,False,1,,,True,33.0,22.4,63.0,False,2023,5.0
HAM,Mercedes,6.0,80.705,4.0,77,9.0,SOFT,False,1,,,True,33.0,22.4,63.0,False,2023,4.0
OCO,Alpine,6.0,81.314,5.0,78,9.0,SOFT,False,1,,,True,32.5,22.4,63.0,False,2023,6.0
ALO,Aston Martin,6.0,81.631,6.0,79,9.0,SOFT,False,1,,,True,32.5,22.4,63.0,False,2023,8.0
RUS,Mercedes,6.0,81.33,7.0,80,6.0,SOFT,True,1,,,True,32.5,22.4,63.0,False,2023,12.0
ZHO,Alfa Romeo,6.0,81.514,8.0,81,6.0,SOFT,True,1,,,True,32.5,22.4,63.0,False,2023,13.0
PER,Red Bull Racing,6.0,80.908,9.0,82,6.0,MEDIUM,True,1,,,True,32.5,22.4,63.0,False,2023,11.0
HUL,Haas F1 Team,6.0,82.738,10.0,82,9.0,SOFT,False,1,,,True,32.5,22.4,63.0,False,2023,7.0
TSU,AlphaTauri,6.0,81.842,11.0,83,6.0,SOFT,True,1,,,True,32.5,22.4,63.0,False,2023,15.0
PIA,McLaren,6.0,81.696,12.0,83,8.0,SOFT,False,1,,,True,32.5,22.4,63.0,False,2023,9.0
MAG,Haas F1 Team,6.0,81.593,13.0,84,6.0,SOFT,True,1,,,True,32.5,22.4,63.0,False,2023,17.0
GAS,Alpine,6.0,81.432,14.0,84,9.0,SOFT,False,1,,,True,32.5,22.4,63.0,False,2023,10.0
DEV,AlphaTauri,6.0,81.572,15.0,85,6.0,SOFT,True,1,,,True,32.5,22.4,63.0,False,2023,14.0
ALB,Williams,6.0,81.896,16.0,86,6.0,SOFT,True,1,,,True,32.5,22.4,63.0,False,2023,18.0
LEC,Ferrari,6.0,80.827,17.0,87,6.0,HARD,True,1,,,True,32.5,22.4,63.0,False,2023,19.0
SAR,Williams,6.0,81.665,18.0,88,6.0,MEDIUM,True,1,,,True,32.5,22.4,63.0,False,2023,20.0
BOT,Alfa Romeo,6.0,100.88,19.0,89,1.0,HARD,True,1,,0 days 01:09:42.736000,False,32.5,22.4,63.0,False,2023,16.0
NOR,McLaren,6.0,81.022,20.0,89,5.0,HARD,True,1,,,True,32.5,22.4,63.0,False,2023,3.0
VER,Red Bull Racing,7.0,80.476,1.0,89,7.0,MEDIUM,True,1,,,True,32.2,22.3,64.0,False,2023,1.0
SAI,Ferrari,7.0,80.644,2.0,89,10.0,SOFT,False,1,,,True,32.2,22.3,64.0,False,2023,2.0
STR,Aston Martin,7.0,80.883,3.0,90,10.0,SOFT,False,1,,,True,32.2,22.3,64.0,False,2023,5.0
HAM,Mercedes,7.0,80.488,4.0,91,10.0,SOFT,False,1,,,True,32.2,22.3,64.0,False,2023,4.0
OCO,Alpine,7.0,80.963,5.0,92,10.0,SOFT,False,1,,,True,32.2,22.3,64.0,False,2023,6.0
RUS,Mercedes,7.0,80.516,6.0,93,7.0,SOFT,True,1,,,True,32.2,22.3,64.0,False,2023,12.0
ALO,Aston Martin,7.0,82.087,7.0,93,10.0,SOFT,False,1,,,True,32.2,22.3,64.0,False,2023,8.0
ZHO,Alfa Romeo,7.0,81.494,8.0,94,7.0,SOFT,True,1,,,True,32.2,22.3,64.0,False,2023,13.0
PER,Red Bull Racing,7.0,81.245,9.0,95,7.0,MEDIUM,True,1,,,True,32.2,22.3,64.0,False,2023,11.0
TSU,AlphaTauri,7.0,81.268,10.0,96,7.0,SOFT,True,1,,,True,32.2,22.3,64.0,False,2023,15.0
HUL,Haas F1 Team,7.0,82.775,11.0,96,10.0,SOFT,False,1,,,True,32.2,22.3,64.0,False,2023,7.0
PIA,McLaren,7.0,82.246,12.0,97,9.0,SOFT,False,1,,,True,32.2,22.3,64.0,False,2023,9.0
MAG,Haas F1 Team,7.0,82.354,13.0,98,7.0,SOFT,True,1,,,True,32.2,22.3,64.0,False,2023,17.0
GAS,Alpine,7.0,82.22,14.0,98,10.0,SOFT,False,1,,,True,32.2,22.3,64.0,False,2023,10.0
DEV,AlphaTauri,7.0,82.165,15.0,99,7.0,SOFT,True,1,,,True,32.2,22.3,64.0,False,2023,14.0
LEC,Ferrari,7.0,81.403,16.0,100,7.0,HARD,True,1,,,True,32.2,22.3,64.0,False,2023,19.0
ALB,Williams,7.0,83.182,17.0,101,7.0,SOFT,True,1,,,True,32.2,22.3,64.0,False,2023,18.0
SAR,Williams,7.0,82.229,18.0,102,7.0,MEDIUM,True,1,,,True,32.2,22.3,64.0,False,2023,20.0
BOT,Alfa Romeo,7.0,80.188,19.0,103,2.0,HARD,True,1,,,True,32.2,22.3,64.0,False,2023,16.0
NOR,McLaren,7.0,80.818,20.0,103,6.0,HARD,True,1,,,True,32.2,22.3,64.0,False,2023,3.0
VER,Red Bull Racing,8.0,79.894,1.0,103,8.0,MEDIUM,True,1,,,True,32.2,22.3,65.0,False,2023,1.0
SAI,Ferrari,8.0,80.83,2.0,103,11.0,SOFT,False,1,,,True,32.2,22.3,65.0,False,2023,2.0
HAM,Mercedes,8.0,80.478,3.0,104,11.0,SOFT,False,1,,,True,32.2,22.3,65.0,False,2023,4.0
STR,Aston Martin,8.0,82.382,4.0,105,11.0,SOFT,False,1,,,True,32.2,22.3,65.0,False,2023,5.0
OCO,Alpine,8.0,81.397,5.0,106,11.0,SOFT,False,1,,,True,32.2,22.3,65.0,False,2023,6.0
RUS,Mercedes,8.0,81.159,6.0,107,8.0,SOFT,True,1,,,True,32.2,22.3,65.0,False,2023,12.0
ALO,Aston Martin,8.0,81.776,7.0,107,11.0,SOFT,False,1,,,True,32.2,22.3,65.0,False,2023,8.0
ZHO,Alfa Romeo,8.0,81.705,8.0,108,8.0,SOFT,True,1,,,True,32.2,22.3,65.0,False,2023,13.0
PER,Red Bull Racing,8.0,81.102,9.0,109,8.0,MEDIUM,True,1,,,True,32.2,22.3,65.0,False,2023,11.0
TSU,AlphaTauri,8.0,81.185,10.0,110,8.0,SOFT,True,1,,,True,32.2,22.3,65.0,False,2023,15.0
PIA,McLaren,8.0,81.83,11.0,110,10.0,SOFT,False,1,,,True,32.2,22.3,65.0,False,2023,9.0
MAG,Haas F1 Team,8.0,82.486,12.0,111,8.0,SOFT,True,1,,,True,32.2,22.3,65.0,False,2023,17.0
GAS,Alpine,8.0,82.579,13.0,111,11.0,SOFT,False,1,,,True,32.2,22.3,65.0,False,2023,10.0
DEV,AlphaTauri,8.0,82.489,14.0,112,8.0,SOFT,True,1,,,True,32.2,22.3,65.0,False,2023,14.0
LEC,Ferrari,8.0,82.182,15.0,113,8.0,HARD,True,1,,,True,32.2,22.3,65.0,False,2023,19.0
ALB,Williams,8.0,82.386,16.0,114,8.0,SOFT,True,1,,,True,32.2,22.3,65.0,False,2023,18.0
HUL,Haas F1 Team,8.0,86.934,17.0,114,11.0,SOFT,False,1,0 days 01:13:22.201000,,False,32.2,22.3,65.0,False,2023,7.0
SAR,Williams,8.0,82.16,18.0,115,8.0,MEDIUM,True,1,,,True,32.2,22.3,65.0,False,2023,20.0
BOT,Alfa Romeo,8.0,79.955,19.0,116,3.0,HARD,True,1,,,True,31.6,22.2,64.0,False,2023,16.0
NOR,McLaren,8.0,80.807,20.0,116,7.0,HARD,True,1,,,True,31.6,22.2,64.0,False,2023,3.0
VER,Red Bull Racing,9.0,80.282,1.0,116,9.0,MEDIUM,True,1,,,True,31.6,22.2,64.0,False,2023,1.0
SAI,Ferrari,9.0,80.734,2.0,116,12.0,SOFT,False,1,,,True,31.6,22.2,64.0,False,2023,2.0
HAM,Mercedes,9.0,80.812,3.0,117,12.0,SOFT,False,1,,,True,31.8,22.2,64.0,False,2023,4.0
STR,Aston Martin,9.0,81.36,4.0,118,12.0,SOFT,False,1,,,True,31.8,22.2,64.0,False,2023,5.0
OCO,Alpine,9.0,81.378,5.0,119,12.0,SOFT,False,1,,,True,31.8,22.2,64.0,False,2023,6.0
RUS,Mercedes,9.0,81.032,6.0,120,9.0,SOFT,True,1,,,True,31.8,22.2,64.0,False,2023,12.0
ALO,Aston Martin,9.0,81.35,7.0,120,12.0,SOFT,False,1,,,True,31.8,22.2,64.0,False,2023,8.0
PER,Red Bull Racing,9.0,81.01,8.0,121,9.0,MEDIUM,True,1,,,True,31.8,22.2,64.0,False,2023,11.0
TSU,AlphaTauri,9.0,81.451,9.0,122,9.0,SOFT,True,1,,,True,31.8,22.2,64.0,False,2023,15.0
PIA,McLaren,9.0,81.69,10.0,122,11.0,SOFT,False,1,,,True,31.8,22.2,64.0,False,2023,9.0
ZHO,Alfa Romeo,9.0,86.163,11.0,123,9.0,SOFT,True,1,0 days 01:14:39.246000,,False,31.8,22.2,64.0,False,2023,13.0
MAG,Haas F1 Team,9.0,81.53,12.0,124,9.0,SOFT,True,1,,,True,31.8,22.2,64.0,False,2023,17.0
GAS,Alpine,9.0,81.563,13.0,124,12.0,SOFT,False,1,,,True,31.8,22.2,64.0,False,2023,10.0
LEC,Ferrari,9.0,81.739,14.0,125,9.0,HARD,True,1,,,True,31.8,22.2,64.0,False,2023,19.0
ALB,Williams,9.0,82.443,15.0,126,9.0,SOFT,True,1,,,True,31.8,22.2,64.0,False,2023,18.0
DEV,AlphaTauri,9.0,85.276,16.0,127,9.0,SOFT,True,1,0 days 01:14:45.153000,,False,31.8,22.2,64.0,False,2023,14.0
SAR,Williams,9.0,82.317,17.0,128,9.0,MEDIUM,True,1,,,True,31.8,22.2,64.0,False,2023,20.0
BOT,Alfa Romeo,9.0,80.485,18.0,129,4.0,HARD,True,1,,,True,31.8,22.2,64.0,False,2023,16.0
HUL,Haas F1 Team,9.0,98.728,19.0,130,1.0,MEDIUM,True,1,,0 days 01:13:44.732000,False,31.8,22.2,64.0,False,2023,7.0
NOR,McLaren,9.0,81.17,20.0,130,8.0,HARD,True,1,,,True,31.8,22.2,64.0,False,2023,3.0
VER,Red Bull Racing,10.0,80.334,1.0,130,10.0,MEDIUM,True,1,,,True,31.9,22.1,65.0,False,2023,1.0
SAI,Ferrari,10.0,80.933,2.0,130,13.0,SOFT,False,1,,,True,31.9,22.1,65.0,False,2023,2.0
HAM,Mercedes,10.0,80.71,3.0,131,13.0,SOFT,False,1,,,True,31.9,22.1,65.0,False,2023,4.0
STR,Aston Martin,10.0,81.263,4.0,132,13.0,SOFT,False,1,,,True,31.9,22.1,65.0,False,2023,5.0
OCO,Alpine,10.0,81.475,5.0,133,13.0,SOFT,False,1,,,True,31.9,22.1,65.0,False,2023,6.0
RUS,Mercedes,10.0,81.255,6.0,134,10.0,SOFT,True,1,,,True,31.9,22.1,65.0,False,2023,12.0
ALO,Aston Martin,10.0,81.34,7.0,134,13.0,SOFT,False,1,,,True,31.9,22.1,65.0,False,2023,8.0
PER,Red Bull Racing,10.0,81.266,8.0,135,10.0,MEDIUM,True,1,,,True,31.9,22.1,65.0,False,2023,11.0
PIA,McLaren,10.0,81.408,9.0,135,12.0,SOFT,False,1,,,True,31.9,22.1,65.0,False,2023,9.0
TSU,AlphaTauri,10.0,84.958,10.0,136,10.0,SOFT,True,1,0 days 01:16:01.776000,,False,31.9,22.1,65.0,False,2023,15.0
GAS,Alpine,10.0,81.41,11.0,136,13.0,SOFT,False,1,,,True,31.9,22.1,65.0,False,2023,10.0
LEC,Ferrari,10.0,81.828,12.0,137,10.0,HARD,True,1,,,True,31.9,22.1,65.0,False,2023,19.0
ALB,Williams,10.0,82.507,13.0,138,10.0,SOFT,True,1,,,True,31.9,22.1,65.0,False,2023,18.0
MAG,Haas F1 Team,10.0,86.652,14.0,139,10.0,SOFT,True,1,0 days 01:16:07.276000,,False,31.9,22.1,65.0,False,2023,17.0
SAR,Williams,10.0,82.595,15.0,140,10.0,MEDIUM,True,1,,,True,31.9,22.1,65.0,False,2023,20.0
ZHO,Alfa Romeo,10.0,101.115,16.0,141,1.0,HARD,True,1,,0 days 01:15:02.652000,False,31.9,22.1,65.0,False,2023,13.0
HUL,Haas F1 Team,10.0,80.101,17.0,141,2.0,MEDIUM,True,1,,,True,31.9,22.1,65.0,False,2023,7.0
BOT,Alfa Romeo,10.0,82.633,18.0,141,5.0,HARD,True,1,,,True,31.9,22.1,65.0,False,2023,16.0
DEV,AlphaTauri,10.0,100.443,19.0,142,1.0,HARD,True,1,,0 days 01:15:07.652000,False,31.8,22.0,64.0,False,2023,14.0
NOR,McLaren,10.0,82.136,20.0,142,9.0,HARD,True,1,,,True,31.8,22.0,64.0,False,2023,3.0
VER,Red Bull Racing,11.0,80.52,1.0,142,11.0,MEDIUM,True,1,,,True,31.8,22.0,64.0,False,2023,1.0
SAI,Ferrari,11.0,80.73,2.0,142,14.0,SOFT,False,1,,,True,31.8,22.0,64.0,False,2023,2.0
HAM,Mercedes,11.0,80.646,3.0,143,14.0,SOFT,False,1,,,True,31.8,22.0,64.0,False,2023,4.0
STR,Aston Martin,11.0,81.371,4.0,144,14.0,SOFT,False,1,,,True,31.8,22.0,64.0,False,2023,5.0
RUS,Mercedes,11.0,80.747,5.0,145,11.0,SOFT,True,1,,,True,31.8,22.0,64.0,False,2023,12.0
OCO,Alpine,11.0,82.763,6.0,145,14.0,SOFT,False,1,,,True,31.8,22.0,64.0,False,2023,6.0
ALO,Aston Martin,11.0,81.575,7.0,146,14.0,SOFT,False,1,,,True,31.8,22.0,64.0,False,2023,8.0
PER,Red Bull Racing,11.0,81.616,8.0,147,11.0,MEDIUM,True,1,,,True,31.8,22.0,64.0,False,2023,11.0
PIA,McLaren,11.0,81.025,9.0,147,13.0,SOFT,False,1,,,True,31.8,22.0,64.0,False,2023,9.0
GAS,Alpine,11.0,81.06,10.0,147,14.0,SOFT,False,1,,,True,31.8,22.0,64.0,False,2023,10.0
LEC,Ferrari,11.0,80.84,11.0,148,11.0,HARD,True,1,,,True,31.5,22.0,63.0,False,2023,19.0
ALB,Williams,11.0,82.274,12.0,149,11.0,SOFT,True,1,,,True,31.5,22.0,63.0,False,2023,18.0
SAR,Williams,11.0,82.45,13.0,150,11.0,MEDIUM,True,1,,,True,31.5,22.0,63.0,False,2023,20.0
HUL,Haas F1 Team,11.0,79.527,14.0,151,3.0,MEDIUM,True,1,,,True,31.5,22.0,63.0,False,2023,7.0
ZHO,Alfa Romeo,11.0,81.174,15.0,152,2.0,HARD,True,1,,,True,31.5,22.0,63.0,False,2023,13.0
TSU,AlphaTauri,11.0,100.506,16.0,153,1.0,HARD,True,1,,0 days 01:16:23.901000,False,31.5,22.0,63.0,False,2023,15.0
BOT,Alfa Romeo,11.0,81.56,17.0,153,6.0,HARD,True,1,,,True,31.5,22.0,63.0,False,2023,16.0
DEV,AlphaTauri,11.0,80.705,18.0,154,2.0,HARD,True,1,,,True,31.5,22.0,63.0,False,2023,14.0
MAG,Haas F1 Team,11.0,99.51,19.0,155,1.0,MEDIUM,True,1,,0 days 01:16:29.354000,False,31.5,22.0,63.0,False,2023,17.0
NOR,McLaren,11.0,81.956,20.0,155,10.0,HARD,True,1,,,True,31.5,22.0,63.0,False,2023,3.0
VER,Red Bull Racing,12.0,80.442,1.0,155,12.0,MEDIUM,True,1,,,True,31.5,22.0,63.0,False,2023,1.0
SAI,Ferrari,12.0,80.851,2.0,155,15.0,SOFT,False,1,,,True,31.5,22.1,64.0,False,2023,2.0
HAM,Mercedes,12.0,80.504,3.0,156,15.0,SOFT,False,1,,,True,31.5,22.1,64.0,False,2023,4.0
STR,Aston Martin,12.0,81.31,4.0,157,15.0,SOFT,False,1,,,True,31.5,22.1,64.0,False,2023,5.0
RUS,Mercedes,12.0,81.264,5.0,158,12.0,SOFT,True,1,,,True,31.5,22.1,64.0,False,2023,12.0
OCO,Alpine,12.0,81.696,6.0,158,15.0,SOFT,False,1,,,True,31.5,22.1,64.0,False,2023,6.0
ALO,Aston Martin,12.0,81.291,7.0,159,15.0,SOFT,False,1,,,True,31.5,22.1,64.0,False,2023,8.0
PER,Red Bull Racing,12.0,81.597,8.0,160,12.0,MEDIUM,True,1,,,True,31.5,22.1,64.0,False,2023,11.0
PIA,McLaren,12.0,80.997,9.0,160,14.0,SOFT,False,1,,,True,31.5,22.1,64.0,False,2023,9.0
GAS,Alpine,12.0,81.058,10.0,160,15.0,SOFT,False,1,,,True,31.5,22.1,64.0,False,2023,10.0
LEC,Ferrari,12.0,81.504,11.0,161,12.0,HARD,True,1,,,True,31.5,22.1,64.0,False,2023,19.0
ALB,Williams,12.0,82.189,12.0,162,12.0,SOFT,True,1,,,True,31.5,22.1,64.0,False,2023,18.0
SAR,Williams,12.0,82.16,13.0,163,12.0,MEDIUM,True,1,,,True,31.5,22.1,64.0,False,2023,20.0
HUL,Haas F1 Team,12.0,80.114,14.0,164,4.0,MEDIUM,True,1,,,True,31.5,22.1,64.0,False,2023,7.0
ZHO,Alfa Romeo,12.0,79.955,15.0,165,3.0,HARD,True,1,,,True,31.5,22.1,64.0,False,2023,13.0
TSU,AlphaTauri,12.0,80.243,16.0,166,2.0,HARD,True,1,,,True,31.5,22.1,64.0,False,2023,15.0
BOT,Alfa Romeo,12.0,81.19,17.0,166,7.0,HARD,True,1,,,True,31.5,22.1,64.0,False,2023,16.0
MAG,Haas F1 Team,12.0,80.176,18.0,167,2.0,MEDIUM,True,1,,,True,31.5,22.1,64.0,False,2023,17.0
DEV,AlphaTauri,12.0,81.357,19.0,167,3.0,HARD,True,1,,,True,31.5,22.1,64.0,False,2023,14.0
NOR,McLaren,12.0,81.641,20.0,167,11.0,HARD,True,1,,,True,31.5,22.1,64.0,False,2023,3.0
VER,Red Bull Racing,13.0,80.178,1.0,167,13.0,MEDIUM,True,1,,,True,31.7,22.1,65.0,False,2023,1.0
SAI,Ferrari,13.0,80.715,2.0,167,16.0,SOFT,False,1,,,True,31.7,22.1,65.0,False,2023,2.0
HAM,Mercedes,13.0,80.552,3.0,168,16.0,SOFT,False,1,,,True,31.7,22.1,65.0,False,2023,4.0
STR,Aston Martin,13.0,81.364,4.0,169,16.0,SOFT,False,1,,,True,31.7,22.1,65.0,False,2023,5.0
RUS,Mercedes,13.0,80.872,5.0,170,13.0,SOFT,True,1,,,True,31.7,22.1,65.0,False,2023,12.0
ALO,Aston Martin,13.0,81.325,6.0,170,16.0,SOFT,False,1,,,True,31.7,22.1,65.0,False,2023,8.0
PER,Red Bull Racing,13.0,81.592,7.0,171,13.0,MEDIUM,True,1,,,True,31.7,22.1,65.0,False,2023,11.0
OCO,Alpine,13.0,85.472,8.0,171,16.0,SOFT,False,1,0 days 01:20:02.225000,,False,31.7,22.1,65.0,False,2023,6.0
PIA,McLaren,13.0,81.498,9.0,172,15.0,SOFT,False,1,,,True,31.7,22.1,65.0,False,2023,9.0
GAS,Alpine,13.0,81.318,10.0,172,16.0,SOFT,False,1,,,True,31.7,22.1,65.0,False,2023,10.0
LEC,Ferrari,13.0,81.797,11.0,173,13.0,HARD,True,1,,,True,31.7,22.1,65.0,False,2023,19.0
ALB,Williams,13.0,82.081,12.0,174,13.0,SOFT,True,1,,,True,31.7,22.1,65.0,False,2023,18.0
SAR,Williams,13.0,81.968,13.0,175,13.0,MEDIUM,True,1,,,True,31.7,22.1,65.0,False,2023,20.0
HUL,Haas F1 Team,13.0,80.356,14.0,176,5.0,MEDIUM,True,1,,,True,31.7,22.1,65.0,False,2023,7.0
ZHO,Alfa Romeo,13.0,79.948,15.0,177,4.0,HARD,True,1,,,True,31.7,22.1,65.0,False,2023,13.0
TSU,AlphaTauri,13.0,79.767,16.0,178,3.0,HARD,True,1,,,True,31.7,22.1,65.0,False,2023,15.0
BOT,Alfa Romeo,13.0,80.805,17.0,178,8.0,HARD,True,1,,,True,31.7,22.0,64.0,False,2023,16.0
MAG,Haas F1 Team,13.0,80.504,18.0,179,3.0,MEDIUM,True,1,,,True,31.7,22.0,64.0,False,2023,17.0
DEV,AlphaTauri,13.0,80.553,19.0,179,4.0,HARD,True,1,,,True,31.7,22.0,64.0,False,2023,14.0
NOR,McLaren,13.0,81.744,20.0,179,12.0,HARD,True,1,,,True,31.7,22.0,64.0,False,2023,3.0
VER,Red Bull Racing,14.0,80.378,1.0,179,14.0,MEDIUM,True,1,,,True,31.7,22.0,64.0,False,2023,1.0
SAI,Ferrari,14.0,81.054,2.0,179,17.0,SOFT,False,1,,,True,31.7,22.0,64.0,False,2023,2.0
HAM,Mercedes,14.0,80.785,3.0,180,17.0,SOFT,False,1,,,True,31.7,22.0,64.0,False,2023,4.0
RUS,Mercedes,14.0,80.855,4.0,181,14.0,SOFT,True,1,,,True,31.7,22.0,64.0,False,2023,12.0
STR,Aston Martin,14.0,85.694,5.0,181,17.0,SOFT,False,1,0 days 01:21:19.583000,,False,31.7,22.0,64.0,False,2023,5.0
ALO,Aston Martin,14.0,80.876,6.0,182,17.0,SOFT,False,1,,,True,31.7,22.0,64.0,False,2023,8.0
PER,Red Bull Racing,14.0,81.329,7.0,183,14.0,MEDIUM,True,1,,,True,31.7,22.0,64.0,False,2023,11.0
PIA,McLaren,14.0,81.29,8.0,183,16.0,SOFT,False,1,,,True,31.9,22.1,64.0,False,2023,9.0
GAS,Alpine,14.0,81.307,9.0,183,17.0,SOFT,False,1,,,True,31.9,22.1,64.0,False,2023,10.0
LEC,Ferrari,14.0,81.732,10.0,184,14.0,HARD,True,1,,,True,31.9,22.1,64.0,False,2023,19.0
ALB,Williams,14.0,82.137,11.0,185,14.0,SOFT,True,1,,,True,31.9,22.1,64.0,False,2023,18.0
SAR,Williams,14.0,82.188,12.0,186,14.0,MEDIUM,True,1,,,True,31.9,22.1,64.0,False,2023,20.0
OCO,Alpine,14.0,98.928,13.0,187,1.0,MEDIUM,True,1,,0 days 01:20:24.381000,False,31.9,22.1,64.0,False,2023,6.0
HUL,Haas F1 Team,14.0,82.119,14.0,187,6.0,MEDIUM,True,1,,,True,31.9,22.1,64.0,False,2023,7.0
TSU,AlphaTauri,14.0,81.161,15.0,188,4.0,HARD,True,1,,,True,31.9,22.1,64.0,False,2023,15.0
ZHO,Alfa Romeo,14.0,82.523,16.0,188,5.0,HARD,True,1,,,True,31.9,22.1,64.0,False,2023,13.0
MAG,Haas F1 Team,14.0,80.706,17.0,189,4.0,MEDIUM,True,1,,,True,31.9,22.1,64.0,False,2023,17.0
BOT,Alfa Romeo,14.0,82.361,18.0,189,9.0,HARD,True,1,,,True,31.9,22.1,64.0,False,2023,16.0
DEV,AlphaTauri,14.0,81.363,19.0,190,5.0,HARD,True,1,,,True,31.9,22.1,64.0,False,2023,14.0
NOR,McLaren,14.0,81.093,20.0,190,13.0,HARD,True,1,,,True,31.9,22.1,64.0,False,2023,3.0
VER,Red Bull Racing,15.0,80.282,1.0,190,15.0,MEDIUM,True,1,,,True,31.9,22.1,64.0,False,2023,1.0
HAM,Mercedes,15.0,80.865,2.0,190,18.0,SOFT,False,1,,,True,31.2,22.1,65.0,False,2023,4.0
SAI,Ferrari,15.0,84.981,3.0,191,18.0,SOFT,False,1,0 days 01:22:33.894000,,False,31.2,22.1,65.0,False,2023,2.0
RUS,Mercedes,15.0,80.677,4.0,192,15.0,SOFT,True,1,,,True,31.2,22.1,65.0,False,2023,12.0
ALO,Aston Martin,15.0,81.169,5.0,192,18.0,SOFT,False,1,,,True,31.2,22.1,65.0,False,2023,8.0
PER,Red Bull Racing,15.0,81.327,6.0,193,15.0,MEDIUM,True,1,,,True,31.2,22.1,65.0,False,2023,11.0
PIA,McLaren,15.0,81.369,7.0,193,17.0,SOFT,False,1,,,True,31.2,22.1,65.0,False,2023,9.0
GAS,Alpine,15.0,81.36,8.0,193,18.0,SOFT,False,1,,,True,31.2,22.1,65.0,False,2023,10.0
LEC,Ferrari,15.0,81.545,9.0,194,15.0,HARD,True,1,,,True,31.2,22.1,65.0,False,2023,19.0
ALB,Williams,15.0,82.189,10.0,195,15.0,SOFT,True,1,,,True,31.2,22.1,65.0,False,2023,18.0
STR,Aston Martin,15.0,99.74,11.0,196,4.0,SOFT,False,1,,0 days 01:21:41.880000,False,31.2,22.1,65.0,False,2023,5.0
SAR,Williams,15.0,82.998,12.0,196,15.0,MEDIUM,True,1,,,True,31.2,22.1,65.0,False,2023,20.0
OCO,Alpine,15.0,80.523,13.0,197,2.0,MEDIUM,True,1,,,True,31.2,22.1,65.0,False,2023,6.0
TSU,AlphaTauri,15.0,80.161,14.0,197,5.0,HARD,True,1,,,True,31.2,22.1,65.0,False,2023,15.0
HUL,Haas F1 Team,15.0,81.677,15.0,197,7.0,MEDIUM,True,1,,,True,31.2,22.1,65.0,False,2023,7.0
ZHO,Alfa Romeo,15.0,81.185,16.0,198,6.0,HARD,True,1,,,True,31.2,22.1,65.0,False,2023,13.0
MAG,Haas F1 Team,15.0,81.069,17.0,199,5.0,MEDIUM,True,1,,,True,31.2,22.1,65.0,False,2023,17.0
DEV,AlphaTauri,15.0,80.776,18.0,199,6.0,HARD,True,1,,,True,31.2,22.1,65.0,False,2023,14.0
BOT,Alfa Romeo,15.0,82.934,19.0,199,10.0,HARD,True,1,,,True,31.2,22.1,65.0,False,2023,16.0
NOR,McLaren,15.0,81.359,20.0,199,14.0,HARD,True,1,,,True,31.2,22.1,65.0,False,2023,3.0
VER,Red Bull Racing,16.0,80.186,1.0,199,16.0,MEDIUM,True,1,,,True,31.2,22.1,64.0,False,2023,1.0
HAM,Mercedes,16.0,79.733,2.0,199,19.0,SOFT,False,1,,,True,31.2,22.1,64.0,False,2023,4.0
RUS,Mercedes,16.0,80.646,3.0,200,16.0,SOFT,True,1,,,True,31.2,22.1,64.0,False,2023,12.0
ALO,Aston Martin,16.0,81.15,4.0,200,19.0,SOFT,False,1,,,True,31.2,22.1,64.0,False,2023,8.0
PER,Red Bull Racing,16.0,81.033,5.0,201,16.0,MEDIUM,True,1,,,True,31.2,22.1,64.0,False,2023,11.0
PIA,McLaren,16.0,81.715,6.0,201,18.0,SOFT,False,1,,,True,31.2,22.1,64.0,False,2023,9.0
GAS,Alpine,16.0,81.543,7.0,201,19.0,SOFT,False,1,,,True,31.2,22.1,64.0,False,2023,10.0
SAI,Ferrari,16.0,99.079,8.0,202,1.0,MEDIUM,True,1,,0 days 01:22:56.175000,False,31.2,22.1,64.0,False,2023,2.0
LEC,Ferrari,16.0,86.277,9.0,202,16.0,HARD,True,1,0 days 01:24:17.861000,,False,31.2,22.1,64.0,False,2023,19.0
STR,Aston Martin,16.0,80.907,10.0,203,5.0,SOFT,False,1,,,True,31.2,22.1,64.0,False,2023,5.0
OCO,Alpine,16.0,80.865,11.0,204,3.0,MEDIUM,True,1,,,True,31.2,22.1,64.0,False,2023,6.0
SAR,Williams,16.0,82.913,12.0,204,16.0,MEDIUM,True,1,,,True,31.2,22.1,64.0,False,2023,20.0
TSU,AlphaTauri,16.0,80.377,13.0,205,6.0,HARD,True,1,,,True,31.2,22.1,64.0,False,2023,15.0
ALB,Williams,16.0,86.763,14.0,205,16.0,SOFT,True,1,0 days 01:24:24.705000,,False,31.2,22.1,64.0,False,2023,18.0
ZHO,Alfa Romeo,16.0,80.906,15.0,206,7.0,HARD,True,1,,,True,31.3,22.1,64.0,False,2023,13.0
HUL,Haas F1 Team,16.0,83.239,16.0,206,8.0,MEDIUM,True,1,,,True,31.3,22.1,64.0,False,2023,7.0
MAG,Haas F1 Team,16.0,81.119,17.0,207,6.0,MEDIUM,True,1,,,True,31.3,22.1,64.0,False,2023,17.0
DEV,AlphaTauri,16.0,81.022,18.0,207,7.0,HARD,True,1,,,True,31.3,22.1,64.0,False,2023,14.0
BOT,Alfa Romeo,16.0,81.922,19.0,207,11.0,HARD,True,1,,,True,31.3,22.1,64.0,False,2023,16.0
NOR,McLaren,16.0,81.782,20.0,207,15.0,HARD,True,1,,,True,31.3,22.1,64.0,False,2023,3.0
VER,Red Bull Racing,17.0,80.344,1.0,207,17.0,MEDIUM,True,1,,,True,31.3,22.1,64.0,False,2023,1.0
HAM,Mercedes,17.0,80.253,2.0,207,20.0,SOFT,False,1,,,True,31.3,22.1,64.0,False,2023,4.0
RUS,Mercedes,17.0,80.503,3.0,208,17.0,SOFT,True,1,,,True,31.3,22.1,64.0,False,2023,12.0
ALO,Aston Martin,17.0,81.193,4.0,208,20.0,SOFT,False,1,,,True,31.3,22.1,64.0,False,2023,8.0
PER,Red Bull Racing,17.0,81.115,5.0,209,17.0,MEDIUM,True,1,,,True,31.0,22.1,64.0,False,2023,11.0
GAS,Alpine,17.0,81.554,6.0,209,20.0,SOFT,False,1,,,True,31.0,22.1,64.0,False,2023,10.0
SAI,Ferrari,17.0,80.165,7.0,210,2.0,MEDIUM,True,1,,,True,31.0,22.1,64.0,False,2023,2.0
PIA,McLaren,17.0,84.904,8.0,210,19.0,SOFT,False,1,0 days 01:25:33.328000,,False,31.0,22.1,64.0,False,2023,9.0
STR,Aston Martin,17.0,80.283,9.0,211,6.0,SOFT,False,1,,,True,31.0,22.1,64.0,False,2023,5.0
OCO,Alpine,17.0,80.556,10.0,212,4.0,MEDIUM,True,1,,,True,31.0,22.1,64.0,False,2023,6.0
TSU,AlphaTauri,17.0,80.998,11.0,212,7.0,HARD,True,1,,,True,31.0,22.1,64.0,False,2023,15.0
ZHO,Alfa Romeo,17.0,80.815,12.0,212,8.0,HARD,True,1,,,True,31.0,22.1,64.0,False,2023,13.0
HUL,Haas F1 Team,17.0,81.467,13.0,212,9.0,MEDIUM,True,1,,,True,31.0,22.1,64.0,False,2023,7.0
SAR,Williams,17.0,86.858,14.0,212,17.0,MEDIUM,True,1,0 days 01:25:50.297000,,False,31.0,22.1,64.0,False,2023,20.0
MAG,Haas F1 Team,17.0,81.203,15.0,213,7.0,MEDIUM,True,1,,,True,31.0,22.1,64.0,False,2023,17.0
DEV,AlphaTauri,17.0,80.808,16.0,213,8.0,HARD,True,1,,,True,31.0,22.1,64.0,False,2023,14.0
BOT,Alfa Romeo,17.0,81.789,17.0,213,12.0,HARD,True,1,,,True,31.0,22.1,64.0,False,2023,16.0
LEC,Ferrari,17.0,99.864,18.0,214,1.0,SOFT,True,1,,0 days 01:24:39.689000,False,31.0,22.1,64.0,False,2023,19.0
NOR,McLaren,17.0,82.536,19.0,214,16.0,HARD,True,1,,,True,31.0,22.1,64.0,False,2023,3.0
ALB,Williams,17.0,102.254,20.0,215,1.0,HARD,True,1,,0 days 01:24:48.032000,False,31.0,22.1,64.0,False,2023,18.0
VER,Red Bull Racing,18.0,80.258,1.0,215,18.0,MEDIUM,True,1,,,True,31.0,22.1,64.0,False,2023,1.0
HAM,Mercedes,18.0,80.172,2.0,215,21.0,SOFT,False,1,,,True,30.9,22.1,65.0,False,2023,4.0
RUS,Mercedes,18.0,80.521,3.0,216,18.0,SOFT,True,1,,,True,30.9,22.1,65.0,False,2023,12.0
ALO,Aston Martin,18.0,81.147,4.0,216,21.0,SOFT,False,1,,,True,30.9,22.1,65.0,False,2023,8.0
PER,Red Bull Racing,18.0,80.824,5.0,217,18.0,MEDIUM,True,1,,,True,30.9,22.1,65.0,False,2023,11.0
GAS,Alpine,18.0,81.199,6.0,217,21.0,SOFT,False,1,,,True,30.9,22.1,65.0,False,2023,10.0
SAI,Ferrari,18.0,79.981,7.0,218,3.0,MEDIUM,True,1,,,True,30.9,22.1,65.0,False,2023,2.0
STR,Aston Martin,18.0,80.392,8.0,218,7.0,SOFT,False,1,,,True,30.9,22.1,65.0,False,2023,5.0
OCO,Alpine,18.0,80.376,9.0,219,5.0,MEDIUM,True,1,,,True,30.9,22.1,65.0,False,2023,6.0
TSU,AlphaTauri,18.0,80.223,10.0,219,8.0,HARD,True,1,,,True,30.9,22.1,65.0,False,2023,15.0
ZHO,Alfa Romeo,18.0,80.568,11.0,219,9.0,HARD,True,1,,,True,30.9,22.1,65.0,False,2023,13.0
HUL,Haas F1 Team,18.0,81.335,12.0,219,10.0,MEDIUM,True,1,,,True,30.9,22.1,65.0,False,2023,7.0
MAG,Haas F1 Team,18.0,81.031,13.0,220,8.0,MEDIUM,True,1,,,True,30.9,22.1,65.0,False,2023,17.0
DEV,AlphaTauri,18.0,81.221,14.0,220,9.0,HARD,True,1,,,True,30.9,22.1,65.0,False,2023,14.0
PIA,McLaren,18.0,100.323,15.0,221,1.0,HARD,True,1,,0 days 01:25:55.703000,False,30.9,22.1,65.0,False,2023,9.0
BOT,Alfa Romeo,18.0,81.419,16.0,221,13.0,HARD,True,1,,,True,30.9,22.1,65.0,False,2023,16.0
LEC,Ferrari,18.0,80.94,17.0,222,2.0,SOFT,True,1,,,True,30.9,22.1,65.0,False,2023,19.0
NOR,McLaren,18.0,81.694,18.0,222,17.0,HARD,True,1,,,True,30.9,22.1,65.0,False,2023,3.0
ALB,Williams,18.0,80.754,19.0,223,2.0,HARD,True,1,,,True,31.2,22.1,64.0,False,2023,18.0
SAR,Williams,18.0,101.467,20.0,224,1.0,HARD,True,1,,0 days 01:26:13.140000,False,31.2,22.1,64.0,False,2023,20.0
VER,Red Bull Racing,19.0,80.068,1.0,224,19.0,MEDIUM,True,1,,,True,31.2,22.1,64.0,False,2023,1.0
HAM,Mercedes,19.0,80.324,2.0,224,22.0,SOFT,False,1,,,True,31.2,22.1,64.0,False,2023,4.0
RUS,Mercedes,19.0,80.742,3.0,225,19.0,SOFT,True,1,,,True,31.2,22.1,64.0,False,2023,12.0
PER,Red Bull Racing,19.0,81.128,4.0,226,19.0,MEDIUM,True,1,,,True,31.2,22.1,64.0,False,2023,11.0
ALO,Aston Martin,19.0,84.968,5.0,226,22.0,SOFT,False,1,0 days 01:28:10.013000,,False,31.2,22.1,64.0,False,2023,8.0
SAI,Ferrari,19.0,79.832,6.0,227,4.0,MEDIUM,True,1,,,True,31.2,22.1,64.0,False,2023,2.0
GAS,Alpine,19.0,86.187,7.0,227,22.0,SOFT,False,1,0 days 01:28:18.997000,,False,31.2,22.1,64.0,False,2023,10.0
STR,Aston Martin,19.0,80.33,8.0,228,8.0,SOFT,False,1,,,True,31.2,22.1,64.0,False,2023,5.0
OCO,Alpine,19.0,80.395,9.0,229,6.0,MEDIUM,True,1,,,True,31.2,22.1,64.0,False,2023,6.0
TSU,AlphaTauri,19.0,80.222,10.0,229,9.0,HARD,True,1,,,True,31.5,22.0,63.0,False,2023,15.0
ZHO,Alfa Romeo,19.0,80.49,11.0,229,10.0,HARD,True,1,,,True,31.5,22.0,63.0,False,2023,13.0
HUL,Haas F1 Team,19.0,81.164,12.0,229,11.0,MEDIUM,True,1,,,True,31.5,22.0,63.0,False,2023,7.0
PIA,McLaren,19.0,79.785,13.0,230,2.0,HARD,True,1,,,True,31.5,22.0,63.0,False,2023,9.0
MAG,Haas F1 Team,19.0,81.719,14.0,230,9.0,MEDIUM,True,1,,,True,31.5,22.0,63.0,False,2023,17.0
DEV,AlphaTauri,19.0,81.571,15.0,230,10.0,HARD,True,1,,,True,31.5,22.0,63.0,False,2023,14.0
BOT,Alfa Romeo,19.0,81.578,16.0,230,14.0,HARD,True,1,,,True,31.5,22.0,63.0,False,2023,16.0
LEC,Ferrari,19.0,80.553,17.0,231,3.0,SOFT,True,1,,,True,31.5,22.0,63.0,False,2023,19.0
NOR,McLaren,19.0,81.746,18.0,231,18.0,HARD,True,1,,,True,31.5,22.0,63.0,False,2023,3.0
ALB,Williams,19.0,80.593,19.0,232,3.0,HARD,True,1,,,True,31.5,22.0,63.0,False,2023,18.0
SAR,Williams,19.0,80.458,20.0,233,2.0,HARD,True,1,,,True,31.5,22.0,63.0,False,2023,20.0
VER,Red Bull Racing,20.0,79.988,1.0,233,20.0,MEDIUM,True,1,,,True,31.5,22.0,63.0,False,2023,1.0
HAM,Mercedes,20.0,80.527,2.0,233,23.0,SOFT,False,1,,,True,31.5,22.0,63.0,False,2023,4.0
RUS,Mercedes,20.0,80.523,3.0,234,20.0,SOFT,True,1,,,True,31.5,22.0,63.0,False,2023,12.0
PER,Red Bull Racing,20.0,80.547,4.0,235,20.0,MEDIUM,True,1,,,True,31.4,22.1,63.0,False,2023,11.0
SAI,Ferrari,20.0,80.249,5.0,236,5.0,MEDIUM,True,1,,,True,31.4,22.1,63.0,False,2023,2.0
STR,Aston Martin,20.0,80.496,6.0,236,9.0,SOFT,False,1,,,True,31.4,22.1,63.0,False,2023,5.0
OCO,Alpine,20.0,80.623,7.0,237,7.0,MEDIUM,True,1,,,True,31.4,22.1,63.0,False,2023,6.0
TSU,AlphaTauri,20.0,80.262,8.0,237,10.0,HARD,True,1,,,True,31.4,22.1,63.0,False,2023,15.0
ZHO,Alfa Romeo,20.0,80.479,9.0,237,11.0,HARD,True,1,,,True,31.4,22.1,63.0,False,2023,13.0
ALO,Aston Martin,20.0,99.017,10.0,238,4.0,SOFT,False,1,,0 days 01:28:32.247000,False,31.4,22.1,63.0,False,2023,8.0
HUL,Haas F1 Team,20.0,81.266,11.0,238,12.0,MEDIUM,True,1,,,True,31.4,22.1,63.0,False,2023,7.0
PIA,McLaren,20.0,80.115,12.0,239,3.0,HARD,True,1,,,True,31.4,22.1,63.0,False,2023,9.0
MAG,Haas F1 Team,20.0,81.51,13.0,239,10.0,MEDIUM,True,1,,,True,31.4,22.1,63.0,False,2023,17.0
DEV,AlphaTauri,20.0,81.217,14.0,239,11.0,HARD,True,1,,,True,31.4,22.1,63.0,False,2023,14.0
LEC,Ferrari,20.0,80.066,15.0,240,4.0,SOFT,True,1,,,True,31.4,22.1,63.0,False,2023,19.0
GAS,Alpine,20.0,100.742,16.0,241,1.0,MEDIUM,True,1,,0 days 01:28:42.341000,False,31.4,22.1,63.0,False,2023,10.0
BOT,Alfa Romeo,20.0,83.449,17.0,241,15.0,HARD,True,1,,,True,31.4,22.1,63.0,False,2023,16.0
NOR,McLaren,20.0,81.428,18.0,241,19.0,HARD,True,1,,,True,31.4,22.1,63.0,False,2023,3.0
ALB,Williams,20.0,80.897,19.0,242,4.0,HARD,True,1,,,True,31.4,22.1,63.0,False,2023,18.0
SAR,Williams,20.0,80.615,20.0,243,3.0,HARD,True,1,,,True,31.4,22.1,63.0,False,2023,20.0
VER,Red Bull Racing,21.0,80.087,1.0,243,21.0,MEDIUM,True,1,,,True,31.4,22.1,63.0,False,2023,1.0
HAM,Mercedes,21.0,80.681,2.0,243,24.0,SOFT,False,1,,,True,31.2,22.1,64.0,False,2023,4.0
RUS,Mercedes,21.0,80.757,3.0,244,21.0,SOFT,True,1,,,True,31.2,22.1,64.0,False,2023,12.0
PER,Red Bull Racing,21.0,80.256,4.0,245,21.0,MEDIUM,True,1,,,True,31.2,22.1,64.0,False,2023,11.0
SAI,Ferrari,21.0,80.164,5.0,246,6.0,MEDIUM,True,1,,,True,31.2,22.1,64.0,False,2023,2.0
STR,Aston Martin,21.0,80.457,6.0,246,10.0,SOFT,False,1,,,True,31.2,22.1,64.0,False,2023,5.0
OCO,Alpine,21.0,80.646,7.0,247,8.0,MEDIUM,True,1,,,True,31.2,22.1,64.0,False,2023,6.0
TSU,AlphaTauri,21.0,80.591,8.0,247,11.0,HARD,True,1,,,True,31.2,22.1,64.0,False,2023,15.0
ALO,Aston Martin,21.0,80.375,9.0,248,5.0,SOFT,False,1,,,True,31.2,22.1,64.0,False,2023,8.0
ZHO,Alfa Romeo,21.0,81.619,10.0,248,12.0,HARD,True,1,,,True,31.2,22.1,64.0,False,2023,13.0
PIA,McLaren,21.0,80.38,11.0,249,4.0,HARD,True,1,,,True,31.2,22.1,64.0,False,2023,9.0
HUL,Haas F1 Team,21.0,81.964,12.0,249,13.0,MEDIUM,True,1,,,True,31.2,22.1,64.0,False,2023,7.0
MAG,Haas F1 Team,21.0,81.662,13.0,250,11.0,MEDIUM,True,1,,,True,31.2,22.1,64.0,False,2023,17.0
DEV,AlphaTauri,21.0,81.642,14.0,250,12.0,HARD,True,1,,,True,31.2,22.1,64.0,False,2023,14.0
GAS,Alpine,21.0,79.437,15.0,251,2.0,MEDIUM,True,1,,,True,31.2,22.1,64.0,False,2023,10.0
LEC,Ferrari,21.0,81.325,16.0,251,5.0,SOFT,True,1,,,True,31.2,22.1,64.0,False,2023,19.0
BOT,Alfa Romeo,21.0,81.727,17.0,251,16.0,HARD,True,1,,,True,31.2,22.1,64.0,False,2023,16.0
NOR,McLaren,21.0,81.589,18.0,251,20.0,HARD,True,1,,,True,31.1,22.0,64.0,False,2023,3.0
ALB,Williams,21.0,80.981,19.0,252,5.0,HARD,True,1,,,True,31.1,22.0,64.0,False,2023,18.0
SAR,Williams,21.0,80.676,20.0,253,4.0,HARD,True,1,,,True,31.1,22.0,64.0,False,2023,20.0
VER,Red Bull Racing,22.0,79.869,1.0,253,22.0,MEDIUM,True,1,,,True,31.1,22.0,64.0,False,2023,1.0
HAM,Mercedes,22.0,80.562,2.0,253,25.0,SOFT,False,1,,,True,31.1,22.0,64.0,False,2023,4.0
RUS,Mercedes,22.0,80.724,3.0,254,22.0,SOFT,True,1,,,True,31.1,22.0,64.0,False,2023,12.0
PER,Red Bull Racing,22.0,80.315,4.0,255,22.0,MEDIUM,True,1,,,True,31.1,22.0,64.0,False,2023,11.0
SAI,Ferrari,22.0,80.272,5.0,256,7.0,MEDIUM,True,1,,,True,31.1,22.0,64.0,False,2023,2.0
STR,Aston Martin,22.0,80.506,6.0,256,11.0,SOFT,False,1,,,True,31.1,22.0,64.0,False,2023,5.0
OCO,Alpine,22.0,80.239,7.0,257,9.0,MEDIUM,True,1,,,True,30.7,22.0,64.0,False,2023,6.0
TSU,AlphaTauri,22.0,80.468,8.0,257,12.0,HARD,True,1,,,True,30.7,22.0,64.0,False,2023,15.0
ALO,Aston Martin,22.0,80.954,9.0,258,6.0,SOFT,False,1,,,True,30.7,22.0,64.0,False,2023,8.0
ZHO,Alfa Romeo,22.0,81.227,10.0,258,13.0,HARD,True,1,,,True,30.7,22.0,64.0,False,2023,13.0
PIA,McLaren,22.0,80.712,11.0,259,5.0,HARD,True,1,,,True,30.7,22.0,64.0,False,2023,9.0
HUL,Haas F1 Team,22.0,80.991,12.0,259,14.0,MEDIUM,True,1,,,True,30.7,22.0,64.0,False,2023,7.0
MAG,Haas F1 Team,22.0,81.631,13.0,260,12.0,MEDIUM,True,1,,,True,30.7,22.0,64.0,False,2023,17.0
DEV,AlphaTauri,22.0,81.656,14.0,260,13.0,HARD,True,1,,,True,30.7,22.0,64.0,False,2023,14.0
GAS,Alpine,22.0,80.694,15.0,261,3.0,MEDIUM,True,1,,,True,30.7,22.0,64.0,False,2023,10.0
LEC,Ferrari,22.0,80.851,16.0,261,6.0,SOFT,True,1,,,True,30.7,22.0,64.0,False,2023,19.0
BOT,Alfa Romeo,22.0,81.807,17.0,261,17.0,HARD,True,1,,,True,30.7,22.0,64.0,False,2023,16.0
NOR,McLaren,22.0,85.334,18.0,261,21.0,HARD,True,1,0 days 01:32:51.102000,,False,30.7,22.0,64.0,False,2023,3.0
ALB,Williams,22.0,81.195,19.0,262,6.0,HARD,True,1,,,True,30.7,22.0,64.0,False,2023,18.0
SAR,Williams,22.0,80.636,20.0,263,5.0,HARD,True,1,,,True,30.7,22.0,64.0,False,2023,20.0
VER,Red Bull Racing,23.0,80.098,1.0,263,23.0,MEDIUM,True,1,,,True,30.7,22.0,64.0,False,2023,1.0
HAM,Mercedes,23.0,80.786,2.0,263,26.0,SOFT,False,1,,,True,30.7,22.0,64.0,False,2023,4.0
RUS,Mercedes,23.0,80.794,3.0,264,23.0,SOFT,True,1,,,True,30.7,22.0,64.0,False,2023,12.0
PER,Red Bull Racing,23.0,80.69,4.0,265,23.0,MEDIUM,True,1,,,True,30.9,22.0,65.0,False,2023,11.0
SAI,Ferrari,23.0,80.479,5.0,266,8.0,MEDIUM,True,1,,,True,30.9,22.0,65.0,False,2023,2.0
STR,Aston Martin,23.0,80.397,6.0,266,12.0,SOFT,False,1,,,True,30.9,22.0,65.0,False,2023,5.0
OCO,Alpine,23.0,80.539,7.0,267,10.0,MEDIUM,True,1,,,True,30.9,22.0,65.0,False,2023,6.0
TSU,AlphaTauri,23.0,80.41,8.0,267,13.0,HARD,True,1,,,True,30.9,22.0,65.0,False,2023,15.0
ALO,Aston Martin,23.0,80.987,9.0,268,7.0,SOFT,False,1,,,True,30.9,22.0,65.0,False,2023,8.0
ZHO,Alfa Romeo,23.0,81.493,10.0,268,14.0,HARD,True,1,,,True,30.9,22.0,65.0,False,2023,13.0
PIA,McLaren,23.0,80.738,11.0,269,6.0,HARD,True,1,,,True,30.9,22.0,65.0,False,2023,9.0
HUL,Haas F1 Team,23.0,81.129,12.0,269,15.0,MEDIUM,True,1,,,True,30.9,22.0,65.0,False,2023,7.0
MAG,Haas F1 Team,23.0,81.847,13.0,270,13.0,MEDIUM,True,1,,,True,30.9,22.0,65.0,False,2023,17.0
GAS,Alpine,23.0,81.299,14.0,271,4.0,MEDIUM,True,1,,,True,30.9,22.0,65.0,False,2023,10.0
DEV,AlphaTauri,23.0,82.426,15.0,271,14.0,HARD,True,1,,,True,30.9,22.0,65.0,False,2023,14.0
LEC,Ferrari,23.0,80.901,16.0,272,7.0,SOFT,True,1,,,True,30.9,22.0,65.0,False,2023,19.0
BOT,Alfa Romeo,23.0,81.673,17.0,272,18.0,HARD,True,1,,,True,30.9,22.0,65.0,False,2023,16.0
ALB,Williams,23.0,81.094,18.0,273,7.0,HARD,True,1,,,True,30.9,22.0,65.0,False,2023,18.0
SAR,Williams,23.0,80.672,19.0,274,6.0,HARD,True,1,,,True,30.9,22.0,65.0,False,2023,20.0
NOR,McLaren,23.0,100.436,20.0,275,1.0,MEDIUM,True,1,,0 days 01:33:13.898000,False,30.9,22.0,64.0,False,2023,3.0
VER,Red Bull Racing,24.0,79.946,1.0,275,24.0,MEDIUM,True,1,,,True,30.9,22.0,65.0,False,2023,1.0
HAM,Mercedes,24.0,84.672,2.0,275,27.0,SOFT,False,1,0 days 01:34:38.319000,,False,30.9,22.0,64.0,False,2023,4.0
RUS,Mercedes,24.0,81.05,3.0,276,24.0,SOFT,True,1,,,True,30.9,22.0,64.0,False,2023,12.0
PER,Red Bull Racing,24.0,80.828,4.0,277,24.0,MEDIUM,True,1,,,True,30.9,22.0,64.0,False,2023,11.0
SAI,Ferrari,24.0,80.477,5.0,278,9.0,MEDIUM,True,1,,,True,30.9,22.0,64.0,False,2023,2.0
STR,Aston Martin,24.0,80.44,6.0,278,13.0,SOFT,False,1,,,True,30.9,22.0,64.0,False,2023,5.0
OCO,Alpine,24.0,80.636,7.0,279,11.0,MEDIUM,True,1,,,True,30.9,22.0,64.0,False,2023,6.0
TSU,AlphaTauri,24.0,80.6,8.0,279,14.0,HARD,True,1,,,True,30.9,22.0,64.0,False,2023,15.0
ALO,Aston Martin,24.0,80.813,9.0,280,8.0,SOFT,False,1,,,True,30.9,22.0,64.0,False,2023,8.0
ZHO,Alfa Romeo,24.0,81.399,10.0,280,15.0,HARD,True,1,,,True,30.9,22.0,64.0,False,2023,13.0
PIA,McLaren,24.0,80.973,11.0,281,7.0,HARD,True,1,,,True,30.9,22.0,64.0,False,2023,9.0
HUL,Haas F1 Team,24.0,81.33,12.0,281,16.0,MEDIUM,True,1,,,True,30.9,22.0,64.0,False,2023,7.0
GAS,Alpine,24.0,79.647,13.0,282,5.0,MEDIUM,True,1,,,True,30.9,22.0,64.0,False,2023,10.0
DEV,AlphaTauri,24.0,81.431,14.0,282,15.0,HARD,True,1,,,True,30.9,22.0,64.0,False,2023,14.0
LEC,Ferrari,24.0,81.588,15.0,283,8.0,SOFT,True,1,,,True,30.9,22.0,64.0,False,2023,19.0
MAG,Haas F1 Team,24.0,85.931,16.0,283,14.0,MEDIUM,True,1,0 days 01:35:26.927000,,False,31.0,22.0,64.0,False,2023,17.0
BOT,Alfa Romeo,24.0,81.559,17.0,283,19.0,HARD,True,1,,,True,31.0,22.0,64.0,False,2023,16.0
ALB,Williams,24.0,81.121,18.0,284,8.0,HARD,True,1,,,True,31.0,22.0,64.0,False,2023,18.0
SAR,Williams,24.0,80.994,19.0,285,7.0,HARD,True,1,,,True,31.0,22.0,64.0,False,2023,20.0
NOR,McLaren,24.0,79.705,20.0,286,2.0,MEDIUM,True,1,,,True,31.0,22.0,64.0,False,2023,3.0
VER,Red Bull Racing,25.0,79.973,1.0,286,25.0,MEDIUM,True,1,,,True,31.0,22.0,64.0,False,2023,1.0
RUS,Mercedes,25.0,84.632,2.0,287,25.0,SOFT,True,1,0 days 01:36:08.223000,,False,31.0,22.0,64.0,False,2023,12.0
PER,Red Bull Racing,25.0,81.062,3.0,288,25.0,MEDIUM,True,1,,,True,31.0,22.0,64.0,False,2023,11.0
SAI,Ferrari,25.0,80.693,4.0,289,10.0,MEDIUM,True,1,,,True,31.0,22.0,64.0,False,2023,2.0
HAM,Mercedes,25.0,99.313,5.0,290,1.0,MEDIUM,True,1,,0 days 01:35:00.896000,False,31.0,22.0,64.0,False,2023,4.0
STR,Aston Martin,25.0,80.731,6.0,290,14.0,SOFT,False,1,,,True,31.0,22.0,64.0,False,2023,5.0
OCO,Alpine,25.0,80.534,7.0,291,12.0,MEDIUM,True,1,,,True,30.9,22.0,65.0,False,2023,6.0
TSU,AlphaTauri,25.0,80.643,8.0,291,15.0,HARD,True,1,,,True,30.9,22.0,65.0,False,2023,15.0
ALO,Aston Martin,25.0,80.32,9.0,292,9.0,SOFT,False,1,,,True,30.9,22.0,65.0,False,2023,8.0
ZHO,Alfa Romeo,25.0,81.114,10.0,292,16.0,HARD,True,1,,,True,30.9,22.0,65.0,False,2023,13.0
PIA,McLaren,25.0,80.77,11.0,293,8.0,HARD,True,1,,,True,30.9,22.0,65.0,False,2023,9.0
HUL,Haas F1 Team,25.0,81.144,12.0,293,17.0,MEDIUM,True,1,,,True,30.9,22.0,65.0,False,2023,7.0
GAS,Alpine,25.0,79.868,13.0,294,6.0,MEDIUM,True,1,,,True,30.9,22.0,65.0,False,2023,10.0
DEV,AlphaTauri,25.0,80.52,14.0,294,16.0,HARD,True,1,,,True,30.9,22.0,65.0,False,2023,14.0
LEC,Ferrari,25.0,80.414,15.0,295,9.0,SOFT,True,1,,,True,30.9,22.0,65.0,False,2023,19.0
BOT,Alfa Romeo,25.0,81.219,16.0,295,20.0,HARD,True,1,,,True,30.9,22.0,65.0,False,2023,16.0
ALB,Williams,25.0,81.114,17.0,296,9.0,HARD,True,1,,,True,30.9,22.0,65.0,False,2023,18.0
SAR,Williams,25.0,81.033,18.0,297,8.0,HARD,True,1,,,True,30.9,22.0,65.0,False,2023,20.0
MAG,Haas F1 Team,25.0,101.735,19.0,298,1.0,HARD,True,1,,0 days 01:35:51.599000,False,30.9,22.0,65.0,False,2023,17.0
NOR,McLaren,25.0,80.056,20.0,298,3.0,MEDIUM,True,1,,,True,30.9,22.0,65.0,False,2023,3.0
VER,Red Bull Racing,26.0,83.843,1.0,298,26.0,MEDIUM,True,1,0 days 01:37:06.753000,,False,30.9,22.0,65.0,False,2023,1.0
PER,Red Bull Racing,26.0,81.244,2.0,299,26.0,MEDIUM,True,1,,,True,30.3,21.9,65.0,False,2023,11.0
SAI,Ferrari,26.0,80.315,3.0,300,11.0,MEDIUM,True,1,,,True,30.3,21.9,65.0,False,2023,2.0
HAM,Mercedes,26.0,79.629,4.0,301,2.0,MEDIUM,True,1,,,True,30.3,21.9,65.0,False,2023,4.0
STR,Aston Martin,26.0,80.533,5.0,301,15.0,SOFT,False,1,,,True,30.3,21.9,65.0,False,2023,5.0
RUS,Mercedes,26.0,98.401,6.0,302,1.0,MEDIUM,True,1,,0 days 01:36:30.473000,False,30.3,21.9,65.0,False,2023,12.0
OCO,Alpine,26.0,81.411,7.0,302,13.0,MEDIUM,True,1,,,True,30.3,21.9,65.0,False,2023,6.0
TSU,AlphaTauri,26.0,80.999,8.0,302,16.0,HARD,True,1,,,True,30.3,21.9,65.0,False,2023,15.0
ALO,Aston Martin,26.0,80.367,9.0,303,10.0,SOFT,False,1,,,True,30.3,21.9,65.0,False,2023,8.0
ZHO,Alfa Romeo,26.0,80.895,10.0,303,17.0,HARD,True,1,,,True,30.3,21.9,65.0,False,2023,13.0
PIA,McLaren,26.0,80.828,11.0,304,9.0,HARD,True,1,,,True,30.3,21.9,65.0,False,2023,9.0
GAS,Alpine,26.0,80.473,12.0,305,7.0,MEDIUM,True,1,,,True,30.3,21.9,65.0,False,2023,10.0
LEC,Ferrari,26.0,80.078,13.0,305,10.0,SOFT,True,1,,,True,30.3,21.9,65.0,False,2023,19.0
HUL,Haas F1 Team,26.0,84.75,14.0,305,18.0,MEDIUM,True,1,0 days 01:38:04.612000,,False,30.3,21.9,65.0,False,2023,7.0
DEV,AlphaTauri,26.0,81.99,15.0,306,17.0,HARD,True,1,,,True,30.3,21.9,65.0,False,2023,14.0
BOT,Alfa Romeo,26.0,81.205,16.0,306,21.0,HARD,True,1,,,True,30.3,21.9,65.0,False,2023,16.0
ALB,Williams,26.0,81.02,17.0,307,10.0,HARD,True,1,,,True,30.3,21.9,65.0,False,2023,18.0
SAR,Williams,26.0,81.004,18.0,308,9.0,HARD,True,1,,,True,30.3,21.9,65.0,False,2023,20.0
MAG,Haas F1 Team,26.0,79.412,19.0,309,2.0,HARD,True,1,,,True,30.4,22.0,66.0,False,2023,17.0
NOR,McLaren,26.0,79.975,20.0,309,4.0,MEDIUM,True,1,,,True,30.4,22.0,66.0,False,2023,3.0
VER,Red Bull Racing,27.0,98.427,1.0,310,1.0,HARD,True,1,,0 days 01:37:29.019000,False,30.4,22.0,66.0,False,2023,1.0
SAI,Ferrari,27.0,80.333,2.0,310,12.0,MEDIUM,True,1,,,True,30.4,22.0,66.0,False,2023,2.0
HAM,Mercedes,27.0,79.186,3.0,311,3.0,MEDIUM,True,1,,,True,30.4,22.0,66.0,False,2023,4.0
PER,Red Bull Racing,27.0,85.177,4.0,311,27.0,MEDIUM,True,1,0 days 01:38:57.486000,,False,30.4,22.0,66.0,False,2023,11.0
STR,Aston Martin,27.0,80.455,5.0,312,16.0,SOFT,False,1,,,True,30.4,22.0,66.0,False,2023,5.0
RUS,Mercedes,27.0,78.878,6.0,313,2.0,MEDIUM,True,1,,,True,30.4,22.0,66.0,False,2023,12.0
OCO,Alpine,27.0,80.39,7.0,313,14.0,MEDIUM,True,1,,,True,30.4,22.0,66.0,False,2023,6.0
TSU,AlphaTauri,27.0,80.471,8.0,313,17.0,HARD,True,1,,,True,30.4,22.0,66.0,False,2023,15.0
ALO,Aston Martin,27.0,80.318,9.0,314,11.0,SOFT,False,1,,,True,30.4,22.0,66.0,False,2023,8.0
ZHO,Alfa Romeo,27.0,80.55,10.0,314,18.0,HARD,True,1,,,True,30.4,22.0,66.0,False,2023,13.0
PIA,McLaren,27.0,80.618,11.0,315,10.0,HARD,True,1,,,True,30.4,22.0,66.0,False,2023,9.0
GAS,Alpine,27.0,79.477,12.0,316,8.0,MEDIUM,True,1,,,True,30.4,22.0,66.0,False,2023,10.0
LEC,Ferrari,27.0,80.272,13.0,316,11.0,SOFT,True,1,,,True,30.4,22.0,66.0,False,2023,19.0
DEV,AlphaTauri,27.0,80.811,14.0,316,18.0,HARD,True,1,,,True,30.4,22.1,66.0,False,2023,14.0
BOT,Alfa Romeo,27.0,81.15,15.0,316,22.0,HARD,True,1,,,True,30.4,22.1,66.0,False,2023,16.0
ALB,Williams,27.0,80.762,16.0,317,11.0,HARD,True,1,,,True,30.4,22.1,66.0,False,2023,18.0
SAR,Williams,27.0,80.762,17.0,318,10.0,HARD,True,1,,,True,30.4,22.1,66.0,False,2023,20.0
HUL,Haas F1 Team,27.0,99.843,18.0,319,1.0,HARD,True,1,,0 days 01:38:27.815000,False,30.4,22.1,66.0,False,2023,7.0
MAG,Haas F1 Team,27.0,79.009,19.0,319,3.0,HARD,True,1,,,True,30.4,22.1,66.0,False,2023,17.0
NOR,McLaren,27.0,79.88,20.0,319,5.0,MEDIUM,True,1,,,True,30.4,22.1,66.0,False,2023,3.0
VER,Red Bull Racing,28.0,78.707,1.0,320,2.0,HARD,True,1,,,True,30.4,22.1,66.0,False,2023,1.0
HAM,Mercedes,28.0,79.161,2.0,320,4.0,MEDIUM,True,1,,,True,30.4,22.1,66.0,False,2023,4.0
SAI,Ferrari,28.0,81.45,3.0,320,13.0,MEDIUM,True,1,,,True,30.4,22.1,66.0,False,2023,2.0
RUS,Mercedes,28.0,78.264,4.0,321,3.0,MEDIUM,True,1,,,True,30.4,22.1,66.0,False,2023,12.0
STR,Aston Martin,28.0,81.2,5.0,321,17.0,SOFT,False,1,,,True,30.5,22.1,65.0,False,2023,5.0
OCO,Alpine,28.0,80.318,6.0,322,15.0,MEDIUM,True,1,,,True,30.5,22.1,65.0,False,2023,6.0
TSU,AlphaTauri,28.0,80.31,7.0,322,18.0,HARD,True,1,,,True,30.5,22.1,65.0,False,2023,15.0
ALO,Aston Martin,28.0,80.404,8.0,323,12.0,SOFT,False,1,,,True,30.5,22.1,65.0,False,2023,8.0
PER,Red Bull Racing,28.0,98.204,9.0,324,1.0,HARD,True,1,,0 days 01:39:19.204000,False,30.5,22.1,65.0,False,2023,11.0
ZHO,Alfa Romeo,28.0,80.946,10.0,324,19.0,HARD,True,1,,,True,30.5,22.1,65.0,False,2023,13.0
PIA,McLaren,28.0,80.667,11.0,325,11.0,HARD,True,1,,,True,30.5,22.1,65.0,False,2023,9.0
GAS,Alpine,28.0,79.996,12.0,326,9.0,MEDIUM,True,1,,,True,30.5,22.1,65.0,False,2023,10.0
LEC,Ferrari,28.0,80.495,13.0,326,12.0,SOFT,True,1,,,True,30.5,22.1,65.0,False,2023,19.0
DEV,AlphaTauri,28.0,80.848,14.0,326,19.0,HARD,True,1,,,True,30.5,22.1,65.0,False,2023,14.0
BOT,Alfa Romeo,28.0,81.253,15.0,326,23.0,HARD,True,1,,,True,30.5,22.1,65.0,False,2023,16.0
ALB,Williams,28.0,81.033,16.0,327,12.0,HARD,True,1,,,True,30.5,22.1,65.0,False,2023,18.0
SAR,Williams,28.0,80.834,17.0,328,11.0,HARD,True,1,,,True,30.5,22.1,65.0,False,2023,20.0
HUL,Haas F1 Team,28.0,78.959,18.0,329,2.0,HARD,True,1,,,True,30.5,22.1,65.0,False,2023,7.0
MAG,Haas F1 Team,28.0,79.264,19.0,329,4.0,HARD,True,1,,,True,30.5,22.1,65.0,False,2023,17.0
NOR,McLaren,28.0,80.091,20.0,329,6.0,MEDIUM,True,1,,,True,30.5,22.1,65.0,False,2023,3.0
VER,Red Bull Racing,29.0,78.86,1.0,330,3.0,HARD,True,1,,,True,30.5,22.1,65.0,False,2023,1.0
HAM,Mercedes,29.0,79.8,2.0,330,5.0,MEDIUM,True,1,,,True,30.5,22.1,66.0,False,2023,4.0
SAI,Ferrari,29.0,80.687,3.0,330,14.0,MEDIUM,True,1,,,True,30.5,22.1,66.0,False,2023,2.0
RUS,Mercedes,29.0,79.199,4.0,331,4.0,MEDIUM,True,1,,,True,30.5,22.1,66.0,False,2023,12.0
STR,Aston Martin,29.0,80.575,5.0,331,18.0,SOFT,False,1,,,True,30.5,22.1,66.0,False,2023,5.0
OCO,Alpine,29.0,80.341,6.0,332,16.0,MEDIUM,True,1,,,True,30.5,22.1,66.0,False,2023,6.0
TSU,AlphaTauri,29.0,80.372,7.0,332,19.0,HARD,True,1,,,True,30.5,22.1,66.0,False,2023,15.0
ALO,Aston Martin,29.0,80.239,8.0,333,13.0,SOFT,False,1,,,True,30.5,22.1,66.0,False,2023,8.0
PER,Red Bull Racing,29.0,78.645,9.0,334,2.0,HARD,True,1,,,True,30.5,22.1,66.0,False,2023,11.0
ZHO,Alfa Romeo,29.0,80.508,10.0,334,20.0,HARD,True,1,,,True,30.5,22.1,66.0,False,2023,13.0
PIA,McLaren,29.0,80.352,11.0,335,12.0,HARD,True,1,,,True,30.5,22.1,66.0,False,2023,9.0
GAS,Alpine,29.0,80.141,12.0,336,10.0,MEDIUM,True,1,,,True,30.5,22.1,66.0,False,2023,10.0
LEC,Ferrari,29.0,80.348,13.0,336,13.0,SOFT,True,1,,,True,30.5,22.1,66.0,False,2023,19.0
DEV,AlphaTauri,29.0,80.497,14.0,336,20.0,HARD,True,1,,,True,30.5,22.1,66.0,False,2023,14.0
BOT,Alfa Romeo,29.0,81.141,15.0,336,24.0,HARD,True,1,,,True,30.5,22.1,66.0,False,2023,16.0
ALB,Williams,29.0,80.895,16.0,337,13.0,HARD,True,1,,,True,30.5,22.1,66.0,False,2023,18.0
SAR,Williams,29.0,80.844,17.0,338,12.0,HARD,True,1,,,True,30.5,22.1,66.0,False,2023,20.0
HUL,Haas F1 Team,29.0,78.981,18.0,339,3.0,HARD,True,1,,,True,30.5,22.1,66.0,False,2023,7.0
MAG,Haas F1 Team,29.0,79.627,19.0,339,5.0,HARD,True,1,,,True,30.1,22.2,66.0,False,2023,17.0
NOR,McLaren,29.0,80.076,20.0,339,7.0,MEDIUM,True,1,,,True,30.1,22.2,66.0,False,2023,3.0
VER,Red Bull Racing,30.0,78.976,1.0,340,4.0,HARD,True,1,,,True,30.1,22.2,66.0,False,2023,1.0
HAM,Mercedes,30.0,79.292,2.0,340,6.0,MEDIUM,True,1,,,True,30.1,22.2,66.0,False,2023,4.0
SAI,Ferrari,30.0,80.257,3.0,340,15.0,MEDIUM,True,1,,,True,30.1,22.2,66.0,False,2023,2.0
RUS,Mercedes,30.0,79.362,4.0,341,5.0,MEDIUM,True,1,,,True,30.1,22.2,66.0,False,2023,12.0
STR,Aston Martin,30.0,80.742,5.0,341,19.0,SOFT,False,1,,,True,30.1,22.2,66.0,False,2023,5.0
OCO,Alpine,30.0,80.313,6.0,342,17.0,MEDIUM,True,1,,,True,30.1,22.2,66.0,False,2023,6.0
TSU,AlphaTauri,30.0,80.329,7.0,342,20.0,HARD,True,1,,,True,30.1,22.2,66.0,False,2023,15.0
ALO,Aston Martin,30.0,80.916,8.0,343,14.0,SOFT,False,1,,,True,30.1,22.2,66.0,False,2023,8.0
PER,Red Bull Racing,30.0,80.419,9.0,344,3.0,HARD,True,1,,,True,30.1,22.2,66.0,False,2023,11.0
ZHO,Alfa Romeo,30.0,80.405,10.0,344,21.0,HARD,True,1,,,True,30.1,22.2,66.0,False,2023,13.0
PIA,McLaren,30.0,80.661,11.0,345,13.0,HARD,True,1,,,True,30.1,22.2,66.0,False,2023,9.0
GAS,Alpine,30.0,80.474,12.0,346,11.0,MEDIUM,True,1,,,True,30.1,22.2,66.0,False,2023,10.0
LEC,Ferrari,30.0,80.325,13.0,346,14.0,SOFT,True,1,,,True,30.5,22.1,66.0,False,2023,19.0
DEV,AlphaTauri,30.0,80.46,14.0,346,21.0,HARD,True,1,,,True,30.5,22.1,66.0,False,2023,14.0
BOT,Alfa Romeo,30.0,80.866,15.0,346,25.0,HARD,True,1,,,True,30.5,22.1,66.0,False,2023,16.0
ALB,Williams,30.0,80.671,16.0,347,14.0,HARD,True,1,,,True,30.5,22.1,66.0,False,2023,18.0
SAR,Williams,30.0,80.946,17.0,348,13.0,HARD,True,1,,,True,30.5,22.1,66.0,False,2023,20.0
HUL,Haas F1 Team,30.0,79.314,18.0,349,4.0,HARD,True,1,,,True,30.5,22.1,66.0,False,2023,7.0
MAG,Haas F1 Team,30.0,79.734,19.0,349,6.0,HARD,True,1,,,True,30.5,22.1,66.0,False,2023,17.0
NOR,McLaren,30.0,80.125,20.0,349,8.0,MEDIUM,True,1,,,True,30.5,22.1,66.0,False,2023,3.0
VER,Red Bull Racing,31.0,79.165,1.0,350,5.0,HARD,True,1,,,True,30.5,22.1,66.0,False,2023,1.0
HAM,Mercedes,31.0,79.483,2.0,350,7.0,MEDIUM,True,1,,,True,30.5,22.1,66.0,False,2023,4.0
SAI,Ferrari,31.0,80.257,3.0,350,16.0,MEDIUM,True,1,,,True,30.5,22.1,66.0,False,2023,2.0
RUS,Mercedes,31.0,79.186,4.0,351,6.0,MEDIUM,True,1,,,True,30.5,22.1,66.0,False,2023,12.0
STR,Aston Martin,31.0,80.558,5.0,351,20.0,SOFT,False,1,,,True,30.5,22.1,66.0,False,2023,5.0
OCO,Alpine,31.0,80.502,6.0,352,18.0,MEDIUM,True,1,,,True,30.5,22.1,66.0,False,2023,6.0
TSU,AlphaTauri,31.0,80.595,7.0,352,21.0,HARD,True,1,,,True,30.5,22.1,66.0,False,2023,15.0
PER,Red Bull Racing,31.0,78.786,8.0,353,4.0,HARD,True,1,,,True,30.5,22.1,66.0,False,2023,11.0
ALO,Aston Martin,31.0,80.892,9.0,353,15.0,SOFT,False,1,,,True,30.5,22.1,66.0,False,2023,8.0
ZHO,Alfa Romeo,31.0,80.673,10.0,353,22.0,HARD,True,1,,,True,30.5,22.1,66.0,False,2023,13.0
PIA,McLaren,31.0,80.469,11.0,354,14.0,HARD,True,1,,,True,30.5,22.1,66.0,False,2023,9.0
GAS,Alpine,31.0,80.393,12.0,355,12.0,MEDIUM,True,1,,,True,30.5,22.1,66.0,False,2023,10.0
LEC,Ferrari,31.0,80.296,13.0,355,15.0,SOFT,True,1,,,True,30.5,22.1,66.0,False,2023,19.0
DEV,AlphaTauri,31.0,80.483,14.0,355,22.0,HARD,True,1,,,True,30.5,22.1,66.0,False,2023,14.0
BOT,Alfa Romeo,31.0,80.928,15.0,355,26.0,HARD,True,1,,,True,30.5,22.1,66.0,False,2023,16.0
ALB,Williams,31.0,80.912,16.0,356,15.0,HARD,True,1,,,True,30.5,22.1,66.0,False,2023,18.0
HUL,Haas F1 Team,31.0,78.964,17.0,357,5.0,HARD,True,1,,,True,30.5,22.1,66.0,False,2023,7.0
SAR,Williams,31.0,82.182,18.0,357,14.0,HARD,True,1,,,True,30.5,22.1,66.0,False,2023,20.0
MAG,Haas F1 Team,31.0,79.98,19.0,358,7.0,HARD,True,1,,,True,30.5,22.1,66.0,False,2023,17.0
NOR,McLaren,31.0,80.117,20.0,358,9.0,MEDIUM,True,1,,,True,30.5,22.1,66.0,False,2023,3.0
VER,Red Bull Racing,32.0,78.878,1.0,359,6.0,HARD,True,1,,,True,30.5,22.1,66.0,False,2023,1.0
HAM,Mercedes,32.0,79.215,2.0,359,8.0,MEDIUM,True,1,,,True,30.5,22.1,66.0,False,2023,4.0
SAI,Ferrari,32.0,80.09,3.0,359,17.0,MEDIUM,True,1,,,True,30.5,22.1,66.0,False,2023,2.0
RUS,Mercedes,32.0,79.302,4.0,360,7.0,MEDIUM,True,1,,,True,30.5,22.1,66.0,False,2023,12.0
STR,Aston Martin,32.0,80.514,5.0,360,21.0,SOFT,False,1,,,True,30.5,22.1,66.0,False,2023,5.0
OCO,Alpine,32.0,80.543,6.0,361,19.0,MEDIUM,True,1,,,True,30.5,22.1,66.0,False,2023,6.0
TSU,AlphaTauri,32.0,80.793,7.0,361,22.0,HARD,True,1,,,True,30.5,22.1,66.0,False,2023,15.0
PER,Red Bull Racing,32.0,79.53,8.0,362,5.0,HARD,True,1,,,True,30.5,22.1,66.0,False,2023,11.0
ALO,Aston Martin,32.0,80.379,9.0,362,16.0,SOFT,False,1,,,True,30.5,22.1,66.0,False,2023,8.0
ZHO,Alfa Romeo,32.0,80.679,10.0,362,23.0,HARD,True,1,,,True,30.5,22.1,66.0,False,2023,13.0
PIA,McLaren,32.0,80.672,11.0,363,15.0,HARD,True,1,,,True,30.5,22.1,66.0,False,2023,9.0
GAS,Alpine,32.0,80.506,12.0,364,13.0,MEDIUM,True,1,,,True,30.5,22.1,66.0,False,2023,10.0
LEC,Ferrari,32.0,80.316,13.0,364,16.0,SOFT,True,1,,,True,30.5,22.1,66.0,False,2023,19.0
DEV,AlphaTauri,32.0,80.503,14.0,364,23.0,HARD,True,1,,,True,30.5,22.1,66.0,False,2023,14.0
BOT,Alfa Romeo,32.0,81.081,15.0,364,27.0,HARD,True,1,,,True,30.5,22.1,66.0,False,2023,16.0
HUL,Haas F1 Team,32.0,79.493,16.0,365,6.0,HARD,True,1,,,True,30.5,22.1,66.0,False,2023,7.0
ALB,Williams,32.0,82.413,17.0,365,16.0,HARD,True,1,,,True,30.5,22.1,66.0,False,2023,18.0
SAR,Williams,32.0,81.19,18.0,366,15.0,HARD,True,1,,,True,30.5,22.1,66.0,False,2023,20.0
MAG,Haas F1 Team,32.0,80.401,19.0,367,8.0,HARD,True,1,,,True,30.6,22.1,65.0,False,2023,17.0
NOR,McLaren,32.0,79.942,20.0,367,10.0,MEDIUM,True,1,,,True,30.6,22.1,65.0,False,2023,3.0
VER,Red Bull Racing,33.0,79.189,1.0,368,7.0,HARD,True,1,,,True,30.6,22.1,65.0,False,2023,1.0
HAM,Mercedes,33.0,79.199,2.0,368,9.0,MEDIUM,True,1,,,True,30.6,22.1,65.0,False,2023,4.0
SAI,Ferrari,33.0,80.316,3.0,368,18.0,MEDIUM,True,1,,,True,30.6,22.1,65.0,False,2023,2.0
RUS,Mercedes,33.0,79.568,4.0,369,8.0,MEDIUM,True,1,,,True,30.6,22.1,65.0,False,2023,12.0
STR,Aston Martin,33.0,80.857,5.0,369,22.0,SOFT,False,1,,,True,30.6,22.1,65.0,False,2023,5.0
OCO,Alpine,33.0,80.82,6.0,370,20.0,MEDIUM,True,1,,,True,30.6,22.1,65.0,False,2023,6.0
PER,Red Bull Racing,33.0,79.337,7.0,371,6.0,HARD,True,1,,,True,30.6,22.1,65.0,False,2023,11.0
TSU,AlphaTauri,33.0,82.322,8.0,371,23.0,HARD,True,1,,,True,30.6,22.1,65.0,False,2023,15.0
ALO,Aston Martin,33.0,80.614,9.0,372,17.0,SOFT,False,1,,,True,30.6,22.1,65.0,False,2023,8.0
ZHO,Alfa Romeo,33.0,80.782,10.0,372,24.0,HARD,True,1,,,True,30.6,22.1,65.0,False,2023,13.0
PIA,McLaren,33.0,80.868,11.0,373,16.0,HARD,True,1,,,True,30.6,22.1,65.0,False,2023,9.0
GAS,Alpine,33.0,80.943,12.0,374,14.0,MEDIUM,True,1,,,True,30.6,22.1,65.0,False,2023,10.0
LEC,Ferrari,33.0,80.247,13.0,374,17.0,SOFT,True,1,,,True,30.2,22.0,65.0,False,2023,19.0
DEV,AlphaTauri,33.0,80.724,14.0,374,24.0,HARD,True,1,,,True,30.2,22.0,65.0,False,2023,14.0
BOT,Alfa Romeo,33.0,81.425,15.0,374,28.0,HARD,True,1,,,True,30.2,22.0,65.0,False,2023,16.0
HUL,Haas F1 Team,33.0,79.922,16.0,375,7.0,HARD,True,1,,,True,30.2,22.0,65.0,False,2023,7.0
ALB,Williams,33.0,81.221,17.0,375,17.0,HARD,True,1,,,True,30.2,22.0,65.0,False,2023,18.0
SAR,Williams,33.0,81.224,18.0,376,16.0,HARD,True,1,,,True,30.2,22.0,65.0,False,2023,20.0
MAG,Haas F1 Team,33.0,80.774,19.0,377,9.0,HARD,True,1,,,True,30.2,22.0,65.0,False,2023,17.0
NOR,McLaren,33.0,79.803,20.0,377,11.0,MEDIUM,True,1,,,True,30.2,22.0,65.0,False,2023,3.0
VER,Red Bull Racing,34.0,78.806,1.0,378,8.0,HARD,True,1,,,True,30.2,22.0,65.0,False,2023,1.0
HAM,Mercedes,34.0,79.028,2.0,378,10.0,MEDIUM,True,1,,,True,30.2,22.0,65.0,False,2023,4.0
SAI,Ferrari,34.0,80.343,3.0,378,19.0,MEDIUM,True,1,,,True,30.2,22.0,65.0,False,2023,2.0
RUS,Mercedes,34.0,79.489,4.0,379,9.0,MEDIUM,True,1,,,True,30.2,22.0,65.0,False,2023,12.0
PER,Red Bull Racing,34.0,78.817,5.0,380,7.0,HARD,True,1,,,True,30.2,22.1,66.0,False,2023,11.0
OCO,Alpine,34.0,81.516,6.0,380,21.0,MEDIUM,True,1,,,True,30.2,22.1,66.0,False,2023,6.0
STR,Aston Martin,34.0,85.2,7.0,380,23.0,SOFT,False,1,0 days 01:48:34.819000,,False,30.2,22.1,66.0,False,2023,5.0
ALO,Aston Martin,34.0,80.634,8.0,381,18.0,SOFT,False,1,,,True,30.2,22.1,66.0,False,2023,8.0
TSU,AlphaTauri,34.0,84.505,9.0,381,24.0,HARD,True,1,0 days 01:48:38.975000,,False,30.2,22.1,66.0,False,2023,15.0
ZHO,Alfa Romeo,34.0,80.446,10.0,381,25.0,HARD,True,1,,,True,30.2,22.1,66.0,False,2023,13.0
PIA,McLaren,34.0,80.449,11.0,382,17.0,HARD,True,1,,,True,30.2,22.1,66.0,False,2023,9.0
GAS,Alpine,34.0,80.433,12.0,383,15.0,MEDIUM,True,1,,,True,30.2,22.1,66.0,False,2023,10.0
LEC,Ferrari,34.0,80.374,13.0,383,18.0,SOFT,True,1,,,True,30.2,22.1,66.0,False,2023,19.0
DEV,AlphaTauri,34.0,80.923,14.0,383,25.0,HARD,True,1,,,True,30.2,22.1,66.0,False,2023,14.0
HUL,Haas F1 Team,34.0,79.177,15.0,384,8.0,HARD,True,1,,,True,30.2,22.1,66.0,False,2023,7.0
BOT,Alfa Romeo,34.0,83.001,16.0,384,29.0,HARD,True,1,,,True,30.2,22.1,66.0,False,2023,16.0
ALB,Williams,34.0,81.159,17.0,385,18.0,HARD,True,1,,,True,30.2,22.1,66.0,False,2023,18.0
SAR,Williams,34.0,81.054,18.0,386,17.0,HARD,True,1,,,True,30.2,22.1,66.0,False,2023,20.0
MAG,Haas F1 Team,34.0,80.679,19.0,387,10.0,HARD,True,1,,,True,30.2,22.1,66.0,False,2023,17.0
NOR,McLaren,34.0,80.248,20.0,387,12.0,MEDIUM,True,1,,,True,30.2,22.1,66.0,False,2023,3.0
VER,Red Bull Racing,35.0,78.89,1.0,388,9.0,HARD,True,1,,,True,30.2,22.1,66.0,False,2023,1.0
HAM,Mercedes,35.0,78.927,2.0,388,11.0,MEDIUM,True,1,,,True,30.3,22.1,65.0,False,2023,4.0
RUS,Mercedes,35.0,79.698,3.0,389,10.0,MEDIUM,True,1,,,True,30.3,22.1,65.0,False,2023,12.0
SAI,Ferrari,35.0,82.307,4.0,389,20.0,MEDIUM,True,1,,,True,30.3,22.1,65.0,False,2023,2.0
PER,Red Bull Racing,35.0,78.784,5.0,390,8.0,HARD,True,1,,,True,30.3,22.1,65.0,False,2023,11.0
ALO,Aston Martin,35.0,80.435,6.0,390,19.0,SOFT,False,1,,,True,30.3,22.1,65.0,False,2023,8.0
OCO,Alpine,35.0,84.355,7.0,390,22.0,MEDIUM,True,1,0 days 01:49:57.599000,,False,30.3,22.1,65.0,False,2023,6.0
ZHO,Alfa Romeo,35.0,80.371,8.0,390,26.0,HARD,True,1,,,True,30.3,22.1,65.0,False,2023,13.0
PIA,McLaren,35.0,80.449,9.0,391,18.0,HARD,True,1,,,True,30.3,22.1,65.0,False,2023,9.0
GAS,Alpine,35.0,81.005,10.0,392,16.0,MEDIUM,True,1,,,True,30.3,22.1,65.0,False,2023,10.0
LEC,Ferrari,35.0,80.361,11.0,392,19.0,SOFT,True,1,,,True,30.3,22.1,65.0,False,2023,19.0
DEV,AlphaTauri,35.0,80.77,12.0,392,26.0,HARD,True,1,,,True,30.3,22.1,65.0,False,2023,14.0
STR,Aston Martin,35.0,100.11,13.0,393,1.0,HARD,False,1,,0 days 01:48:58.209000,False,30.3,22.1,65.0,False,2023,5.0
TSU,AlphaTauri,35.0,97.984,14.0,394,1.0,MEDIUM,True,1,,0 days 01:49:01.022000,False,30.3,22.1,65.0,False,2023,15.0
HUL,Haas F1 Team,35.0,79.874,15.0,394,9.0,HARD,True,1,,,True,30.3,22.1,65.0,False,2023,7.0
BOT,Alfa Romeo,35.0,81.606,16.0,394,30.0,HARD,True,1,,,True,30.3,22.1,65.0,False,2023,16.0
ALB,Williams,35.0,80.941,17.0,395,19.0,HARD,True,1,,,True,30.4,22.0,65.0,False,2023,18.0
MAG,Haas F1 Team,35.0,80.085,18.0,396,11.0,HARD,True,1,,,True,30.4,22.0,65.0,False,2023,17.0
SAR,Williams,35.0,82.383,19.0,396,18.0,HARD,True,1,,,True,30.4,22.0,65.0,False,2023,20.0
NOR,McLaren,35.0,80.288,20.0,397,13.0,MEDIUM,True,1,,,True,30.4,22.0,65.0,False,2023,3.0
VER,Red Bull Racing,36.0,78.789,1.0,398,10.0,HARD,True,1,,,True,30.4,22.0,65.0,False,2023,1.0
HAM,Mercedes,36.0,79.127,2.0,398,12.0,MEDIUM,True,1,,,True,30.4,22.0,65.0,False,2023,4.0
RUS,Mercedes,36.0,79.835,3.0,399,11.0,MEDIUM,True,1,,,True,30.4,22.0,65.0,False,2023,12.0
SAI,Ferrari,36.0,80.712,4.0,399,21.0,MEDIUM,True,1,,,True,30.4,22.0,65.0,False,2023,2.0
PER,Red Bull Racing,36.0,79.553,5.0,400,9.0,HARD,True,1,,,True,30.4,22.0,65.0,False,2023,11.0
ALO,Aston Martin,36.0,80.323,6.0,400,20.0,SOFT,False,1,,,True,30.4,22.0,65.0,False,2023,8.0
PIA,McLaren,36.0,80.911,7.0,401,19.0,HARD,True,1,,,True,30.4,22.0,65.0,False,2023,9.0
GAS,Alpine,36.0,80.884,8.0,402,17.0,MEDIUM,True,1,,,True,30.4,22.1,65.0,False,2023,10.0
ZHO,Alfa Romeo,36.0,84.35,9.0,402,27.0,HARD,True,1,0 days 01:51:25.957000,,False,30.4,22.1,65.0,False,2023,13.0
LEC,Ferrari,36.0,80.554,10.0,403,20.0,SOFT,True,1,,,True,30.4,22.1,65.0,False,2023,19.0
DEV,AlphaTauri,36.0,80.764,11.0,403,27.0,HARD,True,1,,,True,30.4,22.1,65.0,False,2023,14.0
STR,Aston Martin,36.0,79.746,12.0,404,2.0,HARD,False,1,,,True,30.4,22.1,65.0,False,2023,5.0
TSU,AlphaTauri,36.0,79.141,13.0,405,2.0,MEDIUM,True,1,,,True,30.4,22.1,65.0,False,2023,15.0
OCO,Alpine,36.0,100.678,14.0,406,1.0,HARD,True,1,,0 days 01:50:21.692000,False,30.4,22.1,65.0,False,2023,6.0
HUL,Haas F1 Team,36.0,80.814,15.0,406,10.0,HARD,True,1,,,True,30.4,22.1,65.0,False,2023,7.0
BOT,Alfa Romeo,36.0,81.789,16.0,406,31.0,HARD,True,1,,,True,30.4,22.1,65.0,False,2023,16.0
ALB,Williams,36.0,81.342,17.0,407,20.0,HARD,True,1,,,True,30.4,22.1,65.0,False,2023,18.0
MAG,Haas F1 Team,36.0,80.459,18.0,408,12.0,HARD,True,1,,,True,30.4,22.1,65.0,False,2023,17.0
NOR,McLaren,36.0,80.499,19.0,408,14.0,MEDIUM,True,1,,,True,30.4,22.1,65.0,False,2023,3.0
SAR,Williams,36.0,84.804,20.0,408,19.0,HARD,True,1,0 days 01:51:54.097000,,False,30.4,22.1,65.0,False,2023,20.0
VER,Red Bull Racing,37.0,79.026,1.0,409,11.0,HARD,True,1,,,True,30.4,22.1,65.0,False,2023,1.0
HAM,Mercedes,37.0,79.835,2.0,409,13.0,MEDIUM,True,1,,,True,30.4,22.1,65.0,False,2023,4.0
RUS,Mercedes,37.0,79.68,3.0,410,12.0,MEDIUM,True,1,,,True,30.4,22.1,65.0,False,2023,12.0
SAI,Ferrari,37.0,80.133,4.0,410,22.0,MEDIUM,True,1,,,True,30.4,22.1,65.0,False,2023,2.0
PER,Red Bull Racing,37.0,79.296,5.0,411,10.0,HARD,True,1,,,True,30.1,22.1,65.0,False,2023,11.0
ALO,Aston Martin,37.0,80.247,6.0,411,21.0,SOFT,False,1,,,True,30.1,22.1,65.0,False,2023,8.0
PIA,McLaren,37.0,80.497,7.0,412,20.0,HARD,True,1,,,True,30.1,22.1,65.0,False,2023,9.0
GAS,Alpine,37.0,80.466,8.0,413,18.0,MEDIUM,True,1,,,True,30.1,22.1,65.0,False,2023,10.0
LEC,Ferrari,37.0,80.676,9.0,413,21.0,SOFT,True,1,,,True,30.1,22.1,65.0,False,2023,19.0
DEV,AlphaTauri,37.0,80.909,10.0,413,28.0,HARD,True,1,,,True,30.1,22.1,65.0,False,2023,14.0
STR,Aston Martin,37.0,79.948,11.0,414,3.0,HARD,False,1,,,True,30.1,22.1,65.0,False,2023,5.0
TSU,AlphaTauri,37.0,80.375,12.0,415,3.0,MEDIUM,True,1,,,True,30.1,22.1,65.0,False,2023,15.0
OCO,Alpine,37.0,79.679,13.0,416,2.0,HARD,True,1,,,True,30.1,22.1,65.0,False,2023,6.0
HUL,Haas F1 Team,37.0,80.041,14.0,416,11.0,HARD,True,1,,,True,30.1,22.1,65.0,False,2023,7.0
ZHO,Alfa Romeo,37.0,99.856,15.0,417,1.0,HARD,True,1,,0 days 01:51:48.753000,False,30.1,22.1,65.0,False,2023,13.0
BOT,Alfa Romeo,37.0,83.289,16.0,417,32.0,HARD,True,1,,,True,30.1,22.1,65.0,False,2023,16.0
MAG,Haas F1 Team,37.0,81.792,17.0,418,13.0,HARD,True,1,,,True,30.1,22.1,65.0,False,2023,17.0
NOR,McLaren,37.0,80.461,18.0,418,15.0,MEDIUM,True,1,,,True,30.1,22.1,65.0,False,2023,3.0
ALB,Williams,37.0,86.232,19.0,418,21.0,HARD,True,1,0 days 01:53:13.252000,,False,30.1,22.1,65.0,False,2023,18.0
SAR,Williams,37.0,101.816,20.0,419,1.0,HARD,True,1,,0 days 01:52:18.018000,False,30.1,22.1,66.0,False,2023,20.0
VER,Red Bull Racing,38.0,79.417,1.0,419,12.0,HARD,True,1,,,True,30.1,22.1,65.0,False,2023,1.0
HAM,Mercedes,38.0,79.732,2.0,419,14.0,MEDIUM,True,1,,,True,30.1,22.1,66.0,False,2023,4.0
RUS,Mercedes,38.0,79.804,3.0,420,13.0,MEDIUM,True,1,,,True,30.1,22.1,66.0,False,2023,12.0
SAI,Ferrari,38.0,80.39,4.0,420,23.0,MEDIUM,True,1,,,True,30.1,22.1,66.0,False,2023,2.0
PER,Red Bull Racing,38.0,79.247,5.0,421,11.0,HARD,True,1,,,True,30.1,22.1,66.0,False,2023,11.0
ALO,Aston Martin,38.0,80.074,6.0,421,22.0,SOFT,False,1,,,True,30.1,22.1,66.0,False,2023,8.0
PIA,McLaren,38.0,80.607,7.0,422,21.0,HARD,True,1,,,True,30.1,22.1,66.0,False,2023,9.0
GAS,Alpine,38.0,80.404,8.0,423,19.0,MEDIUM,True,1,,,True,30.1,22.1,66.0,False,2023,10.0
LEC,Ferrari,38.0,80.458,9.0,423,22.0,SOFT,True,1,,,True,30.1,22.1,66.0,False,2023,19.0
STR,Aston Martin,38.0,80.024,10.0,424,4.0,HARD,False,1,,,True,30.1,22.1,66.0,False,2023,5.0
TSU,AlphaTauri,38.0,80.12,11.0,425,4.0,MEDIUM,True,1,,,True,30.1,22.1,66.0,False,2023,15.0
OCO,Alpine,38.0,79.027,12.0,426,3.0,HARD,True,1,,,True,30.1,22.1,66.0,False,2023,6.0
DEV,AlphaTauri,38.0,84.278,13.0,426,29.0,HARD,True,1,0 days 01:54:17.797000,,False,30.1,22.1,66.0,False,2023,14.0
HUL,Haas F1 Team,38.0,80.033,14.0,427,12.0,HARD,True,1,,,True,30.1,22.1,66.0,False,2023,7.0
ZHO,Alfa Romeo,38.0,78.753,15.0,428,2.0,HARD,True,1,,,True,30.1,22.1,66.0,False,2023,13.0
BOT,Alfa Romeo,38.0,81.948,16.0,428,33.0,HARD,True,1,,,True,29.9,22.2,66.0,False,2023,16.0
MAG,Haas F1 Team,38.0,81.479,17.0,429,14.0,HARD,True,1,,,True,29.9,22.2,66.0,False,2023,17.0
NOR,McLaren,38.0,82.135,18.0,429,16.0,MEDIUM,True,1,,,True,29.9,22.2,66.0,False,2023,3.0
ALB,Williams,38.0,98.923,19.0,430,1.0,MEDIUM,True,1,,0 days 01:53:36.783000,False,29.9,22.2,66.0,False,2023,18.0
SAR,Williams,38.0,79.318,20.0,430,2.0,HARD,True,1,,,True,29.9,22.2,66.0,False,2023,20.0
VER,Red Bull Racing,39.0,79.322,1.0,430,13.0,HARD,True,1,,,True,29.9,22.2,66.0,False,2023,1.0
HAM,Mercedes,39.0,79.594,2.0,430,15.0,MEDIUM,True,1,,,True,29.9,22.2,66.0,False,2023,4.0
RUS,Mercedes,39.0,79.73,3.0,431,14.0,MEDIUM,True,1,,,True,29.9,22.2,66.0,False,2023,12.0
SAI,Ferrari,39.0,80.151,4.0,431,24.0,MEDIUM,True,1,,,True,29.9,22.2,66.0,False,2023,2.0
PER,Red Bull Racing,39.0,79.31,5.0,432,12.0,HARD,True,1,,,True,29.9,22.2,66.0,False,2023,11.0
ALO,Aston Martin,39.0,79.851,6.0,432,23.0,SOFT,False,1,,,True,29.9,22.2,66.0,False,2023,8.0
PIA,McLaren,39.0,84.112,7.0,433,22.0,HARD,True,1,0 days 01:55:29.296000,,False,29.9,22.1,66.0,False,2023,9.0
LEC,Ferrari,39.0,80.558,8.0,433,23.0,SOFT,True,1,,,True,29.9,22.1,66.0,False,2023,19.0
GAS,Alpine,39.0,84.147,9.0,434,20.0,MEDIUM,True,1,0 days 01:55:30.390000,,False,29.9,22.1,66.0,False,2023,10.0
STR,Aston Martin,39.0,79.067,10.0,435,5.0,HARD,False,1,,,True,29.9,22.1,66.0,False,2023,5.0
OCO,Alpine,39.0,79.368,11.0,436,4.0,HARD,True,1,,,True,29.9,22.1,66.0,False,2023,6.0
TSU,AlphaTauri,39.0,80.766,12.0,436,5.0,MEDIUM,True,1,,,True,29.9,22.1,66.0,False,2023,15.0
HUL,Haas F1 Team,39.0,80.31,13.0,436,13.0,HARD,True,1,,,True,29.9,22.1,66.0,False,2023,7.0
ZHO,Alfa Romeo,39.0,78.982,14.0,437,3.0,HARD,True,1,,,True,29.9,22.1,66.0,False,2023,13.0
MAG,Haas F1 Team,39.0,79.939,15.0,437,15.0,HARD,True,1,,,True,29.9,22.1,66.0,False,2023,17.0
NOR,McLaren,39.0,80.469,16.0,437,17.0,MEDIUM,True,1,,,True,29.9,22.1,66.0,False,2023,3.0
DEV,AlphaTauri,39.0,98.438,17.0,438,1.0,MEDIUM,True,1,,0 days 01:54:39.813000,False,29.9,22.1,66.0,False,2023,14.0
BOT,Alfa Romeo,39.0,87.553,18.0,438,34.0,HARD,True,1,0 days 01:55:58.405000,,False,29.9,22.1,66.0,False,2023,16.0
ALB,Williams,39.0,79.77,19.0,439,2.0,MEDIUM,True,1,,,True,29.9,22.1,66.0,False,2023,18.0
SAR,Williams,39.0,79.622,20.0,439,3.0,HARD,True,1,,,True,29.9,22.1,66.0,False,2023,20.0
VER,Red Bull Racing,40.0,79.388,1.0,439,14.0,HARD,True,1,,,True,29.9,22.1,66.0,False,2023,1.0
HAM,Mercedes,40.0,79.468,2.0,439,16.0,MEDIUM,True,1,,,True,29.9,22.1,66.0,False,2023,4.0
RUS,Mercedes,40.0,79.611,3.0,440,15.0,MEDIUM,True,1,,,True,29.9,22.1,66.0,False,2023,12.0
SAI,Ferrari,40.0,80.053,4.0,440,25.0,MEDIUM,True,1,,,True,29.9,22.1,66.0,False,2023,2.0
PER,Red Bull Racing,40.0,79.191,5.0,441,13.0,HARD,True,1,,,True,29.9,22.1,66.0,False,2023,11.0
ALO,Aston Martin,40.0,79.832,6.0,441,24.0,SOFT,False,1,,,True,29.9,22.1,66.0,False,2023,8.0
LEC,Ferrari,40.0,80.219,7.0,442,24.0,SOFT,True,1,,,True,29.9,22.1,66.0,False,2023,19.0
STR,Aston Martin,40.0,79.53,8.0,443,6.0,HARD,False,1,,,True,29.9,22.1,66.0,False,2023,5.0
OCO,Alpine,40.0,79.729,9.0,444,5.0,HARD,True,1,,,True,29.9,22.1,66.0,False,2023,6.0
TSU,AlphaTauri,40.0,79.886,10.0,444,6.0,MEDIUM,True,1,,,True,29.9,22.1,66.0,False,2023,15.0
HUL,Haas F1 Team,40.0,80.031,11.0,444,14.0,HARD,True,1,,,True,29.9,22.1,66.0,False,2023,7.0
ZHO,Alfa Romeo,40.0,79.119,12.0,445,4.0,HARD,True,1,,,True,29.9,22.1,66.0,False,2023,13.0
PIA,McLaren,40.0,98.905,13.0,446,1.0,MEDIUM,True,1,,0 days 01:55:52.108000,False,29.9,22.1,66.0,False,2023,9.0
GAS,Alpine,40.0,100.082,14.0,447,1.0,HARD,True,1,,0 days 01:55:54.030000,False,29.9,22.1,66.0,False,2023,10.0
MAG,Haas F1 Team,40.0,82.531,15.0,447,16.0,HARD,True,1,,,True,29.9,22.1,66.0,False,2023,17.0
NOR,McLaren,40.0,79.881,16.0,447,18.0,MEDIUM,True,1,,,True,29.9,22.1,66.0,False,2023,3.0
DEV,AlphaTauri,40.0,79.346,17.0,448,2.0,MEDIUM,True,1,,,True,29.9,22.1,66.0,False,2023,14.0
ALB,Williams,40.0,79.546,18.0,448,3.0,MEDIUM,True,1,,,True,29.9,22.1,66.0,False,2023,18.0
SAR,Williams,40.0,79.603,19.0,448,4.0,HARD,True,1,,,True,29.9,22.1,66.0,False,2023,20.0
BOT,Alfa Romeo,40.0,103.035,20.0,449,1.0,HARD,True,1,,0 days 01:56:22.467000,False,29.9,22.1,66.0,False,2023,16.0
VER,Red Bull Racing,41.0,79.53,1.0,449,15.0,HARD,True,1,,,True,29.9,22.1,66.0,False,2023,1.0
HAM,Mercedes,41.0,79.523,2.0,449,17.0,MEDIUM,True,1,,,True,29.9,22.1,66.0,False,2023,4.0
RUS,Mercedes,41.0,79.471,3.0,450,16.0,MEDIUM,True,1,,,True,29.9,22.1,66.0,False,2023,12.0
PER,Red Bull Racing,41.0,79.201,4.0,451,14.0,HARD,True,1,,,True,29.9,22.1,66.0,False,2023,11.0
SAI,Ferrari,41.0,84.28,5.0,451,26.0,MEDIUM,True,1,0 days 01:57:47.341000,,False,29.9,22.1,66.0,False,2023,2.0
ALO,Aston Martin,41.0,79.84,6.0,452,25.0,SOFT,False,1,,,True,29.9,22.1,66.0,False,2023,8.0
STR,Aston Martin,41.0,79.819,7.0,453,7.0,HARD,False,1,,,True,29.9,22.1,66.0,False,2023,5.0
LEC,Ferrari,41.0,83.726,8.0,453,25.0,SOFT,True,1,0 days 01:58:13.699000,,False,29.9,22.1,66.0,False,2023,19.0
OCO,Alpine,41.0,79.703,9.0,454,6.0,HARD,True,1,,,True,29.9,22.1,66.0,False,2023,6.0
TSU,AlphaTauri,41.0,79.728,10.0,454,7.0,MEDIUM,True,1,,,True,29.9,22.1,66.0,False,2023,15.0
HUL,Haas F1 Team,41.0,80.039,11.0,454,15.0,HARD,True,1,,,True,29.9,22.1,66.0,False,2023,7.0
ZHO,Alfa Romeo,41.0,79.065,12.0,455,5.0,HARD,True,1,,,True,29.9,22.1,66.0,False,2023,13.0
PIA,McLaren,41.0,78.679,13.0,456,2.0,MEDIUM,True,1,,,True,29.9,22.1,65.0,False,2023,9.0
GAS,Alpine,41.0,78.375,14.0,457,2.0,HARD,True,1,,,True,29.9,22.1,65.0,False,2023,10.0
MAG,Haas F1 Team,41.0,80.194,15.0,457,17.0,HARD,True,1,,,True,29.9,22.1,65.0,False,2023,17.0
DEV,AlphaTauri,41.0,78.594,16.0,458,3.0,MEDIUM,True,1,,,True,29.9,22.1,65.0,False,2023,14.0
NOR,McLaren,41.0,80.992,17.0,458,19.0,MEDIUM,True,1,,,True,29.9,22.1,65.0,False,2023,3.0
ALB,Williams,41.0,79.5,18.0,459,4.0,MEDIUM,True,1,,,True,29.9,22.1,65.0,False,2023,18.0
SAR,Williams,41.0,79.247,19.0,459,5.0,HARD,True,1,,,True,29.9,22.1,65.0,False,2023,20.0
BOT,Alfa Romeo,41.0,80.472,20.0,460,2.0,HARD,True,1,,,True,29.9,22.1,65.0,False,2023,16.0
VER,Red Bull Racing,42.0,79.092,1.0,460,16.0,HARD,True,1,,,True,29.9,22.1,65.0,False,2023,1.0
HAM,Mercedes,42.0,79.187,2.0,460,18.0,MEDIUM,True,1,,,True,29.9,22.1,65.0,False,2023,4.0
RUS,Mercedes,42.0,79.281,3.0,461,17.0,MEDIUM,True,1,,,True,29.9,22.1,65.0,False,2023,12.0
PER,Red Bull Racing,42.0,78.907,4.0,462,15.0,HARD,True,1,,,True,29.9,22.1,65.0,False,2023,11.0
ALO,Aston Martin,42.0,79.9,5.0,462,26.0,SOFT,False,1,,,True,29.9,22.1,65.0,False,2023,8.0
SAI,Ferrari,42.0,99.152,6.0,463,1.0,HARD,True,1,,0 days 01:58:09.746000,False,29.9,22.1,65.0,False,2023,2.0
STR,Aston Martin,42.0,79.542,7.0,463,8.0,HARD,False,1,,,True,29.9,22.1,65.0,False,2023,5.0
OCO,Alpine,42.0,79.696,8.0,464,7.0,HARD,True,1,,,True,29.9,22.1,65.0,False,2023,6.0
TSU,AlphaTauri,42.0,79.615,9.0,464,8.0,MEDIUM,True,1,,,True,29.9,22.1,65.0,False,2023,15.0
HUL,Haas F1 Team,42.0,80.001,10.0,464,16.0,HARD,True,1,,,True,29.9,22.1,65.0,False,2023,7.0
ZHO,Alfa Romeo,42.0,79.044,11.0,465,6.0,HARD,True,1,,,True,29.9,22.1,65.0,False,2023,13.0
PIA,McLaren,42.0,78.987,12.0,466,3.0,MEDIUM,True,1,,,True,29.9,22.1,65.0,False,2023,9.0
GAS,Alpine,42.0,78.577,13.0,467,3.0,HARD,True,1,,,True,29.9,22.1,65.0,False,2023,10.0
LEC,Ferrari,42.0,99.362,14.0,467,26.0,HARD,False,1,,0 days 01:58:36.730000,False,29.9,22.1,65.0,False,2023,19.0
DEV,AlphaTauri,42.0,80.21,15.0,468,4.0,MEDIUM,True,1,,,True,29.9,22.1,65.0,False,2023,14.0
NOR,McLaren,42.0,80.707,16.0,468,20.0,MEDIUM,True,1,,,True,29.9,22.1,65.0,False,2023,3.0
MAG,Haas F1 Team,42.0,86.156,17.0,469,18.0,HARD,True,1,0 days 02:00:00.119000,,False,29.9,22.1,65.0,False,2023,17.0
ALB,Williams,42.0,79.639,18.0,470,5.0,MEDIUM,True,1,,,True,29.9,22.1,65.0,False,2023,18.0
SAR,Williams,42.0,79.62,19.0,470,6.0,HARD,True,1,,,True,29.9,22.1,65.0,False,2023,20.0
BOT,Alfa Romeo,42.0,79.706,20.0,471,3.0,HARD,True,1,,,True,29.9,22.1,65.0,False,2023,16.0
VER,Red Bull Racing,43.0,78.912,1.0,471,17.0,HARD,True,1,,,True,29.9,22.1,65.0,False,2023,1.0
HAM,Mercedes,43.0,79.078,2.0,471,19.0,MEDIUM,True,1,,,True,29.9,22.1,65.0,False,2023,4.0
RUS,Mercedes,43.0,79.198,3.0,472,18.0,MEDIUM,True,1,,,True,29.9,22.1,65.0,False,2023,12.0
PER,Red Bull Racing,43.0,79.068,4.0,473,16.0,HARD,True,1,,,True,29.9,22.1,65.0,False,2023,11.0
ALO,Aston Martin,43.0,80.13,5.0,473,27.0,SOFT,False,1,,,True,29.9,22.1,65.0,False,2023,8.0
SAI,Ferrari,43.0,79.331,6.0,474,2.0,HARD,True,1,,,True,29.9,22.1,65.0,False,2023,2.0
STR,Aston Martin,43.0,79.508,7.0,474,9.0,HARD,False,1,,,True,29.9,22.1,65.0,False,2023,5.0
OCO,Alpine,43.0,79.7,8.0,475,8.0,HARD,True,1,,,True,29.9,22.1,65.0,False,2023,6.0
TSU,AlphaTauri,43.0,79.645,9.0,475,9.0,MEDIUM,True,1,,,True,29.9,22.1,65.0,False,2023,15.0
ZHO,Alfa Romeo,43.0,79.073,10.0,476,7.0,HARD,True,1,,,True,29.9,22.1,65.0,False,2023,13.0
PIA,McLaren,43.0,78.864,11.0,477,4.0,MEDIUM,True,1,,,True,29.9,22.1,65.0,False,2023,9.0
HUL,Haas F1 Team,43.0,85.079,12.0,477,17.0,HARD,True,1,0 days 02:01:05.446000,,False,29.9,22.1,65.0,False,2023,7.0
GAS,Alpine,43.0,78.658,13.0,478,4.0,HARD,True,1,,,True,29.9,22.1,65.0,False,2023,10.0
LEC,Ferrari,43.0,78.46,14.0,478,27.0,HARD,False,1,,,True,29.9,22.1,65.0,False,2023,19.0
DEV,AlphaTauri,43.0,79.24,15.0,479,5.0,MEDIUM,True,1,,,True,29.9,22.1,65.0,False,2023,14.0
NOR,McLaren,43.0,79.576,16.0,479,21.0,MEDIUM,True,1,,,True,29.9,22.1,65.0,False,2023,3.0
ALB,Williams,43.0,79.836,17.0,480,6.0,MEDIUM,True,1,,,True,29.8,22.1,65.0,False,2023,18.0
SAR,Williams,43.0,79.805,18.0,480,7.0,HARD,True,1,,,True,29.8,22.1,65.0,False,2023,20.0
MAG,Haas F1 Team,43.0,98.274,19.0,481,1.0,MEDIUM,True,1,,0 days 02:00:22.385000,False,29.8,22.1,65.0,False,2023,17.0
BOT,Alfa Romeo,43.0,80.158,20.0,481,4.0,HARD,True,1,,,True,29.8,22.1,65.0,False,2023,16.0
VER,Red Bull Racing,44.0,78.97,1.0,481,18.0,HARD,True,1,,,True,29.9,22.1,65.0,False,2023,1.0
HAM,Mercedes,44.0,79.121,2.0,481,20.0,MEDIUM,True,1,,,True,29.8,22.1,65.0,False,2023,4.0
RUS,Mercedes,44.0,79.296,3.0,482,19.0,MEDIUM,True,1,,,True,29.8,22.1,65.0,False,2023,12.0
PER,Red Bull Racing,44.0,79.504,4.0,483,17.0,HARD,True,1,,,True,29.8,22.1,65.0,False,2023,11.0
ALO,Aston Martin,44.0,83.902,5.0,483,28.0,SOFT,False,1,0 days 02:02:01.492000,,False,29.8,22.1,65.0,False,2023,8.0
SAI,Ferrari,44.0,79.241,6.0,484,3.0,HARD,True,1,,,True,29.8,22.1,65.0,False,2023,2.0
STR,Aston Martin,44.0,80.121,7.0,484,10.0,HARD,False,1,,,True,29.8,22.1,65.0,False,2023,5.0
OCO,Alpine,44.0,79.862,8.0,485,9.0,HARD,True,1,,,True,29.8,22.1,65.0,False,2023,6.0
TSU,AlphaTauri,44.0,80.063,9.0,485,10.0,MEDIUM,True,1,,,True,29.8,22.1,65.0,False,2023,15.0
ZHO,Alfa Romeo,44.0,79.336,10.0,486,8.0,HARD,True,1,,,True,29.8,22.1,65.0,False,2023,13.0
PIA,McLaren,44.0,78.854,11.0,487,5.0,MEDIUM,True,1,,,True,29.8,22.1,65.0,False,2023,9.0
GAS,Alpine,44.0,78.804,12.0,488,5.0,HARD,True,1,,,True,29.8,22.1,65.0,False,2023,10.0
LEC,Ferrari,44.0,78.657,13.0,488,28.0,HARD,False,1,,,True,29.6,22.1,66.0,False,2023,19.0
DEV,AlphaTauri,44.0,79.312,14.0,489,6.0,MEDIUM,True,1,,,True,29.6,22.1,66.0,False,2023,14.0
NOR,McLaren,44.0,79.865,15.0,489,22.0,MEDIUM,True,1,,,True,29.6,22.1,66.0,False,2023,3.0
HUL,Haas F1 Team,44.0,100.839,16.0,490,1.0,MEDIUM,True,1,,0 days 02:01:29.930000,False,29.6,22.1,66.0,False,2023,7.0
ALB,Williams,44.0,79.758,17.0,490,7.0,MEDIUM,True,1,,,True,29.6,22.1,66.0,False,2023,18.0
SAR,Williams,44.0,79.835,18.0,490,8.0,HARD,True,1,,,True,29.6,22.1,66.0,False,2023,20.0
MAG,Haas F1 Team,44.0,78.069,19.0,491,2.0,MEDIUM,True,1,,,True,29.6,22.1,66.0,False,2023,17.0
BOT,Alfa Romeo,44.0,82.064,20.0,491,5.0,HARD,True,1,,,True,29.6,22.1,66.0,False,2023,16.0
VER,Red Bull Racing,45.0,79.104,1.0,491,19.0,HARD,True,1,,,True,29.6,22.1,66.0,False,2023,1.0
HAM,Mercedes,45.0,79.201,2.0,491,21.0,MEDIUM,True,1,,,True,29.6,22.1,66.0,False,2023,4.0
RUS,Mercedes,45.0,82.981,3.0,492,20.0,MEDIUM,True,1,0 days 02:02:58.429000,,False,29.6,22.1,66.0,False,2023,12.0
PER,Red Bull Racing,45.0,79.6,4.0,493,18.0,HARD,True,1,,,True,29.6,22.1,66.0,False,2023,11.0
SAI,Ferrari,45.0,79.325,5.0,494,4.0,HARD,True,1,,,True,29.6,22.1,66.0,False,2023,2.0
STR,Aston Martin,45.0,79.671,6.0,494,11.0,HARD,False,1,,,True,29.8,22.1,66.0,False,2023,5.0
OCO,Alpine,45.0,79.843,7.0,495,10.0,HARD,True,1,,,True,29.8,22.1,66.0,False,2023,6.0
TSU,AlphaTauri,45.0,79.746,8.0,495,11.0,MEDIUM,True,1,,,True,29.8,22.1,66.0,False,2023,15.0
ZHO,Alfa Romeo,45.0,79.326,9.0,496,9.0,HARD,True,1,,,True,29.8,22.1,66.0,False,2023,13.0
ALO,Aston Martin,45.0,98.759,10.0,497,1.0,HARD,False,1,,0 days 02:02:24.398000,False,29.8,22.1,66.0,False,2023,8.0
PIA,McLaren,45.0,79.08,11.0,497,6.0,MEDIUM,True,1,,,True,29.8,22.1,66.0,False,2023,9.0
GAS,Alpine,45.0,79.161,12.0,498,6.0,HARD,True,1,,,True,29.8,22.1,66.0,False,2023,10.0
LEC,Ferrari,45.0,78.634,13.0,498,29.0,HARD,False,1,,,True,29.8,22.1,66.0,False,2023,19.0
DEV,AlphaTauri,45.0,78.931,14.0,499,7.0,MEDIUM,True,1,,,True,29.8,22.1,66.0,False,2023,14.0
NOR,McLaren,45.0,79.925,15.0,499,23.0,MEDIUM,True,1,,,True,29.8,22.1,66.0,False,2023,3.0
HUL,Haas F1 Team,45.0,78.912,16.0,500,2.0,MEDIUM,True,1,,,True,29.8,22.1,66.0,False,2023,7.0
ALB,Williams,45.0,79.654,17.0,500,8.0,MEDIUM,True,1,,,True,29.8,22.1,66.0,False,2023,18.0
SAR,Williams,45.0,79.835,18.0,500,9.0,HARD,True,1,,,True,29.8,22.1,66.0,False,2023,20.0
MAG,Haas F1 Team,45.0,78.282,19.0,501,3.0,MEDIUM,True,1,,,True,29.8,22.1,66.0,False,2023,17.0
BOT,Alfa Romeo,45.0,79.292,20.0,501,6.0,HARD,True,1,,,True,29.8,22.1,66.0,False,2023,16.0
VER,Red Bull Racing,46.0,78.84,1.0,501,20.0,HARD,True,1,,,True,29.8,22.1,66.0,False,2023,1.0
HAM,Mercedes,46.0,78.965,2.0,501,22.0,MEDIUM,True,1,,,True,29.8,22.1,66.0,False,2023,4.0
PER,Red Bull Racing,46.0,79.367,3.0,502,19.0,HARD,True,1,,,True,29.8,22.1,66.0,False,2023,11.0
RUS,Mercedes,46.0,97.181,4.0,503,4.0,SOFT,False,1,,0 days 02:03:20.475000,False,29.1,22.0,66.0,False,2023,12.0
SAI,Ferrari,46.0,78.698,5.0,503,5.0,HARD,True,1,,,True,29.1,22.0,66.0,False,2023,2.0
STR,Aston Martin,46.0,79.593,6.0,503,12.0,HARD,False,1,,,True,29.1,22.0,66.0,False,2023,5.0
OCO,Alpine,46.0,79.654,7.0,504,11.0,HARD,True,1,,,True,29.1,22.0,66.0,False,2023,6.0
TSU,AlphaTauri,46.0,79.714,8.0,504,12.0,MEDIUM,True,1,,,True,29.1,22.0,66.0,False,2023,15.0
ZHO,Alfa Romeo,46.0,79.122,9.0,505,10.0,HARD,True,1,,,True,29.1,22.0,66.0,False,2023,13.0
ALO,Aston Martin,46.0,78.442,10.0,506,2.0,HARD,False,1,,,True,29.1,22.0,66.0,False,2023,8.0
PIA,McLaren,46.0,79.47,11.0,506,7.0,MEDIUM,True,1,,,True,29.1,22.0,66.0,False,2023,9.0
GAS,Alpine,46.0,79.092,12.0,507,7.0,HARD,True,1,,,True,29.1,22.0,66.0,False,2023,10.0
LEC,Ferrari,46.0,78.749,13.0,507,30.0,HARD,False,1,,,True,29.1,22.0,66.0,False,2023,19.0
DEV,AlphaTauri,46.0,78.972,14.0,508,8.0,MEDIUM,True,1,,,True,29.1,22.0,66.0,False,2023,14.0
NOR,McLaren,46.0,79.896,15.0,508,24.0,MEDIUM,True,1,,,True,29.1,22.0,66.0,False,2023,3.0
HUL,Haas F1 Team,46.0,78.841,16.0,509,3.0,MEDIUM,True,1,,,True,29.1,22.0,66.0,False,2023,7.0
ALB,Williams,46.0,79.62,17.0,509,9.0,MEDIUM,True,1,,,True,29.1,22.0,65.0,False,2023,18.0
SAR,Williams,46.0,79.653,18.0,509,10.0,HARD,True,1,,,True,29.1,22.0,65.0,False,2023,20.0
MAG,Haas F1 Team,46.0,78.851,19.0,510,4.0,MEDIUM,True,1,,,True,29.1,22.0,65.0,False,2023,17.0
BOT,Alfa Romeo,46.0,78.885,20.0,510,7.0,HARD,True,1,,,True,29.1,22.0,65.0,False,2023,16.0
VER,Red Bull Racing,47.0,79.109,1.0,510,21.0,HARD,True,1,,,True,29.1,22.0,66.0,False,2023,1.0
HAM,Mercedes,47.0,78.933,2.0,510,23.0,MEDIUM,True,1,,,True,29.1,22.0,66.0,False,2023,4.0
PER,Red Bull Racing,47.0,78.907,3.0,511,20.0,HARD,True,1,,,True,29.1,22.0,65.0,False,2023,11.0
RUS,Mercedes,47.0,78.057,4.0,512,5.0,SOFT,False,1,,,True,29.1,22.0,65.0,False,2023,12.0
SAI,Ferrari,47.0,78.562,5.0,512,6.0,HARD,True,1,,,True,29.1,22.0,65.0,False,2023,2.0
STR,Aston Martin,47.0,79.477,6.0,512,13.0,HARD,False,1,,,True,29.1,22.0,65.0,False,2023,5.0
OCO,Alpine,47.0,79.669,7.0,513,12.0,HARD,True,1,,,True,29.1,22.0,65.0,False,2023,6.0
TSU,AlphaTauri,47.0,79.625,8.0,513,13.0,MEDIUM,True,1,,,True,29.1,22.0,65.0,False,2023,15.0
ZHO,Alfa Romeo,47.0,79.214,9.0,514,11.0,HARD,True,1,,,True,29.1,22.0,65.0,False,2023,13.0
ALO,Aston Martin,47.0,78.321,10.0,515,3.0,HARD,False,1,,,True,29.1,22.0,65.0,False,2023,8.0
PIA,McLaren,47.0,79.397,11.0,515,8.0,MEDIUM,True,1,,,True,29.1,22.0,65.0,False,2023,9.0
GAS,Alpine,47.0,78.948,12.0,516,8.0,HARD,True,1,,,True,29.1,22.0,65.0,False,2023,10.0
LEC,Ferrari,47.0,78.709,13.0,516,31.0,HARD,False,1,,,True,29.3,22.1,65.0,False,2023,19.0
DEV,AlphaTauri,47.0,79.111,14.0,517,9.0,MEDIUM,True,1,,,True,29.3,22.1,65.0,False,2023,14.0
NOR,McLaren,47.0,80.146,15.0,517,25.0,MEDIUM,True,1,,,True,29.3,22.1,65.0,False,2023,3.0
HUL,Haas F1 Team,47.0,79.121,16.0,518,4.0,MEDIUM,True,1,,,True,29.3,22.1,65.0,False,2023,7.0
ALB,Williams,47.0,79.525,17.0,518,10.0,MEDIUM,True,1,,,True,29.3,22.1,65.0,False,2023,18.0
SAR,Williams,47.0,79.646,18.0,518,11.0,HARD,True,1,,,True,29.3,22.1,65.0,False,2023,20.0
MAG,Haas F1 Team,47.0,79.166,19.0,519,5.0,MEDIUM,True,1,,,True,29.3,22.1,65.0,False,2023,17.0
BOT,Alfa Romeo,47.0,78.956,20.0,519,8.0,HARD,True,1,,,True,29.3,22.1,65.0,False,2023,16.0
VER,Red Bull Racing,48.0,78.953,1.0,519,22.0,HARD,True,1,,,True,29.3,22.1,65.0,False,2023,1.0
HAM,Mercedes,48.0,79.183,2.0,519,24.0,MEDIUM,True,1,,,True,29.3,22.1,65.0,False,2023,4.0
PER,Red Bull Racing,48.0,79.179,3.0,520,21.0,HARD,True,1,,,True,29.3,22.1,65.0,False,2023,11.0
RUS,Mercedes,48.0,77.875,4.0,521,6.0,SOFT,False,1,,,True,29.3,22.1,65.0,False,2023,12.0
SAI,Ferrari,48.0,78.521,5.0,521,7.0,HARD,True,1,,,True,29.3,22.1,65.0,False,2023,2.0
STR,Aston Martin,48.0,79.129,6.0,521,14.0,HARD,False,1,,,True,29.7,22.1,64.0,False,2023,5.0
OCO,Alpine,48.0,79.618,7.0,522,13.0,HARD,True,1,,,True,29.7,22.1,64.0,False,2023,6.0
TSU,AlphaTauri,48.0,79.492,8.0,522,14.0,MEDIUM,True,1,,,True,29.7,22.1,64.0,False,2023,15.0
ALO,Aston Martin,48.0,78.237,9.0,523,4.0,HARD,False,1,,,True,29.7,22.1,64.0,False,2023,8.0
ZHO,Alfa Romeo,48.0,79.749,10.0,523,12.0,HARD,True,1,,,True,29.7,22.1,64.0,False,2023,13.0
GAS,Alpine,48.0,79.191,11.0,524,9.0,HARD,True,1,,,True,29.7,22.1,64.0,False,2023,10.0
PIA,McLaren,48.0,81.667,12.0,525,9.0,MEDIUM,True,1,,,True,29.7,22.1,64.0,False,2023,9.0
LEC,Ferrari,48.0,78.763,13.0,525,32.0,HARD,False,1,,,True,29.7,22.1,64.0,False,2023,19.0
DEV,AlphaTauri,48.0,78.803,14.0,526,10.0,MEDIUM,True,1,,,True,29.7,22.1,64.0,False,2023,14.0
NOR,McLaren,48.0,79.863,15.0,526,26.0,MEDIUM,True,1,,,True,29.7,22.1,64.0,False,2023,3.0
HUL,Haas F1 Team,48.0,78.947,16.0,527,5.0,MEDIUM,True,1,,,True,29.7,22.1,64.0,False,2023,7.0
ALB,Williams,48.0,79.426,17.0,527,11.0,MEDIUM,True,1,,,True,29.7,22.1,64.0,False,2023,18.0
MAG,Haas F1 Team,48.0,78.7,18.0,528,6.0,MEDIUM,True,1,,,True,29.7,22.1,64.0,False,2023,17.0
SAR,Williams,48.0,80.875,19.0,528,12.0,HARD,True,1,,,True,29.7,22.1,64.0,False,2023,20.0
BOT,Alfa Romeo,48.0,79.498,20.0,529,9.0,HARD,True,1,,,True,29.7,22.1,64.0,False,2023,16.0
VER,Red Bull Racing,49.0,79.093,1.0,529,23.0,HARD,True,1,,,True,29.7,22.1,64.0,False,2023,1.0
HAM,Mercedes,49.0,78.968,2.0,529,25.0,MEDIUM,True,1,,,True,29.7,22.1,64.0,False,2023,4.0
PER,Red Bull Racing,49.0,79.4,3.0,530,22.0,HARD,True,1,,,True,29.7,22.1,64.0,False,2023,11.0
RUS,Mercedes,49.0,78.383,4.0,531,7.0,SOFT,False,1,,,True,29.5,22.0,64.0,False,2023,12.0
SAI,Ferrari,49.0,78.635,5.0,531,8.0,HARD,True,1,,,True,29.5,22.0,64.0,False,2023,2.0
STR,Aston Martin,49.0,79.413,6.0,531,15.0,HARD,False,1,,,True,29.5,22.0,64.0,False,2023,5.0
OCO,Alpine,49.0,78.965,7.0,532,14.0,HARD,True,1,,,True,29.5,22.0,64.0,False,2023,6.0
ALO,Aston Martin,49.0,78.083,8.0,533,5.0,HARD,False,1,,,True,29.5,22.0,64.0,False,2023,8.0
TSU,AlphaTauri,49.0,80.145,9.0,533,15.0,MEDIUM,True,1,,,True,29.5,22.0,64.0,False,2023,15.0
ZHO,Alfa Romeo,49.0,79.276,10.0,534,13.0,HARD,True,1,,,True,29.5,22.0,64.0,False,2023,13.0
GAS,Alpine,49.0,78.843,11.0,535,10.0,HARD,True,1,,,True,29.5,22.0,64.0,False,2023,10.0
PIA,McLaren,49.0,81.089,12.0,536,10.0,MEDIUM,True,1,,,True,29.5,22.0,64.0,False,2023,9.0
LEC,Ferrari,49.0,79.918,13.0,536,33.0,HARD,False,1,,,True,29.5,22.0,64.0,False,2023,19.0
DEV,AlphaTauri,49.0,79.009,14.0,537,11.0,MEDIUM,True,1,,,True,29.5,22.0,64.0,False,2023,14.0
NOR,McLaren,49.0,79.826,15.0,537,27.0,MEDIUM,True,1,,,True,29.5,22.0,64.0,False,2023,3.0
HUL,Haas F1 Team,49.0,79.272,16.0,538,6.0,MEDIUM,True,1,,,True,29.5,22.0,64.0,False,2023,7.0
ALB,Williams,49.0,79.712,17.0,538,12.0,MEDIUM,True,1,,,True,29.5,22.0,64.0,False,2023,18.0
MAG,Haas F1 Team,49.0,79.105,18.0,539,7.0,MEDIUM,True,1,,,True,29.5,22.0,64.0,False,2023,17.0
SAR,Williams,49.0,80.052,19.0,539,13.0,HARD,True,1,,,True,29.5,22.0,64.0,False,2023,20.0
BOT,Alfa Romeo,49.0,79.208,20.0,540,10.0,HARD,True,1,,,True,29.5,22.0,64.0,False,2023,16.0
VER,Red Bull Racing,50.0,79.221,1.0,540,24.0,HARD,True,1,,,True,29.5,22.0,64.0,False,2023,1.0
HAM,Mercedes,50.0,82.701,2.0,540,26.0,MEDIUM,True,1,0 days 02:09:23.172000,,False,29.5,22.0,64.0,False,2023,4.0
PER,Red Bull Racing,50.0,83.039,3.0,541,23.0,HARD,True,1,0 days 02:09:42.859000,,False,29.5,22.0,64.0,False,2023,11.0
RUS,Mercedes,50.0,78.488,4.0,542,8.0,SOFT,False,1,,,True,29.5,22.0,64.0,False,2023,12.0
SAI,Ferrari,50.0,78.518,5.0,542,9.0,HARD,True,1,,,True,29.5,22.0,64.0,False,2023,2.0
STR,Aston Martin,50.0,79.283,6.0,542,16.0,HARD,False,1,,,True,29.5,22.0,64.0,False,2023,5.0
OCO,Alpine,50.0,79.163,7.0,543,15.0,HARD,True,1,,,True,29.5,22.0,64.0,False,2023,6.0
ALO,Aston Martin,50.0,78.935,8.0,544,6.0,HARD,False,1,,,True,29.5,22.0,64.0,False,2023,8.0
TSU,AlphaTauri,50.0,79.211,9.0,544,16.0,MEDIUM,True,1,,,True,29.5,22.0,64.0,False,2023,15.0
ZHO,Alfa Romeo,50.0,79.461,10.0,545,14.0,HARD,True,1,,,True,29.5,22.0,64.0,False,2023,13.0
GAS,Alpine,50.0,78.845,11.0,546,11.0,HARD,True,1,,,True,29.5,22.0,64.0,False,2023,10.0
PIA,McLaren,50.0,79.227,12.0,547,11.0,MEDIUM,True,1,,,True,29.5,22.0,64.0,False,2023,9.0
LEC,Ferrari,50.0,79.165,13.0,547,34.0,HARD,False,1,,,True,29.5,22.0,64.0,False,2023,19.0
DEV,AlphaTauri,50.0,79.34,14.0,548,12.0,MEDIUM,True,1,,,True,28.7,22.0,65.0,False,2023,14.0
NOR,McLaren,50.0,83.934,15.0,548,28.0,MEDIUM,True,1,0 days 02:10:40.014000,,False,28.7,22.0,65.0,False,2023,3.0
HUL,Haas F1 Team,50.0,78.855,16.0,549,7.0,MEDIUM,True,1,,,True,28.7,22.0,65.0,False,2023,7.0
ALB,Williams,50.0,79.65,17.0,549,13.0,MEDIUM,True,1,,,True,28.7,22.0,65.0,False,2023,18.0
MAG,Haas F1 Team,50.0,78.98,18.0,550,8.0,MEDIUM,True,1,,,True,28.7,22.0,65.0,False,2023,17.0
SAR,Williams,50.0,80.019,19.0,550,14.0,HARD,True,1,,,True,28.7,22.0,65.0,False,2023,20.0
BOT,Alfa Romeo,50.0,78.242,20.0,551,11.0,HARD,True,1,,,True,28.7,22.0,65.0,False,2023,16.0
VER,Red Bull Racing,51.0,78.768,1.0,551,25.0,HARD,True,1,,,True,29.5,22.0,64.0,False,2023,1.0
HAM,Mercedes,51.0,98.688,2.0,552,4.0,SOFT,False,1,,0 days 02:09:45.890000,False,28.7,22.0,65.0,False,2023,4.0
RUS,Mercedes,51.0,78.611,3.0,552,9.0,SOFT,False,1,,,True,28.7,22.0,65.0,False,2023,12.0
SAI,Ferrari,51.0,78.562,4.0,552,10.0,HARD,True,1,,,True,28.7,22.0,65.0,False,2023,2.0
PER,Red Bull Racing,51.0,95.599,5.0,553,1.0,SOFT,True,1,,0 days 02:10:04.249000,False,28.7,22.0,65.0,False,2023,11.0
STR,Aston Martin,51.0,79.164,6.0,553,17.0,HARD,False,1,,,True,28.7,22.2,65.0,False,2023,5.0
ALO,Aston Martin,51.0,78.833,7.0,554,7.0,HARD,False,1,,,True,28.7,22.2,65.0,False,2023,8.0
OCO,Alpine,51.0,81.212,8.0,554,16.0,HARD,True,1,,,True,28.7,22.2,65.0,False,2023,6.0
TSU,AlphaTauri,51.0,79.667,9.0,554,17.0,MEDIUM,True,1,,,True,28.7,22.2,65.0,False,2023,15.0
ZHO,Alfa Romeo,51.0,79.699,10.0,555,15.0,HARD,True,1,,,True,28.7,22.2,65.0,False,2023,13.0
GAS,Alpine,51.0,78.796,11.0,556,12.0,HARD,True,1,,,True,28.7,22.2,65.0,False,2023,10.0
LEC,Ferrari,51.0,78.617,12.0,556,35.0,HARD,False,1,,,True,28.7,22.2,65.0,False,2023,19.0
PIA,McLaren,51.0,80.902,13.0,557,12.0,MEDIUM,True,1,,,True,28.7,22.2,65.0,False,2023,9.0
DEV,AlphaTauri,51.0,79.35,14.0,557,13.0,MEDIUM,True,1,,,True,28.7,22.2,65.0,False,2023,14.0
HUL,Haas F1 Team,51.0,78.861,15.0,558,8.0,MEDIUM,True,1,,,True,28.7,22.2,65.0,False,2023,7.0
ALB,Williams,51.0,79.447,16.0,558,14.0,MEDIUM,True,1,,,True,28.7,22.2,65.0,False,2023,18.0
MAG,Haas F1 Team,51.0,79.101,17.0,559,9.0,MEDIUM,True,1,,,True,28.7,22.2,65.0,False,2023,17.0
SAR,Williams,51.0,79.942,18.0,559,15.0,HARD,True,1,,,True,28.7,22.2,65.0,False,2023,20.0
BOT,Alfa Romeo,51.0,79.231,19.0,560,12.0,HARD,True,1,,,True,28.7,22.2,65.0,False,2023,16.0
NOR,McLaren,51.0,98.017,20.0,561,4.0,SOFT,False,1,,0 days 02:11:02.045000,False,28.7,22.2,65.0,False,2023,3.0
VER,Red Bull Racing,52.0,82.849,1.0,561,26.0,HARD,True,1,0 days 02:11:45.029000,,False,28.7,22.2,65.0,False,2023,1.0
HAM,Mercedes,52.0,78.621,2.0,562,5.0,SOFT,False,1,,,True,28.7,22.2,65.0,False,2023,4.0
RUS,Mercedes,52.0,78.335,3.0,562,10.0,SOFT,False,1,,,True,28.6,22.0,66.0,False,2023,12.0
SAI,Ferrari,52.0,78.595,4.0,562,11.0,HARD,True,1,,,True,28.6,22.0,66.0,False,2023,2.0
PER,Red Bull Racing,52.0,76.666,5.0,563,2.0,SOFT,True,1,,,True,28.6,22.0,66.0,False,2023,11.0
STR,Aston Martin,52.0,79.018,6.0,563,18.0,HARD,False,1,,,True,28.6,22.0,66.0,False,2023,5.0
ALO,Aston Martin,52.0,78.543,7.0,564,8.0,HARD,False,1,,,True,28.6,22.0,66.0,False,2023,8.0
OCO,Alpine,52.0,79.213,8.0,564,17.0,HARD,True,1,,,True,28.6,22.0,66.0,False,2023,6.0
TSU,AlphaTauri,52.0,79.236,9.0,564,18.0,MEDIUM,True,1,,,True,28.6,22.0,66.0,False,2023,15.0
ZHO,Alfa Romeo,52.0,79.04,10.0,565,16.0,HARD,True,1,,,True,28.6,22.0,66.0,False,2023,13.0
GAS,Alpine,52.0,79.006,11.0,566,13.0,HARD,True,1,,,True,28.6,22.0,66.0,False,2023,10.0
LEC,Ferrari,52.0,78.357,12.0,566,36.0,HARD,False,1,,,True,28.6,22.0,66.0,False,2023,19.0
PIA,McLaren,52.0,79.507,13.0,567,13.0,MEDIUM,True,1,,,True,28.6,22.0,66.0,False,2023,9.0
DEV,AlphaTauri,52.0,79.298,14.0,567,14.0,MEDIUM,True,1,,,True,28.6,22.0,66.0,False,2023,14.0
HUL,Haas F1 Team,52.0,78.962,15.0,568,9.0,MEDIUM,True,1,,,True,28.6,22.0,66.0,False,2023,7.0
ALB,Williams,52.0,79.39,16.0,568,15.0,MEDIUM,True,1,,,True,28.4,21.9,67.0,False,2023,18.0
MAG,Haas F1 Team,52.0,79.345,17.0,569,10.0,MEDIUM,True,1,,,True,28.4,21.9,67.0,False,2023,17.0
SAR,Williams,52.0,79.943,18.0,569,16.0,HARD,True,1,,,True,28.4,21.9,67.0,False,2023,20.0
BOT,Alfa Romeo,52.0,79.531,19.0,570,13.0,HARD,True,1,,,True,28.4,21.9,67.0,False,2023,16.0
NOR,McLaren,52.0,78.809,20.0,571,5.0,SOFT,False,1,,,True,28.4,21.9,67.0,False,2023,3.0
VER,Red Bull Racing,53.0,97.231,1.0,572,3.0,SOFT,False,1,,0 days 02:12:07.388000,False,28.6,22.0,66.0,False,2023,1.0
HAM,Mercedes,53.0,78.564,2.0,572,6.0,SOFT,False,1,,,True,28.4,21.9,67.0,False,2023,4.0
RUS,Mercedes,53.0,78.504,3.0,572,11.0,SOFT,False,1,,,True,28.4,21.9,67.0,False,2023,12.0
PER,Red Bull Racing,53.0,77.122,4.0,573,3.0,SOFT,True,1,,,True,28.4,21.9,67.0,False,2023,11.0
SAI,Ferrari,53.0,79.738,5.0,573,12.0,HARD,True,1,,,True,28.4,21.9,67.0,False,2023,2.0
STR,Aston Martin,53.0,78.998,6.0,573,19.0,HARD,False,1,,,True,28.4,21.9,67.0,False,2023,5.0
ALO,Aston Martin,53.0,79.225,7.0,574,9.0,HARD,False,1,,,True,28.4,21.9,67.0,False,2023,8.0
OCO,Alpine,53.0,79.177,8.0,574,18.0,HARD,True,1,,,True,28.4,21.9,67.0,False,2023,6.0
TSU,AlphaTauri,53.0,79.028,9.0,574,19.0,MEDIUM,True,1,,,True,28.4,21.9,67.0,False,2023,15.0
ZHO,Alfa Romeo,53.0,79.086,10.0,575,17.0,HARD,True,1,,,True,28.4,21.9,67.0,False,2023,13.0
GAS,Alpine,53.0,78.824,11.0,576,14.0,HARD,True,1,,,True,28.4,21.9,67.0,False,2023,10.0
LEC,Ferrari,53.0,78.558,12.0,576,37.0,HARD,False,1,,,True,28.4,21.9,67.0,False,2023,19.0
PIA,McLaren,53.0,79.358,13.0,577,14.0,MEDIUM,True,1,,,True,28.4,21.9,67.0,False,2023,9.0
DEV,AlphaTauri,53.0,79.186,14.0,577,15.0,MEDIUM,True,1,,,True,28.4,21.9,67.0,False,2023,14.0
HUL,Haas F1 Team,53.0,78.776,15.0,578,10.0,MEDIUM,True,1,,,True,28.3,21.9,67.0,False,2023,7.0
ALB,Williams,53.0,79.327,16.0,578,16.0,MEDIUM,True,1,,,True,28.3,21.9,67.0,False,2023,18.0
MAG,Haas F1 Team,53.0,79.396,17.0,579,11.0,MEDIUM,True,1,,,True,28.3,21.9,67.0,False,2023,17.0
SAR,Williams,53.0,79.943,18.0,579,17.0,HARD,True,1,,,True,28.3,21.9,67.0,False,2023,20.0
NOR,McLaren,53.0,77.287,19.0,580,6.0,SOFT,False,1,,,True,28.3,21.9,67.0,False,2023,3.0
BOT,Alfa Romeo,53.0,81.381,20.0,580,14.0,HARD,True,1,,,True,28.3,21.9,67.0,False,2023,16.0
VER,Red Bull Racing,54.0,77.473,1.0,581,4.0,SOFT,False,1,,,True,28.3,21.9,67.0,False,2023,1.0
HAM,Mercedes,54.0,77.529,2.0,581,7.0,SOFT,False,1,,,True,28.3,21.9,67.0,False,2023,4.0
RUS,Mercedes,54.0,78.362,3.0,581,12.0,SOFT,False,1,,,True,28.3,21.9,67.0,False,2023,12.0
PER,Red Bull Racing,54.0,77.543,4.0,582,4.0,SOFT,True,1,,,True,28.3,21.9,67.0,False,2023,11.0
SAI,Ferrari,54.0,78.886,5.0,582,13.0,HARD,True,1,,,True,28.3,21.9,67.0,False,2023,2.0
STR,Aston Martin,54.0,79.068,6.0,582,20.0,HARD,False,1,,,True,28.3,21.9,67.0,False,2023,5.0
ALO,Aston Martin,54.0,78.536,7.0,583,10.0,HARD,False,1,,,True,28.4,21.9,67.0,False,2023,8.0
OCO,Alpine,54.0,78.946,8.0,583,19.0,HARD,True,1,,,True,28.4,21.9,67.0,False,2023,6.0
TSU,AlphaTauri,54.0,79.267,9.0,583,20.0,MEDIUM,True,1,,,True,28.4,21.9,67.0,False,2023,15.0
ZHO,Alfa Romeo,54.0,79.057,10.0,584,18.0,HARD,True,1,,,True,28.4,21.9,67.0,False,2023,13.0
GAS,Alpine,54.0,78.991,11.0,585,15.0,HARD,True,1,,,True,28.4,21.9,67.0,False,2023,10.0
LEC,Ferrari,54.0,78.707,12.0,585,38.0,HARD,False,1,,,True,28.4,21.9,67.0,False,2023,19.0
PIA,McLaren,54.0,79.38,13.0,586,15.0,MEDIUM,True,1,,,True,28.4,21.9,67.0,False,2023,9.0
DEV,AlphaTauri,54.0,79.299,14.0,586,16.0,MEDIUM,True,1,,,True,28.4,21.9,67.0,False,2023,14.0
HUL,Haas F1 Team,54.0,78.951,15.0,587,11.0,MEDIUM,True,1,,,True,28.4,21.9,67.0,False,2023,7.0
ALB,Williams,54.0,79.347,16.0,587,17.0,MEDIUM,True,1,,,True,28.4,21.9,67.0,False,2023,18.0
MAG,Haas F1 Team,54.0,79.311,17.0,588,12.0,MEDIUM,True,1,,,True,28.4,21.9,67.0,False,2023,17.0
SAR,Williams,54.0,79.72,18.0,588,18.0,HARD,True,1,,,True,28.4,21.9,67.0,False,2023,20.0
NOR,McLaren,54.0,78.746,19.0,589,7.0,SOFT,False,1,,,True,28.4,21.9,67.0,False,2023,3.0
BOT,Alfa Romeo,54.0,80.104,20.0,589,15.0,HARD,True,1,,,True,28.4,21.9,67.0,False,2023,16.0
VER,Red Bull Racing,55.0,77.766,1.0,590,5.0,SOFT,False,1,,,True,28.4,21.9,67.0,False,2023,1.0
HAM,Mercedes,55.0,77.575,2.0,590,8.0,SOFT,False,1,,,True,28.4,21.9,67.0,False,2023,4.0
RUS,Mercedes,55.0,78.133,3.0,590,13.0,SOFT,False,1,,,True,28.4,21.9,67.0,False,2023,12.0
PER,Red Bull Racing,55.0,77.776,4.0,591,5.0,SOFT,True,1,,,True,28.4,21.9,67.0,False,2023,11.0
SAI,Ferrari,55.0,78.513,5.0,591,14.0,HARD,True,1,,,True,28.4,21.9,67.0,False,2023,2.0
STR,Aston Martin,55.0,78.933,6.0,591,21.0,HARD,False,1,,,True,28.4,21.9,67.0,False,2023,5.0
ALO,Aston Martin,55.0,78.584,7.0,592,11.0,HARD,False,1,,,True,28.4,21.9,67.0,False,2023,8.0
OCO,Alpine,55.0,79.057,8.0,592,20.0,HARD,True,1,,,True,28.4,21.9,67.0,False,2023,6.0
TSU,AlphaTauri,55.0,79.246,9.0,592,21.0,MEDIUM,True,1,,,True,28.4,21.9,67.0,False,2023,15.0
ZHO,Alfa Romeo,55.0,79.147,10.0,593,19.0,HARD,True,1,,,True,28.4,21.9,67.0,False,2023,13.0
GAS,Alpine,55.0,79.195,11.0,594,16.0,HARD,True,1,,,True,28.4,21.9,67.0,False,2023,10.0
LEC,Ferrari,55.0,78.853,12.0,594,39.0,HARD,False,1,,,True,28.4,21.9,67.0,False,2023,19.0
PIA,McLaren,55.0,79.453,13.0,595,16.0,MEDIUM,True,1,,,True,28.4,21.9,67.0,False,2023,9.0
DEV,AlphaTauri,55.0,79.035,14.0,595,17.0,MEDIUM,True,1,,,True,28.4,21.9,67.0,False,2023,14.0
HUL,Haas F1 Team,55.0,80.482,15.0,596,12.0,MEDIUM,True,1,,,True,28.4,21.9,67.0,False,2023,7.0
ALB,Williams,55.0,79.415,16.0,596,18.0,MEDIUM,True,1,,,True,28.4,21.9,67.0,False,2023,18.0
MAG,Haas F1 Team,55.0,79.187,17.0,597,13.0,MEDIUM,True,1,,,True,28.2,21.9,67.0,False,2023,17.0
NOR,McLaren,55.0,77.182,18.0,598,8.0,SOFT,False,1,,,True,28.2,21.9,67.0,False,2023,3.0
SAR,Williams,55.0,81.834,19.0,598,19.0,HARD,True,1,,,True,28.2,21.9,67.0,False,2023,20.0
BOT,Alfa Romeo,55.0,79.523,20.0,599,16.0,HARD,True,1,,,True,28.2,21.9,67.0,False,2023,16.0
VER,Red Bull Racing,56.0,77.183,1.0,600,6.0,SOFT,False,1,,,True,28.4,21.9,67.0,False,2023,1.0
HAM,Mercedes,56.0,77.874,2.0,600,9.0,SOFT,False,1,,,True,28.2,21.9,67.0,False,2023,4.0
RUS,Mercedes,56.0,78.448,3.0,600,14.0,SOFT,False,1,,,True,28.2,21.9,67.0,False,2023,12.0
PER,Red Bull Racing,56.0,77.484,4.0,601,6.0,SOFT,True,1,,,True,28.2,21.9,67.0,False,2023,11.0
SAI,Ferrari,56.0,78.559,5.0,601,15.0,HARD,True,1,,,True,28.2,21.9,67.0,False,2023,2.0
STR,Aston Martin,56.0,78.722,6.0,601,22.0,HARD,False,1,,,True,28.2,21.9,67.0,False,2023,5.0
ALO,Aston Martin,56.0,78.749,7.0,602,12.0,HARD,False,1,,,True,28.2,21.9,67.0,False,2023,8.0
OCO,Alpine,56.0,79.097,8.0,602,21.0,HARD,True,1,,,True,28.2,21.9,67.0,False,2023,6.0
TSU,AlphaTauri,56.0,79.568,9.0,602,22.0,MEDIUM,True,1,,,True,28.2,21.9,67.0,False,2023,15.0
ZHO,Alfa Romeo,56.0,80.335,10.0,603,20.0,HARD,True,1,,,True,28.2,21.9,67.0,False,2023,13.0
GAS,Alpine,56.0,79.565,11.0,604,17.0,HARD,True,1,,,True,28.2,21.9,67.0,False,2023,10.0
LEC,Ferrari,56.0,78.897,12.0,604,40.0,HARD,False,1,,,True,28.2,21.9,67.0,False,2023,19.0
PIA,McLaren,56.0,79.365,13.0,605,17.0,MEDIUM,True,1,,,True,28.2,21.9,67.0,False,2023,9.0
DEV,AlphaTauri,56.0,79.294,14.0,605,18.0,MEDIUM,True,1,,,True,28.2,21.9,67.0,False,2023,14.0
HUL,Haas F1 Team,56.0,79.721,15.0,606,13.0,MEDIUM,True,1,,,True,28.1,21.9,66.0,False,2023,7.0
ALB,Williams,56.0,79.343,16.0,606,19.0,MEDIUM,True,1,,,True,28.1,21.9,66.0,False,2023,18.0
MAG,Haas F1 Team,56.0,79.389,17.0,607,14.0,MEDIUM,True,1,,,True,28.1,21.9,66.0,False,2023,17.0
NOR,McLaren,56.0,77.939,18.0,608,9.0,SOFT,False,1,,,True,28.1,21.9,66.0,False,2023,3.0
SAR,Williams,56.0,79.827,19.0,608,20.0,HARD,True,1,,,True,28.1,21.9,66.0,False,2023,20.0
BOT,Alfa Romeo,56.0,81.435,20.0,609,17.0,HARD,True,1,,,True,28.1,21.9,66.0,False,2023,16.0
VER,Red Bull Racing,57.0,77.306,1.0,610,7.0,SOFT,False,1,,,True,28.1,21.9,66.0,False,2023,1.0
HAM,Mercedes,57.0,77.725,2.0,610,10.0,SOFT,False,1,,,True,28.1,21.9,66.0,False,2023,4.0
RUS,Mercedes,57.0,78.29,3.0,610,15.0,SOFT,False,1,,,True,28.1,21.9,66.0,False,2023,12.0
PER,Red Bull Racing,57.0,77.44,4.0,611,7.0,SOFT,True,1,,,True,28.1,21.9,66.0,False,2023,11.0
SAI,Ferrari,57.0,78.725,5.0,611,16.0,HARD,True,1,,,True,28.1,21.9,66.0,False,2023,2.0
STR,Aston Martin,57.0,79.041,6.0,611,23.0,HARD,False,1,,,True,28.1,21.9,66.0,False,2023,5.0
ALO,Aston Martin,57.0,78.77,7.0,612,13.0,HARD,False,1,,,True,28.1,21.9,66.0,False,2023,8.0
OCO,Alpine,57.0,79.365,8.0,612,22.0,HARD,True,1,,,True,28.2,21.9,66.0,False,2023,6.0
TSU,AlphaTauri,57.0,79.182,9.0,612,23.0,MEDIUM,True,1,,,True,28.2,21.9,66.0,False,2023,15.0
ZHO,Alfa Romeo,57.0,79.425,10.0,613,21.0,HARD,True,1,,,True,28.2,21.9,66.0,False,2023,13.0
GAS,Alpine,57.0,79.287,11.0,614,18.0,HARD,True,1,,,True,28.2,21.9,66.0,False,2023,10.0
LEC,Ferrari,57.0,78.871,12.0,614,41.0,HARD,False,1,,,True,28.2,21.9,66.0,False,2023,19.0
PIA,McLaren,57.0,79.396,13.0,615,18.0,MEDIUM,True,1,,,True,28.2,21.9,66.0,False,2023,9.0
DEV,AlphaTauri,57.0,79.164,14.0,615,19.0,MEDIUM,True,1,,,True,28.2,21.9,66.0,False,2023,14.0
HUL,Haas F1 Team,57.0,79.128,15.0,616,14.0,MEDIUM,True,1,,,True,28.2,21.9,66.0,False,2023,7.0
ALB,Williams,57.0,79.189,16.0,616,20.0,MEDIUM,True,1,,,True,28.2,21.9,66.0,False,2023,18.0
MAG,Haas F1 Team,57.0,79.199,17.0,617,15.0,MEDIUM,True,1,,,True,28.2,21.9,66.0,False,2023,17.0
NOR,McLaren,57.0,78.16,18.0,618,10.0,SOFT,False,1,,,True,28.2,21.9,66.0,False,2023,3.0
SAR,Williams,57.0,80.009,19.0,618,21.0,HARD,True,1,,,True,28.2,21.9,66.0,False,2023,20.0
BOT,Alfa Romeo,57.0,79.922,20.0,619,18.0,HARD,True,1,,,True,28.2,21.9,66.0,False,2023,16.0
VER,Red Bull Racing,58.0,77.502,1.0,620,8.0,SOFT,False,1,,,True,28.2,21.9,66.0,False,2023,1.0
HAM,Mercedes,58.0,77.848,2.0,620,11.0,SOFT,False,1,,,True,28.2,21.9,66.0,False,2023,4.0
RUS,Mercedes,58.0,78.357,3.0,620,16.0,SOFT,False,1,,,True,28.2,21.9,66.0,False,2023,12.0
PER,Red Bull Racing,58.0,77.931,4.0,621,8.0,SOFT,True,1,,,True,28.2,21.9,66.0,False,2023,11.0
SAI,Ferrari,58.0,78.623,5.0,621,17.0,HARD,True,1,,,True,28.2,21.8,66.0,False,2023,2.0
STR,Aston Martin,58.0,79.251,6.0,621,24.0,HARD,False,1,,,True,28.2,21.8,66.0,False,2023,5.0
ALO,Aston Martin,58.0,78.861,7.0,622,14.0,HARD,False,1,,,True,28.2,21.8,66.0,False,2023,8.0
OCO,Alpine,58.0,79.207,8.0,622,23.0,HARD,True,1,,,True,28.2,21.8,66.0,False,2023,6.0
TSU,AlphaTauri,58.0,79.22,9.0,622,24.0,MEDIUM,True,1,,,True,28.2,21.8,66.0,False,2023,15.0
ZHO,Alfa Romeo,58.0,79.123,10.0,623,22.0,HARD,True,1,,,True,28.2,21.8,66.0,False,2023,13.0
GAS,Alpine,58.0,79.232,11.0,624,19.0,HARD,True,1,,,True,28.2,21.8,66.0,False,2023,10.0
LEC,Ferrari,58.0,78.863,12.0,624,42.0,HARD,False,1,,,True,28.2,21.8,66.0,False,2023,19.0
PIA,McLaren,58.0,79.104,13.0,625,19.0,MEDIUM,True,1,,,True,28.2,21.8,66.0,False,2023,9.0
DEV,AlphaTauri,58.0,79.24,14.0,625,20.0,MEDIUM,True,1,,,True,28.2,21.8,66.0,False,2023,14.0
HUL,Haas F1 Team,58.0,79.151,15.0,626,15.0,MEDIUM,True,1,,,True,28.2,21.8,66.0,False,2023,7.0
ALB,Williams,58.0,79.248,16.0,626,21.0,MEDIUM,True,1,,,True,28.2,21.8,66.0,False,2023,18.0
MAG,Haas F1 Team,58.0,79.397,17.0,627,16.0,MEDIUM,True,1,,,True,28.2,21.8,66.0,False,2023,17.0
NOR,McLaren,58.0,78.412,18.0,628,11.0,SOFT,False,1,,,True,28.2,21.8,66.0,False,2023,3.0
SAR,Williams,58.0,82.807,19.0,628,22.0,HARD,True,1,,,True,28.2,21.8,67.0,False,2023,20.0
BOT,Alfa Romeo,58.0,81.352,20.0,629,19.0,HARD,True,1,,,True,28.2,21.8,67.0,False,2023,16.0
VER,Red Bull Racing,59.0,77.761,1.0,630,9.0,SOFT,False,1,,,True,28.2,21.8,66.0,False,2023,1.0
HAM,Mercedes,59.0,78.138,2.0,630,12.0,SOFT,False,1,,,True,28.2,21.8,67.0,False,2023,4.0
RUS,Mercedes,59.0,78.129,3.0,630,17.0,SOFT,False,1,,,True,28.2,21.8,67.0,False,2023,12.0
PER,Red Bull Racing,59.0,78.623,4.0,631,9.0,SOFT,True,1,,,True,28.2,21.8,67.0,False,2023,11.0
SAI,Ferrari,59.0,78.799,5.0,631,18.0,HARD,True,1,,,True,28.2,21.8,67.0,False,2023,2.0
STR,Aston Martin,59.0,79.193,6.0,631,25.0,HARD,False,1,,,True,28.2,21.8,67.0,False,2023,5.0
ALO,Aston Martin,59.0,78.87,7.0,632,15.0,HARD,False,1,,,True,28.2,21.8,67.0,False,2023,8.0
OCO,Alpine,59.0,79.189,8.0,632,24.0,HARD,True,1,,,True,28.2,21.8,67.0,False,2023,6.0
TSU,AlphaTauri,59.0,78.904,9.0,632,25.0,MEDIUM,True,1,,,True,28.2,21.8,67.0,False,2023,15.0
ZHO,Alfa Romeo,59.0,78.973,10.0,633,23.0,HARD,True,1,,,True,28.2,21.8,67.0,False,2023,13.0
GAS,Alpine,59.0,78.994,11.0,634,20.0,HARD,True,1,,,True,28.2,21.8,67.0,False,2023,10.0
LEC,Ferrari,59.0,78.84,12.0,634,43.0,HARD,False,1,,,True,28.2,21.8,67.0,False,2023,19.0
PIA,McLaren,59.0,79.096,13.0,635,20.0,MEDIUM,True,1,,,True,28.2,21.8,67.0,False,2023,9.0
DEV,AlphaTauri,59.0,79.014,14.0,635,21.0,MEDIUM,True,1,,,True,28.2,21.8,67.0,False,2023,14.0
HUL,Haas F1 Team,59.0,78.985,15.0,636,16.0,MEDIUM,True,1,,,True,27.9,21.7,67.0,False,2023,7.0
ALB,Williams,59.0,79.133,16.0,636,22.0,MEDIUM,True,1,,,True,27.9,21.7,67.0,False,2023,18.0
MAG,Haas F1 Team,59.0,81.015,17.0,637,17.0,MEDIUM,True,1,,,True,27.9,21.7,67.0,False,2023,17.0
NOR,McLaren,59.0,80.534,18.0,638,12.0,SOFT,False,1,,,True,27.9,21.7,67.0,False,2023,3.0
SAR,Williams,59.0,81.829,19.0,638,23.0,HARD,True,1,,,True,27.9,21.7,67.0,False,2023,20.0
BOT,Alfa Romeo,59.0,79.359,20.0,639,20.0,HARD,True,1,,,True,27.9,21.7,67.0,False,2023,16.0
VER,Red Bull Racing,60.0,78.205,1.0,640,10.0,SOFT,False,1,,,True,27.9,21.7,67.0,False,2023,1.0
HAM,Mercedes,60.0,78.475,2.0,640,13.0,SOFT,False,1,,,True,27.9,21.7,67.0,False,2023,4.0
RUS,Mercedes,60.0,78.067,3.0,640,18.0,SOFT,False,1,,,True,27.9,21.7,67.0,False,2023,12.0
PER,Red Bull Racing,60.0,78.415,4.0,641,10.0,SOFT,True,1,,,True,27.9,21.7,67.0,False,2023,11.0
SAI,Ferrari,60.0,78.403,5.0,641,19.0,HARD,True,1,,,True,27.9,21.7,67.0,False,2023,2.0
STR,Aston Martin,60.0,78.967,6.0,641,26.0,HARD,False,1,,,True,27.9,21.7,67.0,False,2023,5.0
ALO,Aston Martin,60.0,79.111,7.0,642,16.0,HARD,False,1,,,True,27.9,21.7,67.0,False,2023,8.0
OCO,Alpine,60.0,78.97,8.0,642,25.0,HARD,True,1,,,True,27.7,21.6,67.0,False,2023,6.0
TSU,AlphaTauri,60.0,78.979,9.0,642,26.0,MEDIUM,True,1,,,True,27.7,21.6,67.0,False,2023,15.0
ZHO,Alfa Romeo,60.0,79.07,10.0,643,24.0,HARD,True,1,,,True,27.7,21.6,67.0,False,2023,13.0
GAS,Alpine,60.0,78.965,11.0,644,21.0,HARD,True,1,,,True,27.7,21.6,67.0,False,2023,10.0
LEC,Ferrari,60.0,78.619,12.0,644,44.0,HARD,False,1,,,True,27.7,21.6,67.0,False,2023,19.0
PIA,McLaren,60.0,78.831,13.0,645,21.0,MEDIUM,True,1,,,True,27.7,21.6,67.0,False,2023,9.0
DEV,AlphaTauri,60.0,79.399,14.0,645,22.0,MEDIUM,True,1,,,True,27.7,21.6,67.0,False,2023,14.0
HUL,Haas F1 Team,60.0,78.997,15.0,646,17.0,MEDIUM,True,1,,,True,27.7,21.6,67.0,False,2023,7.0
ALB,Williams,60.0,79.26,16.0,646,23.0,MEDIUM,True,1,,,True,27.7,21.6,67.0,False,2023,18.0
MAG,Haas F1 Team,60.0,80.31,17.0,647,18.0,MEDIUM,True,1,,,True,27.7,21.6,67.0,False,2023,17.0
NOR,McLaren,60.0,80.532,18.0,648,13.0,SOFT,False,1,,,True,27.7,21.6,67.0,False,2023,3.0
SAR,Williams,60.0,80.119,19.0,648,24.0,HARD,True,1,,,True,27.7,21.6,67.0,False,2023,20.0
BOT,Alfa Romeo,60.0,79.704,20.0,649,21.0,HARD,True,1,,,True,27.7,21.6,67.0,False,2023,16.0
VER,Red Bull Racing,61.0,76.33,1.0,650,11.0,SOFT,False,1,,,True,27.7,21.6,67.0,False,2023,1.0
HAM,Mercedes,61.0,77.627,2.0,650,14.0,SOFT,False,1,,,True,27.7,21.6,67.0,False,2023,4.0
RUS,Mercedes,61.0,78.201,3.0,650,19.0,SOFT,False,1,,,True,27.7,21.6,67.0,False,2023,12.0
PER,Red Bull Racing,61.0,77.789,4.0,651,11.0,SOFT,True,1,,,True,27.7,21.6,67.0,False,2023,11.0
SAI,Ferrari,61.0,78.714,5.0,651,20.0,HARD,True,1,,,True,27.7,21.6,67.0,False,2023,2.0
STR,Aston Martin,61.0,78.988,6.0,651,27.0,HARD,False,1,,,True,27.3,21.6,68.0,False,2023,5.0
ALO,Aston Martin,61.0,79.624,7.0,652,17.0,HARD,False,1,,,True,27.3,21.6,68.0,False,2023,8.0
OCO,Alpine,61.0,79.175,8.0,652,26.0,HARD,True,1,,,True,27.3,21.6,68.0,False,2023,6.0
TSU,AlphaTauri,61.0,79.241,9.0,652,27.0,MEDIUM,True,1,,,True,27.3,21.6,68.0,False,2023,15.0
ZHO,Alfa Romeo,61.0,78.954,10.0,653,25.0,HARD,True,1,,,True,27.3,21.6,68.0,False,2023,13.0
GAS,Alpine,61.0,79.052,11.0,654,22.0,HARD,True,1,,,True,27.3,21.6,68.0,False,2023,10.0
LEC,Ferrari,61.0,78.682,12.0,654,45.0,HARD,False,1,,,True,27.3,21.6,68.0,False,2023,19.0
PIA,McLaren,61.0,79.078,13.0,655,22.0,MEDIUM,True,1,,,True,27.3,21.6,68.0,False,2023,9.0
DEV,AlphaTauri,61.0,79.372,14.0,655,23.0,MEDIUM,True,1,,,True,27.3,21.6,68.0,False,2023,14.0
HUL,Haas F1 Team,61.0,78.949,15.0,656,18.0,MEDIUM,True,1,,,True,27.3,21.6,68.0,False,2023,7.0
ALB,Williams,61.0,80.461,16.0,656,24.0,MEDIUM,True,1,,,True,27.3,21.6,68.0,False,2023,18.0
MAG,Haas F1 Team,61.0,79.492,17.0,657,19.0,MEDIUM,True,1,,,True,27.3,21.6,68.0,False,2023,17.0
NOR,McLaren,61.0,79.503,18.0,658,14.0,SOFT,False,1,,,True,27.3,21.5,68.0,False,2023,3.0
BOT,Alfa Romeo,61.0,78.959,19.0,658,22.0,HARD,True,1,,,True,27.3,21.5,68.0,False,2023,16.0
SAR,Williams,61.0,81.28,20.0,658,25.0,HARD,True,1,,,True,27.3,21.5,68.0,False,2023,20.0
VER,Red Bull Racing,62.0,78.014,1.0,659,12.0,SOFT,False,1,,,True,27.3,21.6,68.0,False,2023,1.0
HAM,Mercedes,62.0,76.676,2.0,659,15.0,SOFT,False,1,,,True,27.3,21.6,68.0,False,2023,4.0
RUS,Mercedes,62.0,78.152,3.0,659,20.0,SOFT,False,1,,,True,27.3,21.5,68.0,False,2023,12.0
PER,Red Bull Racing,62.0,77.793,4.0,660,12.0,SOFT,True,1,,,True,27.3,21.5,68.0,False,2023,11.0
SAI,Ferrari,62.0,78.712,5.0,660,21.0,HARD,True,1,,,True,27.3,21.5,68.0,False,2023,2.0
STR,Aston Martin,62.0,79.081,6.0,660,28.0,HARD,False,1,,,True,27.3,21.5,68.0,False,2023,5.0
ALO,Aston Martin,62.0,79.445,7.0,661,18.0,HARD,False,1,,,True,27.3,21.5,68.0,False,2023,8.0
OCO,Alpine,62.0,79.057,8.0,661,27.0,HARD,True,1,,,True,27.3,21.5,68.0,False,2023,6.0
TSU,AlphaTauri,62.0,79.206,9.0,661,28.0,MEDIUM,True,1,,,True,27.3,21.5,68.0,False,2023,15.0
ZHO,Alfa Romeo,62.0,79.369,10.0,662,26.0,HARD,True,1,,,True,27.3,21.5,68.0,False,2023,13.0
GAS,Alpine,62.0,79.178,11.0,663,23.0,HARD,True,1,,,True,27.3,21.5,68.0,False,2023,10.0
LEC,Ferrari,62.0,79.035,12.0,663,46.0,HARD,False,1,,,True,27.3,21.5,68.0,False,2023,19.0
PIA,McLaren,62.0,79.2,13.0,664,23.0,MEDIUM,True,1,,,True,27.3,21.5,68.0,False,2023,9.0
DEV,AlphaTauri,62.0,80.567,14.0,664,24.0,MEDIUM,True,1,,,True,27.3,21.5,68.0,False,2023,14.0
HUL,Haas F1 Team,62.0,79.232,15.0,665,19.0,MEDIUM,True,1,,,True,27.2,21.5,68.0,False,2023,7.0
ALB,Williams,62.0,79.647,16.0,665,25.0,MEDIUM,True,1,,,True,27.2,21.5,68.0,False,2023,18.0
MAG,Haas F1 Team,62.0,79.407,17.0,666,20.0,MEDIUM,True,1,,,True,27.2,21.5,68.0,False,2023,17.0
NOR,McLaren,62.0,79.43,18.0,667,15.0,SOFT,False,1,,,True,27.2,21.5,68.0,False,2023,3.0
BOT,Alfa Romeo,62.0,79.72,19.0,667,23.0,HARD,True,1,,,True,27.2,21.5,68.0,False,2023,16.0
SAR,Williams,62.0,82.134,20.0,667,26.0,HARD,True,1,,,True,27.2,21.5,68.0,False,2023,20.0
VER,Red Bull Racing,63.0,77.697,1.0,668,13.0,SOFT,False,1,,,True,27.3,21.5,68.0,False,2023,1.0
HAM,Mercedes,63.0,78.967,2.0,668,16.0,SOFT,False,1,,,True,27.2,21.5,68.0,False,2023,4.0
RUS,Mercedes,63.0,78.631,3.0,668,21.0,SOFT,False,1,,,True,27.2,21.5,68.0,False,2023,12.0
PER,Red Bull Racing,63.0,77.828,4.0,669,13.0,SOFT,True,1,,,True,27.2,21.5,68.0,False,2023,11.0
SAI,Ferrari,63.0,78.999,5.0,669,22.0,HARD,True,1,,,True,27.2,21.5,68.0,False,2023,2.0
STR,Aston Martin,63.0,79.084,6.0,669,29.0,HARD,False,1,,,True,27.2,21.5,68.0,False,2023,5.0
ALO,Aston Martin,63.0,78.532,7.0,670,19.0,HARD,False,1,,,True,27.2,21.5,68.0,False,2023,8.0
OCO,Alpine,63.0,79.174,8.0,670,28.0,HARD,True,1,,,True,27.2,21.5,68.0,False,2023,6.0
TSU,AlphaTauri,63.0,79.121,9.0,670,29.0,MEDIUM,True,1,,,True,27.2,21.5,68.0,False,2023,15.0
ZHO,Alfa Romeo,63.0,79.231,10.0,671,27.0,HARD,True,1,,,True,26.8,21.5,69.0,False,2023,13.0
GAS,Alpine,63.0,79.232,11.0,672,24.0,HARD,True,1,,,True,26.8,21.5,69.0,False,2023,10.0
LEC,Ferrari,63.0,79.096,12.0,672,47.0,HARD,False,1,,,True,26.8,21.5,69.0,False,2023,19.0
PIA,McLaren,63.0,80.997,13.0,673,24.0,MEDIUM,True,1,,,True,26.8,21.5,69.0,False,2023,9.0
DEV,AlphaTauri,63.0,79.184,14.0,673,25.0,MEDIUM,True,1,,,True,26.8,21.5,69.0,False,2023,14.0
HUL,Haas F1 Team,63.0,79.524,15.0,674,20.0,MEDIUM,True,1,,,True,26.8,21.5,69.0,False,2023,7.0
ALB,Williams,63.0,79.374,16.0,674,26.0,MEDIUM,True,1,,,True,26.8,21.5,69.0,False,2023,18.0
MAG,Haas F1 Team,63.0,79.496,17.0,675,21.0,MEDIUM,True,1,,,True,26.8,21.5,69.0,False,2023,17.0
NOR,McLaren,63.0,79.36,18.0,676,16.0,SOFT,False,1,,,True,26.8,21.5,69.0,False,2023,3.0
BOT,Alfa Romeo,63.0,79.774,19.0,676,24.0,HARD,True,1,,,True,26.8,21.5,69.0,False,2023,16.0
SAR,Williams,63.0,80.42,20.0,676,27.0,HARD,True,1,,,True,26.8,21.5,69.0,False,2023,20.0
VER,Red Bull Racing,64.0,78.559,1.0,677,14.0,SOFT,False,1,,,True,26.8,21.5,69.0,False,2023,1.0
HAM,Mercedes,64.0,78.579,2.0,677,17.0,SOFT,False,1,,,True,26.8,21.5,69.0,False,2023,4.0
RUS,Mercedes,64.0,78.917,3.0,677,22.0,SOFT,False,1,,,True,26.8,21.5,69.0,False,2023,12.0
PER,Red Bull Racing,64.0,77.91,4.0,678,14.0,SOFT,True,1,,,True,26.8,21.5,69.0,False,2023,11.0
SAI,Ferrari,64.0,78.687,5.0,678,23.0,HARD,True,1,,,True,26.8,21.5,69.0,False,2023,2.0
STR,Aston Martin,64.0,79.413,6.0,678,30.0,HARD,False,1,,,True,27.1,21.5,69.0,False,2023,5.0
ALO,Aston Martin,64.0,79.229,7.0,679,20.0,HARD,False,1,,,True,27.1,21.5,69.0,False,2023,8.0
OCO,Alpine,64.0,79.228,8.0,679,29.0,HARD,True,1,,,True,27.1,21.5,69.0,False,2023,6.0
TSU,AlphaTauri,64.0,79.182,9.0,679,30.0,MEDIUM,True,1,,,True,27.1,21.5,69.0,False,2023,15.0
ZHO,Alfa Romeo,64.0,79.257,10.0,680,28.0,HARD,True,1,,,True,27.1,21.5,69.0,False,2023,13.0
GAS,Alpine,64.0,79.524,11.0,681,25.0,HARD,True,1,,,True,27.1,21.5,69.0,False,2023,10.0
LEC,Ferrari,64.0,79.502,12.0,681,48.0,HARD,False,1,,,True,27.1,21.5,69.0,False,2023,19.0
PIA,McLaren,64.0,79.393,13.0,682,25.0,MEDIUM,True,1,,,True,27.1,21.5,69.0,False,2023,9.0
DEV,AlphaTauri,64.0,79.166,14.0,682,26.0,MEDIUM,True,1,,,True,27.1,21.5,69.0,False,2023,14.0
HUL,Haas F1 Team,64.0,79.32,15.0,683,21.0,MEDIUM,True,1,,,True,27.1,21.5,69.0,False,2023,7.0
ALB,Williams,64.0,79.307,16.0,683,27.0,MEDIUM,True,1,,,True,27.1,21.5,69.0,False,2023,18.0
NOR,McLaren,64.0,79.022,17.0,684,17.0,SOFT,False,1,,,True,27.1,21.5,69.0,False,2023,3.0
MAG,Haas F1 Team,64.0,82.711,18.0,684,22.0,MEDIUM,True,1,,,True,27.4,21.5,68.0,False,2023,17.0
BOT,Alfa Romeo,64.0,82.619,19.0,684,25.0,HARD,True,1,,,True,27.4,21.5,68.0,False,2023,16.0
SAR,Williams,64.0,79.98,20.0,684,28.0,HARD,True,1,,,True,27.4,21.5,68.0,False,2023,20.0
VER,Red Bull Racing,65.0,77.611,1.0,685,15.0,SOFT,False,1,,,True,27.1,21.5,69.0,False,2023,1.0
HAM,Mercedes,65.0,80.31,2.0,685,18.0,SOFT,False,1,,,True,27.1,21.5,69.0,False,2023,4.0
RUS,Mercedes,65.0,79.163,3.0,685,23.0,SOFT,False,1,,,True,27.1,21.5,69.0,False,2023,12.0
PER,Red Bull Racing,65.0,78.476,4.0,686,15.0,SOFT,True,1,,,True,27.4,21.5,68.0,False,2023,11.0
SAI,Ferrari,65.0,78.785,5.0,686,24.0,HARD,True,1,,,True,27.4,21.5,68.0,False,2023,2.0
STR,Aston Martin,65.0,79.195,6.0,686,31.0,HARD,False,1,,,True,27.4,21.5,68.0,False,2023,5.0
ALO,Aston Martin,65.0,78.845,7.0,687,21.0,HARD,False,1,,,True,27.4,21.5,68.0,False,2023,8.0
OCO,Alpine,65.0,79.174,8.0,687,30.0,HARD,True,1,,,True,27.4,21.5,68.0,False,2023,6.0
TSU,AlphaTauri,65.0,79.287,9.0,687,31.0,MEDIUM,True,1,,,True,27.4,21.5,68.0,False,2023,15.0
ZHO,Alfa Romeo,65.0,79.137,10.0,688,29.0,HARD,True,1,,,True,27.4,21.5,68.0,False,2023,13.0
GAS,Alpine,65.0,78.99,11.0,689,26.0,HARD,True,1,,,True,27.4,21.5,68.0,False,2023,10.0
LEC,Ferrari,65.0,78.922,12.0,689,49.0,HARD,False,1,,,True,27.4,21.5,68.0,False,2023,19.0
PIA,McLaren,65.0,79.1,13.0,690,26.0,MEDIUM,True,1,,,True,27.4,21.5,68.0,False,2023,9.0
DEV,AlphaTauri,65.0,79.031,14.0,690,27.0,MEDIUM,True,1,,,True,27.4,21.5,68.0,False,2023,14.0
HUL,Haas F1 Team,65.0,79.416,15.0,691,22.0,MEDIUM,True,1,,,True,27.5,21.5,68.0,False,2023,7.0
ALB,Williams,65.0,79.419,16.0,691,28.0,MEDIUM,True,1,,,True,27.5,21.5,68.0,False,2023,18.0
NOR,McLaren,65.0,78.833,17.0,692,18.0,SOFT,False,1,,,True,27.5,21.5,68.0,False,2023,3.0
MAG,Haas F1 Team,65.0,83.209,18.0,692,23.0,MEDIUM,True,1,,,True,27.5,21.5,68.0,False,2023,17.0
BOT,Alfa Romeo,65.0,80.781,19.0,692,26.0,HARD,True,1,,,True,27.5,21.5,68.0,False,2023,16.0
SAR,Williams,65.0,80.254,20.0,692,29.0,HARD,True,1,,,True,27.5,21.5,68.0,False,2023,20.0
VER,Red Bull Racing,66.0,77.708,1.0,693,16.0,SOFT,False,1,,,True,27.4,21.5,68.0,False,2023,1.0
HAM,Mercedes,66.0,79.12,2.0,693,19.0,SOFT,False,1,,,True,27.5,21.5,68.0,False,2023,4.0
RUS,Mercedes,66.0,79.045,3.0,693,24.0,SOFT,False,1,,,True,27.5,21.5,68.0,False,2023,12.0
PER,Red Bull Racing,66.0,80.063,4.0,694,16.0,SOFT,True,1,,,True,27.5,21.5,68.0,False,2023,11.0
SAI,Ferrari,66.0,78.447,5.0,694,25.0,HARD,True,1,,,True,27.5,21.5,68.0,False,2023,2.0
STR,Aston Martin,66.0,79.766,6.0,694,32.0,HARD,False,1,,,True,27.5,21.5,68.0,False,2023,5.0
ALO,Aston Martin,66.0,79.481,7.0,695,22.0,HARD,False,1,,,True,27.5,21.5,68.0,False,2023,8.0
OCO,Alpine,66.0,79.455,8.0,695,31.0,HARD,True,1,,,True,27.5,21.5,68.0,False,2023,6.0
TSU,AlphaTauri,66.0,79.167,9.0,695,32.0,MEDIUM,True,1,,,True,27.5,21.5,68.0,False,2023,15.0
ZHO,Alfa Romeo,66.0,79.108,10.0,696,30.0,HARD,True,1,,,True,27.5,21.5,68.0,False,2023,13.0
GAS,Alpine,66.0,79.118,11.0,697,27.0,HARD,True,1,,,True,27.5,21.5,68.0,False,2023,10.0
LEC,Ferrari,66.0,79.271,12.0,697,50.0,HARD,False,1,,,True,27.5,21.5,68.0,False,2023,19.0
RUS,Mercedes,1.0,82.568,1.0,1,4.0,SOFT,False,1,,,False,40.9,24.3,66.0,False,2024,4.0
VER,Red Bull Racing,1.0,83.186,2.0,2,4.0,SOFT,False,1,,,False,40.9,24.3,66.0,False,2024,2.0
NOR,McLaren,1.0,83.953,3.0,3,1.0,SOFT,True,1,,,False,40.2,24.2,67.0,False,2024,1.0
HAM,Mercedes,1.0,84.441,4.0,3,4.0,SOFT,False,1,,,False,40.2,24.2,67.0,False,2024,3.0
LEC,Ferrari,1.0,85.423,5.0,4,1.0,SOFT,True,1,,,False,40.2,24.2,67.0,False,2024,5.0
SAI,Ferrari,1.0,86.085,6.0,5,1.0,SOFT,True,1,,,False,40.2,24.2,67.0,False,2024,6.0
GAS,Alpine,1.0,86.584,7.0,5,4.0,SOFT,False,1,,,False,40.2,24.2,67.0,False,2024,7.0
PIA,McLaren,1.0,87.073,8.0,6,4.0,SOFT,False,1,,,False,40.2,24.2,67.0,False,2024,9.0
OCO,Alpine,1.0,87.46,9.0,7,4.0,SOFT,False,1,,,False,40.2,24.2,67.0,False,2024,8.0
HUL,Haas F1 Team,1.0,87.97,10.0,8,1.0,SOFT,True,1,,,False,40.2,24.2,67.0,False,2024,13.0
PER,Red Bull Racing,1.0,88.615,11.0,8,4.0,SOFT,False,1,,,False,40.2,24.2,67.0,False,2024,11.0
ALO,Aston Martin,1.0,89.19,12.0,9,1.0,SOFT,True,1,,,False,40.2,24.2,67.0,False,2024,10.0
STR,Aston Martin,1.0,89.606,13.0,10,1.0,SOFT,True,1,,,False,40.2,24.2,67.0,False,2024,14.0
BOT,Kick Sauber,1.0,90.001,14.0,11,1.0,SOFT,True,1,,,False,40.2,24.2,67.0,False,2024,12.0
TSU,RB,1.0,90.324,15.0,12,1.0,SOFT,True,1,,,False,40.2,24.2,67.0,False,2024,17.0
MAG,Haas F1 Team,1.0,90.633,16.0,13,1.0,SOFT,True,1,,,False,40.2,24.2,67.0,False,2024,16.0
ZHO,Kick Sauber,1.0,91.052,17.0,14,1.0,SOFT,True,1,,,False,40.2,24.2,67.0,False,2024,15.0
SAR,Williams,1.0,91.507,18.0,15,1.0,SOFT,True,1,,,False,40.2,24.2,67.0,False,2024,19.0
RIC,RB,1.0,91.751,19.0,16,1.0,SOFT,True,1,,,False,40.2,24.2,67.0,False,2024,18.0
ALB,Williams,1.0,93.92,20.0,17,1.0,MEDIUM,True,1,,0 days 00:57:07.090000,False,40.2,24.2,67.0,False,2024,20.0
RUS,Mercedes,2.0,79.857,1.0,17,5.0,SOFT,False,1,,,True,39.8,24.2,67.0,False,2024,4.0
VER,Red Bull Racing,2.0,79.871,2.0,18,5.0,SOFT,False,1,,,True,39.8,24.2,67.0,False,2024,2.0
NOR,McLaren,2.0,80.215,3.0,19,2.0,SOFT,True,1,,,True,39.8,24.2,67.0,False,2024,1.0
HAM,Mercedes,2.0,80.594,4.0,19,5.0,SOFT,False,1,,,True,39.8,24.2,67.0,False,2024,3.0
LEC,Ferrari,2.0,80.842,5.0,20,2.0,SOFT,True,1,,,True,39.8,24.2,67.0,False,2024,5.0
SAI,Ferrari,2.0,80.666,6.0,21,2.0,SOFT,True,1,,,True,39.8,24.2,67.0,False,2024,6.0
GAS,Alpine,2.0,81.157,7.0,21,5.0,SOFT,False,1,,,True,39.8,24.2,67.0,False,2024,7.0
PIA,McLaren,2.0,81.607,8.0,22,5.0,SOFT,False,1,,,True,39.8,24.2,67.0,False,2024,9.0
OCO,Alpine,2.0,82.017,9.0,23,5.0,SOFT,False,1,,,True,39.8,24.2,67.0,False,2024,8.0
HUL,Haas F1 Team,2.0,82.084,10.0,24,2.0,SOFT,True,1,,,True,39.8,24.2,67.0,False,2024,13.0
PER,Red Bull Racing,2.0,82.234,11.0,24,5.0,SOFT,False,1,,,True,39.8,24.2,67.0,False,2024,11.0
ALO,Aston Martin,2.0,82.501,12.0,25,2.0,SOFT,True,1,,,True,39.8,24.2,67.0,False,2024,10.0
STR,Aston Martin,2.0,82.587,13.0,26,2.0,SOFT,True,1,,,True,39.8,24.2,67.0,False,2024,14.0
BOT,Kick Sauber,2.0,82.715,14.0,27,2.0,SOFT,True,1,,,True,39.8,24.2,67.0,False,2024,12.0
TSU,RB,2.0,82.957,15.0,28,2.0,SOFT,True,1,,,True,39.8,24.2,67.0,False,2024,17.0
MAG,Haas F1 Team,2.0,83.073,16.0,29,2.0,SOFT,True,1,,,True,39.8,24.2,67.0,False,2024,16.0
ZHO,Kick Sauber,2.0,83.016,17.0,30,2.0,SOFT,True,1,,,True,39.8,24.2,67.0,False,2024,15.0
RIC,RB,2.0,82.721,18.0,31,2.0,SOFT,True,1,,,True,39.8,24.2,67.0,False,2024,18.0
SAR,Williams,2.0,83.613,19.0,32,2.0,SOFT,True,1,,,True,39.8,24.2,67.0,False,2024,19.0
ALB,Williams,2.0,82.217,20.0,33,2.0,MEDIUM,True,1,,,True,39.8,24.2,67.0,False,2024,20.0
VER,Red Bull Racing,3.0,79.364,1.0,33,6.0,SOFT,False,1,,,True,38.7,24.1,67.0,True,2024,2.0
RUS,Mercedes,3.0,81.103,2.0,34,6.0,SOFT,False,1,,,True,38.7,24.1,67.0,True,2024,4.0
NOR,McLaren,3.0,80.243,3.0,35,3.0,SOFT,True,1,,,True,38.7,24.1,67.0,True,2024,1.0
HAM,Mercedes,3.0,80.421,4.0,35,6.0,SOFT,False,1,,,True,38.7,24.1,67.0,True,2024,3.0
SAI,Ferrari,3.0,80.046,5.0,36,3.0,SOFT,True,1,,,True,38.7,24.1,67.0,True,2024,6.0
LEC,Ferrari,3.0,81.287,6.0,37,3.0,SOFT,True,1,,,True,38.7,24.1,67.0,True,2024,5.0
GAS,Alpine,3.0,80.806,7.0,37,6.0,SOFT,False,1,,,True,38.7,24.1,67.0,True,2024,7.0
PIA,McLaren,3.0,80.765,8.0,38,6.0,SOFT,False,1,,,True,38.7,24.1,67.0,True,2024,9.0
OCO,Alpine,3.0,80.809,9.0,39,6.0,SOFT,False,1,,,True,38.7,24.1,67.0,True,2024,8.0
HUL,Haas F1 Team,3.0,81.383,10.0,40,3.0,SOFT,True,1,,,True,38.7,24.1,67.0,True,2024,13.0
PER,Red Bull Racing,3.0,81.849,11.0,40,6.0,SOFT,False,1,,,True,38.7,24.1,67.0,True,2024,11.0
ALO,Aston Martin,3.0,81.912,12.0,41,3.0,SOFT,True,1,,,True,38.7,24.1,67.0,True,2024,10.0
STR,Aston Martin,3.0,82.004,13.0,42,3.0,SOFT,True,1,,,True,38.7,24.1,67.0,True,2024,14.0
BOT,Kick Sauber,3.0,82.113,14.0,43,3.0,SOFT,True,1,,,True,38.7,24.1,67.0,True,2024,12.0
TSU,RB,3.0,82.193,15.0,44,3.0,SOFT,True,1,,,True,38.7,24.1,67.0,True,2024,17.0
MAG,Haas F1 Team,3.0,82.102,16.0,45,3.0,SOFT,True,1,,,True,38.7,24.1,67.0,True,2024,16.0
ZHO,Kick Sauber,3.0,82.516,17.0,46,3.0,SOFT,True,1,,,True,38.7,24.1,67.0,True,2024,15.0
RIC,RB,3.0,82.652,18.0,47,3.0,SOFT,True,1,,,True,38.7,24.1,67.0,True,2024,18.0
SAR,Williams,3.0,82.491,19.0,48,3.0,SOFT,True,1,,,True,38.7,24.1,67.0,True,2024,19.0
ALB,Williams,3.0,82.171,20.0,49,3.0,MEDIUM,True,1,,,True,38.7,24.1,67.0,True,2024,20.0
VER,Red Bull Racing,4.0,80.766,1.0,49,7.0,SOFT,False,1,,,True,38.3,24.1,67.0,False,2024,2.0
RUS,Mercedes,4.0,80.843,2.0,50,7.0,SOFT,False,1,,,True,39.5,24.1,68.0,False,2024,4.0
NOR,McLaren,4.0,80.702,3.0,51,4.0,SOFT,True,1,,,True,39.5,24.1,68.0,False,2024,1.0
HAM,Mercedes,4.0,80.496,4.0,51,7.0,SOFT,False,1,,,True,39.5,24.1,68.0,False,2024,3.0
SAI,Ferrari,4.0,80.626,5.0,52,4.0,SOFT,True,1,,,True,39.5,24.1,68.0,False,2024,6.0
LEC,Ferrari,4.0,80.569,6.0,53,4.0,SOFT,True,1,,,True,39.5,24.1,68.0,False,2024,5.0
GAS,Alpine,4.0,80.679,7.0,53,7.0,SOFT,False,1,,,True,39.5,24.1,68.0,False,2024,7.0
PIA,McLaren,4.0,80.797,8.0,54,7.0,SOFT,False,1,,,True,39.5,24.1,68.0,False,2024,9.0
OCO,Alpine,4.0,81.255,9.0,55,7.0,SOFT,False,1,,,True,39.5,24.1,68.0,False,2024,8.0
HUL,Haas F1 Team,4.0,81.949,10.0,56,4.0,SOFT,True,1,,,True,39.5,24.1,68.0,False,2024,13.0
PER,Red Bull Racing,4.0,82.097,11.0,56,7.0,SOFT,False,1,,,True,39.5,24.1,68.0,False,2024,11.0
ALO,Aston Martin,4.0,81.955,12.0,57,4.0,SOFT,True,1,,,True,39.5,24.1,68.0,False,2024,10.0
STR,Aston Martin,4.0,82.128,13.0,58,4.0,SOFT,True,1,,,True,39.5,24.1,68.0,False,2024,14.0
BOT,Kick Sauber,4.0,82.291,14.0,59,4.0,SOFT,True,1,,,True,39.5,24.1,68.0,False,2024,12.0
TSU,RB,4.0,82.407,15.0,60,4.0,SOFT,True,1,,,True,39.5,24.1,68.0,False,2024,17.0
MAG,Haas F1 Team,4.0,82.38,16.0,61,4.0,SOFT,True,1,,,True,39.5,24.1,68.0,False,2024,16.0
ZHO,Kick Sauber,4.0,82.358,17.0,62,4.0,SOFT,True,1,,,True,39.5,24.1,68.0,False,2024,15.0
RIC,RB,4.0,82.374,18.0,63,4.0,SOFT,True,1,,,True,39.5,24.1,68.0,False,2024,18.0
SAR,Williams,4.0,82.557,19.0,64,4.0,SOFT,True,1,,,True,39.5,24.1,68.0,False,2024,19.0
ALB,Williams,4.0,82.278,20.0,65,4.0,MEDIUM,True,1,,,True,39.5,24.1,68.0,False,2024,20.0
VER,Red Bull Racing,5.0,80.827,1.0,65,8.0,SOFT,False,1,,,True,40.6,23.9,67.0,False,2024,2.0
RUS,Mercedes,5.0,80.923,2.0,66,8.0,SOFT,False,1,,,True,40.6,23.9,67.0,False,2024,4.0
NOR,McLaren,5.0,81.134,3.0,67,5.0,SOFT,True,1,,,True,40.6,23.9,67.0,False,2024,1.0
HAM,Mercedes,5.0,81.05,4.0,67,8.0,SOFT,False,1,,,True,40.6,23.9,67.0,False,2024,3.0
SAI,Ferrari,5.0,80.8,5.0,68,5.0,SOFT,True,1,,,True,40.6,23.9,67.0,False,2024,6.0
LEC,Ferrari,5.0,80.932,6.0,69,5.0,SOFT,True,1,,,True,40.6,23.9,67.0,False,2024,5.0
GAS,Alpine,5.0,80.78,7.0,69,8.0,SOFT,False,1,,,True,40.6,23.9,67.0,False,2024,7.0
PIA,McLaren,5.0,81.215,8.0,70,8.0,SOFT,False,1,,,True,40.6,23.9,67.0,False,2024,9.0
OCO,Alpine,5.0,81.536,9.0,71,8.0,SOFT,False,1,,,True,40.6,23.9,67.0,False,2024,8.0
HUL,Haas F1 Team,5.0,81.858,10.0,72,5.0,SOFT,True,1,,,True,40.6,23.9,67.0,False,2024,13.0
PER,Red Bull Racing,5.0,81.655,11.0,72,8.0,SOFT,False,1,,,True,40.6,23.9,67.0,False,2024,11.0
ALO,Aston Martin,5.0,82.593,12.0,73,5.0,SOFT,True,1,,,True,40.6,23.9,67.0,False,2024,10.0
STR,Aston Martin,5.0,82.263,13.0,74,5.0,SOFT,True,1,,,True,40.6,23.9,67.0,False,2024,14.0
BOT,Kick Sauber,5.0,82.662,14.0,75,5.0,SOFT,True,1,,,True,40.6,23.9,67.0,False,2024,12.0
TSU,RB,5.0,82.919,15.0,76,5.0,SOFT,True,1,,,True,40.6,23.9,67.0,False,2024,17.0
MAG,Haas F1 Team,5.0,83.042,16.0,77,5.0,SOFT,True,1,,,True,40.6,23.9,67.0,False,2024,16.0
ZHO,Kick Sauber,5.0,82.81,17.0,78,5.0,SOFT,True,1,,,True,40.6,23.9,67.0,False,2024,15.0
RIC,RB,5.0,83.005,18.0,79,5.0,SOFT,True,1,,,True,40.6,23.9,67.0,False,2024,18.0
SAR,Williams,5.0,82.869,19.0,80,5.0,SOFT,True,1,,,True,40.6,23.9,67.0,False,2024,19.0
ALB,Williams,5.0,82.775,20.0,81,5.0,MEDIUM,True,1,,,True,40.6,23.9,67.0,False,2024,20.0
VER,Red Bull Racing,6.0,80.876,1.0,81,9.0,SOFT,False,1,,,True,41.4,23.9,67.0,False,2024,2.0
RUS,Mercedes,6.0,81.07,2.0,82,9.0,SOFT,False,1,,,True,41.4,23.9,67.0,False,2024,4.0
NOR,McLaren,6.0,81.056,3.0,83,6.0,SOFT,True,1,,,True,41.4,23.9,67.0,False,2024,1.0
HAM,Mercedes,6.0,81.2,4.0,83,9.0,SOFT,False,1,,,True,41.4,23.9,67.0,False,2024,3.0
SAI,Ferrari,6.0,81.217,5.0,84,6.0,SOFT,True,1,,,True,41.4,23.9,67.0,False,2024,6.0
LEC,Ferrari,6.0,81.227,6.0,85,6.0,SOFT,True,1,,,True,41.4,23.9,67.0,False,2024,5.0
GAS,Alpine,6.0,81.303,7.0,85,9.0,SOFT,False,1,,,True,41.4,23.9,67.0,False,2024,7.0
PIA,McLaren,6.0,81.056,8.0,86,9.0,SOFT,False,1,,,True,41.4,23.9,67.0,False,2024,9.0
OCO,Alpine,6.0,81.29,9.0,87,9.0,SOFT,False,1,,,True,41.4,23.9,67.0,False,2024,8.0
HUL,Haas F1 Team,6.0,81.545,10.0,88,6.0,SOFT,True,1,,,True,41.4,23.9,67.0,False,2024,13.0
PER,Red Bull Racing,6.0,81.526,11.0,88,9.0,SOFT,False,1,,,True,41.4,23.9,67.0,False,2024,11.0
STR,Aston Martin,6.0,82.13,12.0,89,6.0,SOFT,True,1,,,True,41.4,23.9,67.0,False,2024,14.0
ALO,Aston Martin,6.0,83.536,13.0,90,6.0,SOFT,True,1,,,True,41.4,23.9,67.0,False,2024,10.0
BOT,Kick Sauber,6.0,82.336,14.0,91,6.0,SOFT,True,1,,,True,41.4,23.9,67.0,False,2024,12.0
MAG,Haas F1 Team,6.0,82.446,15.0,92,6.0,SOFT,True,1,,,True,41.4,24.0,67.0,False,2024,16.0
TSU,RB,6.0,83.724,16.0,93,6.0,SOFT,True,1,,,True,41.4,24.0,67.0,False,2024,17.0
ZHO,Kick Sauber,6.0,82.951,17.0,94,6.0,SOFT,True,1,,,True,41.4,24.0,67.0,False,2024,15.0
RIC,RB,6.0,82.92,18.0,95,6.0,SOFT,True,1,,,True,41.4,24.0,67.0,False,2024,18.0
ALB,Williams,6.0,82.498,19.0,96,6.0,MEDIUM,True,1,,,True,41.4,24.0,67.0,False,2024,20.0
SAR,Williams,6.0,83.637,20.0,97,6.0,SOFT,True,1,,,True,41.4,24.0,67.0,False,2024,19.0
VER,Red Bull Racing,7.0,80.973,1.0,97,10.0,SOFT,False,1,,,True,41.4,24.1,68.0,False,2024,2.0
RUS,Mercedes,7.0,81.306,2.0,98,10.0,SOFT,False,1,,,True,41.4,24.1,68.0,False,2024,4.0
NOR,McLaren,7.0,81.293,3.0,99,7.0,SOFT,True,1,,,True,41.4,24.1,68.0,False,2024,1.0
HAM,Mercedes,7.0,81.223,4.0,99,10.0,SOFT,False,1,,,True,41.4,24.1,68.0,False,2024,3.0
SAI,Ferrari,7.0,81.146,5.0,100,7.0,SOFT,True,1,,,True,41.4,24.1,68.0,False,2024,6.0
LEC,Ferrari,7.0,80.996,6.0,101,7.0,SOFT,True,1,,,True,41.4,24.1,68.0,False,2024,5.0
GAS,Alpine,7.0,81.625,7.0,101,10.0,SOFT,False,1,,,True,41.4,24.1,68.0,False,2024,7.0
PIA,McLaren,7.0,81.416,8.0,102,10.0,SOFT,False,1,,,True,41.4,24.1,68.0,False,2024,9.0
OCO,Alpine,7.0,81.593,9.0,103,10.0,SOFT,False,1,,,True,41.4,24.1,68.0,False,2024,8.0
HUL,Haas F1 Team,7.0,81.698,10.0,104,7.0,SOFT,True,1,,,True,41.4,24.1,68.0,False,2024,13.0
PER,Red Bull Racing,7.0,81.49,11.0,104,10.0,SOFT,False,1,,,True,41.4,24.1,68.0,False,2024,11.0
STR,Aston Martin,7.0,82.416,12.0,105,7.0,SOFT,True,1,,,True,41.4,24.1,68.0,False,2024,14.0
BOT,Kick Sauber,7.0,82.3,13.0,106,7.0,SOFT,True,1,,,True,41.4,24.1,68.0,False,2024,12.0
ALO,Aston Martin,7.0,83.456,14.0,107,7.0,SOFT,True,1,,,True,41.4,24.1,68.0,False,2024,10.0
MAG,Haas F1 Team,7.0,82.471,15.0,108,7.0,SOFT,True,1,,,True,41.4,24.1,68.0,False,2024,16.0
ZHO,Kick Sauber,7.0,82.487,16.0,109,7.0,SOFT,True,1,,,True,41.4,24.1,68.0,False,2024,15.0
TSU,RB,7.0,83.735,17.0,110,7.0,SOFT,True,1,,,True,41.4,24.1,68.0,False,2024,17.0
RIC,RB,7.0,83.484,18.0,111,7.0,SOFT,True,1,,,True,41.4,24.1,68.0,False,2024,18.0
ALB,Williams,7.0,83.531,19.0,112,7.0,MEDIUM,True,1,,,True,41.4,24.1,68.0,False,2024,20.0
SAR,Williams,7.0,83.369,20.0,113,7.0,SOFT,True,1,,,True,41.4,24.1,68.0,False,2024,19.0
VER,Red Bull Racing,8.0,80.989,1.0,113,11.0,SOFT,False,1,,,True,42.4,24.3,66.0,False,2024,2.0
RUS,Mercedes,8.0,81.436,2.0,114,11.0,SOFT,False,1,,,True,42.4,24.3,66.0,False,2024,4.0
NOR,McLaren,8.0,81.443,3.0,115,8.0,SOFT,True,1,,,True,42.4,24.3,66.0,False,2024,1.0
HAM,Mercedes,8.0,81.538,4.0,115,11.0,SOFT,False,1,,,True,42.4,24.3,66.0,False,2024,3.0
SAI,Ferrari,8.0,81.309,5.0,116,8.0,SOFT,True,1,,,True,42.4,24.3,66.0,False,2024,6.0
LEC,Ferrari,8.0,81.393,6.0,117,8.0,SOFT,True,1,,,True,42.4,24.3,66.0,False,2024,5.0
GAS,Alpine,8.0,81.748,7.0,117,11.0,SOFT,False,1,,,True,42.4,24.3,66.0,False,2024,7.0
PIA,McLaren,8.0,81.53,8.0,118,11.0,SOFT,False,1,,,True,42.4,24.3,66.0,False,2024,9.0
OCO,Alpine,8.0,81.784,9.0,119,11.0,SOFT,False,1,,,True,42.4,24.3,66.0,False,2024,8.0
HUL,Haas F1 Team,8.0,81.841,10.0,120,8.0,SOFT,True,1,,,True,42.4,24.3,66.0,False,2024,13.0
PER,Red Bull Racing,8.0,82.01,11.0,120,11.0,SOFT,False,1,,,True,42.4,24.3,66.0,False,2024,11.0
STR,Aston Martin,8.0,82.359,12.0,121,8.0,SOFT,True,1,,,True,42.4,24.3,66.0,False,2024,14.0
BOT,Kick Sauber,8.0,82.503,13.0,122,8.0,SOFT,True,1,,,True,42.4,24.3,66.0,False,2024,12.0
ALO,Aston Martin,8.0,82.542,14.0,123,8.0,SOFT,True,1,,,True,42.4,24.3,66.0,False,2024,10.0
MAG,Haas F1 Team,8.0,82.22,15.0,124,8.0,SOFT,True,1,,,True,42.4,24.3,66.0,False,2024,16.0
ZHO,Kick Sauber,8.0,82.57,16.0,125,8.0,SOFT,True,1,,,True,42.4,24.3,66.0,False,2024,15.0
TSU,RB,8.0,82.959,17.0,126,8.0,SOFT,True,1,,,True,42.4,24.3,66.0,False,2024,17.0
RIC,RB,8.0,83.066,18.0,127,8.0,SOFT,True,1,,,True,42.4,24.3,66.0,False,2024,18.0
ALB,Williams,8.0,83.225,19.0,128,8.0,MEDIUM,True,1,,,True,42.4,24.3,66.0,False,2024,20.0
SAR,Williams,8.0,83.345,20.0,129,8.0,SOFT,True,1,,,True,42.4,24.3,66.0,False,2024,19.0
VER,Red Bull Racing,9.0,81.042,1.0,129,12.0,SOFT,False,1,,,True,42.5,24.3,65.0,False,2024,2.0
RUS,Mercedes,9.0,81.168,2.0,130,12.0,SOFT,False,1,,,True,42.5,24.3,65.0,False,2024,4.0
NOR,McLaren,9.0,81.143,3.0,131,9.0,SOFT,True,1,,,True,42.5,24.3,65.0,False,2024,1.0
HAM,Mercedes,9.0,81.207,4.0,131,12.0,SOFT,False,1,,,True,42.5,24.3,65.0,False,2024,3.0
SAI,Ferrari,9.0,81.221,5.0,132,9.0,SOFT,True,1,,,True,42.5,24.3,65.0,False,2024,6.0
LEC,Ferrari,9.0,81.33,6.0,133,9.0,SOFT,True,1,,,True,42.5,24.3,65.0,False,2024,5.0
GAS,Alpine,9.0,81.681,7.0,133,12.0,SOFT,False,1,,,True,42.5,24.3,65.0,False,2024,7.0
PIA,McLaren,9.0,81.5,8.0,134,12.0,SOFT,False,1,,,True,42.5,24.3,65.0,False,2024,9.0
OCO,Alpine,9.0,81.79,9.0,135,12.0,SOFT,False,1,,,True,42.5,24.3,65.0,False,2024,8.0
HUL,Haas F1 Team,9.0,81.629,10.0,136,9.0,SOFT,True,1,,,True,42.5,24.3,65.0,False,2024,13.0
PER,Red Bull Racing,9.0,81.481,11.0,136,12.0,SOFT,False,1,,,True,42.5,24.3,65.0,False,2024,11.0
STR,Aston Martin,9.0,81.858,12.0,137,9.0,SOFT,True,1,,,True,42.5,24.2,65.0,False,2024,14.0
BOT,Kick Sauber,9.0,82.292,13.0,138,9.0,SOFT,True,1,,,True,42.5,24.2,65.0,False,2024,12.0
ALO,Aston Martin,9.0,82.353,14.0,139,9.0,SOFT,True,1,,,True,42.5,24.2,65.0,False,2024,10.0
MAG,Haas F1 Team,9.0,82.195,15.0,140,9.0,SOFT,True,1,,,True,42.5,24.2,65.0,False,2024,16.0
RIC,RB,9.0,82.436,16.0,141,9.0,SOFT,True,1,,,True,42.5,24.2,65.0,False,2024,18.0
ALB,Williams,9.0,82.838,17.0,142,9.0,MEDIUM,True,1,,,True,42.5,24.2,65.0,False,2024,20.0
ZHO,Kick Sauber,9.0,85.889,18.0,143,9.0,SOFT,True,1,0 days 01:09:30.287000,,False,42.5,24.2,65.0,False,2024,15.0
SAR,Williams,9.0,82.787,19.0,144,9.0,SOFT,True,1,,,True,42.5,24.2,65.0,False,2024,19.0
TSU,RB,9.0,86.004,20.0,145,9.0,SOFT,True,1,0 days 01:09:31.918000,,False,42.5,24.2,65.0,False,2024,17.0
VER,Red Bull Racing,10.0,81.003,1.0,145,13.0,SOFT,False,1,,,True,42.4,24.1,64.0,False,2024,2.0
RUS,Mercedes,10.0,81.308,2.0,146,13.0,SOFT,False,1,,,True,42.4,24.1,64.0,False,2024,4.0
NOR,McLaren,10.0,81.223,3.0,147,10.0,SOFT,True,1,,,True,42.4,24.1,64.0,False,2024,1.0
HAM,Mercedes,10.0,81.38,4.0,147,13.0,SOFT,False,1,,,True,42.4,24.1,64.0,False,2024,3.0
SAI,Ferrari,10.0,81.052,5.0,148,10.0,SOFT,True,1,,,True,42.4,24.1,64.0,False,2024,6.0
LEC,Ferrari,10.0,81.014,6.0,149,10.0,SOFT,True,1,,,True,42.4,24.1,64.0,False,2024,5.0
GAS,Alpine,10.0,81.711,7.0,149,13.0,SOFT,False,1,,,True,42.4,24.1,64.0,False,2024,7.0
PIA,McLaren,10.0,82.049,8.0,150,13.0,SOFT,False,1,,,True,42.4,24.1,64.0,False,2024,9.0
OCO,Alpine,10.0,81.756,9.0,151,13.0,SOFT,False,1,,,True,42.4,24.1,64.0,False,2024,8.0
HUL,Haas F1 Team,10.0,81.852,10.0,152,10.0,SOFT,True,1,,,True,42.4,24.1,64.0,False,2024,13.0
PER,Red Bull Racing,10.0,81.68,11.0,152,13.0,SOFT,False,1,,,True,42.4,24.1,64.0,False,2024,11.0
STR,Aston Martin,10.0,81.75,12.0,153,10.0,SOFT,True,1,,,True,42.4,24.1,64.0,False,2024,14.0
BOT,Kick Sauber,10.0,82.314,13.0,154,10.0,SOFT,True,1,,,True,42.4,24.1,64.0,False,2024,12.0
ALO,Aston Martin,10.0,82.426,14.0,155,10.0,SOFT,True,1,,,True,42.4,24.1,64.0,False,2024,10.0
RIC,RB,10.0,81.77,15.0,156,10.0,SOFT,True,1,,,True,42.4,24.1,64.0,False,2024,18.0
MAG,Haas F1 Team,10.0,86.084,16.0,157,10.0,SOFT,True,1,0 days 01:10:51.292000,,False,42.4,24.1,64.0,False,2024,16.0
ALB,Williams,10.0,82.787,17.0,158,10.0,MEDIUM,True,1,,,True,42.4,24.1,64.0,False,2024,20.0
SAR,Williams,10.0,82.871,18.0,159,10.0,SOFT,True,1,,,True,42.4,24.1,64.0,False,2024,19.0
ZHO,Kick Sauber,10.0,98.315,19.0,160,1.0,MEDIUM,True,1,,0 days 01:09:52.752000,False,42.4,24.1,64.0,False,2024,15.0
TSU,RB,10.0,98.886,20.0,161,1.0,MEDIUM,True,1,,0 days 01:09:53.921000,False,42.4,24.1,64.0,False,2024,17.0
VER,Red Bull Racing,11.0,80.954,1.0,161,14.0,SOFT,False,1,,,True,42.3,24.1,64.0,False,2024,2.0
RUS,Mercedes,11.0,81.061,2.0,162,14.0,SOFT,False,1,,,True,42.3,24.1,64.0,False,2024,4.0
NOR,McLaren,11.0,81.285,3.0,163,11.0,SOFT,True,1,,,True,42.3,24.1,64.0,False,2024,1.0
HAM,Mercedes,11.0,81.192,4.0,163,14.0,SOFT,False,1,,,True,42.3,24.1,64.0,False,2024,3.0
SAI,Ferrari,11.0,81.459,5.0,164,11.0,SOFT,True,1,,,True,42.3,24.1,64.0,False,2024,6.0
LEC,Ferrari,11.0,81.476,6.0,165,11.0,SOFT,True,1,,,True,42.3,24.1,64.0,False,2024,5.0
GAS,Alpine,11.0,81.339,7.0,165,14.0,SOFT,False,1,,,True,42.3,24.1,64.0,False,2024,7.0
PIA,McLaren,11.0,81.486,8.0,166,14.0,SOFT,False,1,,,True,42.3,24.1,64.0,False,2024,9.0
OCO,Alpine,11.0,81.875,9.0,167,14.0,SOFT,False,1,,,True,42.3,24.1,64.0,False,2024,8.0
HUL,Haas F1 Team,11.0,81.994,10.0,168,11.0,SOFT,True,1,,,True,42.3,24.1,64.0,False,2024,13.0
PER,Red Bull Racing,11.0,81.734,11.0,168,14.0,SOFT,False,1,,,True,42.3,24.1,64.0,False,2024,11.0
STR,Aston Martin,11.0,81.967,12.0,169,11.0,SOFT,True,1,,,True,42.3,24.1,64.0,False,2024,14.0
ALO,Aston Martin,11.0,81.955,13.0,170,11.0,SOFT,True,1,,,True,42.3,24.1,64.0,False,2024,10.0
BOT,Kick Sauber,11.0,85.342,14.0,171,11.0,SOFT,True,1,0 days 01:12:11.535000,,False,42.3,24.1,64.0,False,2024,12.0
RIC,RB,11.0,82.102,15.0,172,11.0,SOFT,True,1,,,True,42.3,24.1,64.0,False,2024,18.0
ALB,Williams,11.0,82.421,16.0,173,11.0,MEDIUM,True,1,,,True,42.3,24.1,64.0,False,2024,20.0
SAR,Williams,11.0,82.588,17.0,174,11.0,SOFT,True,1,,,True,42.3,24.1,64.0,False,2024,19.0
ZHO,Kick Sauber,11.0,80.219,18.0,175,2.0,MEDIUM,True,1,,,True,41.8,24.2,64.0,False,2024,15.0
MAG,Haas F1 Team,11.0,100.571,19.0,176,1.0,MEDIUM,True,1,,0 days 01:11:14.678000,False,41.8,24.2,64.0,False,2024,16.0
TSU,RB,11.0,81.644,20.0,176,2.0,MEDIUM,True,1,,,True,41.8,24.2,64.0,False,2024,17.0
VER,Red Bull Racing,12.0,81.376,1.0,176,15.0,SOFT,False,1,,,True,41.8,24.2,64.0,False,2024,2.0
RUS,Mercedes,12.0,81.383,2.0,177,15.0,SOFT,False,1,,,True,41.8,24.2,64.0,False,2024,4.0
NOR,McLaren,12.0,81.354,3.0,178,12.0,SOFT,True,1,,,True,41.8,24.2,64.0,False,2024,1.0
HAM,Mercedes,12.0,81.505,4.0,178,15.0,SOFT,False,1,,,True,41.8,24.2,64.0,False,2024,3.0
SAI,Ferrari,12.0,81.62,5.0,179,12.0,SOFT,True,1,,,True,41.8,24.2,64.0,False,2024,6.0
LEC,Ferrari,12.0,81.561,6.0,180,12.0,SOFT,True,1,,,True,41.8,24.2,64.0,False,2024,5.0
GAS,Alpine,12.0,81.638,7.0,180,15.0,SOFT,False,1,,,True,41.8,24.2,64.0,False,2024,7.0
PIA,McLaren,12.0,81.683,8.0,181,15.0,SOFT,False,1,,,True,41.8,24.2,64.0,False,2024,9.0
OCO,Alpine,12.0,81.905,9.0,182,15.0,SOFT,False,1,,,True,41.6,24.3,65.0,False,2024,8.0
PER,Red Bull Racing,12.0,81.983,10.0,183,15.0,SOFT,False,1,,,True,41.6,24.3,65.0,False,2024,11.0
HUL,Haas F1 Team,12.0,87.477,11.0,184,12.0,SOFT,True,1,0 days 01:13:27.959000,,False,41.6,24.3,65.0,False,2024,13.0
STR,Aston Martin,12.0,82.256,12.0,185,12.0,SOFT,True,1,,,True,41.6,24.3,65.0,False,2024,14.0
ALO,Aston Martin,12.0,81.05,13.0,186,12.0,SOFT,True,1,,,True,41.6,24.3,65.0,False,2024,10.0
RIC,RB,12.0,81.857,14.0,187,12.0,SOFT,True,1,,,True,41.6,24.3,65.0,False,2024,18.0
ALB,Williams,12.0,82.119,15.0,188,12.0,MEDIUM,True,1,,,True,41.6,24.3,65.0,False,2024,20.0
SAR,Williams,12.0,82.461,16.0,189,12.0,SOFT,True,1,,,True,41.6,24.3,65.0,False,2024,19.0
ZHO,Kick Sauber,12.0,80.151,17.0,190,3.0,MEDIUM,True,1,,,True,41.6,24.3,65.0,False,2024,15.0
BOT,Kick Sauber,12.0,99.211,18.0,190,4.0,SOFT,False,1,,0 days 01:12:34.282000,False,41.6,24.3,65.0,False,2024,12.0
MAG,Haas F1 Team,12.0,81.47,19.0,191,2.0,MEDIUM,True,1,,,True,41.6,24.3,65.0,False,2024,16.0
TSU,RB,12.0,82.341,20.0,191,3.0,MEDIUM,True,1,,,True,41.6,24.3,65.0,False,2024,17.0
VER,Red Bull Racing,13.0,80.807,1.0,191,16.0,SOFT,False,1,,,True,41.6,24.4,64.0,False,2024,2.0
RUS,Mercedes,13.0,81.365,2.0,192,16.0,SOFT,False,1,,,True,41.6,24.4,64.0,False,2024,4.0
NOR,McLaren,13.0,81.432,3.0,193,13.0,SOFT,True,1,,,True,41.6,24.4,64.0,False,2024,1.0
HAM,Mercedes,13.0,81.45,4.0,193,16.0,SOFT,False,1,,,True,41.6,24.4,64.0,False,2024,3.0
SAI,Ferrari,13.0,81.163,5.0,194,13.0,SOFT,True,1,,,True,41.6,24.4,64.0,False,2024,6.0
LEC,Ferrari,13.0,81.275,6.0,195,13.0,SOFT,True,1,,,True,41.6,24.4,64.0,False,2024,5.0
GAS,Alpine,13.0,81.678,7.0,195,16.0,SOFT,False,1,,,True,41.6,24.4,64.0,False,2024,7.0
PIA,McLaren,13.0,81.918,8.0,196,16.0,SOFT,False,1,,,True,41.6,24.4,64.0,False,2024,9.0
OCO,Alpine,13.0,86.687,9.0,197,16.0,SOFT,False,1,0 days 01:14:46.447000,,False,41.6,24.4,64.0,False,2024,8.0
PER,Red Bull Racing,13.0,85.586,10.0,198,16.0,SOFT,False,1,0 days 01:14:48.600000,,False,41.6,24.4,64.0,False,2024,11.0
STR,Aston Martin,13.0,82.185,11.0,199,13.0,SOFT,True,1,,,True,41.6,24.4,64.0,False,2024,14.0
ALO,Aston Martin,13.0,81.589,12.0,200,13.0,SOFT,True,1,,,True,41.6,24.4,64.0,False,2024,10.0
RIC,RB,13.0,81.974,13.0,201,13.0,SOFT,True,1,,,True,41.6,24.4,64.0,False,2024,18.0
ALB,Williams,13.0,82.263,14.0,202,13.0,MEDIUM,True,1,,,True,41.6,24.4,64.0,False,2024,20.0
SAR,Williams,13.0,83.105,15.0,203,13.0,SOFT,True,1,,,True,41.6,24.4,64.0,False,2024,19.0
HUL,Haas F1 Team,13.0,100.395,16.0,204,1.0,MEDIUM,True,1,,0 days 01:13:50.605000,False,41.6,24.4,64.0,False,2024,13.0
ZHO,Kick Sauber,13.0,80.739,17.0,204,4.0,MEDIUM,True,1,,,True,41.6,24.4,64.0,False,2024,15.0
BOT,Kick Sauber,13.0,79.608,18.0,204,5.0,SOFT,False,1,,,True,41.6,24.4,64.0,False,2024,12.0
MAG,Haas F1 Team,13.0,80.964,19.0,205,3.0,MEDIUM,True,1,,,True,41.6,24.4,64.0,False,2024,16.0
TSU,RB,13.0,81.817,20.0,205,4.0,MEDIUM,True,1,,,True,41.6,24.4,64.0,False,2024,17.0
VER,Red Bull Racing,14.0,80.989,1.0,205,17.0,SOFT,False,1,,,True,42.3,24.4,64.0,False,2024,2.0
RUS,Mercedes,14.0,81.482,2.0,206,17.0,SOFT,False,1,,,True,42.3,24.4,64.0,False,2024,4.0
NOR,McLaren,14.0,81.66,3.0,207,14.0,SOFT,True,1,,,True,42.3,24.4,64.0,False,2024,1.0
HAM,Mercedes,14.0,81.601,4.0,207,17.0,SOFT,False,1,,,True,42.3,24.4,64.0,False,2024,3.0
SAI,Ferrari,14.0,81.646,5.0,208,14.0,SOFT,True,1,,,True,42.3,24.4,64.0,False,2024,6.0
LEC,Ferrari,14.0,81.594,6.0,209,14.0,SOFT,True,1,,,True,42.3,24.4,64.0,False,2024,5.0
PIA,McLaren,14.0,82.316,7.0,209,17.0,SOFT,False,1,,,True,42.3,24.4,64.0,False,2024,9.0
GAS,Alpine,14.0,85.491,8.0,210,17.0,SOFT,False,1,0 days 01:16:02.853000,,False,42.3,24.4,64.0,False,2024,7.0
STR,Aston Martin,14.0,81.768,9.0,211,14.0,SOFT,True,1,,,True,42.3,24.4,64.0,False,2024,14.0
ALO,Aston Martin,14.0,81.855,10.0,212,14.0,SOFT,True,1,,,True,42.3,24.4,64.0,False,2024,10.0
RIC,RB,14.0,81.902,11.0,213,14.0,SOFT,True,1,,,True,42.4,24.3,64.0,False,2024,18.0
ALB,Williams,14.0,82.246,12.0,214,14.0,MEDIUM,True,1,,,True,42.4,24.3,64.0,False,2024,20.0
OCO,Alpine,14.0,98.526,13.0,215,1.0,MEDIUM,True,1,,0 days 01:15:08.306000,False,42.4,24.3,64.0,False,2024,8.0
PER,Red Bull Racing,14.0,99.168,14.0,215,4.0,SOFT,False,1,,0 days 01:15:10.785000,False,42.4,24.3,64.0,False,2024,11.0
SAR,Williams,14.0,86.379,15.0,215,14.0,SOFT,True,1,0 days 01:16:28.180000,,False,42.4,24.3,64.0,False,2024,19.0
HUL,Haas F1 Team,14.0,80.698,16.0,216,2.0,MEDIUM,True,1,,,True,42.4,24.3,64.0,False,2024,13.0
BOT,Kick Sauber,14.0,80.017,17.0,216,6.0,SOFT,False,1,,,True,42.4,24.3,64.0,False,2024,12.0
ZHO,Kick Sauber,14.0,81.869,18.0,217,5.0,MEDIUM,True,1,,,True,42.4,24.3,64.0,False,2024,15.0
MAG,Haas F1 Team,14.0,81.224,19.0,218,4.0,MEDIUM,True,1,,,True,42.4,24.3,64.0,False,2024,16.0
TSU,RB,14.0,81.511,20.0,218,5.0,MEDIUM,True,1,,,True,42.4,24.3,64.0,False,2024,17.0
VER,Red Bull Racing,15.0,81.097,1.0,218,18.0,SOFT,False,1,,,True,42.4,24.3,64.0,False,2024,2.0
NOR,McLaren,15.0,81.541,2.0,219,15.0,SOFT,True,1,,,True,42.4,24.3,64.0,False,2024,1.0
HAM,Mercedes,15.0,81.977,3.0,219,18.0,SOFT,False,1,,,True,42.4,24.3,64.0,False,2024,3.0
RUS,Mercedes,15.0,85.364,4.0,220,18.0,SOFT,False,1,0 days 01:17:16.960000,,False,42.4,24.3,64.0,False,2024,4.0
LEC,Ferrari,15.0,81.703,5.0,221,15.0,SOFT,True,1,,,True,42.4,24.3,64.0,False,2024,5.0
SAI,Ferrari,15.0,85.427,6.0,222,15.0,SOFT,True,1,0 days 01:17:19.923000,,False,42.3,24.3,63.0,False,2024,6.0
PIA,McLaren,15.0,81.492,7.0,222,18.0,SOFT,False,1,,,True,42.3,24.3,63.0,False,2024,9.0
STR,Aston Martin,15.0,81.918,8.0,223,15.0,SOFT,True,1,,,True,42.3,24.3,63.0,False,2024,14.0
ALO,Aston Martin,15.0,81.84,9.0,224,15.0,SOFT,True,1,,,True,42.3,24.3,63.0,False,2024,10.0
RIC,RB,15.0,82.433,10.0,225,15.0,SOFT,True,1,,,True,42.3,24.3,63.0,False,2024,18.0
ALB,Williams,15.0,82.595,11.0,226,15.0,MEDIUM,True,1,,,True,42.3,24.3,63.0,False,2024,20.0
OCO,Alpine,15.0,79.883,12.0,227,2.0,MEDIUM,True,1,,,True,42.3,24.3,63.0,False,2024,8.0
GAS,Alpine,15.0,102.656,13.0,228,1.0,MEDIUM,True,1,,0 days 01:16:28.953000,False,42.3,24.3,63.0,False,2024,7.0
PER,Red Bull Racing,15.0,80.167,14.0,228,5.0,SOFT,False,1,,,True,42.3,24.3,63.0,False,2024,11.0
HUL,Haas F1 Team,15.0,80.312,15.0,229,3.0,MEDIUM,True,1,,,True,42.3,24.3,63.0,False,2024,13.0
BOT,Kick Sauber,15.0,81.085,16.0,229,7.0,SOFT,False,1,,,True,42.3,24.3,63.0,False,2024,12.0
ZHO,Kick Sauber,15.0,81.376,17.0,230,6.0,MEDIUM,True,1,,,True,42.3,24.3,63.0,False,2024,15.0
MAG,Haas F1 Team,15.0,81.439,18.0,231,5.0,MEDIUM,True,1,,,True,42.3,24.3,63.0,False,2024,16.0
TSU,RB,15.0,81.553,19.0,231,6.0,MEDIUM,True,1,,,True,42.3,24.3,63.0,False,2024,17.0
SAR,Williams,15.0,99.619,20.0,232,1.0,MEDIUM,True,1,,0 days 01:16:50.594000,False,42.3,24.3,63.0,False,2024,19.0
VER,Red Bull Racing,16.0,81.223,1.0,232,19.0,SOFT,False,1,,,True,41.7,24.4,63.0,False,2024,2.0
NOR,McLaren,16.0,80.471,2.0,233,16.0,SOFT,True,1,,,True,41.7,24.4,63.0,False,2024,1.0
LEC,Ferrari,16.0,80.893,3.0,234,16.0,SOFT,True,1,,,True,41.7,24.4,63.0,False,2024,5.0
HAM,Mercedes,16.0,84.966,4.0,234,19.0,SOFT,False,1,0 days 01:18:40.850000,,False,41.7,24.4,63.0,False,2024,3.0
PIA,McLaren,16.0,81.532,5.0,235,19.0,SOFT,False,1,,,True,41.7,24.4,63.0,False,2024,9.0
STR,Aston Martin,16.0,81.955,6.0,236,16.0,SOFT,True,1,,,True,41.7,24.4,63.0,False,2024,14.0
RUS,Mercedes,16.0,100.24,7.0,237,1.0,MEDIUM,True,1,,0 days 01:17:41.885000,False,41.7,24.4,63.0,False,2024,4.0
ALO,Aston Martin,16.0,82.546,8.0,237,16.0,SOFT,True,1,,,True,41.7,24.4,63.0,False,2024,10.0
SAI,Ferrari,16.0,98.064,9.0,238,1.0,MEDIUM,True,1,,0 days 01:17:42.233000,False,41.7,24.4,63.0,False,2024,6.0
OCO,Alpine,16.0,80.224,10.0,238,3.0,MEDIUM,True,1,,,True,41.7,24.4,63.0,False,2024,8.0
GAS,Alpine,16.0,79.989,11.0,239,2.0,MEDIUM,True,1,,,True,41.7,24.4,63.0,False,2024,7.0
RIC,RB,16.0,86.262,12.0,239,16.0,SOFT,True,1,0 days 01:19:07.482000,,False,41.7,24.4,63.0,False,2024,18.0
ALB,Williams,16.0,83.579,13.0,240,16.0,MEDIUM,True,1,,,True,41.7,24.4,63.0,False,2024,20.0
PER,Red Bull Racing,16.0,80.583,14.0,241,6.0,SOFT,False,1,,,True,41.7,24.4,63.0,False,2024,11.0
HUL,Haas F1 Team,16.0,81.125,15.0,242,4.0,MEDIUM,True,1,,,True,41.7,24.4,63.0,False,2024,13.0
BOT,Kick Sauber,16.0,81.257,16.0,242,8.0,SOFT,False,1,,,True,41.7,24.4,63.0,False,2024,12.0
ZHO,Kick Sauber,16.0,81.382,17.0,243,7.0,MEDIUM,True,1,,,True,41.7,24.4,63.0,False,2024,15.0
MAG,Haas F1 Team,16.0,81.51,18.0,244,6.0,MEDIUM,True,1,,,True,41.0,24.6,62.0,False,2024,16.0
TSU,RB,16.0,82.033,19.0,244,7.0,MEDIUM,True,1,,,True,41.0,24.6,62.0,False,2024,17.0
SAR,Williams,16.0,80.908,20.0,245,2.0,MEDIUM,True,1,,,True,41.0,24.6,62.0,False,2024,19.0
VER,Red Bull Racing,17.0,84.876,1.0,245,20.0,SOFT,False,1,0 days 01:19:54.894000,,False,41.0,24.6,62.0,False,2024,2.0
NOR,McLaren,17.0,80.908,2.0,246,17.0,SOFT,True,1,,,True,41.0,24.6,62.0,False,2024,1.0
LEC,Ferrari,17.0,81.123,3.0,247,17.0,SOFT,True,1,,,True,41.0,24.6,62.0,False,2024,5.0
PIA,McLaren,17.0,81.853,4.0,247,20.0,SOFT,False,1,,,True,41.0,24.6,62.0,False,2024,9.0
RUS,Mercedes,17.0,80.277,5.0,248,2.0,MEDIUM,True,1,,,True,41.0,24.6,62.0,False,2024,4.0
SAI,Ferrari,17.0,80.665,6.0,249,2.0,MEDIUM,True,1,,,True,40.6,24.7,62.0,False,2024,6.0
HAM,Mercedes,17.0,98.332,7.0,250,1.0,MEDIUM,True,1,,0 days 01:19:02.820000,False,40.6,24.7,62.0,False,2024,3.0
ALO,Aston Martin,17.0,83.26,8.0,250,17.0,SOFT,True,1,,,True,40.6,24.7,62.0,False,2024,10.0
STR,Aston Martin,17.0,86.896,9.0,251,17.0,SOFT,True,1,0 days 01:20:22.791000,,False,40.6,24.7,62.0,False,2024,14.0
GAS,Alpine,17.0,80.203,10.0,252,3.0,MEDIUM,True,1,,,True,40.6,24.7,62.0,False,2024,7.0
OCO,Alpine,17.0,81.541,11.0,252,4.0,MEDIUM,True,1,,,True,40.6,24.7,62.0,False,2024,8.0
PER,Red Bull Racing,17.0,80.42,12.0,252,7.0,SOFT,False,1,,,True,40.6,24.7,62.0,False,2024,11.0
ALB,Williams,17.0,83.526,13.0,252,17.0,MEDIUM,True,1,,,True,40.6,24.7,62.0,False,2024,20.0
HUL,Haas F1 Team,17.0,81.428,14.0,253,5.0,MEDIUM,True,1,,,True,40.6,24.7,62.0,False,2024,13.0
BOT,Kick Sauber,17.0,81.587,15.0,253,9.0,SOFT,False,1,,,True,40.6,24.7,62.0,False,2024,12.0
ZHO,Kick Sauber,17.0,81.607,16.0,254,8.0,MEDIUM,True,1,,,True,40.6,24.7,62.0,False,2024,15.0
MAG,Haas F1 Team,17.0,81.34,17.0,255,7.0,MEDIUM,True,1,,,True,40.6,24.7,62.0,False,2024,16.0
TSU,RB,17.0,81.523,18.0,255,8.0,MEDIUM,True,1,,,True,40.6,24.7,62.0,False,2024,17.0
RIC,RB,17.0,100.003,19.0,256,1.0,MEDIUM,True,1,,0 days 01:19:29.735000,False,40.6,24.7,62.0,False,2024,18.0
SAR,Williams,17.0,81.077,20.0,256,3.0,MEDIUM,True,1,,,True,40.6,24.7,62.0,False,2024,19.0
NOR,McLaren,18.0,80.447,1.0,256,18.0,SOFT,True,1,,,True,40.6,24.7,62.0,False,2024,1.0
LEC,Ferrari,18.0,80.915,2.0,257,18.0,SOFT,True,1,,,True,39.9,24.7,62.0,False,2024,5.0
PIA,McLaren,18.0,81.505,3.0,257,21.0,SOFT,False,1,,,True,39.9,24.7,62.0,False,2024,9.0
VER,Red Bull Racing,18.0,97.657,4.0,258,1.0,MEDIUM,True,1,,0 days 01:20:16.487000,False,39.9,24.7,62.0,False,2024,2.0
RUS,Mercedes,18.0,79.511,5.0,258,3.0,MEDIUM,True,1,,,True,39.9,24.7,62.0,False,2024,4.0
SAI,Ferrari,18.0,79.85,6.0,259,3.0,MEDIUM,True,1,,,True,39.9,24.7,62.0,False,2024,6.0
HAM,Mercedes,18.0,80.038,7.0,260,2.0,MEDIUM,True,1,,,True,39.9,24.7,62.0,False,2024,3.0
ALO,Aston Martin,18.0,82.186,8.0,260,18.0,SOFT,True,1,,,True,39.9,24.7,62.0,False,2024,10.0
GAS,Alpine,18.0,80.396,9.0,261,4.0,MEDIUM,True,1,,,True,39.9,24.7,62.0,False,2024,7.0
OCO,Alpine,18.0,80.571,10.0,261,5.0,MEDIUM,True,1,,,True,39.9,24.7,62.0,False,2024,8.0
PER,Red Bull Racing,18.0,80.162,11.0,261,8.0,SOFT,False,1,,,True,39.9,24.7,62.0,False,2024,11.0
HUL,Haas F1 Team,18.0,80.756,12.0,262,6.0,MEDIUM,True,1,,,True,39.9,24.7,62.0,False,2024,13.0
BOT,Kick Sauber,18.0,81.601,13.0,262,10.0,SOFT,False,1,,,True,39.9,24.7,62.0,False,2024,12.0
ZHO,Kick Sauber,18.0,81.546,14.0,263,9.0,MEDIUM,True,1,,,True,39.9,24.7,62.0,False,2024,15.0
ALB,Williams,18.0,86.838,15.0,263,18.0,MEDIUM,True,1,0 days 01:21:58.483000,,False,39.9,24.7,62.0,False,2024,20.0
MAG,Haas F1 Team,18.0,81.287,16.0,264,8.0,MEDIUM,True,1,,,True,39.9,24.7,62.0,False,2024,16.0
STR,Aston Martin,18.0,99.122,17.0,265,2.0,MEDIUM,False,1,,0 days 01:20:44.583000,False,39.9,24.7,62.0,False,2024,14.0
TSU,RB,18.0,82.182,18.0,265,9.0,MEDIUM,True,1,,,True,39.9,24.7,62.0,False,2024,17.0
RIC,RB,18.0,80.858,19.0,266,2.0,MEDIUM,True,1,,,True,39.9,24.7,62.0,False,2024,18.0
SAR,Williams,18.0,81.379,20.0,266,4.0,MEDIUM,True,1,,,True,39.9,24.7,62.0,False,2024,19.0
NOR,McLaren,19.0,80.635,1.0,266,19.0,SOFT,True,1,,,True,39.2,24.3,62.0,False,2024,1.0
LEC,Ferrari,19.0,81.096,2.0,267,19.0,SOFT,True,1,,,True,39.2,24.3,62.0,False,2024,5.0
PIA,McLaren,19.0,81.727,3.0,267,22.0,SOFT,False,1,,,True,39.2,24.3,62.0,False,2024,9.0
VER,Red Bull Racing,19.0,79.725,4.0,268,2.0,MEDIUM,True,1,,,True,39.2,24.3,62.0,False,2024,2.0
RUS,Mercedes,19.0,79.539,5.0,268,4.0,MEDIUM,True,1,,,True,39.2,24.3,62.0,False,2024,4.0
HAM,Mercedes,19.0,79.307,6.0,269,3.0,MEDIUM,True,1,,,True,39.2,24.3,62.0,False,2024,3.0
SAI,Ferrari,19.0,81.079,7.0,269,4.0,MEDIUM,True,1,,,True,39.2,24.3,62.0,False,2024,6.0
GAS,Alpine,19.0,80.432,8.0,269,5.0,MEDIUM,True,1,,,True,39.2,24.3,62.0,False,2024,7.0
OCO,Alpine,19.0,81.026,9.0,269,6.0,MEDIUM,True,1,,,True,39.2,24.3,62.0,False,2024,8.0
ALO,Aston Martin,19.0,85.298,10.0,269,19.0,SOFT,True,1,0 days 01:23:08.727000,,False,39.2,24.3,62.0,False,2024,10.0
PER,Red Bull Racing,19.0,80.559,11.0,270,9.0,SOFT,False,1,,,True,39.2,24.3,62.0,False,2024,11.0
HUL,Haas F1 Team,19.0,81.174,12.0,271,7.0,MEDIUM,True,1,,,True,39.2,24.3,62.0,False,2024,13.0
BOT,Kick Sauber,19.0,81.23,13.0,271,11.0,SOFT,False,1,,,True,39.2,24.3,62.0,False,2024,12.0
ZHO,Kick Sauber,19.0,81.379,14.0,272,10.0,MEDIUM,True,1,,,True,39.2,24.1,65.0,False,2024,15.0
MAG,Haas F1 Team,19.0,80.95,15.0,273,9.0,MEDIUM,True,1,,,True,39.2,24.1,65.0,False,2024,16.0
STR,Aston Martin,19.0,80.615,16.0,274,3.0,MEDIUM,False,1,,,True,39.2,24.1,65.0,False,2024,14.0
TSU,RB,19.0,81.744,17.0,274,10.0,MEDIUM,True,1,,,True,39.2,24.1,65.0,False,2024,17.0
RIC,RB,19.0,81.415,18.0,275,3.0,MEDIUM,True,1,,,True,39.2,24.1,65.0,False,2024,18.0
SAR,Williams,19.0,81.554,19.0,275,5.0,MEDIUM,True,1,,,True,39.2,24.1,65.0,False,2024,19.0
ALB,Williams,19.0,100.225,20.0,276,1.0,SOFT,True,1,,0 days 01:22:21.666000,False,39.2,24.1,65.0,False,2024,20.0
NOR,McLaren,20.0,80.816,1.0,276,20.0,SOFT,True,1,,,True,39.2,24.1,65.0,False,2024,1.0
LEC,Ferrari,20.0,81.159,2.0,277,20.0,SOFT,True,1,,,True,39.2,24.1,65.0,False,2024,5.0
PIA,McLaren,20.0,81.883,3.0,277,23.0,SOFT,False,1,,,True,39.2,24.1,65.0,False,2024,9.0
VER,Red Bull Racing,20.0,79.966,4.0,278,3.0,MEDIUM,True,1,,,True,39.2,24.1,65.0,False,2024,2.0
RUS,Mercedes,20.0,79.972,5.0,278,5.0,MEDIUM,True,1,,,True,39.2,24.1,65.0,False,2024,4.0
HAM,Mercedes,20.0,79.703,6.0,279,4.0,MEDIUM,True,1,,,True,39.2,24.1,65.0,False,2024,3.0
SAI,Ferrari,20.0,80.0,7.0,279,5.0,MEDIUM,True,1,,,True,39.3,24.0,64.0,False,2024,6.0
GAS,Alpine,20.0,80.163,8.0,279,6.0,MEDIUM,True,1,,,True,39.3,24.0,64.0,False,2024,7.0
OCO,Alpine,20.0,80.662,9.0,279,7.0,MEDIUM,True,1,,,True,39.3,24.0,64.0,False,2024,8.0
PER,Red Bull Racing,20.0,80.661,10.0,279,10.0,SOFT,False,1,,,True,39.3,24.0,64.0,False,2024,11.0
HUL,Haas F1 Team,20.0,81.137,11.0,280,8.0,MEDIUM,True,1,,,True,39.3,24.0,64.0,False,2024,13.0
BOT,Kick Sauber,20.0,81.612,12.0,280,12.0,SOFT,False,1,,,True,39.3,24.0,64.0,False,2024,12.0
ZHO,Kick Sauber,20.0,81.512,13.0,281,11.0,MEDIUM,True,1,,,True,39.3,24.0,64.0,False,2024,15.0
STR,Aston Martin,20.0,80.783,14.0,282,4.0,MEDIUM,False,1,,,True,39.3,24.0,64.0,False,2024,14.0
MAG,Haas F1 Team,20.0,82.488,15.0,282,10.0,MEDIUM,True,1,,,True,39.3,24.0,64.0,False,2024,16.0
ALO,Aston Martin,20.0,98.729,16.0,283,2.0,MEDIUM,False,1,,0 days 01:23:30.618000,False,39.3,24.0,64.0,False,2024,10.0
TSU,RB,20.0,82.962,17.0,283,11.0,MEDIUM,True,1,,,True,39.3,24.0,64.0,False,2024,17.0
RIC,RB,20.0,81.881,18.0,284,4.0,MEDIUM,True,1,,,True,39.3,24.0,64.0,False,2024,18.0
SAR,Williams,20.0,81.622,19.0,284,6.0,MEDIUM,True,1,,,True,39.3,24.0,64.0,False,2024,19.0
ALB,Williams,20.0,80.005,20.0,285,2.0,SOFT,True,1,,,True,39.3,24.0,64.0,False,2024,20.0
NOR,McLaren,21.0,80.907,1.0,285,21.0,SOFT,True,1,,,True,39.7,23.9,63.0,False,2024,1.0
LEC,Ferrari,21.0,81.497,2.0,286,21.0,SOFT,True,1,,,True,39.7,23.9,63.0,False,2024,5.0
VER,Red Bull Racing,21.0,80.304,3.0,287,4.0,MEDIUM,True,1,,,True,39.7,23.9,63.0,False,2024,2.0
RUS,Mercedes,21.0,80.34,4.0,287,6.0,MEDIUM,True,1,,,True,39.7,23.9,63.0,False,2024,4.0
PIA,McLaren,21.0,87.064,5.0,287,24.0,SOFT,False,1,0 days 01:25:38.146000,,False,39.7,23.9,63.0,False,2024,9.0
HAM,Mercedes,21.0,79.915,6.0,288,5.0,MEDIUM,True,1,,,True,39.7,23.9,63.0,False,2024,3.0
SAI,Ferrari,21.0,80.125,7.0,288,6.0,MEDIUM,True,1,,,True,39.7,23.9,63.0,False,2024,6.0
GAS,Alpine,21.0,80.678,8.0,288,7.0,MEDIUM,True,1,,,True,39.7,23.9,63.0,False,2024,7.0
OCO,Alpine,21.0,80.768,9.0,288,8.0,MEDIUM,True,1,,,True,39.7,23.9,63.0,False,2024,8.0
PER,Red Bull Racing,21.0,81.033,10.0,288,11.0,SOFT,False,1,,,True,39.7,23.9,63.0,False,2024,11.0
HUL,Haas F1 Team,21.0,81.205,11.0,289,9.0,MEDIUM,True,1,,,True,39.7,23.9,63.0,False,2024,13.0
BOT,Kick Sauber,21.0,81.686,12.0,289,13.0,SOFT,False,1,,,True,39.7,23.9,63.0,False,2024,12.0
ZHO,Kick Sauber,21.0,81.79,13.0,290,12.0,MEDIUM,True,1,,,True,39.7,23.9,63.0,False,2024,15.0
STR,Aston Martin,21.0,81.212,14.0,291,5.0,MEDIUM,False,1,,,True,39.7,23.9,63.0,False,2024,14.0
MAG,Haas F1 Team,21.0,81.786,15.0,291,11.0,MEDIUM,True,1,,,True,39.7,23.9,63.0,False,2024,16.0
ALO,Aston Martin,21.0,80.488,16.0,292,3.0,MEDIUM,False,1,,,True,39.7,23.9,63.0,False,2024,10.0
TSU,RB,21.0,81.392,17.0,292,12.0,MEDIUM,True,1,,,True,39.7,23.9,63.0,False,2024,17.0
RIC,RB,21.0,80.964,18.0,293,5.0,MEDIUM,True,1,,,True,39.7,23.9,63.0,False,2024,18.0
SAR,Williams,21.0,81.34,19.0,293,7.0,MEDIUM,True,1,,,True,39.7,23.9,63.0,False,2024,19.0
ALB,Williams,21.0,80.288,20.0,294,3.0,SOFT,True,1,,,True,40.5,23.9,63.0,False,2024,20.0
NOR,McLaren,22.0,80.928,1.0,294,22.0,SOFT,True,1,,,True,40.5,23.9,63.0,False,2024,1.0
LEC,Ferrari,22.0,81.451,2.0,295,22.0,SOFT,True,1,,,True,40.5,23.9,63.0,False,2024,5.0
VER,Red Bull Racing,22.0,79.742,3.0,296,5.0,MEDIUM,True,1,,,True,40.5,23.9,63.0,False,2024,2.0
RUS,Mercedes,22.0,80.093,4.0,296,7.0,MEDIUM,True,1,,,True,40.5,23.9,63.0,False,2024,4.0
HAM,Mercedes,22.0,80.008,5.0,297,6.0,MEDIUM,True,1,,,True,40.5,23.9,63.0,False,2024,3.0
SAI,Ferrari,22.0,79.952,6.0,297,7.0,MEDIUM,True,1,,,True,40.5,23.9,63.0,False,2024,6.0
GAS,Alpine,22.0,80.544,7.0,297,8.0,MEDIUM,True,1,,,True,40.5,23.9,63.0,False,2024,7.0
OCO,Alpine,22.0,80.734,8.0,297,9.0,MEDIUM,True,1,,,True,40.5,23.9,63.0,False,2024,8.0
PER,Red Bull Racing,22.0,81.205,9.0,297,12.0,SOFT,False,1,,,True,40.5,23.9,63.0,False,2024,11.0
PIA,McLaren,22.0,99.096,10.0,298,1.0,MEDIUM,True,1,,0 days 01:26:00.290000,False,40.5,23.9,63.0,False,2024,9.0
HUL,Haas F1 Team,22.0,82.174,11.0,298,10.0,MEDIUM,True,1,,,True,40.5,23.9,63.0,False,2024,13.0
BOT,Kick Sauber,22.0,81.931,12.0,298,14.0,SOFT,False,1,,,True,41.3,23.7,64.0,False,2024,12.0
ZHO,Kick Sauber,22.0,81.671,13.0,299,13.0,MEDIUM,True,1,,,True,41.3,23.7,64.0,False,2024,15.0
STR,Aston Martin,22.0,81.328,14.0,300,6.0,MEDIUM,False,1,,,True,41.3,23.7,64.0,False,2024,14.0
MAG,Haas F1 Team,22.0,81.595,15.0,300,12.0,MEDIUM,True,1,,,True,41.3,23.7,64.0,False,2024,16.0
ALO,Aston Martin,22.0,80.345,16.0,301,4.0,MEDIUM,False,1,,,True,41.3,23.7,64.0,False,2024,10.0
RIC,RB,22.0,80.849,17.0,301,6.0,MEDIUM,True,1,,,True,41.3,23.7,64.0,False,2024,18.0
TSU,RB,22.0,83.793,18.0,301,13.0,MEDIUM,True,1,,,True,41.3,23.7,64.0,False,2024,17.0
SAR,Williams,22.0,81.884,19.0,302,8.0,MEDIUM,True,1,,,True,41.3,23.7,64.0,False,2024,19.0
ALB,Williams,22.0,80.494,20.0,303,4.0,SOFT,True,1,,,True,41.3,23.7,64.0,False,2024,20.0
NOR,McLaren,23.0,85.185,1.0,303,23.0,SOFT,True,1,0 days 01:28:04.732000,,False,41.3,23.7,64.0,False,2024,1.0
LEC,Ferrari,23.0,81.723,2.0,304,23.0,SOFT,True,1,,,True,41.3,23.7,64.0,False,2024,5.0
VER,Red Bull Racing,23.0,79.605,3.0,305,6.0,MEDIUM,True,1,,,True,41.3,23.7,64.0,False,2024,2.0
RUS,Mercedes,23.0,79.871,4.0,305,8.0,MEDIUM,True,1,,,True,41.3,23.7,64.0,False,2024,4.0
HAM,Mercedes,23.0,79.788,5.0,306,7.0,MEDIUM,True,1,,,True,41.3,23.7,64.0,False,2024,3.0
SAI,Ferrari,23.0,80.261,6.0,306,8.0,MEDIUM,True,1,,,True,42.7,23.8,62.0,False,2024,6.0
GAS,Alpine,23.0,80.419,7.0,306,9.0,MEDIUM,True,1,,,True,42.7,23.8,62.0,False,2024,7.0
OCO,Alpine,23.0,80.949,8.0,306,10.0,MEDIUM,True,1,,,True,42.7,23.8,62.0,False,2024,8.0
PER,Red Bull Racing,23.0,81.082,9.0,306,13.0,SOFT,False,1,,,True,42.7,23.8,62.0,False,2024,11.0
PIA,McLaren,23.0,79.833,10.0,307,2.0,MEDIUM,True,1,,,True,42.7,23.8,62.0,False,2024,9.0
HUL,Haas F1 Team,23.0,81.627,11.0,307,11.0,MEDIUM,True,1,,,True,42.7,23.8,62.0,False,2024,13.0
BOT,Kick Sauber,23.0,82.239,12.0,307,15.0,SOFT,False,1,,,True,42.7,23.8,62.0,False,2024,12.0
ZHO,Kick Sauber,23.0,81.796,13.0,308,14.0,MEDIUM,True,1,,,True,42.7,23.8,62.0,False,2024,15.0
STR,Aston Martin,23.0,81.366,14.0,309,7.0,MEDIUM,False,1,,,True,42.7,23.8,62.0,False,2024,14.0
ALO,Aston Martin,23.0,80.773,15.0,310,5.0,MEDIUM,False,1,,,True,42.7,23.8,62.0,False,2024,10.0
MAG,Haas F1 Team,23.0,82.566,16.0,310,13.0,MEDIUM,True,1,,,True,42.7,23.8,62.0,False,2024,16.0
RIC,RB,23.0,81.358,17.0,311,7.0,MEDIUM,True,1,,,True,42.7,23.8,62.0,False,2024,18.0
TSU,RB,23.0,81.748,18.0,311,14.0,MEDIUM,True,1,,,True,42.7,23.8,62.0,False,2024,17.0
SAR,Williams,23.0,81.942,19.0,312,9.0,MEDIUM,True,1,,,True,42.7,23.8,62.0,False,2024,19.0
ALB,Williams,23.0,81.052,20.0,313,5.0,SOFT,True,1,,,True,42.7,23.8,62.0,False,2024,20.0
VER,Red Bull Racing,24.0,79.701,1.0,313,7.0,MEDIUM,True,1,,,True,42.3,24.0,62.0,False,2024,2.0
LEC,Ferrari,24.0,85.337,2.0,313,24.0,SOFT,True,1,0 days 01:29:32.468000,,False,42.3,24.0,62.0,False,2024,5.0
RUS,Mercedes,24.0,80.032,3.0,314,9.0,MEDIUM,True,1,,,True,42.3,24.0,62.0,False,2024,4.0
HAM,Mercedes,24.0,80.059,4.0,315,8.0,MEDIUM,True,1,,,True,42.3,24.0,62.0,False,2024,3.0
SAI,Ferrari,24.0,80.205,5.0,315,9.0,MEDIUM,True,1,,,True,42.3,24.0,62.0,False,2024,6.0
NOR,McLaren,24.0,97.673,6.0,316,1.0,MEDIUM,True,1,,0 days 01:28:26.174000,False,42.3,24.0,62.0,False,2024,1.0
GAS,Alpine,24.0,80.496,7.0,316,10.0,MEDIUM,True,1,,,True,42.3,24.0,62.0,False,2024,7.0
OCO,Alpine,24.0,80.57,8.0,316,11.0,MEDIUM,True,1,,,True,42.3,24.0,62.0,False,2024,8.0
PER,Red Bull Racing,24.0,80.609,9.0,316,14.0,SOFT,False,1,,,True,42.3,24.0,62.0,False,2024,11.0
PIA,McLaren,24.0,79.991,10.0,317,3.0,MEDIUM,True,1,,,True,42.3,24.0,62.0,False,2024,9.0
HUL,Haas F1 Team,24.0,80.907,11.0,317,12.0,MEDIUM,True,1,,,True,42.3,24.0,62.0,False,2024,13.0
BOT,Kick Sauber,24.0,81.782,12.0,317,16.0,SOFT,False,1,,,True,42.3,24.0,62.0,False,2024,12.0
ZHO,Kick Sauber,24.0,81.561,13.0,318,15.0,MEDIUM,True,1,,,True,42.3,24.0,62.0,False,2024,15.0
STR,Aston Martin,24.0,81.568,14.0,319,8.0,MEDIUM,False,1,,,True,42.3,24.0,62.0,False,2024,14.0
ALO,Aston Martin,24.0,81.14,15.0,320,6.0,MEDIUM,False,1,,,True,42.3,24.0,62.0,False,2024,10.0
MAG,Haas F1 Team,24.0,82.057,16.0,320,14.0,MEDIUM,True,1,,,True,42.3,24.0,62.0,False,2024,16.0
RIC,RB,24.0,81.123,17.0,321,8.0,MEDIUM,True,1,,,True,42.3,24.0,62.0,False,2024,18.0
TSU,RB,24.0,81.615,18.0,321,15.0,MEDIUM,True,1,,,True,41.5,24.0,62.0,False,2024,17.0
ALB,Williams,24.0,81.181,19.0,322,6.0,SOFT,True,1,,,True,41.5,24.0,62.0,False,2024,20.0
SAR,Williams,24.0,83.109,20.0,322,10.0,MEDIUM,True,1,,,True,41.5,24.0,62.0,False,2024,19.0
VER,Red Bull Racing,25.0,79.363,1.0,323,8.0,MEDIUM,True,1,,,True,41.5,24.0,62.0,False,2024,2.0
RUS,Mercedes,25.0,79.772,2.0,323,10.0,MEDIUM,True,1,,,True,41.5,24.0,62.0,False,2024,4.0
HAM,Mercedes,25.0,79.972,3.0,324,9.0,MEDIUM,True,1,,,True,41.5,24.0,62.0,False,2024,3.0
SAI,Ferrari,25.0,79.709,4.0,324,10.0,MEDIUM,True,1,,,True,41.5,24.0,62.0,False,2024,6.0
NOR,McLaren,25.0,78.503,5.0,325,2.0,MEDIUM,True,1,,,True,41.5,24.0,62.0,False,2024,1.0
GAS,Alpine,25.0,80.637,6.0,325,11.0,MEDIUM,True,1,,,True,41.5,24.0,62.0,False,2024,7.0
LEC,Ferrari,25.0,98.462,7.0,326,1.0,MEDIUM,True,1,,0 days 01:29:54.744000,False,41.5,24.0,62.0,False,2024,5.0
OCO,Alpine,25.0,81.357,8.0,326,12.0,MEDIUM,True,1,,,True,41.5,24.0,62.0,False,2024,8.0
PER,Red Bull Racing,25.0,80.593,9.0,326,15.0,SOFT,False,1,,,True,41.5,24.0,62.0,False,2024,11.0
PIA,McLaren,25.0,79.731,10.0,327,4.0,MEDIUM,True,1,,,True,41.5,24.0,62.0,False,2024,9.0
HUL,Haas F1 Team,25.0,81.053,11.0,327,13.0,MEDIUM,True,1,,,True,41.5,24.0,62.0,False,2024,13.0
ZHO,Kick Sauber,25.0,80.469,12.0,327,16.0,MEDIUM,True,1,,,True,41.5,24.0,62.0,False,2024,15.0
BOT,Kick Sauber,25.0,83.041,13.0,327,17.0,SOFT,False,1,,,True,41.5,24.0,62.0,False,2024,12.0
STR,Aston Martin,25.0,81.131,14.0,328,9.0,MEDIUM,False,1,,,True,41.5,24.0,62.0,False,2024,14.0
ALO,Aston Martin,25.0,81.199,15.0,329,7.0,MEDIUM,False,1,,,True,41.5,24.0,62.0,False,2024,10.0
MAG,Haas F1 Team,25.0,81.716,16.0,329,15.0,MEDIUM,True,1,,,True,41.5,24.0,62.0,False,2024,16.0
RIC,RB,25.0,81.122,17.0,330,9.0,MEDIUM,True,1,,,True,41.5,24.0,62.0,False,2024,18.0
TSU,RB,25.0,81.791,18.0,330,16.0,MEDIUM,True,1,,,True,41.5,24.0,62.0,False,2024,17.0
ALB,Williams,25.0,80.945,19.0,331,7.0,SOFT,True,1,,,True,41.5,24.0,62.0,False,2024,20.0
SAR,Williams,25.0,82.33,20.0,331,11.0,MEDIUM,True,1,,,True,41.5,24.0,62.0,False,2024,19.0
VER,Red Bull Racing,26.0,79.882,1.0,332,9.0,MEDIUM,True,1,,,True,41.5,24.0,62.0,False,2024,2.0
RUS,Mercedes,26.0,80.279,2.0,332,11.0,MEDIUM,True,1,,,True,41.5,24.0,62.0,False,2024,4.0
HAM,Mercedes,26.0,79.915,3.0,333,10.0,MEDIUM,True,1,,,True,41.5,24.0,62.0,False,2024,3.0
SAI,Ferrari,26.0,80.273,4.0,333,11.0,MEDIUM,True,1,,,True,42.0,24.0,62.0,False,2024,6.0
NOR,McLaren,26.0,79.856,5.0,334,3.0,MEDIUM,True,1,,,True,42.0,24.0,62.0,False,2024,1.0
GAS,Alpine,26.0,80.468,6.0,334,12.0,MEDIUM,True,1,,,True,42.0,24.0,62.0,False,2024,7.0
LEC,Ferrari,26.0,79.381,7.0,335,2.0,MEDIUM,True,1,,,True,42.0,24.0,62.0,False,2024,5.0
OCO,Alpine,26.0,81.033,8.0,335,13.0,MEDIUM,True,1,,,True,42.0,24.0,62.0,False,2024,8.0
PER,Red Bull Racing,26.0,80.821,9.0,335,16.0,SOFT,False,1,,,True,42.0,24.0,62.0,False,2024,11.0
PIA,McLaren,26.0,79.853,10.0,336,5.0,MEDIUM,True,1,,,True,42.0,24.0,62.0,False,2024,9.0
HUL,Haas F1 Team,26.0,80.972,11.0,336,14.0,MEDIUM,True,1,,,True,42.0,24.0,62.0,False,2024,13.0
ZHO,Kick Sauber,26.0,81.268,12.0,336,17.0,MEDIUM,True,1,,,True,42.0,24.0,62.0,False,2024,15.0
STR,Aston Martin,26.0,81.092,13.0,337,10.0,MEDIUM,False,1,,,True,42.0,24.0,62.0,False,2024,14.0
BOT,Kick Sauber,26.0,83.001,14.0,337,18.0,SOFT,False,1,,,True,42.0,24.0,62.0,False,2024,12.0
ALO,Aston Martin,26.0,81.291,15.0,338,8.0,MEDIUM,False,1,,,True,42.0,24.0,62.0,False,2024,10.0
MAG,Haas F1 Team,26.0,81.817,16.0,338,16.0,MEDIUM,True,1,,,True,42.0,24.0,62.0,False,2024,16.0
RIC,RB,26.0,81.337,17.0,339,10.0,MEDIUM,True,1,,,True,42.0,24.0,62.0,False,2024,18.0
TSU,RB,26.0,82.011,18.0,339,17.0,MEDIUM,True,1,,,True,42.0,24.0,62.0,False,2024,17.0
ALB,Williams,26.0,81.477,19.0,340,8.0,SOFT,True,1,,,True,42.0,24.0,62.0,False,2024,20.0
SAR,Williams,26.0,82.547,20.0,340,12.0,MEDIUM,True,1,,,True,42.0,24.0,62.0,False,2024,19.0
VER,Red Bull Racing,27.0,79.694,1.0,341,10.0,MEDIUM,True,1,,,True,41.5,24.1,61.0,False,2024,2.0
RUS,Mercedes,27.0,80.222,2.0,341,12.0,MEDIUM,True,1,,,True,41.5,24.1,61.0,False,2024,4.0
HAM,Mercedes,27.0,80.59,3.0,342,11.0,MEDIUM,True,1,,,True,41.5,24.1,61.0,False,2024,3.0
NOR,McLaren,27.0,79.317,4.0,343,4.0,MEDIUM,True,1,,,True,41.5,24.1,61.0,False,2024,1.0
SAI,Ferrari,27.0,81.788,5.0,343,12.0,MEDIUM,True,1,,,True,41.5,24.1,61.0,False,2024,6.0
LEC,Ferrari,27.0,78.811,6.0,344,3.0,MEDIUM,True,1,,,True,41.5,24.1,61.0,False,2024,5.0
GAS,Alpine,27.0,81.618,7.0,344,13.0,MEDIUM,True,1,,,True,41.5,24.1,61.0,False,2024,7.0
OCO,Alpine,27.0,81.269,8.0,344,14.0,MEDIUM,True,1,,,True,41.5,24.1,61.0,False,2024,8.0
PER,Red Bull Racing,27.0,80.918,9.0,344,17.0,SOFT,False,1,,,True,41.5,24.1,61.0,False,2024,11.0
PIA,McLaren,27.0,80.231,10.0,345,6.0,MEDIUM,True,1,,,True,41.5,24.1,61.0,False,2024,9.0
HUL,Haas F1 Team,27.0,81.42,11.0,345,15.0,MEDIUM,True,1,,,True,41.5,24.1,61.0,False,2024,13.0
ZHO,Kick Sauber,27.0,81.179,12.0,345,18.0,MEDIUM,True,1,,,True,41.5,24.1,61.0,False,2024,15.0
STR,Aston Martin,27.0,81.3,13.0,346,11.0,MEDIUM,False,1,,,True,41.5,24.1,61.0,False,2024,14.0
ALO,Aston Martin,27.0,81.391,14.0,347,9.0,MEDIUM,False,1,,,True,41.5,24.1,61.0,False,2024,10.0
BOT,Kick Sauber,27.0,83.428,15.0,347,19.0,SOFT,False,1,,,True,41.5,24.1,61.0,False,2024,12.0
MAG,Haas F1 Team,27.0,82.342,16.0,348,17.0,MEDIUM,True,1,,,True,41.5,24.1,61.0,False,2024,16.0
RIC,RB,27.0,81.663,17.0,349,11.0,MEDIUM,True,1,,,True,42.0,24.2,62.0,False,2024,18.0
ALB,Williams,27.0,81.645,18.0,350,9.0,SOFT,True,1,,,True,42.0,24.2,62.0,False,2024,20.0
TSU,RB,27.0,85.581,19.0,350,18.0,MEDIUM,True,1,0 days 01:34:28.068000,,False,42.0,24.2,62.0,False,2024,17.0
SAR,Williams,27.0,82.578,20.0,351,13.0,MEDIUM,True,1,,,True,42.0,24.2,62.0,False,2024,19.0
VER,Red Bull Racing,28.0,80.101,1.0,352,11.0,MEDIUM,True,1,,,True,42.0,24.2,62.0,False,2024,2.0
RUS,Mercedes,28.0,80.201,2.0,352,13.0,MEDIUM,True,1,,,True,42.0,24.2,62.0,False,2024,4.0
HAM,Mercedes,28.0,80.236,3.0,353,12.0,MEDIUM,True,1,,,True,42.0,24.2,62.0,False,2024,3.0
NOR,McLaren,28.0,79.835,4.0,354,5.0,MEDIUM,True,1,,,True,42.0,24.2,62.0,False,2024,1.0
SAI,Ferrari,28.0,80.458,5.0,354,13.0,MEDIUM,True,1,,,True,42.0,24.2,62.0,False,2024,6.0
LEC,Ferrari,28.0,79.324,6.0,355,4.0,MEDIUM,True,1,,,True,42.0,24.2,62.0,False,2024,5.0
GAS,Alpine,28.0,81.281,7.0,355,14.0,MEDIUM,True,1,,,True,42.0,24.2,62.0,False,2024,7.0
OCO,Alpine,28.0,81.644,8.0,355,15.0,MEDIUM,True,1,,,True,42.0,24.2,62.0,False,2024,8.0
PIA,McLaren,28.0,80.626,9.0,356,7.0,MEDIUM,True,1,,,True,42.0,24.2,62.0,False,2024,9.0
PER,Red Bull Racing,28.0,82.179,10.0,356,18.0,SOFT,False,1,,,True,42.6,24.2,62.0,False,2024,11.0
HUL,Haas F1 Team,28.0,81.09,11.0,357,16.0,MEDIUM,True,1,,,True,42.6,24.2,62.0,False,2024,13.0
ZHO,Kick Sauber,28.0,81.254,12.0,357,19.0,MEDIUM,True,1,,,True,42.6,24.2,62.0,False,2024,15.0
STR,Aston Martin,28.0,81.244,13.0,358,12.0,MEDIUM,False,1,,,True,42.6,24.2,62.0,False,2024,14.0
ALO,Aston Martin,28.0,81.411,14.0,359,10.0,MEDIUM,False,1,,,True,42.6,24.2,62.0,False,2024,10.0
MAG,Haas F1 Team,28.0,81.945,15.0,359,18.0,MEDIUM,True,1,,,True,42.6,24.2,62.0,False,2024,16.0
BOT,Kick Sauber,28.0,85.577,16.0,359,20.0,SOFT,False,1,0 days 01:35:41.364000,,False,42.6,24.2,62.0,False,2024,12.0
RIC,RB,28.0,81.558,17.0,360,12.0,MEDIUM,True,1,,,True,42.6,24.2,62.0,False,2024,18.0
ALB,Williams,28.0,81.416,18.0,361,10.0,SOFT,True,1,,,True,42.6,24.2,62.0,False,2024,20.0
SAR,Williams,28.0,82.587,19.0,361,14.0,MEDIUM,True,1,,,True,42.6,24.2,62.0,False,2024,19.0
TSU,RB,28.0,99.737,20.0,362,1.0,HARD,True,1,,0 days 01:34:50.136000,False,42.6,24.2,62.0,False,2024,17.0
VER,Red Bull Racing,29.0,79.792,1.0,362,12.0,MEDIUM,True,1,,,True,42.6,24.2,62.0,False,2024,2.0
RUS,Mercedes,29.0,80.027,2.0,362,14.0,MEDIUM,True,1,,,True,42.6,24.2,62.0,False,2024,4.0
HAM,Mercedes,29.0,79.757,3.0,363,13.0,MEDIUM,True,1,,,True,43.0,24.2,61.0,False,2024,3.0
NOR,McLaren,29.0,79.72,4.0,364,6.0,MEDIUM,True,1,,,True,43.0,24.2,61.0,False,2024,1.0
SAI,Ferrari,29.0,80.061,5.0,364,14.0,MEDIUM,True,1,,,True,43.0,24.2,61.0,False,2024,6.0
LEC,Ferrari,29.0,79.482,6.0,365,5.0,MEDIUM,True,1,,,True,43.0,24.2,61.0,False,2024,5.0
GAS,Alpine,29.0,80.92,7.0,365,15.0,MEDIUM,True,1,,,True,43.0,24.2,61.0,False,2024,7.0
PIA,McLaren,29.0,79.823,8.0,366,8.0,MEDIUM,True,1,,,True,43.0,24.2,61.0,False,2024,9.0
OCO,Alpine,29.0,82.216,9.0,366,16.0,MEDIUM,True,1,,,True,43.0,24.2,61.0,False,2024,8.0
PER,Red Bull Racing,29.0,81.234,10.0,366,19.0,SOFT,False,1,,,True,43.0,24.2,61.0,False,2024,11.0
HUL,Haas F1 Team,29.0,80.979,11.0,367,17.0,MEDIUM,True,1,,,True,43.0,24.2,61.0,False,2024,13.0
ZHO,Kick Sauber,29.0,81.057,12.0,367,20.0,MEDIUM,True,1,,,True,43.0,24.2,61.0,False,2024,15.0
STR,Aston Martin,29.0,81.101,13.0,368,13.0,MEDIUM,False,1,,,True,43.0,24.2,61.0,False,2024,14.0
ALO,Aston Martin,29.0,81.457,14.0,369,11.0,MEDIUM,False,1,,,True,43.0,24.2,61.0,False,2024,10.0
RIC,RB,29.0,81.43,15.0,369,13.0,MEDIUM,True,1,,,True,43.0,24.2,61.0,False,2024,18.0
MAG,Haas F1 Team,29.0,85.381,16.0,369,19.0,MEDIUM,True,1,0 days 01:37:05.979000,,False,43.0,24.2,61.0,False,2024,16.0
ALB,Williams,29.0,81.102,17.0,370,11.0,SOFT,True,1,,,True,43.0,24.2,61.0,False,2024,20.0
SAR,Williams,29.0,82.425,18.0,370,15.0,MEDIUM,True,1,,,True,43.0,24.2,61.0,False,2024,19.0
BOT,Kick Sauber,29.0,99.622,19.0,371,1.0,HARD,True,1,,0 days 01:36:04.446000,False,42.7,24.3,62.0,False,2024,12.0
TSU,RB,29.0,79.573,20.0,371,2.0,HARD,True,1,,,True,42.7,24.3,62.0,False,2024,17.0
VER,Red Bull Racing,30.0,79.807,1.0,371,13.0,MEDIUM,True,1,,,True,42.7,24.3,62.0,False,2024,2.0
RUS,Mercedes,30.0,80.038,2.0,371,15.0,MEDIUM,True,1,,,True,42.7,24.3,62.0,False,2024,4.0
HAM,Mercedes,30.0,79.896,3.0,372,14.0,MEDIUM,True,1,,,True,42.7,24.3,62.0,False,2024,3.0
NOR,McLaren,30.0,79.389,4.0,373,7.0,MEDIUM,True,1,,,True,42.7,24.3,62.0,False,2024,1.0
SAI,Ferrari,30.0,80.376,5.0,373,15.0,MEDIUM,True,1,,,True,42.7,24.3,62.0,False,2024,6.0
LEC,Ferrari,30.0,79.675,6.0,374,6.0,MEDIUM,True,1,,,True,42.7,24.3,62.0,False,2024,5.0
GAS,Alpine,30.0,80.909,7.0,374,16.0,MEDIUM,True,1,,,True,42.7,24.3,62.0,False,2024,7.0
PIA,McLaren,30.0,80.01,8.0,375,9.0,MEDIUM,True,1,,,True,42.7,24.3,62.0,False,2024,9.0
PER,Red Bull Racing,30.0,81.403,9.0,375,20.0,SOFT,False,1,,,True,42.7,24.3,62.0,False,2024,11.0
OCO,Alpine,30.0,83.348,10.0,376,17.0,MEDIUM,True,1,,,True,42.7,24.3,62.0,False,2024,8.0
HUL,Haas F1 Team,30.0,81.198,11.0,376,18.0,MEDIUM,True,1,,,True,42.7,24.3,62.0,False,2024,13.0
ZHO,Kick Sauber,30.0,81.471,12.0,376,21.0,MEDIUM,True,1,,,True,42.7,24.3,62.0,False,2024,15.0
STR,Aston Martin,30.0,81.454,13.0,377,14.0,MEDIUM,False,1,,,True,42.7,24.3,62.0,False,2024,14.0
ALO,Aston Martin,30.0,81.426,14.0,378,12.0,MEDIUM,False,1,,,True,42.7,24.3,62.0,False,2024,10.0
RIC,RB,30.0,81.052,15.0,378,14.0,MEDIUM,True,1,,,True,42.7,24.3,61.0,False,2024,18.0
ALB,Williams,30.0,81.419,16.0,379,12.0,SOFT,True,1,,,True,42.7,24.3,61.0,False,2024,20.0
SAR,Williams,30.0,82.812,17.0,379,16.0,MEDIUM,True,1,,,True,42.7,24.3,61.0,False,2024,19.0
BOT,Kick Sauber,30.0,80.195,18.0,380,2.0,HARD,True,1,,,True,42.7,24.3,61.0,False,2024,12.0
TSU,RB,30.0,79.755,19.0,380,3.0,HARD,True,1,,,True,42.7,24.3,61.0,False,2024,17.0
MAG,Haas F1 Team,30.0,107.447,20.0,381,1.0,HARD,True,1,,0 days 01:37:34.733000,False,42.7,24.3,61.0,False,2024,16.0
VER,Red Bull Racing,31.0,80.011,1.0,381,14.0,MEDIUM,True,1,,,True,42.7,24.3,61.0,False,2024,2.0
RUS,Mercedes,31.0,80.338,2.0,381,16.0,MEDIUM,True,1,,,True,42.7,24.3,61.0,False,2024,4.0
HAM,Mercedes,31.0,80.327,3.0,382,15.0,MEDIUM,True,1,,,True,42.7,24.3,61.0,False,2024,3.0
NOR,McLaren,31.0,80.145,4.0,383,8.0,MEDIUM,True,1,,,True,42.7,24.3,61.0,False,2024,1.0
SAI,Ferrari,31.0,80.642,5.0,383,16.0,MEDIUM,True,1,,,True,42.7,24.3,61.0,False,2024,6.0
LEC,Ferrari,31.0,79.791,6.0,384,7.0,MEDIUM,True,1,,,True,42.7,24.3,61.0,False,2024,5.0
GAS,Alpine,31.0,80.944,7.0,384,17.0,MEDIUM,True,1,,,True,42.7,24.3,61.0,False,2024,7.0
PIA,McLaren,31.0,79.875,8.0,385,10.0,MEDIUM,True,1,,,True,42.7,24.3,61.0,False,2024,9.0
OCO,Alpine,31.0,81.776,9.0,385,18.0,MEDIUM,True,1,,,True,41.8,24.1,61.0,False,2024,8.0
PER,Red Bull Racing,31.0,85.42,10.0,385,21.0,SOFT,False,1,0 days 01:39:26.906000,,False,41.8,24.1,61.0,False,2024,11.0
HUL,Haas F1 Team,31.0,81.314,11.0,386,19.0,MEDIUM,True,1,,,True,41.8,24.1,61.0,False,2024,13.0
ZHO,Kick Sauber,31.0,81.426,12.0,386,22.0,MEDIUM,True,1,,,True,41.8,24.1,61.0,False,2024,15.0
STR,Aston Martin,31.0,81.481,13.0,387,15.0,MEDIUM,False,1,,,True,41.8,24.1,61.0,False,2024,14.0
ALO,Aston Martin,31.0,81.276,14.0,388,13.0,MEDIUM,False,1,,,True,41.8,24.1,61.0,False,2024,10.0
RIC,RB,31.0,81.542,15.0,388,15.0,MEDIUM,True,1,,,True,41.8,24.1,61.0,False,2024,18.0
ALB,Williams,31.0,81.252,16.0,389,13.0,SOFT,True,1,,,True,41.8,24.1,61.0,False,2024,20.0
SAR,Williams,31.0,82.721,17.0,389,17.0,MEDIUM,True,1,,,True,41.8,24.1,61.0,False,2024,19.0
BOT,Kick Sauber,31.0,80.47,18.0,390,3.0,HARD,True,1,,,True,41.8,24.1,61.0,False,2024,12.0
TSU,RB,31.0,80.378,19.0,390,4.0,HARD,True,1,,,True,41.8,24.1,61.0,False,2024,17.0
MAG,Haas F1 Team,31.0,80.045,20.0,391,2.0,HARD,True,1,,,True,41.8,24.1,61.0,False,2024,16.0
VER,Red Bull Racing,32.0,79.891,1.0,391,15.0,MEDIUM,True,1,,,True,41.8,24.1,61.0,False,2024,2.0
RUS,Mercedes,32.0,80.301,2.0,391,17.0,MEDIUM,True,1,,,True,41.8,24.1,61.0,False,2024,4.0
NOR,McLaren,32.0,79.868,3.0,392,9.0,MEDIUM,True,1,,,True,41.4,24.3,61.0,False,2024,1.0
HAM,Mercedes,32.0,81.357,4.0,392,16.0,MEDIUM,True,1,,,True,41.4,24.3,61.0,False,2024,3.0
SAI,Ferrari,32.0,80.183,5.0,392,17.0,MEDIUM,True,1,,,True,41.4,24.3,61.0,False,2024,6.0
LEC,Ferrari,32.0,79.509,6.0,393,8.0,MEDIUM,True,1,,,True,41.4,24.3,61.0,False,2024,5.0
GAS,Alpine,32.0,80.991,7.0,393,18.0,MEDIUM,True,1,,,True,41.4,24.3,61.0,False,2024,7.0
PIA,McLaren,32.0,80.425,8.0,394,11.0,MEDIUM,True,1,,,True,41.4,24.3,61.0,False,2024,9.0
OCO,Alpine,32.0,81.194,9.0,394,19.0,MEDIUM,True,1,,,True,41.4,24.3,61.0,False,2024,8.0
HUL,Haas F1 Team,32.0,81.445,10.0,394,20.0,MEDIUM,True,1,,,True,41.4,24.3,61.0,False,2024,13.0
ZHO,Kick Sauber,32.0,81.387,11.0,394,23.0,MEDIUM,True,1,,,True,41.4,24.3,61.0,False,2024,15.0
STR,Aston Martin,32.0,81.275,12.0,395,16.0,MEDIUM,False,1,,,True,41.4,24.3,61.0,False,2024,14.0
ALO,Aston Martin,32.0,80.904,13.0,396,14.0,MEDIUM,False,1,,,True,41.4,24.3,61.0,False,2024,10.0
PER,Red Bull Racing,32.0,96.491,14.0,397,1.0,MEDIUM,True,1,,0 days 01:39:48.261000,False,41.4,24.3,61.0,False,2024,11.0
RIC,RB,32.0,81.578,15.0,397,16.0,MEDIUM,True,1,,,True,41.4,24.3,61.0,False,2024,18.0
ALB,Williams,32.0,81.17,16.0,398,14.0,SOFT,True,1,,,True,41.4,24.3,61.0,False,2024,20.0
SAR,Williams,32.0,82.444,17.0,398,18.0,MEDIUM,True,1,,,True,40.6,24.4,61.0,False,2024,19.0
BOT,Kick Sauber,32.0,81.613,18.0,399,4.0,HARD,True,1,,,True,40.6,24.4,61.0,False,2024,12.0
TSU,RB,32.0,80.323,19.0,399,5.0,HARD,True,1,,,True,40.6,24.4,61.0,False,2024,17.0
MAG,Haas F1 Team,32.0,79.927,20.0,400,3.0,HARD,True,1,,,True,40.6,24.4,61.0,False,2024,16.0
VER,Red Bull Racing,33.0,79.836,1.0,400,16.0,MEDIUM,True,1,,,True,40.6,24.4,61.0,False,2024,2.0
RUS,Mercedes,33.0,80.178,2.0,400,18.0,MEDIUM,True,1,,,True,40.6,24.4,61.0,False,2024,4.0
NOR,McLaren,33.0,80.09,3.0,401,10.0,MEDIUM,True,1,,,True,40.6,24.4,61.0,False,2024,1.0
HAM,Mercedes,33.0,80.258,4.0,401,17.0,MEDIUM,True,1,,,True,40.6,24.4,61.0,False,2024,3.0
SAI,Ferrari,33.0,80.145,5.0,401,18.0,MEDIUM,True,1,,,True,40.6,24.4,61.0,False,2024,6.0
LEC,Ferrari,33.0,79.535,6.0,402,9.0,MEDIUM,True,1,,,True,40.6,24.4,61.0,False,2024,5.0
GAS,Alpine,33.0,80.939,7.0,402,19.0,MEDIUM,True,1,,,True,40.6,24.4,61.0,False,2024,7.0
PIA,McLaren,33.0,80.543,8.0,403,12.0,MEDIUM,True,1,,,True,40.6,24.4,61.0,False,2024,9.0
OCO,Alpine,33.0,81.433,9.0,403,20.0,MEDIUM,True,1,,,True,40.6,24.4,61.0,False,2024,8.0
HUL,Haas F1 Team,33.0,81.203,10.0,403,21.0,MEDIUM,True,1,,,True,40.6,24.4,61.0,False,2024,13.0
ZHO,Kick Sauber,33.0,80.995,11.0,403,24.0,MEDIUM,True,1,,,True,40.6,24.4,61.0,False,2024,15.0
STR,Aston Martin,33.0,80.972,12.0,404,17.0,MEDIUM,False,1,,,True,40.6,24.4,62.0,False,2024,14.0
ALO,Aston Martin,33.0,81.093,13.0,405,15.0,MEDIUM,False,1,,,True,40.6,24.4,62.0,False,2024,10.0
PER,Red Bull Racing,33.0,78.652,14.0,406,2.0,MEDIUM,True,1,,,True,40.6,24.4,62.0,False,2024,11.0
RIC,RB,33.0,81.117,15.0,406,17.0,MEDIUM,True,1,,,True,40.6,24.4,62.0,False,2024,18.0
ALB,Williams,33.0,80.993,16.0,407,15.0,SOFT,True,1,,,True,40.6,24.4,62.0,False,2024,20.0
BOT,Kick Sauber,33.0,80.565,17.0,408,5.0,HARD,True,1,,,True,40.6,24.4,62.0,False,2024,12.0
SAR,Williams,33.0,82.943,18.0,408,19.0,MEDIUM,True,1,,,True,40.6,24.4,62.0,False,2024,19.0
TSU,RB,33.0,80.172,19.0,409,6.0,HARD,True,1,,,True,40.6,24.4,62.0,False,2024,17.0
MAG,Haas F1 Team,33.0,79.805,20.0,410,4.0,HARD,True,1,,,True,40.6,24.4,62.0,False,2024,16.0
VER,Red Bull Racing,34.0,79.958,1.0,410,17.0,MEDIUM,True,1,,,True,40.6,24.4,62.0,False,2024,2.0
RUS,Mercedes,34.0,80.204,2.0,410,19.0,MEDIUM,True,1,,,True,40.6,24.4,62.0,False,2024,4.0
NOR,McLaren,34.0,79.855,3.0,411,11.0,MEDIUM,True,1,,,True,40.6,24.4,62.0,False,2024,1.0
HAM,Mercedes,34.0,79.986,4.0,411,18.0,MEDIUM,True,1,,,True,40.6,24.4,62.0,False,2024,3.0
SAI,Ferrari,34.0,80.231,5.0,411,19.0,MEDIUM,True,1,,,True,40.6,24.4,62.0,False,2024,6.0
LEC,Ferrari,34.0,79.61,6.0,412,10.0,MEDIUM,True,1,,,True,40.6,24.4,62.0,False,2024,5.0
PIA,McLaren,34.0,79.656,7.0,412,13.0,MEDIUM,True,1,,,True,40.6,24.4,62.0,False,2024,9.0
GAS,Alpine,34.0,82.534,8.0,412,20.0,MEDIUM,True,1,,,True,40.1,24.3,62.0,False,2024,7.0
OCO,Alpine,34.0,81.479,9.0,412,21.0,MEDIUM,True,1,,,True,40.1,24.3,62.0,False,2024,8.0
HUL,Haas F1 Team,34.0,81.627,10.0,412,22.0,MEDIUM,True,1,,,True,40.1,24.3,62.0,False,2024,13.0
ZHO,Kick Sauber,34.0,81.273,11.0,412,25.0,MEDIUM,True,1,,,True,40.1,24.3,62.0,False,2024,15.0
STR,Aston Martin,34.0,81.339,12.0,413,18.0,MEDIUM,False,1,,,True,40.1,24.3,62.0,False,2024,14.0
PER,Red Bull Racing,34.0,79.548,13.0,414,3.0,MEDIUM,True,1,,,True,40.1,24.3,62.0,False,2024,11.0
ALO,Aston Martin,34.0,81.916,14.0,414,16.0,MEDIUM,False,1,,,True,40.1,24.3,62.0,False,2024,10.0
RIC,RB,34.0,81.033,15.0,414,18.0,MEDIUM,True,1,,,True,40.1,24.3,62.0,False,2024,18.0
ALB,Williams,34.0,81.283,16.0,415,16.0,SOFT,True,1,,,True,40.1,24.3,62.0,False,2024,20.0
BOT,Kick Sauber,34.0,80.744,17.0,416,6.0,HARD,True,1,,,True,40.1,24.3,62.0,False,2024,12.0
TSU,RB,34.0,80.557,18.0,416,7.0,HARD,True,1,,,True,40.1,24.3,62.0,False,2024,17.0
SAR,Williams,34.0,85.825,19.0,416,20.0,MEDIUM,True,1,0 days 01:44:11.921000,,False,40.1,24.3,62.0,False,2024,19.0
MAG,Haas F1 Team,34.0,80.206,20.0,417,5.0,HARD,True,1,,,True,40.1,24.3,62.0,False,2024,16.0
VER,Red Bull Racing,35.0,80.185,1.0,417,18.0,MEDIUM,True,1,,,True,40.1,24.3,62.0,False,2024,2.0
NOR,McLaren,35.0,80.478,2.0,418,12.0,MEDIUM,True,1,,,True,40.1,24.3,62.0,False,2024,1.0
RUS,Mercedes,35.0,82.129,3.0,418,20.0,MEDIUM,True,1,,,True,40.1,24.3,62.0,False,2024,4.0
HAM,Mercedes,35.0,80.651,4.0,419,19.0,MEDIUM,True,1,,,True,40.1,24.3,62.0,False,2024,3.0
SAI,Ferrari,35.0,80.708,5.0,419,20.0,MEDIUM,True,1,,,True,40.1,24.3,62.0,False,2024,6.0
LEC,Ferrari,35.0,80.177,6.0,420,11.0,MEDIUM,True,1,,,True,40.1,24.3,62.0,False,2024,5.0
PIA,McLaren,35.0,79.796,7.0,420,14.0,MEDIUM,True,1,,,True,40.1,24.3,62.0,False,2024,9.0
GAS,Alpine,35.0,81.527,8.0,420,21.0,MEDIUM,True,1,,,True,40.1,24.3,62.0,False,2024,7.0
OCO,Alpine,35.0,81.702,9.0,420,22.0,MEDIUM,True,1,,,True,40.1,24.3,62.0,False,2024,8.0
HUL,Haas F1 Team,35.0,81.255,10.0,420,23.0,MEDIUM,True,1,,,True,40.1,24.3,62.0,False,2024,13.0
ZHO,Kick Sauber,35.0,81.418,11.0,420,26.0,MEDIUM,True,1,,,True,40.1,24.3,62.0,False,2024,15.0
PER,Red Bull Racing,35.0,79.316,12.0,421,4.0,MEDIUM,True,1,,,True,40.1,24.3,62.0,False,2024,11.0
STR,Aston Martin,35.0,82.413,13.0,421,19.0,MEDIUM,False,1,,,True,40.1,24.3,62.0,False,2024,14.0
ALO,Aston Martin,35.0,81.192,14.0,422,17.0,MEDIUM,False,1,,,True,40.1,24.3,62.0,False,2024,10.0
RIC,RB,35.0,81.17,15.0,422,19.0,MEDIUM,True,1,,,True,40.1,24.3,62.0,False,2024,18.0
ALB,Williams,35.0,81.636,16.0,423,17.0,SOFT,True,1,,,True,40.1,24.3,62.0,False,2024,20.0
BOT,Kick Sauber,35.0,80.666,17.0,424,7.0,HARD,True,1,,,True,40.2,24.1,62.0,False,2024,12.0
TSU,RB,35.0,80.188,18.0,424,8.0,HARD,True,1,,,True,40.2,24.1,62.0,False,2024,17.0
MAG,Haas F1 Team,35.0,80.298,19.0,425,6.0,HARD,True,1,,,True,40.2,24.1,62.0,False,2024,16.0
SAR,Williams,35.0,100.595,20.0,426,1.0,HARD,True,1,,0 days 01:44:34.356000,False,40.2,24.1,62.0,False,2024,19.0
VER,Red Bull Racing,36.0,79.926,1.0,426,19.0,MEDIUM,True,1,,,True,40.2,24.1,62.0,False,2024,2.0
NOR,McLaren,36.0,79.447,2.0,427,13.0,MEDIUM,True,1,,,True,40.2,24.1,62.0,False,2024,1.0
HAM,Mercedes,36.0,80.606,3.0,427,20.0,MEDIUM,True,1,,,True,40.2,24.1,62.0,False,2024,3.0
RUS,Mercedes,36.0,84.372,4.0,427,21.0,MEDIUM,True,1,0 days 01:45:44.829000,,False,40.2,24.1,62.0,False,2024,4.0
LEC,Ferrari,36.0,79.907,5.0,428,12.0,MEDIUM,True,1,,,True,40.2,24.1,62.0,False,2024,5.0
SAI,Ferrari,36.0,83.733,6.0,428,21.0,MEDIUM,True,1,0 days 01:45:48.748000,,False,40.2,24.1,62.0,False,2024,6.0
PIA,McLaren,36.0,79.728,7.0,429,15.0,MEDIUM,True,1,,,True,40.2,24.1,62.0,False,2024,9.0
GAS,Alpine,36.0,81.01,8.0,429,22.0,MEDIUM,True,1,,,True,40.2,24.1,62.0,False,2024,7.0
OCO,Alpine,36.0,81.423,9.0,429,23.0,MEDIUM,True,1,,,True,40.2,24.1,62.0,False,2024,8.0
HUL,Haas F1 Team,36.0,81.04,10.0,429,24.0,MEDIUM,True,1,,,True,40.2,24.1,62.0,False,2024,13.0
PER,Red Bull Racing,36.0,78.936,11.0,430,5.0,MEDIUM,True,1,,,True,40.9,24.0,63.0,False,2024,11.0
ZHO,Kick Sauber,36.0,82.152,12.0,430,27.0,MEDIUM,True,1,,,True,40.9,24.0,63.0,False,2024,15.0
STR,Aston Martin,36.0,81.262,13.0,431,20.0,MEDIUM,False,1,,,True,40.9,24.0,63.0,False,2024,14.0
ALO,Aston Martin,36.0,81.028,14.0,432,18.0,MEDIUM,False,1,,,True,40.9,24.0,63.0,False,2024,10.0
RIC,RB,36.0,81.059,15.0,432,20.0,MEDIUM,True,1,,,True,40.9,24.0,63.0,False,2024,18.0
ALB,Williams,36.0,81.479,16.0,433,18.0,SOFT,True,1,,,True,40.9,24.0,63.0,False,2024,20.0
BOT,Kick Sauber,36.0,80.604,17.0,434,8.0,HARD,True,1,,,True,40.9,24.0,63.0,False,2024,12.0
TSU,RB,36.0,82.771,18.0,434,9.0,HARD,True,1,,,True,40.9,24.0,63.0,False,2024,17.0
MAG,Haas F1 Team,36.0,80.48,19.0,435,7.0,HARD,True,1,,,True,40.9,24.0,63.0,False,2024,16.0
SAR,Williams,36.0,80.274,20.0,436,2.0,HARD,True,1,,,True,40.9,24.0,63.0,False,2024,19.0
VER,Red Bull Racing,37.0,79.803,1.0,436,20.0,MEDIUM,True,1,,,True,40.9,24.0,63.0,False,2024,2.0
NOR,McLaren,37.0,79.225,2.0,437,14.0,MEDIUM,True,1,,,True,40.9,24.0,63.0,False,2024,1.0
HAM,Mercedes,37.0,79.404,3.0,437,21.0,MEDIUM,True,1,,,True,40.9,24.0,63.0,False,2024,3.0
LEC,Ferrari,37.0,79.553,4.0,438,13.0,MEDIUM,True,1,,,True,40.9,24.0,63.0,False,2024,5.0
PIA,McLaren,37.0,79.661,5.0,438,16.0,MEDIUM,True,1,,,True,40.9,24.0,63.0,False,2024,9.0
GAS,Alpine,37.0,81.282,6.0,438,23.0,MEDIUM,True,1,,,True,41.5,24.1,62.0,False,2024,7.0
RUS,Mercedes,37.0,99.351,7.0,439,1.0,HARD,True,1,,0 days 01:46:07.602000,False,41.5,24.1,62.0,False,2024,4.0
SAI,Ferrari,37.0,98.592,8.0,440,1.0,HARD,True,1,,0 days 01:46:10.881000,False,41.5,24.1,62.0,False,2024,6.0
HUL,Haas F1 Team,37.0,81.02,9.0,440,25.0,MEDIUM,True,1,,,True,41.5,24.1,62.0,False,2024,13.0
OCO,Alpine,37.0,85.378,10.0,441,24.0,MEDIUM,True,1,0 days 01:47:37.079000,,False,41.5,24.1,62.0,False,2024,8.0
PER,Red Bull Racing,37.0,79.059,11.0,442,6.0,MEDIUM,True,1,,,True,41.5,24.1,62.0,False,2024,11.0
ZHO,Kick Sauber,37.0,81.523,12.0,442,28.0,MEDIUM,True,1,,,True,41.5,24.1,62.0,False,2024,15.0
ALO,Aston Martin,37.0,80.993,13.0,443,19.0,MEDIUM,False,1,,,True,41.5,24.1,62.0,False,2024,10.0
STR,Aston Martin,37.0,85.201,14.0,443,21.0,MEDIUM,False,1,0 days 01:47:49.972000,,False,41.5,24.1,62.0,False,2024,14.0
RIC,RB,37.0,81.14,15.0,444,21.0,MEDIUM,True,1,,,True,41.5,24.1,62.0,False,2024,18.0
ALB,Williams,37.0,81.577,16.0,445,19.0,SOFT,True,1,,,True,41.5,24.1,62.0,False,2024,20.0
BOT,Kick Sauber,37.0,80.815,17.0,446,9.0,HARD,True,1,,,True,41.5,24.1,62.0,False,2024,12.0
TSU,RB,37.0,80.653,18.0,446,10.0,HARD,True,1,,,True,41.5,24.1,62.0,False,2024,17.0
MAG,Haas F1 Team,37.0,80.488,19.0,447,8.0,HARD,True,1,,,True,41.5,24.1,62.0,False,2024,16.0
SAR,Williams,37.0,80.402,20.0,448,3.0,HARD,True,1,,,True,41.5,24.1,62.0,False,2024,19.0
VER,Red Bull Racing,38.0,79.813,1.0,448,21.0,MEDIUM,True,1,,,True,41.5,24.1,62.0,False,2024,2.0
NOR,McLaren,38.0,79.307,2.0,449,15.0,MEDIUM,True,1,,,True,41.5,24.1,62.0,False,2024,1.0
HAM,Mercedes,38.0,79.658,3.0,449,22.0,MEDIUM,True,1,,,True,41.5,24.1,62.0,False,2024,3.0
LEC,Ferrari,38.0,79.64,4.0,450,14.0,MEDIUM,True,1,,,True,41.5,24.1,62.0,False,2024,5.0
PIA,McLaren,38.0,79.785,5.0,450,17.0,MEDIUM,True,1,,,True,41.5,24.1,62.0,False,2024,9.0
RUS,Mercedes,38.0,78.367,6.0,451,2.0,HARD,True,1,,,True,41.5,24.1,62.0,False,2024,4.0
SAI,Ferrari,38.0,78.86,7.0,452,2.0,HARD,True,1,,,True,41.5,24.1,62.0,False,2024,6.0
GAS,Alpine,38.0,85.413,8.0,452,24.0,MEDIUM,True,1,0 days 01:48:49.378000,,False,41.5,24.1,62.0,False,2024,7.0
PER,Red Bull Racing,38.0,79.488,9.0,453,7.0,MEDIUM,True,1,,,True,41.5,24.1,62.0,False,2024,11.0
HUL,Haas F1 Team,38.0,84.542,10.0,453,26.0,MEDIUM,True,1,0 days 01:49:01.084000,,False,41.5,24.1,62.0,False,2024,13.0
ZHO,Kick Sauber,38.0,81.23,11.0,453,29.0,MEDIUM,True,1,,,True,41.5,24.1,62.0,False,2024,15.0
ALO,Aston Martin,38.0,80.536,12.0,454,20.0,MEDIUM,False,1,,,True,41.5,24.1,62.0,False,2024,10.0
RIC,RB,38.0,81.188,13.0,454,22.0,MEDIUM,True,1,,,True,41.5,24.1,62.0,False,2024,18.0
OCO,Alpine,38.0,97.672,14.0,455,1.0,HARD,True,1,,0 days 01:47:59.081000,False,41.5,24.1,62.0,False,2024,8.0
ALB,Williams,38.0,81.737,15.0,455,20.0,SOFT,True,1,,,True,41.2,24.1,61.0,False,2024,20.0
BOT,Kick Sauber,38.0,80.773,16.0,456,10.0,HARD,True,1,,,True,41.2,24.1,61.0,False,2024,12.0
STR,Aston Martin,38.0,100.958,17.0,457,2.0,HARD,False,1,,0 days 01:48:13.366000,False,41.2,24.1,61.0,False,2024,14.0
TSU,RB,38.0,80.849,18.0,457,11.0,HARD,True,1,,,True,41.2,24.1,61.0,False,2024,17.0
MAG,Haas F1 Team,38.0,80.327,19.0,458,9.0,HARD,True,1,,,True,41.2,24.1,61.0,False,2024,16.0
SAR,Williams,38.0,80.172,20.0,459,4.0,HARD,True,1,,,True,41.2,24.1,61.0,False,2024,19.0
VER,Red Bull Racing,39.0,79.669,1.0,459,22.0,MEDIUM,True,1,,,True,41.2,24.1,61.0,False,2024,2.0
NOR,McLaren,39.0,79.215,2.0,460,16.0,MEDIUM,True,1,,,True,41.2,24.1,61.0,False,2024,1.0
HAM,Mercedes,39.0,80.037,3.0,460,23.0,MEDIUM,True,1,,,True,41.2,24.1,61.0,False,2024,3.0
LEC,Ferrari,39.0,79.459,4.0,461,15.0,MEDIUM,True,1,,,True,41.2,24.1,61.0,False,2024,5.0
PIA,McLaren,39.0,79.78,5.0,461,18.0,MEDIUM,True,1,,,True,41.2,24.1,61.0,False,2024,9.0
RUS,Mercedes,39.0,78.964,6.0,462,3.0,HARD,True,1,,,True,41.2,24.1,61.0,False,2024,4.0
SAI,Ferrari,39.0,78.539,7.0,463,3.0,HARD,True,1,,,True,41.2,24.1,61.0,False,2024,6.0
PER,Red Bull Racing,39.0,78.99,8.0,463,8.0,MEDIUM,True,1,,,True,41.2,24.1,61.0,False,2024,11.0
ZHO,Kick Sauber,39.0,81.386,9.0,463,30.0,MEDIUM,True,1,,,True,39.8,24.1,62.0,False,2024,15.0
GAS,Alpine,39.0,97.749,10.0,464,1.0,HARD,True,1,,0 days 01:49:10.993000,False,39.8,24.1,62.0,False,2024,7.0
ALO,Aston Martin,39.0,82.382,11.0,464,21.0,MEDIUM,False,1,,,True,39.8,24.1,62.0,False,2024,10.0
RIC,RB,39.0,82.205,12.0,464,23.0,MEDIUM,True,1,,,True,39.8,24.1,62.0,False,2024,18.0
OCO,Alpine,39.0,81.476,13.0,465,2.0,HARD,True,1,,,True,39.8,24.1,62.0,False,2024,8.0
HUL,Haas F1 Team,39.0,99.454,14.0,466,1.0,HARD,True,1,,0 days 01:49:23.628000,False,39.8,24.1,62.0,False,2024,13.0
ALB,Williams,39.0,82.269,15.0,466,21.0,SOFT,True,1,,,True,39.8,24.1,62.0,False,2024,20.0
BOT,Kick Sauber,39.0,82.774,16.0,467,11.0,HARD,True,1,,,True,39.8,24.1,62.0,False,2024,12.0
STR,Aston Martin,39.0,80.421,17.0,468,3.0,HARD,False,1,,,True,39.8,24.1,62.0,False,2024,14.0
TSU,RB,39.0,81.026,18.0,468,12.0,HARD,True,1,,,True,39.8,24.1,62.0,False,2024,17.0
MAG,Haas F1 Team,39.0,80.62,19.0,469,10.0,HARD,True,1,,,True,39.8,24.1,62.0,False,2024,16.0
SAR,Williams,39.0,80.416,20.0,470,5.0,HARD,True,1,,,True,39.8,24.1,62.0,False,2024,19.0
VER,Red Bull Racing,40.0,80.31,1.0,470,23.0,MEDIUM,True,1,,,True,39.8,24.1,62.0,False,2024,2.0
NOR,McLaren,40.0,79.745,2.0,471,17.0,MEDIUM,True,1,,,True,39.8,24.1,62.0,False,2024,1.0
HAM,Mercedes,40.0,80.032,3.0,471,24.0,MEDIUM,True,1,,,True,39.8,24.1,62.0,False,2024,3.0
LEC,Ferrari,40.0,79.665,4.0,472,16.0,MEDIUM,True,1,,,True,39.8,24.1,62.0,False,2024,5.0
PIA,McLaren,40.0,79.659,5.0,472,19.0,MEDIUM,True,1,,,True,39.8,24.1,62.0,False,2024,9.0
RUS,Mercedes,40.0,79.428,6.0,473,4.0,HARD,True,1,,,True,39.5,24.0,62.0,False,2024,4.0
SAI,Ferrari,40.0,79.184,7.0,474,4.0,HARD,True,1,,,True,39.5,24.0,62.0,False,2024,6.0
PER,Red Bull Racing,40.0,79.367,8.0,474,9.0,MEDIUM,True,1,,,True,39.5,24.0,62.0,False,2024,11.0
GAS,Alpine,40.0,79.539,9.0,475,2.0,HARD,True,1,,,True,39.5,24.0,62.0,False,2024,7.0
ZHO,Kick Sauber,40.0,82.219,10.0,475,31.0,MEDIUM,True,1,,,True,39.5,24.0,62.0,False,2024,15.0
ALO,Aston Martin,40.0,81.113,11.0,476,22.0,MEDIUM,False,1,,,True,39.5,24.0,62.0,False,2024,10.0
OCO,Alpine,40.0,79.592,12.0,477,3.0,HARD,True,1,,,True,39.5,24.0,62.0,False,2024,8.0
RIC,RB,40.0,82.415,13.0,477,24.0,MEDIUM,True,1,,,True,39.5,24.0,62.0,False,2024,18.0
HUL,Haas F1 Team,40.0,80.452,14.0,478,2.0,HARD,True,1,,,True,39.5,24.0,62.0,False,2024,13.0
ALB,Williams,40.0,81.587,15.0,478,22.0,SOFT,True,1,,,True,39.5,24.0,62.0,False,2024,20.0
BOT,Kick Sauber,40.0,81.055,16.0,479,12.0,HARD,True,1,,,True,39.5,24.0,62.0,False,2024,12.0
STR,Aston Martin,40.0,80.289,17.0,480,4.0,HARD,False,1,,,True,39.5,24.0,62.0,False,2024,14.0
TSU,RB,40.0,82.1,18.0,480,13.0,HARD,True,1,,,True,39.5,24.0,62.0,False,2024,17.0
MAG,Haas F1 Team,40.0,81.685,19.0,481,11.0,HARD,True,1,,,True,39.5,24.0,62.0,False,2024,16.0
SAR,Williams,40.0,80.448,20.0,482,6.0,HARD,True,1,,,True,39.7,24.0,64.0,False,2024,19.0
VER,Red Bull Racing,41.0,79.648,1.0,482,24.0,MEDIUM,True,1,,,True,39.5,24.0,62.0,False,2024,2.0
NOR,McLaren,41.0,78.911,2.0,483,18.0,MEDIUM,True,1,,,True,39.5,24.0,62.0,False,2024,1.0
HAM,Mercedes,41.0,79.6,3.0,483,25.0,MEDIUM,True,1,,,True,39.7,24.0,64.0,False,2024,3.0
LEC,Ferrari,41.0,79.662,4.0,484,17.0,MEDIUM,True,1,,,True,39.7,24.0,64.0,False,2024,5.0
PIA,McLaren,41.0,79.622,5.0,484,20.0,MEDIUM,True,1,,,True,39.7,24.0,64.0,False,2024,9.0
RUS,Mercedes,41.0,78.982,6.0,485,5.0,HARD,True,1,,,True,39.7,24.0,64.0,False,2024,4.0
SAI,Ferrari,41.0,78.909,7.0,486,5.0,HARD,True,1,,,True,39.7,24.0,64.0,False,2024,6.0
PER,Red Bull Racing,41.0,79.387,8.0,486,10.0,MEDIUM,True,1,,,True,39.7,24.0,64.0,False,2024,11.0
GAS,Alpine,41.0,80.018,9.0,487,3.0,HARD,True,1,,,True,39.7,24.0,64.0,False,2024,7.0
ALO,Aston Martin,41.0,81.139,10.0,487,23.0,MEDIUM,False,1,,,True,39.7,24.0,64.0,False,2024,10.0
ZHO,Kick Sauber,41.0,85.635,11.0,487,32.0,MEDIUM,True,1,0 days 01:53:14.586000,,False,39.7,24.0,64.0,False,2024,15.0
OCO,Alpine,41.0,79.889,12.0,488,4.0,HARD,True,1,,,True,39.7,24.0,64.0,False,2024,8.0
RIC,RB,41.0,81.54,13.0,488,25.0,MEDIUM,True,1,,,True,39.7,23.9,64.0,False,2024,18.0
HUL,Haas F1 Team,41.0,80.122,14.0,489,3.0,HARD,True,1,,,True,39.7,23.9,64.0,False,2024,13.0
ALB,Williams,41.0,82.155,15.0,489,23.0,SOFT,True,1,,,True,39.7,23.9,64.0,False,2024,20.0
STR,Aston Martin,41.0,80.921,16.0,490,5.0,HARD,False,1,,,True,39.7,23.9,64.0,False,2024,14.0
BOT,Kick Sauber,41.0,84.249,17.0,490,13.0,HARD,True,1,,,True,39.7,23.9,64.0,False,2024,12.0
TSU,RB,41.0,81.475,18.0,490,14.0,HARD,True,1,,,True,39.7,23.9,64.0,False,2024,17.0
MAG,Haas F1 Team,41.0,80.948,19.0,491,12.0,HARD,True,1,,,True,39.7,23.9,64.0,False,2024,16.0
SAR,Williams,41.0,80.747,20.0,492,7.0,HARD,True,1,,,True,39.7,23.9,64.0,False,2024,19.0
VER,Red Bull Racing,42.0,79.92,1.0,492,25.0,MEDIUM,True,1,,,True,39.7,23.9,64.0,False,2024,2.0
NOR,McLaren,42.0,79.511,2.0,493,19.0,MEDIUM,True,1,,,True,39.7,23.9,64.0,False,2024,1.0
HAM,Mercedes,42.0,80.224,3.0,493,26.0,MEDIUM,True,1,,,True,39.7,23.9,64.0,False,2024,3.0
LEC,Ferrari,42.0,79.781,4.0,494,18.0,MEDIUM,True,1,,,True,39.7,23.9,64.0,False,2024,5.0
PIA,McLaren,42.0,79.93,5.0,494,21.0,MEDIUM,True,1,,,True,39.7,23.9,64.0,False,2024,9.0
RUS,Mercedes,42.0,79.033,6.0,495,6.0,HARD,True,1,,,True,39.7,23.9,64.0,False,2024,4.0
SAI,Ferrari,42.0,79.135,7.0,496,6.0,HARD,True,1,,,True,39.7,23.9,64.0,False,2024,6.0
PER,Red Bull Racing,42.0,79.072,8.0,496,11.0,MEDIUM,True,1,,,True,39.7,23.9,64.0,False,2024,11.0
GAS,Alpine,42.0,79.64,9.0,497,4.0,HARD,True,1,,,True,39.5,23.9,63.0,False,2024,7.0
ALO,Aston Martin,42.0,80.537,10.0,497,24.0,MEDIUM,False,1,,,True,39.5,23.9,63.0,False,2024,10.0
OCO,Alpine,42.0,79.705,11.0,498,5.0,HARD,True,1,,,True,39.5,23.9,63.0,False,2024,8.0
HUL,Haas F1 Team,42.0,80.356,12.0,499,4.0,HARD,True,1,,,True,39.5,23.9,63.0,False,2024,13.0
RIC,RB,42.0,84.891,13.0,499,26.0,MEDIUM,True,1,0 days 01:54:44.918000,,False,39.5,23.9,63.0,False,2024,18.0
ALB,Williams,42.0,84.25,14.0,500,24.0,SOFT,True,1,,,True,39.5,23.9,63.0,False,2024,20.0
STR,Aston Martin,42.0,80.926,15.0,501,6.0,HARD,False,1,,,True,39.5,23.9,63.0,False,2024,14.0
BOT,Kick Sauber,42.0,80.477,16.0,501,14.0,HARD,True,1,,,True,39.5,23.9,63.0,False,2024,12.0
ZHO,Kick Sauber,42.0,101.908,17.0,502,1.0,HARD,True,1,,0 days 01:53:38.831000,False,39.5,23.9,63.0,False,2024,15.0
MAG,Haas F1 Team,42.0,80.912,18.0,502,13.0,HARD,True,1,,,True,39.5,23.9,63.0,False,2024,16.0
TSU,RB,42.0,84.313,19.0,502,15.0,HARD,True,1,,,True,39.5,23.9,63.0,False,2024,17.0
SAR,Williams,42.0,82.818,20.0,503,8.0,HARD,True,1,,,True,39.5,23.9,63.0,False,2024,19.0
VER,Red Bull Racing,43.0,80.301,1.0,503,26.0,MEDIUM,True,1,,,True,39.5,23.9,63.0,False,2024,2.0
NOR,McLaren,43.0,79.499,2.0,504,20.0,MEDIUM,True,1,,,True,39.5,23.9,63.0,False,2024,1.0
LEC,Ferrari,43.0,79.981,3.0,505,19.0,MEDIUM,True,1,,,True,39.5,23.9,63.0,False,2024,5.0
HAM,Mercedes,43.0,84.149,4.0,505,27.0,MEDIUM,True,1,0 days 01:55:04.969000,,False,39.5,23.9,63.0,False,2024,3.0
PIA,McLaren,43.0,80.15,5.0,506,22.0,MEDIUM,True,1,,,True,39.5,23.9,63.0,False,2024,9.0
RUS,Mercedes,43.0,79.306,6.0,507,7.0,HARD,True,1,,,True,39.5,23.9,63.0,False,2024,4.0
SAI,Ferrari,43.0,79.157,7.0,508,7.0,HARD,True,1,,,True,39.5,23.9,63.0,False,2024,6.0
PER,Red Bull Racing,43.0,79.48,8.0,508,12.0,MEDIUM,True,1,,,True,39.5,23.9,63.0,False,2024,11.0
GAS,Alpine,43.0,79.825,9.0,509,5.0,HARD,True,1,,,True,39.5,23.9,63.0,False,2024,7.0
ALO,Aston Martin,43.0,80.435,10.0,509,25.0,MEDIUM,False,1,,,True,39.5,23.9,63.0,False,2024,10.0
OCO,Alpine,43.0,79.626,11.0,510,6.0,HARD,True,1,,,True,39.5,23.9,63.0,False,2024,8.0
HUL,Haas F1 Team,43.0,79.023,12.0,511,5.0,HARD,True,1,,,True,39.5,23.9,63.0,False,2024,13.0
STR,Aston Martin,43.0,81.539,13.0,511,7.0,HARD,False,1,,,True,39.5,23.9,63.0,False,2024,14.0
ZHO,Kick Sauber,43.0,78.979,14.0,512,2.0,HARD,True,1,,,True,39.5,23.9,63.0,False,2024,15.0
ALB,Williams,43.0,85.925,15.0,512,25.0,SOFT,True,1,0 days 01:56:17.090000,,False,39.5,23.9,63.0,False,2024,20.0
BOT,Kick Sauber,43.0,82.645,16.0,513,15.0,HARD,True,1,,,True,39.5,23.9,63.0,False,2024,12.0
MAG,Haas F1 Team,43.0,81.033,17.0,514,14.0,HARD,True,1,,,True,40.0,23.9,64.0,False,2024,16.0
TSU,RB,43.0,80.875,18.0,514,16.0,HARD,True,1,,,True,40.0,23.9,64.0,False,2024,17.0
RIC,RB,43.0,101.373,19.0,515,1.0,HARD,True,1,,0 days 01:55:07.058000,False,40.0,23.9,64.0,False,2024,18.0
SAR,Williams,43.0,82.152,20.0,515,9.0,HARD,True,1,,,True,40.0,23.9,64.0,False,2024,19.0
VER,Red Bull Racing,44.0,83.427,1.0,515,27.0,MEDIUM,True,1,0 days 01:56:12.895000,,False,39.5,23.9,63.0,False,2024,2.0
NOR,McLaren,44.0,79.457,2.0,516,21.0,MEDIUM,True,1,,,True,39.5,23.9,63.0,False,2024,1.0
LEC,Ferrari,44.0,80.064,3.0,517,20.0,MEDIUM,True,1,,,True,40.0,23.9,64.0,False,2024,5.0
PIA,McLaren,44.0,79.925,4.0,517,23.0,MEDIUM,True,1,,,True,40.0,23.9,64.0,False,2024,9.0
RUS,Mercedes,44.0,79.019,5.0,518,8.0,HARD,True,1,,,True,40.0,23.9,64.0,False,2024,4.0
SAI,Ferrari,44.0,79.192,6.0,519,8.0,HARD,True,1,,,True,40.0,23.9,64.0,False,2024,6.0
HAM,Mercedes,44.0,96.194,7.0,520,4.0,SOFT,False,1,,0 days 01:55:26.245000,False,40.0,23.9,64.0,False,2024,3.0
PER,Red Bull Racing,44.0,79.617,8.0,520,13.0,MEDIUM,True,1,,,True,40.0,23.9,64.0,False,2024,11.0
GAS,Alpine,44.0,79.618,9.0,521,6.0,HARD,True,1,,,True,40.0,23.9,64.0,False,2024,7.0
ALO,Aston Martin,44.0,80.539,10.0,521,26.0,MEDIUM,False,1,,,True,40.0,23.9,64.0,False,2024,10.0
OCO,Alpine,44.0,79.81,11.0,522,7.0,HARD,True,1,,,True,40.0,23.9,64.0,False,2024,8.0
HUL,Haas F1 Team,44.0,79.532,12.0,523,6.0,HARD,True,1,,,True,41.0,23.8,64.0,False,2024,13.0
ZHO,Kick Sauber,44.0,79.246,13.0,524,3.0,HARD,True,1,,,True,41.0,23.8,64.0,False,2024,15.0
STR,Aston Martin,44.0,81.548,14.0,524,8.0,HARD,False,1,,,True,41.0,23.8,64.0,False,2024,14.0
BOT,Kick Sauber,44.0,81.338,15.0,524,16.0,HARD,True,1,,,True,41.0,23.8,64.0,False,2024,12.0
MAG,Haas F1 Team,44.0,81.124,16.0,525,15.0,HARD,True,1,,,True,41.0,23.8,64.0,False,2024,16.0
RIC,RB,44.0,81.034,17.0,526,2.0,HARD,True,1,,,True,41.0,23.8,64.0,False,2024,18.0
TSU,RB,44.0,86.386,18.0,526,17.0,HARD,True,1,0 days 01:57:49.142000,,False,41.0,23.8,64.0,False,2024,17.0
ALB,Williams,44.0,97.415,19.0,527,1.0,SOFT,True,1,,0 days 01:56:38.873000,False,41.0,23.8,64.0,False,2024,20.0
SAR,Williams,44.0,82.888,20.0,527,10.0,HARD,True,1,,,True,41.0,23.8,64.0,False,2024,19.0
NOR,McLaren,45.0,78.754,1.0,527,22.0,MEDIUM,True,1,,,True,41.0,23.8,64.0,False,2024,1.0
LEC,Ferrari,45.0,79.901,2.0,528,21.0,MEDIUM,True,1,,,True,41.0,23.8,64.0,False,2024,5.0
VER,Red Bull Racing,45.0,97.053,3.0,529,1.0,SOFT,True,1,,0 days 01:56:35.276000,False,41.0,23.8,64.0,False,2024,2.0
PIA,McLaren,45.0,80.667,4.0,529,24.0,MEDIUM,True,1,,,True,41.0,23.8,64.0,False,2024,9.0
RUS,Mercedes,45.0,79.632,5.0,530,9.0,HARD,True,1,,,True,41.0,23.8,64.0,False,2024,4.0
SAI,Ferrari,45.0,79.136,6.0,531,9.0,HARD,True,1,,,True,41.0,23.8,64.0,False,2024,6.0
HAM,Mercedes,45.0,78.759,7.0,532,5.0,SOFT,False,1,,,True,41.0,23.8,64.0,False,2024,3.0
PER,Red Bull Racing,45.0,79.469,8.0,532,14.0,MEDIUM,True,1,,,True,41.0,23.8,64.0,False,2024,11.0
GAS,Alpine,45.0,79.516,9.0,533,7.0,HARD,True,1,,,True,41.1,23.9,64.0,False,2024,7.0
OCO,Alpine,45.0,79.706,10.0,533,8.0,HARD,True,1,,,True,41.1,23.9,64.0,False,2024,8.0
ALO,Aston Martin,45.0,84.032,11.0,533,27.0,MEDIUM,False,1,0 days 01:58:37.626000,,False,41.1,23.9,64.0,False,2024,10.0
HUL,Haas F1 Team,45.0,79.415,12.0,534,7.0,HARD,True,1,,,True,41.1,23.9,64.0,False,2024,13.0
ZHO,Kick Sauber,45.0,79.373,13.0,535,4.0,HARD,True,1,,,True,41.1,23.9,64.0,False,2024,15.0
STR,Aston Martin,45.0,80.288,14.0,535,9.0,HARD,False,1,,,True,41.1,23.9,64.0,False,2024,14.0
BOT,Kick Sauber,45.0,80.81,15.0,535,17.0,HARD,True,1,,,True,41.1,23.9,64.0,False,2024,12.0
MAG,Haas F1 Team,45.0,80.884,16.0,536,16.0,HARD,True,1,,,True,41.1,23.9,64.0,False,2024,16.0
RIC,RB,45.0,82.469,17.0,537,3.0,HARD,True,1,,,True,41.1,23.9,64.0,False,2024,18.0
ALB,Williams,45.0,79.132,18.0,538,2.0,SOFT,True,1,,,True,41.1,23.9,64.0,False,2024,20.0
SAR,Williams,45.0,80.945,19.0,538,11.0,HARD,True,1,,,True,42.5,24.1,62.0,False,2024,19.0
TSU,RB,45.0,101.067,20.0,539,1.0,SOFT,True,1,,0 days 01:58:11.690000,False,42.5,24.1,62.0,False,2024,17.0
NOR,McLaren,46.0,79.419,1.0,539,23.0,MEDIUM,True,1,,,True,41.1,23.9,64.0,False,2024,1.0
LEC,Ferrari,46.0,80.001,2.0,540,22.0,MEDIUM,True,1,,,True,41.1,23.9,64.0,False,2024,5.0
VER,Red Bull Racing,46.0,77.886,3.0,541,2.0,SOFT,True,1,,,True,41.1,23.9,64.0,False,2024,2.0
RUS,Mercedes,46.0,78.291,4.0,541,10.0,HARD,True,1,,,True,41.1,23.9,64.0,False,2024,4.0
HAM,Mercedes,46.0,77.809,5.0,542,6.0,SOFT,False,1,,,True,41.1,23.9,64.0,False,2024,3.0
SAI,Ferrari,46.0,80.032,6.0,542,10.0,HARD,True,1,,,True,42.5,24.1,62.0,False,2024,6.0
PIA,McLaren,46.0,84.084,7.0,542,25.0,MEDIUM,True,1,0 days 01:59:20.559000,,False,42.5,24.1,62.0,False,2024,9.0
PER,Red Bull Racing,46.0,79.406,8.0,543,15.0,MEDIUM,True,1,,,True,42.5,24.1,62.0,False,2024,11.0
GAS,Alpine,46.0,79.441,9.0,544,8.0,HARD,True,1,,,True,42.5,24.1,62.0,False,2024,7.0
OCO,Alpine,46.0,79.525,10.0,544,9.0,HARD,True,1,,,True,42.5,24.1,62.0,False,2024,8.0
HUL,Haas F1 Team,46.0,79.363,11.0,545,8.0,HARD,True,1,,,True,42.5,24.1,62.0,False,2024,13.0
ZHO,Kick Sauber,46.0,79.226,12.0,546,5.0,HARD,True,1,,,True,42.5,24.1,62.0,False,2024,15.0
ALO,Aston Martin,46.0,98.308,13.0,547,2.0,HARD,False,1,,0 days 01:59:00.092000,False,42.5,24.1,62.0,False,2024,10.0
STR,Aston Martin,46.0,80.301,14.0,547,10.0,HARD,False,1,,,True,42.5,24.1,62.0,False,2024,14.0
BOT,Kick Sauber,46.0,80.891,15.0,547,18.0,HARD,True,1,,,True,42.7,24.1,61.0,False,2024,12.0
MAG,Haas F1 Team,46.0,81.131,16.0,548,17.0,HARD,True,1,,,True,42.7,24.1,61.0,False,2024,16.0
RIC,RB,46.0,80.945,17.0,549,4.0,HARD,True,1,,,True,42.7,24.1,61.0,False,2024,18.0
ALB,Williams,46.0,83.125,18.0,550,3.0,SOFT,True,1,,,True,42.7,24.1,61.0,False,2024,20.0
SAR,Williams,46.0,81.041,19.0,550,12.0,HARD,True,1,,,True,42.7,24.1,61.0,False,2024,19.0
TSU,RB,46.0,80.706,20.0,551,2.0,SOFT,True,1,,,True,42.7,24.1,61.0,False,2024,17.0
NOR,McLaren,47.0,82.986,1.0,551,24.0,MEDIUM,True,1,0 days 02:00:14.798000,,False,42.5,24.1,62.0,False,2024,1.0
VER,Red Bull Racing,47.0,77.998,2.0,552,3.0,SOFT,True,1,,,True,42.7,24.1,61.0,False,2024,2.0
LEC,Ferrari,47.0,83.761,3.0,552,23.0,MEDIUM,True,1,0 days 02:00:27.622000,,False,42.7,24.1,61.0,False,2024,5.0
RUS,Mercedes,47.0,78.486,4.0,553,11.0,HARD,True,1,,,True,42.7,24.1,61.0,False,2024,4.0
HAM,Mercedes,47.0,78.212,5.0,554,7.0,SOFT,False,1,,,True,42.7,24.1,61.0,False,2024,3.0
SAI,Ferrari,47.0,79.02,6.0,554,11.0,HARD,True,1,,,True,42.7,24.1,61.0,False,2024,6.0
PER,Red Bull Racing,47.0,79.846,7.0,554,16.0,MEDIUM,True,1,,,True,42.7,24.1,61.0,False,2024,11.0
PIA,McLaren,47.0,97.819,8.0,555,4.0,SOFT,False,1,,0 days 01:59:43.070000,False,42.7,24.1,61.0,False,2024,9.0
GAS,Alpine,47.0,79.528,9.0,555,9.0,HARD,True,1,,,True,42.7,24.1,61.0,False,2024,7.0
OCO,Alpine,47.0,79.802,10.0,555,10.0,HARD,True,1,,,True,42.7,24.1,61.0,False,2024,8.0
HUL,Haas F1 Team,47.0,79.264,11.0,556,9.0,HARD,True,1,,,True,42.7,24.1,61.0,False,2024,13.0
ZHO,Kick Sauber,47.0,79.198,12.0,557,6.0,HARD,True,1,,,True,42.7,24.1,61.0,False,2024,15.0
ALO,Aston Martin,47.0,78.972,13.0,558,3.0,HARD,False,1,,,True,42.7,24.1,61.0,False,2024,10.0
STR,Aston Martin,47.0,79.704,14.0,558,11.0,HARD,False,1,,,True,42.7,24.1,61.0,False,2024,14.0
BOT,Kick Sauber,47.0,81.055,15.0,558,19.0,HARD,True,1,,,True,42.7,24.1,61.0,False,2024,12.0
MAG,Haas F1 Team,47.0,80.967,16.0,559,18.0,HARD,True,1,,,True,42.7,24.1,61.0,False,2024,16.0
RIC,RB,47.0,80.93,17.0,560,5.0,HARD,True,1,,,True,42.7,24.1,61.0,False,2024,18.0
ALB,Williams,47.0,79.852,18.0,561,4.0,SOFT,True,1,,,True,42.7,24.1,61.0,False,2024,20.0
SAR,Williams,47.0,82.298,19.0,561,13.0,HARD,True,1,,,True,42.7,24.1,61.0,False,2024,19.0
TSU,RB,47.0,80.461,20.0,562,3.0,SOFT,True,1,,,True,42.7,24.1,61.0,False,2024,17.0
VER,Red Bull Racing,48.0,78.416,1.0,562,4.0,SOFT,True,1,,,True,42.7,24.1,61.0,False,2024,2.0
NOR,McLaren,48.0,97.126,2.0,563,4.0,SOFT,False,1,,0 days 02:00:37.426000,False,42.7,24.1,61.0,False,2024,1.0
RUS,Mercedes,48.0,80.06,3.0,563,12.0,HARD,True,1,,,True,42.7,24.1,61.0,False,2024,4.0
HAM,Mercedes,48.0,78.84,4.0,564,8.0,SOFT,False,1,,,True,42.7,24.1,61.0,False,2024,3.0
SAI,Ferrari,48.0,79.318,5.0,564,12.0,HARD,True,1,,,True,42.7,24.1,61.0,False,2024,6.0
LEC,Ferrari,48.0,97.516,6.0,565,4.0,SOFT,False,1,,0 days 02:00:49.211000,False,42.7,24.1,61.0,False,2024,5.0
PER,Red Bull Racing,48.0,79.811,7.0,565,17.0,MEDIUM,True,1,,,True,42.7,24.1,61.0,False,2024,11.0
PIA,McLaren,48.0,79.317,8.0,566,5.0,SOFT,False,1,,,True,42.7,24.1,61.0,False,2024,9.0
GAS,Alpine,48.0,79.52,9.0,566,10.0,HARD,True,1,,,True,41.9,24.3,61.0,False,2024,7.0
OCO,Alpine,48.0,79.468,10.0,566,11.0,HARD,True,1,,,True,41.9,24.3,61.0,False,2024,8.0
HUL,Haas F1 Team,48.0,78.916,11.0,567,10.0,HARD,True,1,,,True,41.9,24.3,61.0,False,2024,13.0
ZHO,Kick Sauber,48.0,79.138,12.0,568,7.0,HARD,True,1,,,True,41.9,24.3,61.0,False,2024,15.0
ALO,Aston Martin,48.0,78.727,13.0,569,4.0,HARD,False,1,,,True,41.9,24.3,61.0,False,2024,10.0
STR,Aston Martin,48.0,79.749,14.0,569,12.0,HARD,False,1,,,True,41.9,24.3,61.0,False,2024,14.0
BOT,Kick Sauber,48.0,82.101,15.0,569,20.0,HARD,True,1,,,True,41.9,24.3,61.0,False,2024,12.0
MAG,Haas F1 Team,48.0,81.784,16.0,570,19.0,HARD,True,1,,,True,41.9,24.3,61.0,False,2024,16.0
RIC,RB,48.0,83.762,17.0,571,6.0,HARD,True,1,,,True,41.9,24.3,61.0,False,2024,18.0
ALB,Williams,48.0,82.037,18.0,572,5.0,SOFT,True,1,,,True,41.9,24.3,61.0,False,2024,20.0
SAR,Williams,48.0,81.033,19.0,572,14.0,HARD,True,1,,,True,41.9,24.2,61.0,False,2024,19.0
TSU,RB,48.0,82.703,20.0,573,4.0,SOFT,True,1,,,True,41.9,24.2,61.0,False,2024,17.0
VER,Red Bull Racing,49.0,78.254,1.0,573,5.0,SOFT,True,1,,,True,41.9,24.3,61.0,False,2024,2.0
NOR,McLaren,49.0,77.377,2.0,574,5.0,SOFT,False,1,,,True,41.9,24.3,61.0,False,2024,1.0
RUS,Mercedes,49.0,78.681,3.0,574,13.0,HARD,True,1,,,True,41.9,24.3,61.0,False,2024,4.0
HAM,Mercedes,49.0,78.976,4.0,575,9.0,SOFT,False,1,,,True,41.9,24.3,61.0,False,2024,3.0
SAI,Ferrari,49.0,79.52,5.0,575,13.0,HARD,True,1,,,True,41.9,24.3,61.0,False,2024,6.0
LEC,Ferrari,49.0,78.09,6.0,576,5.0,SOFT,False,1,,,True,41.9,24.2,61.0,False,2024,5.0
PIA,McLaren,49.0,78.159,7.0,576,6.0,SOFT,False,1,,,True,41.9,24.2,61.0,False,2024,9.0
PER,Red Bull Racing,49.0,83.203,8.0,576,18.0,MEDIUM,True,1,0 days 02:03:36.017000,,False,41.9,24.2,61.0,False,2024,11.0
GAS,Alpine,49.0,79.35,9.0,577,11.0,HARD,True,1,,,True,41.9,24.2,61.0,False,2024,7.0
OCO,Alpine,49.0,79.614,10.0,577,12.0,HARD,True,1,,,True,41.9,24.2,61.0,False,2024,8.0
HUL,Haas F1 Team,49.0,78.609,11.0,578,11.0,HARD,True,1,,,True,41.9,24.2,61.0,False,2024,13.0
ZHO,Kick Sauber,49.0,78.918,12.0,579,8.0,HARD,True,1,,,True,41.9,24.2,61.0,False,2024,15.0
ALO,Aston Martin,49.0,78.719,13.0,580,5.0,HARD,False,1,,,True,41.9,24.2,61.0,False,2024,10.0
STR,Aston Martin,49.0,79.341,14.0,580,13.0,HARD,False,1,,,True,41.9,24.2,61.0,False,2024,14.0
BOT,Kick Sauber,49.0,80.644,15.0,580,21.0,HARD,True,1,,,True,41.9,24.1,62.0,False,2024,12.0
MAG,Haas F1 Team,49.0,80.94,16.0,581,20.0,HARD,True,1,,,True,41.9,24.1,62.0,False,2024,16.0
RIC,RB,49.0,81.912,17.0,582,7.0,HARD,True,1,,,True,41.9,24.1,62.0,False,2024,18.0
ALB,Williams,49.0,79.881,18.0,583,6.0,SOFT,True,1,,,True,41.9,24.1,62.0,False,2024,20.0
SAR,Williams,49.0,81.073,19.0,583,15.0,HARD,True,1,,,True,41.9,24.1,62.0,False,2024,19.0
TSU,RB,49.0,81.799,20.0,584,5.0,SOFT,True,1,,,True,41.9,24.1,62.0,False,2024,17.0
VER,Red Bull Racing,50.0,78.074,1.0,584,6.0,SOFT,True,1,,,True,41.9,24.1,62.0,False,2024,2.0
NOR,McLaren,50.0,77.94,2.0,585,6.0,SOFT,False,1,,,True,41.9,24.1,62.0,False,2024,1.0
RUS,Mercedes,50.0,78.29,3.0,585,14.0,HARD,True,1,,,True,41.9,24.1,62.0,False,2024,4.0
HAM,Mercedes,50.0,78.209,4.0,586,10.0,SOFT,False,1,,,True,41.9,24.1,62.0,False,2024,3.0
SAI,Ferrari,50.0,79.202,5.0,586,14.0,HARD,True,1,,,True,41.9,24.1,62.0,False,2024,6.0
LEC,Ferrari,50.0,78.182,6.0,587,6.0,SOFT,False,1,,,True,41.9,24.1,62.0,False,2024,5.0
PIA,McLaren,50.0,78.257,7.0,587,7.0,SOFT,False,1,,,True,41.9,24.1,62.0,False,2024,9.0
GAS,Alpine,50.0,79.61,8.0,587,12.0,HARD,True,1,,,True,41.9,24.1,62.0,False,2024,7.0
OCO,Alpine,50.0,79.601,9.0,587,13.0,HARD,True,1,,,True,41.9,24.1,62.0,False,2024,8.0
PER,Red Bull Racing,50.0,96.99,10.0,588,4.0,SOFT,False,1,,0 days 02:03:57.454000,False,41.9,24.1,62.0,False,2024,11.0
HUL,Haas F1 Team,50.0,79.15,11.0,588,12.0,HARD,True,1,,,True,41.9,24.1,62.0,False,2024,13.0
ZHO,Kick Sauber,50.0,78.771,12.0,589,9.0,HARD,True,1,,,True,42.2,24.1,62.0,False,2024,15.0
ALO,Aston Martin,50.0,78.334,13.0,590,6.0,HARD,False,1,,,True,42.2,24.1,62.0,False,2024,10.0
STR,Aston Martin,50.0,79.318,14.0,590,14.0,HARD,False,1,,,True,42.2,24.1,62.0,False,2024,14.0
BOT,Kick Sauber,50.0,81.587,15.0,590,22.0,HARD,True,1,,,True,42.2,24.1,62.0,False,2024,12.0
MAG,Haas F1 Team,50.0,81.147,16.0,591,21.0,HARD,True,1,,,True,42.2,24.1,62.0,False,2024,16.0
RIC,RB,50.0,79.843,17.0,592,8.0,HARD,True,1,,,True,42.2,24.1,62.0,False,2024,18.0
ALB,Williams,50.0,80.077,18.0,593,7.0,SOFT,True,1,,,True,42.2,24.1,62.0,False,2024,20.0
SAR,Williams,50.0,80.983,19.0,593,16.0,HARD,True,1,,,True,42.2,24.1,62.0,False,2024,19.0
TSU,RB,50.0,79.815,20.0,594,6.0,SOFT,True,1,,,True,42.2,24.1,62.0,False,2024,17.0
VER,Red Bull Racing,51.0,77.958,1.0,594,7.0,SOFT,True,1,,,True,42.2,24.1,62.0,False,2024,2.0
NOR,McLaren,51.0,77.115,2.0,595,7.0,SOFT,False,1,,,True,42.2,24.1,62.0,False,2024,1.0
RUS,Mercedes,51.0,78.726,3.0,595,15.0,HARD,True,1,,,True,42.2,24.1,62.0,False,2024,4.0
HAM,Mercedes,51.0,78.277,4.0,596,11.0,SOFT,False,1,,,True,42.2,24.1,62.0,False,2024,3.0
SAI,Ferrari,51.0,79.046,5.0,596,15.0,HARD,True,1,,,True,42.2,24.1,62.0,False,2024,6.0
LEC,Ferrari,51.0,78.179,6.0,597,7.0,SOFT,False,1,,,True,42.2,24.1,62.0,False,2024,5.0
PIA,McLaren,51.0,78.181,7.0,597,8.0,SOFT,False,1,,,True,42.2,24.1,62.0,False,2024,9.0
GAS,Alpine,51.0,79.045,8.0,597,13.0,HARD,True,1,,,True,42.6,24.1,63.0,False,2024,7.0
PER,Red Bull Racing,51.0,77.785,9.0,598,5.0,SOFT,False,1,,,True,42.6,24.1,63.0,False,2024,11.0
OCO,Alpine,51.0,80.01,10.0,598,14.0,HARD,True,1,,,True,42.6,24.1,63.0,False,2024,8.0
HUL,Haas F1 Team,51.0,78.943,11.0,599,13.0,HARD,True,1,,,True,42.6,24.1,63.0,False,2024,13.0
ZHO,Kick Sauber,51.0,79.426,12.0,600,10.0,HARD,True,1,,,True,42.6,24.1,63.0,False,2024,15.0
ALO,Aston Martin,51.0,78.902,13.0,601,7.0,HARD,False,1,,,True,42.6,24.1,63.0,False,2024,10.0
STR,Aston Martin,51.0,79.739,14.0,601,15.0,HARD,False,1,,,True,42.6,24.1,63.0,False,2024,14.0
BOT,Kick Sauber,51.0,82.406,15.0,601,23.0,HARD,True,1,,,True,42.6,24.1,63.0,False,2024,12.0
MAG,Haas F1 Team,51.0,83.892,16.0,602,22.0,HARD,True,1,,,True,42.6,24.1,63.0,False,2024,16.0
RIC,RB,51.0,79.585,17.0,603,9.0,HARD,True,1,,,True,42.6,24.1,63.0,False,2024,18.0
ALB,Williams,51.0,81.43,18.0,604,8.0,SOFT,True,1,,,True,42.5,24.2,62.0,False,2024,20.0
SAR,Williams,51.0,81.939,19.0,604,17.0,HARD,True,1,,,True,42.5,24.2,62.0,False,2024,19.0
TSU,RB,51.0,79.678,20.0,605,7.0,SOFT,True,1,,,True,42.5,24.2,62.0,False,2024,17.0
VER,Red Bull Racing,52.0,77.931,1.0,605,8.0,SOFT,True,1,,,True,42.6,24.1,63.0,False,2024,2.0
NOR,McLaren,52.0,77.654,2.0,606,8.0,SOFT,False,1,,,True,42.6,24.1,63.0,False,2024,1.0
HAM,Mercedes,52.0,78.417,3.0,606,12.0,SOFT,False,1,,,True,42.6,24.1,63.0,False,2024,3.0
RUS,Mercedes,52.0,80.241,4.0,606,16.0,HARD,True,1,,,True,42.6,24.1,63.0,False,2024,4.0
SAI,Ferrari,52.0,79.046,5.0,607,16.0,HARD,True,1,,,True,42.6,24.1,63.0,False,2024,6.0
LEC,Ferrari,52.0,77.897,6.0,608,8.0,SOFT,False,1,,,True,42.6,24.1,63.0,False,2024,5.0
PIA,McLaren,52.0,78.492,7.0,608,9.0,SOFT,False,1,,,True,42.5,24.2,62.0,False,2024,9.0
GAS,Alpine,52.0,79.079,8.0,608,14.0,HARD,True,1,,,True,42.5,24.2,62.0,False,2024,7.0
PER,Red Bull Racing,52.0,78.373,9.0,609,6.0,SOFT,False,1,,,True,42.5,24.2,62.0,False,2024,11.0
OCO,Alpine,52.0,79.321,10.0,609,15.0,HARD,True,1,,,True,42.5,24.2,62.0,False,2024,8.0
HUL,Haas F1 Team,52.0,79.107,11.0,610,14.0,HARD,True,1,,,True,42.5,24.2,62.0,False,2024,13.0
ZHO,Kick Sauber,52.0,79.908,12.0,611,11.0,HARD,True,1,,,True,42.5,24.2,62.0,False,2024,15.0
ALO,Aston Martin,52.0,79.666,13.0,612,8.0,HARD,False,1,,,True,42.5,24.2,62.0,False,2024,10.0
STR,Aston Martin,52.0,81.436,14.0,612,16.0,HARD,False,1,,,True,42.5,24.2,62.0,False,2024,14.0
BOT,Kick Sauber,52.0,82.596,15.0,612,24.0,HARD,True,1,,,True,42.5,24.2,61.0,False,2024,12.0
MAG,Haas F1 Team,52.0,82.938,16.0,613,23.0,HARD,True,1,,,True,42.5,24.2,61.0,False,2024,16.0
RIC,RB,52.0,81.027,17.0,614,10.0,HARD,True,1,,,True,42.5,24.2,61.0,False,2024,18.0
ALB,Williams,52.0,80.131,18.0,615,9.0,SOFT,True,1,,,True,42.5,24.2,61.0,False,2024,20.0
SAR,Williams,52.0,81.025,19.0,615,18.0,HARD,True,1,,,True,42.5,24.2,61.0,False,2024,19.0
TSU,RB,52.0,79.818,20.0,616,8.0,SOFT,True,1,,,True,42.5,24.2,61.0,False,2024,17.0
VER,Red Bull Racing,53.0,78.14,1.0,616,9.0,SOFT,True,1,,,True,42.5,24.2,62.0,False,2024,2.0
NOR,McLaren,53.0,77.914,2.0,617,9.0,SOFT,False,1,,,True,42.5,24.2,61.0,False,2024,1.0
HAM,Mercedes,53.0,78.605,3.0,617,13.0,SOFT,False,1,,,True,42.5,24.2,61.0,False,2024,3.0
RUS,Mercedes,53.0,78.863,4.0,617,17.0,HARD,True,1,,,True,42.5,24.2,61.0,False,2024,4.0
SAI,Ferrari,53.0,79.259,5.0,618,17.0,HARD,True,1,,,True,42.5,24.2,61.0,False,2024,6.0
LEC,Ferrari,53.0,77.956,6.0,619,9.0,SOFT,False,1,,,True,42.5,24.2,61.0,False,2024,5.0
PIA,McLaren,53.0,78.223,7.0,619,10.0,SOFT,False,1,,,True,42.5,24.2,61.0,False,2024,9.0
GAS,Alpine,53.0,79.174,8.0,619,15.0,HARD,True,1,,,True,42.5,24.2,61.0,False,2024,7.0
PER,Red Bull Racing,53.0,78.29,9.0,620,7.0,SOFT,False,1,,,True,42.5,24.2,61.0,False,2024,11.0
OCO,Alpine,53.0,79.061,10.0,620,16.0,HARD,True,1,,,True,42.5,24.2,61.0,False,2024,8.0
HUL,Haas F1 Team,53.0,79.124,11.0,621,15.0,HARD,True,1,,,True,42.5,24.2,61.0,False,2024,13.0
ALO,Aston Martin,53.0,78.712,12.0,622,9.0,HARD,False,1,,,True,42.4,24.3,62.0,False,2024,10.0
ZHO,Kick Sauber,53.0,80.885,13.0,622,12.0,HARD,True,1,,,True,42.4,24.3,62.0,False,2024,15.0
STR,Aston Martin,53.0,79.832,14.0,622,17.0,HARD,False,1,,,True,42.4,24.3,62.0,False,2024,14.0
BOT,Kick Sauber,53.0,83.642,15.0,622,25.0,HARD,True,1,,,True,42.4,24.3,62.0,False,2024,12.0
MAG,Haas F1 Team,53.0,81.932,16.0,623,24.0,HARD,True,1,,,True,42.4,24.3,62.0,False,2024,16.0
RIC,RB,53.0,80.084,17.0,624,11.0,HARD,True,1,,,True,42.4,24.3,62.0,False,2024,18.0
ALB,Williams,53.0,80.22,18.0,625,10.0,SOFT,True,1,,,True,42.4,24.3,62.0,False,2024,20.0
SAR,Williams,53.0,81.083,19.0,625,19.0,HARD,True,1,,,True,42.4,24.3,62.0,False,2024,19.0
TSU,RB,53.0,80.029,20.0,626,9.0,SOFT,True,1,,,True,42.4,24.3,62.0,False,2024,17.0
VER,Red Bull Racing,54.0,77.776,1.0,626,10.0,SOFT,True,1,,,True,42.4,24.3,62.0,False,2024,2.0
NOR,McLaren,54.0,77.987,2.0,627,10.0,SOFT,False,1,,,True,42.4,24.3,62.0,False,2024,1.0
HAM,Mercedes,54.0,78.533,3.0,627,14.0,SOFT,False,1,,,True,42.4,24.3,62.0,False,2024,3.0
RUS,Mercedes,54.0,78.86,4.0,627,18.0,HARD,True,1,,,True,42.4,24.3,62.0,False,2024,4.0
SAI,Ferrari,54.0,79.017,5.0,628,18.0,HARD,True,1,,,True,42.4,24.3,62.0,False,2024,6.0
LEC,Ferrari,54.0,78.385,6.0,629,10.0,SOFT,False,1,,,True,42.4,24.3,62.0,False,2024,5.0
PIA,McLaren,54.0,78.354,7.0,629,11.0,SOFT,False,1,,,True,42.4,24.3,62.0,False,2024,9.0
GAS,Alpine,54.0,79.049,8.0,629,16.0,HARD,True,1,,,True,42.4,24.5,62.0,False,2024,7.0
PER,Red Bull Racing,54.0,78.43,9.0,630,8.0,SOFT,False,1,,,True,42.4,24.5,62.0,False,2024,11.0
OCO,Alpine,54.0,78.982,10.0,630,17.0,HARD,True,1,,,True,42.4,24.5,62.0,False,2024,8.0
HUL,Haas F1 Team,54.0,79.451,11.0,631,16.0,HARD,True,1,,,True,42.4,24.5,62.0,False,2024,13.0
ALO,Aston Martin,54.0,79.415,12.0,632,10.0,HARD,False,1,,,True,42.4,24.5,62.0,False,2024,10.0
ZHO,Kick Sauber,54.0,80.055,13.0,632,13.0,HARD,True,1,,,True,42.4,24.5,62.0,False,2024,15.0
STR,Aston Martin,54.0,79.488,14.0,632,18.0,HARD,False,1,,,True,42.4,24.5,62.0,False,2024,14.0
BOT,Kick Sauber,54.0,80.795,15.0,632,26.0,HARD,True,1,,,True,42.4,24.5,62.0,False,2024,12.0
MAG,Haas F1 Team,54.0,80.894,16.0,633,25.0,HARD,True,1,,,True,42.4,24.5,62.0,False,2024,16.0
RIC,RB,54.0,80.277,17.0,634,12.0,HARD,True,1,,,True,42.4,24.5,62.0,False,2024,18.0
ALB,Williams,54.0,80.3,18.0,635,11.0,SOFT,True,1,,,True,43.6,24.5,61.0,False,2024,20.0
SAR,Williams,54.0,81.199,19.0,635,20.0,HARD,True,1,,,True,43.6,24.5,61.0,False,2024,19.0
TSU,RB,54.0,80.437,20.0,636,10.0,SOFT,True,1,,,True,43.6,24.5,61.0,False,2024,17.0
VER,Red Bull Racing,55.0,78.021,1.0,636,11.0,SOFT,True,1,,,True,42.4,24.5,62.0,False,2024,2.0
NOR,McLaren,55.0,78.363,2.0,637,11.0,SOFT,False,1,,,True,42.4,24.5,62.0,False,2024,1.0
HAM,Mercedes,55.0,78.788,3.0,637,15.0,SOFT,False,1,,,True,42.4,24.5,62.0,False,2024,3.0
RUS,Mercedes,55.0,78.572,4.0,637,19.0,HARD,True,1,,,True,42.4,24.5,62.0,False,2024,4.0
LEC,Ferrari,55.0,78.551,5.0,638,11.0,SOFT,False,1,,,True,42.4,24.5,62.0,False,2024,5.0
SAI,Ferrari,55.0,81.334,6.0,638,19.0,HARD,True,1,,,True,42.4,24.5,62.0,False,2024,6.0
PIA,McLaren,55.0,77.941,7.0,639,12.0,SOFT,False,1,,,True,43.6,24.5,61.0,False,2024,9.0
GAS,Alpine,55.0,79.466,8.0,639,17.0,HARD,True,1,,,True,43.6,24.5,61.0,False,2024,7.0
PER,Red Bull Racing,55.0,78.54,9.0,640,9.0,SOFT,False,1,,,True,43.6,24.5,61.0,False,2024,11.0
OCO,Alpine,55.0,79.284,10.0,640,18.0,HARD,True,1,,,True,43.6,24.5,61.0,False,2024,8.0
HUL,Haas F1 Team,55.0,79.559,11.0,641,17.0,HARD,True,1,,,True,43.6,24.5,61.0,False,2024,13.0
ALO,Aston Martin,55.0,79.28,12.0,642,11.0,HARD,False,1,,,True,43.6,24.5,61.0,False,2024,10.0
ZHO,Kick Sauber,55.0,81.227,13.0,642,14.0,HARD,True,1,,,True,43.6,24.5,61.0,False,2024,15.0
STR,Aston Martin,55.0,80.854,14.0,642,19.0,HARD,False,1,,,True,43.6,24.5,61.0,False,2024,14.0
BOT,Kick Sauber,55.0,80.81,15.0,642,27.0,HARD,True,1,,,True,41.3,24.4,61.0,False,2024,12.0
MAG,Haas F1 Team,55.0,80.638,16.0,643,26.0,HARD,True,1,,,True,41.3,24.4,61.0,False,2024,16.0
RIC,RB,55.0,80.999,17.0,644,13.0,HARD,True,1,,,True,41.3,24.4,61.0,False,2024,18.0
ALB,Williams,55.0,80.197,18.0,645,12.0,SOFT,True,1,,,True,41.3,24.4,61.0,False,2024,20.0
TSU,RB,55.0,79.564,19.0,646,11.0,SOFT,True,1,,,True,41.3,24.4,61.0,False,2024,17.0
SAR,Williams,55.0,81.966,20.0,646,21.0,HARD,True,1,,,True,41.3,24.4,61.0,False,2024,19.0
VER,Red Bull Racing,56.0,78.354,1.0,647,12.0,SOFT,True,1,,,True,43.6,24.5,61.0,False,2024,2.0
NOR,McLaren,56.0,77.627,2.0,648,12.0,SOFT,False,1,,,True,43.6,24.5,61.0,False,2024,1.0
HAM,Mercedes,56.0,78.432,3.0,648,16.0,SOFT,False,1,,,True,41.3,24.4,61.0,False,2024,3.0
RUS,Mercedes,56.0,78.792,4.0,648,20.0,HARD,True,1,,,True,41.3,24.4,61.0,False,2024,4.0
LEC,Ferrari,56.0,78.53,5.0,649,12.0,SOFT,False,1,,,True,41.3,24.4,61.0,False,2024,5.0
SAI,Ferrari,56.0,79.047,6.0,649,20.0,HARD,True,1,,,True,41.3,24.4,61.0,False,2024,6.0
PIA,McLaren,56.0,77.874,7.0,650,13.0,SOFT,False,1,,,True,41.3,24.4,61.0,False,2024,9.0
GAS,Alpine,56.0,79.62,8.0,650,18.0,HARD,True,1,,,True,41.3,24.4,61.0,False,2024,7.0
PER,Red Bull Racing,56.0,78.572,9.0,651,10.0,SOFT,False,1,,,True,41.3,24.4,61.0,False,2024,11.0
OCO,Alpine,56.0,79.26,10.0,651,19.0,HARD,True,1,,,True,41.3,24.4,61.0,False,2024,8.0
HUL,Haas F1 Team,56.0,79.163,11.0,652,18.0,HARD,True,1,,,True,41.3,24.4,61.0,False,2024,13.0
ALO,Aston Martin,56.0,79.025,12.0,653,12.0,HARD,False,1,,,True,41.1,24.3,62.0,False,2024,10.0
ZHO,Kick Sauber,56.0,79.544,13.0,653,15.0,HARD,True,1,,,True,41.1,24.3,62.0,False,2024,15.0
STR,Aston Martin,56.0,79.643,14.0,653,20.0,HARD,False,1,,,True,41.1,24.3,62.0,False,2024,14.0
BOT,Kick Sauber,56.0,80.369,15.0,653,28.0,HARD,True,1,,,True,41.1,24.3,62.0,False,2024,12.0
MAG,Haas F1 Team,56.0,80.584,16.0,654,27.0,HARD,True,1,,,True,41.1,24.3,62.0,False,2024,16.0
RIC,RB,56.0,80.128,17.0,655,14.0,HARD,True,1,,,True,41.1,24.3,62.0,False,2024,18.0
ALB,Williams,56.0,81.742,18.0,656,13.0,SOFT,True,1,,,True,41.1,24.3,62.0,False,2024,20.0
TSU,RB,56.0,79.447,19.0,657,12.0,SOFT,True,1,,,True,41.1,24.3,62.0,False,2024,17.0
SAR,Williams,56.0,82.226,20.0,657,22.0,HARD,True,1,,,True,41.1,24.3,63.0,False,2024,19.0
VER,Red Bull Racing,57.0,78.127,1.0,658,13.0,SOFT,True,1,,,True,41.1,24.3,62.0,False,2024,2.0
NOR,McLaren,57.0,77.893,2.0,659,13.0,SOFT,False,1,,,True,41.1,24.3,62.0,False,2024,1.0
HAM,Mercedes,57.0,78.623,3.0,659,17.0,SOFT,False,1,,,True,41.1,24.3,62.0,False,2024,3.0
RUS,Mercedes,57.0,78.956,4.0,659,21.0,HARD,True,1,,,True,41.1,24.3,62.0,False,2024,4.0
LEC,Ferrari,57.0,78.11,5.0,660,13.0,SOFT,False,1,,,True,41.1,24.3,62.0,False,2024,5.0
SAI,Ferrari,57.0,78.97,6.0,660,21.0,HARD,True,1,,,True,41.1,24.3,62.0,False,2024,6.0
PIA,McLaren,57.0,78.293,7.0,661,14.0,SOFT,False,1,,,True,41.1,24.3,62.0,False,2024,9.0
GAS,Alpine,57.0,79.134,8.0,661,19.0,HARD,True,1,,,True,41.1,24.3,62.0,False,2024,7.0
PER,Red Bull Racing,57.0,78.935,9.0,662,11.0,SOFT,False,1,,,True,41.1,24.3,63.0,False,2024,11.0
OCO,Alpine,57.0,79.324,10.0,662,20.0,HARD,True,1,,,True,41.1,24.3,63.0,False,2024,8.0
HUL,Haas F1 Team,57.0,79.704,11.0,663,19.0,HARD,True,1,,,True,41.1,24.3,63.0,False,2024,13.0
ALO,Aston Martin,57.0,81.003,12.0,664,13.0,HARD,False,1,,,True,41.1,24.3,63.0,False,2024,10.0
ZHO,Kick Sauber,57.0,80.813,13.0,664,16.0,HARD,True,1,,,True,41.1,24.3,63.0,False,2024,15.0
STR,Aston Martin,57.0,79.541,14.0,664,21.0,HARD,False,1,,,True,41.1,24.3,63.0,False,2024,14.0
BOT,Kick Sauber,57.0,79.936,15.0,664,29.0,HARD,True,1,,,True,41.1,24.3,63.0,False,2024,12.0
RIC,RB,57.0,79.768,16.0,665,15.0,HARD,True,1,,,True,40.7,24.3,62.0,False,2024,18.0
MAG,Haas F1 Team,57.0,82.164,17.0,665,28.0,HARD,True,1,,,True,40.7,24.3,62.0,False,2024,16.0
ALB,Williams,57.0,80.119,18.0,666,14.0,SOFT,True,1,,,True,40.7,24.3,62.0,False,2024,20.0
TSU,RB,57.0,79.464,19.0,667,13.0,SOFT,True,1,,,True,40.7,24.3,62.0,False,2024,17.0
SAR,Williams,57.0,82.922,20.0,667,23.0,HARD,True,1,,,True,40.7,24.3,62.0,False,2024,19.0
VER,Red Bull Racing,58.0,78.187,1.0,668,14.0,SOFT,True,1,,,True,41.1,24.3,63.0,False,2024,2.0
NOR,McLaren,58.0,78.259,2.0,669,14.0,SOFT,False,1,,,True,41.1,24.3,63.0,False,2024,1.0
HAM,Mercedes,58.0,78.688,3.0,669,18.0,SOFT,False,1,,,True,41.1,24.3,63.0,False,2024,3.0
RUS,Mercedes,58.0,78.641,4.0,669,22.0,HARD,True,1,,,True,41.1,24.3,63.0,False,2024,4.0
LEC,Ferrari,58.0,78.213,5.0,670,14.0,SOFT,False,1,,,True,41.1,24.3,63.0,False,2024,5.0
SAI,Ferrari,58.0,78.871,6.0,670,22.0,HARD,True,1,,,True,41.1,24.3,63.0,False,2024,6.0
PIA,McLaren,58.0,78.483,7.0,671,15.0,SOFT,False,1,,,True,40.7,24.3,62.0,False,2024,9.0
GAS,Alpine,58.0,79.247,8.0,671,20.0,HARD,True,1,,,True,40.7,24.3,62.0,False,2024,7.0
PER,Red Bull Racing,58.0,79.305,9.0,672,12.0,SOFT,False,1,,,True,40.7,24.3,62.0,False,2024,11.0
OCO,Alpine,58.0,79.564,10.0,672,21.0,HARD,True,1,,,True,40.7,24.3,62.0,False,2024,8.0
HUL,Haas F1 Team,58.0,79.661,11.0,673,20.0,HARD,True,1,,,True,40.7,24.3,62.0,False,2024,13.0
ALO,Aston Martin,58.0,79.355,12.0,674,14.0,HARD,False,1,,,True,40.7,24.3,62.0,False,2024,10.0
ZHO,Kick Sauber,58.0,79.368,13.0,674,17.0,HARD,True,1,,,True,40.7,24.3,62.0,False,2024,15.0
STR,Aston Martin,58.0,79.595,14.0,674,22.0,HARD,False,1,,,True,40.7,24.3,62.0,False,2024,14.0
BOT,Kick Sauber,58.0,81.902,15.0,674,30.0,HARD,True,1,,,True,40.3,24.1,62.0,False,2024,12.0
RIC,RB,58.0,81.548,16.0,675,16.0,HARD,True,1,,,True,40.3,24.1,62.0,False,2024,18.0
MAG,Haas F1 Team,58.0,81.049,17.0,675,29.0,HARD,True,1,,,True,40.3,24.1,62.0,False,2024,16.0
ALB,Williams,58.0,89.605,18.0,676,15.0,SOFT,True,1,,,True,40.3,24.1,62.0,False,2024,20.0
TSU,RB,58.0,79.642,19.0,677,14.0,SOFT,True,1,,,True,40.3,24.1,62.0,False,2024,17.0
SAR,Williams,58.0,81.489,20.0,677,24.0,HARD,True,1,,,True,40.3,24.1,62.0,False,2024,19.0
VER,Red Bull Racing,59.0,78.114,1.0,678,15.0,SOFT,True,1,,,True,40.7,24.3,62.0,False,2024,2.0
NOR,McLaren,59.0,77.945,2.0,679,15.0,SOFT,False,1,,,True,40.7,24.3,62.0,False,2024,1.0
HAM,Mercedes,59.0,78.64,3.0,679,19.0,SOFT,False,1,,,True,40.7,24.3,62.0,False,2024,3.0
RUS,Mercedes,59.0,78.877,4.0,679,23.0,HARD,True,1,,,True,40.3,24.1,62.0,False,2024,4.0
LEC,Ferrari,59.0,78.185,5.0,680,15.0,SOFT,False,1,,,True,40.3,24.1,62.0,False,2024,5.0
SAI,Ferrari,59.0,78.978,6.0,680,23.0,HARD,True,1,,,True,40.3,24.1,62.0,False,2024,6.0
PIA,McLaren,59.0,78.337,7.0,681,16.0,SOFT,False,1,,,True,40.3,24.1,62.0,False,2024,9.0
GAS,Alpine,59.0,79.584,8.0,681,21.0,HARD,True,1,,,True,40.3,24.1,62.0,False,2024,7.0
PER,Red Bull Racing,59.0,79.193,9.0,682,13.0,SOFT,False,1,,,True,40.3,24.1,62.0,False,2024,11.0
OCO,Alpine,59.0,79.796,10.0,682,22.0,HARD,True,1,,,True,40.3,24.1,62.0,False,2024,8.0
HUL,Haas F1 Team,59.0,80.015,11.0,683,21.0,HARD,True,1,,,True,40.3,24.1,62.0,False,2024,13.0
ALO,Aston Martin,59.0,79.876,12.0,684,15.0,HARD,False,1,,,True,40.3,24.1,63.0,False,2024,10.0
ZHO,Kick Sauber,59.0,79.651,13.0,684,18.0,HARD,True,1,,,True,40.3,24.1,63.0,False,2024,15.0
STR,Aston Martin,59.0,79.773,14.0,684,23.0,HARD,False,1,,,True,40.3,24.1,63.0,False,2024,14.0
BOT,Kick Sauber,59.0,80.39,15.0,684,31.0,HARD,True,1,,,True,40.3,24.1,63.0,False,2024,12.0
RIC,RB,59.0,79.996,16.0,685,17.0,HARD,True,1,,,True,40.3,24.1,63.0,False,2024,18.0
MAG,Haas F1 Team,59.0,80.796,17.0,685,30.0,HARD,True,1,,,True,40.3,24.1,63.0,False,2024,16.0
ALB,Williams,59.0,80.097,18.0,686,16.0,SOFT,True,1,,,True,40.3,24.1,63.0,False,2024,20.0
TSU,RB,59.0,80.129,19.0,687,15.0,SOFT,True,1,,,True,40.3,24.1,63.0,False,2024,17.0
SAR,Williams,59.0,81.553,20.0,687,25.0,HARD,True,1,,,True,39.9,24.0,62.0,False,2024,19.0
VER,Red Bull Racing,60.0,78.165,1.0,688,16.0,SOFT,True,1,,,True,40.3,24.1,63.0,False,2024,2.0
NOR,McLaren,60.0,78.271,2.0,689,16.0,SOFT,False,1,,,True,40.3,24.1,63.0,False,2024,1.0
HAM,Mercedes,60.0,78.635,3.0,689,20.0,SOFT,False,1,,,True,40.3,24.1,63.0,False,2024,3.0
RUS,Mercedes,60.0,79.108,4.0,689,24.0,HARD,True,1,,,True,40.3,24.1,63.0,False,2024,4.0
LEC,Ferrari,60.0,78.447,5.0,690,16.0,SOFT,False,1,,,True,40.3,24.1,63.0,False,2024,5.0
SAI,Ferrari,60.0,79.115,6.0,690,24.0,HARD,True,1,,,True,40.3,24.1,63.0,False,2024,6.0
PIA,McLaren,60.0,78.129,7.0,691,17.0,SOFT,False,1,,,True,40.3,24.1,63.0,False,2024,9.0
GAS,Alpine,60.0,79.576,8.0,691,22.0,HARD,True,1,,,True,40.3,24.1,63.0,False,2024,7.0
PER,Red Bull Racing,60.0,79.017,9.0,692,14.0,SOFT,False,1,,,True,39.9,24.0,62.0,False,2024,11.0
OCO,Alpine,60.0,79.896,10.0,692,23.0,HARD,True,1,,,True,39.9,24.0,62.0,False,2024,8.0
HUL,Haas F1 Team,60.0,79.572,11.0,693,22.0,HARD,True,1,,,True,39.9,24.0,62.0,False,2024,13.0
ALO,Aston Martin,60.0,80.583,12.0,694,16.0,HARD,False,1,,,True,39.9,24.0,62.0,False,2024,10.0
ZHO,Kick Sauber,60.0,79.743,13.0,694,19.0,HARD,True,1,,,True,39.9,24.0,62.0,False,2024,15.0
STR,Aston Martin,60.0,79.627,14.0,694,24.0,HARD,False,1,,,True,39.9,24.0,62.0,False,2024,14.0
RIC,RB,60.0,79.556,15.0,695,18.0,HARD,True,1,,,True,39.5,24.0,62.0,False,2024,18.0
BOT,Kick Sauber,60.0,82.699,16.0,695,32.0,HARD,True,1,,,True,39.5,24.0,62.0,False,2024,12.0
MAG,Haas F1 Team,60.0,80.996,17.0,696,31.0,HARD,True,1,,,True,39.5,24.0,62.0,False,2024,16.0
ALB,Williams,60.0,79.876,18.0,697,17.0,SOFT,True,1,,,True,39.5,24.0,62.0,False,2024,20.0
TSU,RB,60.0,79.796,19.0,698,16.0,SOFT,True,1,,,True,39.5,24.0,62.0,False,2024,17.0
SAR,Williams,60.0,84.685,20.0,698,26.0,HARD,True,1,,,True,39.5,24.0,62.0,False,2024,19.0
VER,Red Bull Racing,61.0,78.36,1.0,699,17.0,SOFT,True,1,,,True,39.9,24.0,62.0,False,2024,2.0
NOR,McLaren,61.0,77.805,2.0,700,17.0,SOFT,False,1,,,True,39.9,24.0,62.0,False,2024,1.0
HAM,Mercedes,61.0,78.839,3.0,700,21.0,SOFT,False,1,,,True,39.9,24.0,62.0,False,2024,3.0
RUS,Mercedes,61.0,79.267,4.0,700,25.0,HARD,True,1,,,True,39.9,24.0,62.0,False,2024,4.0
LEC,Ferrari,61.0,78.735,5.0,701,17.0,SOFT,False,1,,,True,39.9,24.0,62.0,False,2024,5.0
SAI,Ferrari,61.0,79.151,6.0,701,25.0,HARD,True,1,,,True,39.9,24.0,62.0,False,2024,6.0
PIA,McLaren,61.0,77.977,7.0,702,18.0,SOFT,False,1,,,True,39.9,24.0,62.0,False,2024,9.0
GAS,Alpine,61.0,79.662,8.0,702,23.0,HARD,True,1,,,True,39.5,24.0,62.0,False,2024,7.0
PER,Red Bull Racing,61.0,78.772,9.0,703,15.0,SOFT,False,1,,,True,39.5,24.0,62.0,False,2024,11.0
OCO,Alpine,61.0,80.041,10.0,703,24.0,HARD,True,1,,,True,39.5,24.0,62.0,False,2024,8.0
HUL,Haas F1 Team,61.0,79.872,11.0,704,23.0,HARD,True,1,,,True,39.5,24.0,62.0,False,2024,13.0
ALO,Aston Martin,61.0,79.652,12.0,705,17.0,HARD,False,1,,,True,39.5,24.0,62.0,False,2024,10.0
ZHO,Kick Sauber,61.0,79.809,13.0,705,20.0,HARD,True,1,,,True,39.5,24.0,62.0,False,2024,15.0
STR,Aston Martin,61.0,79.747,14.0,705,25.0,HARD,False,1,,,True,39.5,24.0,62.0,False,2024,14.0
RIC,RB,61.0,79.45,15.0,706,19.0,HARD,True,1,,,True,39.6,23.8,63.0,False,2024,18.0
BOT,Kick Sauber,61.0,81.16,16.0,706,33.0,HARD,True,1,,,True,39.6,23.8,63.0,False,2024,12.0
MAG,Haas F1 Team,61.0,81.022,17.0,707,32.0,HARD,True,1,,,True,39.6,23.8,63.0,False,2024,16.0
ALB,Williams,61.0,80.002,18.0,708,18.0,SOFT,True,1,,,True,39.6,23.8,63.0,False,2024,20.0
TSU,RB,61.0,80.117,19.0,709,17.0,SOFT,True,1,,,True,39.6,23.8,63.0,False,2024,17.0
SAR,Williams,61.0,81.305,20.0,709,27.0,HARD,True,1,,,True,39.6,23.8,63.0,False,2024,19.0
VER,Red Bull Racing,62.0,78.301,1.0,710,18.0,SOFT,True,1,,,True,39.5,24.0,62.0,False,2024,2.0
NOR,McLaren,62.0,78.08,2.0,711,18.0,SOFT,False,1,,,True,39.5,24.0,62.0,False,2024,1.0
HAM,Mercedes,62.0,79.337,3.0,711,22.0,SOFT,False,1,,,True,39.5,24.0,62.0,False,2024,3.0
RUS,Mercedes,62.0,79.304,4.0,711,26.0,HARD,True,1,,,True,39.6,23.8,63.0,False,2024,4.0
LEC,Ferrari,62.0,78.533,5.0,712,18.0,SOFT,False,1,,,True,39.6,23.8,63.0,False,2024,5.0
SAI,Ferrari,62.0,79.365,6.0,712,26.0,HARD,True,1,,,True,39.6,23.8,63.0,False,2024,6.0
PIA,McLaren,62.0,78.186,7.0,713,19.0,SOFT,False,1,,,True,39.6,23.8,63.0,False,2024,9.0
GAS,Alpine,62.0,79.81,8.0,713,24.0,HARD,True,1,,,True,39.6,23.8,63.0,False,2024,7.0
PER,Red Bull Racing,62.0,78.934,9.0,714,16.0,SOFT,False,1,,,True,39.6,23.8,63.0,False,2024,11.0
OCO,Alpine,62.0,79.687,10.0,714,25.0,HARD,True,1,,,True,39.6,23.8,63.0,False,2024,8.0
HUL,Haas F1 Team,62.0,79.304,11.0,715,24.0,HARD,True,1,,,True,39.6,23.8,63.0,False,2024,13.0
ALO,Aston Martin,62.0,79.617,12.0,716,18.0,HARD,False,1,,,True,39.8,23.9,63.0,False,2024,10.0
ZHO,Kick Sauber,62.0,79.831,13.0,716,21.0,HARD,True,1,,,True,39.8,23.9,63.0,False,2024,15.0
STR,Aston Martin,62.0,81.533,14.0,716,26.0,HARD,False,1,,,True,39.8,23.9,63.0,False,2024,14.0
RIC,RB,62.0,79.8,15.0,717,20.0,HARD,True,1,,,True,39.8,23.9,63.0,False,2024,18.0
BOT,Kick Sauber,62.0,80.876,16.0,717,34.0,HARD,True,1,,,True,39.8,23.9,63.0,False,2024,12.0
MAG,Haas F1 Team,62.0,80.994,17.0,718,33.0,HARD,True,1,,,True,39.8,23.9,63.0,False,2024,16.0
ALB,Williams,62.0,79.993,18.0,719,19.0,SOFT,True,1,,,True,39.8,23.9,63.0,False,2024,20.0
TSU,RB,62.0,84.052,19.0,720,18.0,SOFT,True,1,,,True,39.8,23.9,63.0,False,2024,17.0
SAR,Williams,62.0,81.376,20.0,720,28.0,HARD,True,1,,,True,39.1,23.9,62.0,False,2024,19.0
VER,Red Bull Racing,63.0,78.543,1.0,721,19.0,SOFT,True,1,,,True,39.6,23.8,63.0,False,2024,2.0
NOR,McLaren,63.0,78.174,2.0,722,19.0,SOFT,False,1,,,True,39.8,23.9,63.0,False,2024,1.0
HAM,Mercedes,63.0,78.942,3.0,722,23.0,SOFT,False,1,,,True,39.8,23.9,63.0,False,2024,3.0
RUS,Mercedes,63.0,79.52,4.0,722,27.0,HARD,True,1,,,True,39.8,23.9,63.0,False,2024,4.0
LEC,Ferrari,63.0,78.965,5.0,723,19.0,SOFT,False,1,,,True,39.8,23.9,63.0,False,2024,5.0
SAI,Ferrari,63.0,79.479,6.0,723,27.0,HARD,True,1,,,True,39.8,23.9,63.0,False,2024,6.0
PIA,McLaren,63.0,78.587,7.0,724,20.0,SOFT,False,1,,,True,39.8,23.9,63.0,False,2024,9.0
GAS,Alpine,63.0,79.867,8.0,724,25.0,HARD,True,1,,,True,39.8,23.9,63.0,False,2024,7.0
PER,Red Bull Racing,63.0,79.688,9.0,725,17.0,SOFT,False,1,,,True,39.8,23.9,63.0,False,2024,11.0
OCO,Alpine,63.0,79.587,10.0,725,26.0,HARD,True,1,,,True,39.1,23.9,62.0,False,2024,8.0
HUL,Haas F1 Team,63.0,79.66,11.0,726,25.0,HARD,True,1,,,True,39.1,23.9,62.0,False,2024,13.0
ALO,Aston Martin,63.0,79.64,12.0,727,19.0,HARD,False,1,,,True,39.1,23.9,62.0,False,2024,10.0
ZHO,Kick Sauber,63.0,79.787,13.0,727,22.0,HARD,True,1,,,True,39.1,23.9,62.0,False,2024,15.0
STR,Aston Martin,63.0,80.02,14.0,727,27.0,HARD,False,1,,,True,39.1,23.9,62.0,False,2024,14.0
RIC,RB,63.0,79.87,15.0,728,21.0,HARD,True,1,,,True,40.4,23.6,63.0,False,2024,18.0
BOT,Kick Sauber,63.0,80.747,16.0,728,35.0,HARD,True,1,,,True,40.4,23.6,63.0,False,2024,12.0
MAG,Haas F1 Team,63.0,81.008,17.0,729,34.0,HARD,True,1,,,True,40.4,23.6,63.0,False,2024,16.0
ALB,Williams,63.0,80.211,18.0,730,20.0,SOFT,True,1,,,True,40.4,23.6,63.0,False,2024,20.0
TSU,RB,63.0,80.309,19.0,731,19.0,SOFT,True,1,,,True,40.4,23.6,63.0,False,2024,17.0
SAR,Williams,63.0,81.612,20.0,731,29.0,HARD,True,1,,,True,40.4,23.6,63.0,False,2024,19.0
VER,Red Bull Racing,64.0,79.072,1.0,732,20.0,SOFT,True,1,,,True,39.1,23.9,62.0,False,2024,2.0
NOR,McLaren,64.0,78.282,2.0,733,20.0,SOFT,False,1,,,True,39.1,23.9,62.0,False,2024,1.0
HAM,Mercedes,64.0,79.166,3.0,733,24.0,SOFT,False,1,,,True,39.1,23.9,62.0,False,2024,3.0
RUS,Mercedes,64.0,79.372,4.0,733,28.0,HARD,True,1,,,True,39.1,23.9,62.0,False,2024,4.0
LEC,Ferrari,64.0,79.03,5.0,734,20.0,SOFT,False,1,,,True,39.1,23.9,62.0,False,2024,5.0
SAI,Ferrari,64.0,79.535,6.0,734,28.0,HARD,True,1,,,True,39.1,23.9,62.0,False,2024,6.0
PIA,McLaren,64.0,78.84,7.0,735,21.0,SOFT,False,1,,,True,39.1,23.9,62.0,False,2024,9.0
GAS,Alpine,64.0,80.054,8.0,735,26.0,HARD,True,1,,,True,40.4,23.6,63.0,False,2024,7.0
PER,Red Bull Racing,64.0,79.357,9.0,736,18.0,SOFT,False,1,,,True,40.4,23.6,63.0,False,2024,11.0
OCO,Alpine,64.0,79.751,10.0,736,27.0,HARD,True,1,,,True,40.4,23.6,63.0,False,2024,8.0
HUL,Haas F1 Team,64.0,79.985,11.0,737,26.0,HARD,True,1,,,True,40.4,23.6,63.0,False,2024,13.0
ALO,Aston Martin,64.0,79.387,12.0,738,20.0,HARD,False,1,,,True,40.4,23.6,63.0,False,2024,10.0
ZHO,Kick Sauber,64.0,80.01,13.0,738,23.0,HARD,True,1,,,True,40.4,23.6,63.0,False,2024,15.0
STR,Aston Martin,64.0,80.139,14.0,738,28.0,HARD,False,1,,,True,40.4,23.6,63.0,False,2024,14.0
RIC,RB,64.0,80.194,15.0,739,22.0,HARD,True,1,,,True,41.6,23.7,63.0,False,2024,18.0
BOT,Kick Sauber,64.0,81.325,16.0,739,36.0,HARD,True,1,,,True,41.6,23.7,63.0,False,2024,12.0
MAG,Haas F1 Team,64.0,81.366,17.0,740,35.0,HARD,True,1,,,True,41.6,23.7,63.0,False,2024,16.0
ALB,Williams,64.0,80.235,18.0,741,21.0,SOFT,True,1,,,True,41.6,23.7,63.0,False,2024,20.0
TSU,RB,64.0,80.103,19.0,742,20.0,SOFT,True,1,,,True,41.6,23.7,63.0,False,2024,17.0
SAR,Williams,64.0,85.203,20.0,742,30.0,HARD,True,1,,,True,42.2,23.8,62.0,False,2024,19.0
VER,Red Bull Racing,65.0,79.467,1.0,743,21.0,SOFT,True,1,,,True,40.4,23.6,63.0,False,2024,2.0
NOR,McLaren,65.0,78.773,2.0,744,21.0,SOFT,False,1,,,True,40.4,23.6,63.0,False,2024,1.0
HAM,Mercedes,65.0,79.009,3.0,744,25.0,SOFT,False,1,,,True,40.4,23.6,63.0,False,2024,3.0
RUS,Mercedes,65.0,79.634,4.0,744,29.0,HARD,True,1,,,True,40.4,23.6,63.0,False,2024,4.0
LEC,Ferrari,65.0,79.074,5.0,745,21.0,SOFT,False,1,,,True,40.4,23.6,63.0,False,2024,5.0
SAI,Ferrari,65.0,79.612,6.0,745,29.0,HARD,True,1,,,True,41.6,23.7,63.0,False,2024,6.0
PIA,McLaren,65.0,79.297,7.0,746,22.0,SOFT,False,1,,,True,41.6,23.7,63.0,False,2024,9.0
GAS,Alpine,65.0,79.808,8.0,746,27.0,HARD,True,1,,,True,41.6,23.7,63.0,False,2024,7.0
PER,Red Bull Racing,65.0,79.124,9.0,747,19.0,SOFT,False,1,,,True,41.6,23.7,63.0,False,2024,11.0
OCO,Alpine,65.0,79.94,10.0,747,28.0,HARD,True,1,,,True,41.6,23.7,63.0,False,2024,8.0
HUL,Haas F1 Team,65.0,80.164,11.0,748,27.0,HARD,True,1,,,True,41.6,23.7,63.0,False,2024,13.0
ALO,Aston Martin,65.0,79.743,12.0,749,21.0,HARD,False,1,,,True,42.2,23.8,62.0,False,2024,10.0
ZHO,Kick Sauber,65.0,80.985,13.0,749,24.0,HARD,True,1,,,True,42.2,23.8,62.0,False,2024,15.0
STR,Aston Martin,65.0,83.904,14.0,749,29.0,HARD,False,1,,,True,42.2,23.8,62.0,False,2024,14.0
RIC,RB,65.0,79.527,15.0,750,23.0,HARD,True,1,,,True,42.2,23.8,62.0,False,2024,18.0
BOT,Kick Sauber,65.0,81.432,16.0,750,37.0,HARD,True,1,,,True,42.2,23.8,62.0,False,2024,12.0
MAG,Haas F1 Team,65.0,81.45,17.0,751,36.0,HARD,True,1,,,True,42.2,23.8,62.0,False,2024,16.0
ALB,Williams,65.0,80.31,18.0,752,22.0,SOFT,True,1,,,True,42.2,23.8,62.0,False,2024,20.0
TSU,RB,65.0,80.515,19.0,753,21.0,SOFT,True,1,,,True,41.9,24.0,61.0,False,2024,17.0
VER,Red Bull Racing,66.0,79.774,1.0,753,22.0,SOFT,True,1,,,True,41.6,23.7,63.0,False,2024,2.0
NOR,McLaren,66.0,79.682,2.0,754,22.0,SOFT,False,1,,,True,41.6,23.7,63.0,False,2024,1.0
HAM,Mercedes,66.0,80.041,3.0,754,26.0,SOFT,False,1,,,True,42.2,23.8,62.0,False,2024,3.0
RUS,Mercedes,66.0,79.751,4.0,754,30.0,HARD,True,1,,,True,42.2,23.8,62.0,False,2024,4.0
LEC,Ferrari,66.0,79.41,5.0,755,22.0,SOFT,False,1,,,True,42.2,23.8,62.0,False,2024,5.0
SAI,Ferrari,66.0,79.643,6.0,755,30.0,HARD,True,1,,,True,42.2,23.8,62.0,False,2024,6.0
PIA,McLaren,66.0,79.294,7.0,756,23.0,SOFT,False,1,,,True,42.2,23.8,62.0,False,2024,9.0
PER,Red Bull Racing,66.0,79.151,8.0,757,20.0,SOFT,False,1,,,True,42.2,23.8,62.0,False,2024,11.0
GAS,Alpine,66.0,82.054,9.0,757,28.0,HARD,True,1,,,True,42.2,23.8,62.0,False,2024,7.0
OCO,Alpine,66.0,80.663,10.0,757,29.0,HARD,True,1,,,True,41.9,24.0,61.0,False,2024,8.0
HUL,Haas F1 Team,66.0,81.126,11.0,758,28.0,HARD,True,1,,,True,41.9,24.0,61.0,False,2024,13.0
PIA,McLaren,1.0,82.879,1.0,1,1.0,SOFT,True,1,,,False,49.4,29.5,51.0,False,2025,1.0
VER,Red Bull Racing,1.0,83.696,2.0,1,4.0,SOFT,False,1,,,False,49.4,29.5,51.0,False,2025,3.0
NOR,McLaren,1.0,84.658,3.0,2,1.0,SOFT,True,1,,,False,49.4,29.5,51.0,False,2025,2.0
HAM,Ferrari,1.0,85.349,4.0,2,4.0,SOFT,False,1,,,False,49.4,29.5,51.0,False,2025,5.0
LEC,Ferrari,1.0,86.275,5.0,3,2.0,SOFT,False,1,,,False,49.4,29.5,51.0,False,2025,7.0
RUS,Mercedes,1.0,86.617,6.0,3,4.0,SOFT,False,1,,,False,49.4,29.5,51.0,False,2025,4.0
ANT,Mercedes,1.0,87.381,7.0,4,4.0,SOFT,False,1,,,False,49.4,29.5,51.0,False,2025,6.0
GAS,Alpine,1.0,87.934,8.0,5,3.0,SOFT,False,1,,,False,49.4,29.5,51.0,False,2025,8.0
HAD,Racing Bulls,1.0,88.411,9.0,5,4.0,SOFT,False,1,,,False,49.4,29.5,51.0,False,2025,9.0
ALO,Aston Martin,1.0,88.761,10.0,6,3.0,SOFT,False,1,,,False,49.4,29.5,51.0,False,2025,10.0
HUL,Kick Sauber,1.0,88.901,11.0,7,1.0,SOFT,True,1,,,False,49.4,29.5,51.0,False,2025,15.0
BOR,Kick Sauber,1.0,89.36,12.0,7,4.0,SOFT,False,1,,,False,49.4,29.5,51.0,False,2025,12.0
LAW,Racing Bulls,1.0,89.953,13.0,8,1.0,SOFT,True,1,,,False,49.4,29.5,51.0,False,2025,13.0
ALB,Williams,1.0,90.384,14.0,8,4.0,SOFT,False,1,,,False,49.4,29.5,51.0,False,2025,11.0
BEA,Haas F1 Team,1.0,90.837,15.0,9,1.0,SOFT,True,1,,,False,49.4,29.5,51.0,False,2025,14.0
OCO,Haas F1 Team,1.0,91.228,16.0,10,1.0,SOFT,True,1,,,False,49.4,29.5,51.0,False,2025,16.0
SAI,Williams,1.0,91.809,17.0,11,1.0,SOFT,True,1,,,False,49.4,29.5,51.0,False,2025,17.0
COL,Alpine,1.0,92.318,18.0,12,1.0,SOFT,True,1,,,False,49.4,29.5,51.0,False,2025,18.0
TSU,Red Bull Racing,1.0,93.614,19.0,13,1.0,MEDIUM,True,1,,0 days 00:59:23.884000,False,49.4,29.5,51.0,False,2025,19.0
PIA,McLaren,2.0,80.211,1.0,13,2.0,SOFT,True,1,,,True,49.4,29.6,51.0,False,2025,1.0
VER,Red Bull Racing,2.0,80.083,2.0,13,5.0,SOFT,False,1,,,True,49.4,29.6,51.0,False,2025,3.0
NOR,McLaren,2.0,80.904,3.0,14,2.0,SOFT,True,1,,,True,49.4,29.6,51.0,False,2025,2.0
HAM,Ferrari,2.0,81.368,4.0,14,5.0,SOFT,False,1,,,True,49.4,29.6,51.0,False,2025,5.0
LEC,Ferrari,2.0,81.421,5.0,15,3.0,SOFT,False,1,,,True,49.4,29.6,51.0,False,2025,7.0
RUS,Mercedes,2.0,81.564,6.0,15,5.0,SOFT,False,1,,,True,49.4,29.6,51.0,False,2025,4.0
ANT,Mercedes,2.0,82.112,7.0,16,5.0,SOFT,False,1,,,True,49.4,29.6,51.0,False,2025,6.0
GAS,Alpine,2.0,82.663,8.0,17,4.0,SOFT,False,1,,,True,49.4,29.6,51.0,False,2025,8.0
HAD,Racing Bulls,2.0,82.858,9.0,17,5.0,SOFT,False,1,,,True,49.4,29.6,51.0,False,2025,9.0
HUL,Kick Sauber,2.0,82.812,10.0,18,2.0,SOFT,True,1,,,True,49.4,29.6,51.0,False,2025,15.0
ALO,Aston Martin,2.0,83.387,11.0,18,4.0,SOFT,False,1,,,True,49.4,29.6,51.0,False,2025,10.0
BOR,Kick Sauber,2.0,83.275,12.0,18,5.0,SOFT,False,1,,,True,49.4,29.6,51.0,False,2025,12.0
LAW,Racing Bulls,2.0,83.22,13.0,19,2.0,SOFT,True,1,,,True,49.4,29.6,51.0,False,2025,13.0
ALB,Williams,2.0,83.703,14.0,19,5.0,SOFT,False,1,,,True,49.4,29.6,51.0,False,2025,11.0
BEA,Haas F1 Team,2.0,83.868,15.0,20,2.0,SOFT,True,1,,,True,49.4,29.6,51.0,False,2025,14.0
OCO,Haas F1 Team,2.0,83.815,16.0,21,2.0,SOFT,True,1,,,True,49.4,29.6,51.0,False,2025,16.0
SAI,Williams,2.0,83.851,17.0,22,2.0,SOFT,True,1,,,True,49.4,29.6,51.0,False,2025,17.0
COL,Alpine,2.0,83.993,18.0,23,2.0,SOFT,True,1,,,True,49.4,29.6,51.0,False,2025,18.0
TSU,Red Bull Racing,2.0,83.482,19.0,24,2.0,MEDIUM,True,1,,,True,49.4,29.6,51.0,False,2025,19.0
PIA,McLaren,3.0,79.866,1.0,24,3.0,SOFT,True,1,,,True,49.0,29.5,52.0,False,2025,1.0
VER,Red Bull Racing,3.0,80.537,2.0,24,6.0,SOFT,False,1,,,True,49.0,29.5,52.0,False,2025,3.0
NOR,McLaren,3.0,80.69,3.0,25,3.0,SOFT,True,1,,,True,49.4,29.4,53.0,False,2025,2.0
HAM,Ferrari,3.0,80.753,4.0,25,6.0,SOFT,False,1,,,True,49.4,29.4,53.0,False,2025,5.0
LEC,Ferrari,3.0,80.809,5.0,26,4.0,SOFT,False,1,,,True,49.4,29.4,53.0,False,2025,7.0
RUS,Mercedes,3.0,81.385,6.0,26,6.0,SOFT,False,1,,,True,49.4,29.4,53.0,False,2025,4.0
ANT,Mercedes,3.0,81.874,7.0,27,6.0,SOFT,False,1,,,True,49.4,29.4,53.0,False,2025,6.0
GAS,Alpine,3.0,82.133,8.0,28,5.0,SOFT,False,1,,,True,49.4,29.4,53.0,False,2025,8.0
HAD,Racing Bulls,3.0,81.972,9.0,28,6.0,SOFT,False,1,,,True,49.4,29.4,53.0,False,2025,9.0
HUL,Kick Sauber,3.0,82.138,10.0,29,3.0,SOFT,True,1,,,True,49.4,29.4,53.0,False,2025,15.0
ALO,Aston Martin,3.0,82.424,11.0,29,5.0,SOFT,False,1,,,True,49.4,29.4,53.0,False,2025,10.0
BOR,Kick Sauber,3.0,82.493,12.0,29,6.0,SOFT,False,1,,,True,49.4,29.4,53.0,False,2025,12.0
LAW,Racing Bulls,3.0,82.634,13.0,30,3.0,SOFT,True,1,,,True,49.4,29.4,53.0,False,2025,13.0
ALB,Williams,3.0,82.585,14.0,30,6.0,SOFT,False,1,,,True,49.4,29.4,53.0,False,2025,11.0
BEA,Haas F1 Team,3.0,82.603,15.0,31,3.0,SOFT,True,1,,,True,49.4,29.4,53.0,False,2025,14.0
OCO,Haas F1 Team,3.0,82.636,16.0,32,3.0,SOFT,True,1,,,True,49.4,29.4,53.0,False,2025,16.0
SAI,Williams,3.0,82.905,17.0,33,3.0,SOFT,True,1,,,True,49.4,29.4,53.0,False,2025,17.0
COL,Alpine,3.0,83.061,18.0,34,3.0,SOFT,True,1,,,True,49.4,29.4,53.0,False,2025,18.0
TSU,Red Bull Racing,3.0,83.005,19.0,35,3.0,MEDIUM,True,1,,,True,49.4,29.4,53.0,False,2025,19.0
PIA,McLaren,4.0,80.359,1.0,35,4.0,SOFT,True,1,,,True,49.4,29.4,54.0,False,2025,1.0
VER,Red Bull Racing,4.0,81.032,2.0,35,7.0,SOFT,False,1,,,True,49.4,29.4,54.0,False,2025,3.0
NOR,McLaren,4.0,80.8,3.0,36,4.0,SOFT,True,1,,,True,49.4,29.4,54.0,False,2025,2.0
HAM,Ferrari,4.0,80.639,4.0,36,7.0,SOFT,False,1,,,True,49.4,29.4,54.0,False,2025,5.0
LEC,Ferrari,4.0,80.725,5.0,37,5.0,SOFT,False,1,,,True,49.4,29.4,54.0,False,2025,7.0
RUS,Mercedes,4.0,81.126,6.0,37,7.0,SOFT,False,1,,,True,49.4,29.4,54.0,False,2025,4.0
ANT,Mercedes,4.0,81.374,7.0,38,7.0,SOFT,False,1,,,True,49.4,29.4,54.0,False,2025,6.0
GAS,Alpine,4.0,81.329,8.0,39,6.0,SOFT,False,1,,,True,49.4,29.4,54.0,False,2025,8.0
HAD,Racing Bulls,4.0,81.781,9.0,39,7.0,SOFT,False,1,,,True,49.4,29.4,54.0,False,2025,9.0
HUL,Kick Sauber,4.0,81.756,10.0,40,4.0,SOFT,True,1,,,True,49.4,29.4,54.0,False,2025,15.0
ALO,Aston Martin,4.0,81.965,11.0,40,6.0,SOFT,False,1,,,True,49.4,29.4,54.0,False,2025,10.0
BOR,Kick Sauber,4.0,82.114,12.0,40,7.0,SOFT,False,1,,,True,49.4,29.4,54.0,False,2025,12.0
LAW,Racing Bulls,4.0,82.031,13.0,41,4.0,SOFT,True,1,,,True,49.4,29.4,54.0,False,2025,13.0
ALB,Williams,4.0,82.127,14.0,41,7.0,SOFT,False,1,,,True,49.4,29.4,54.0,False,2025,11.0
BEA,Haas F1 Team,4.0,82.344,15.0,42,4.0,SOFT,True,1,,,True,49.4,29.4,54.0,False,2025,14.0
OCO,Haas F1 Team,4.0,82.373,16.0,43,4.0,SOFT,True,1,,,True,49.4,29.4,54.0,False,2025,16.0
SAI,Williams,4.0,82.37,17.0,44,4.0,SOFT,True,1,,,True,49.4,29.4,54.0,False,2025,17.0
COL,Alpine,4.0,82.402,18.0,45,4.0,SOFT,True,1,,,True,49.4,29.4,54.0,False,2025,18.0
TSU,Red Bull Racing,4.0,82.585,19.0,46,4.0,MEDIUM,True,1,,,True,49.4,29.4,54.0,False,2025,19.0
PIA,McLaren,5.0,80.467,1.0,46,5.0,SOFT,True,1,,,True,49.9,29.3,53.0,False,2025,1.0
VER,Red Bull Racing,5.0,80.964,2.0,46,8.0,SOFT,False,1,,,True,49.9,29.3,53.0,False,2025,3.0
NOR,McLaren,5.0,80.644,3.0,47,5.0,SOFT,True,1,,,True,49.9,29.3,53.0,False,2025,2.0
HAM,Ferrari,5.0,81.109,4.0,47,8.0,SOFT,False,1,,,True,49.9,29.3,53.0,False,2025,5.0
LEC,Ferrari,5.0,80.75,5.0,48,6.0,SOFT,False,1,,,True,49.9,29.3,53.0,False,2025,7.0
RUS,Mercedes,5.0,81.13,6.0,48,8.0,SOFT,False,1,,,True,49.9,29.3,53.0,False,2025,4.0
ANT,Mercedes,5.0,81.368,7.0,49,8.0,SOFT,False,1,,,True,49.9,29.3,53.0,False,2025,6.0
GAS,Alpine,5.0,81.681,8.0,50,7.0,SOFT,False,1,,,True,49.9,29.3,53.0,False,2025,8.0
HAD,Racing Bulls,5.0,81.647,9.0,50,8.0,SOFT,False,1,,,True,49.9,29.3,53.0,False,2025,9.0
HUL,Kick Sauber,5.0,81.71,10.0,51,5.0,SOFT,True,1,,,True,49.9,29.3,53.0,False,2025,15.0
ALO,Aston Martin,5.0,81.888,11.0,51,7.0,SOFT,False,1,,,True,49.9,29.3,53.0,False,2025,10.0
BOR,Kick Sauber,5.0,82.13,12.0,51,8.0,SOFT,False,1,,,True,49.9,29.3,53.0,False,2025,12.0
LAW,Racing Bulls,5.0,82.423,13.0,52,5.0,SOFT,True,1,,,True,49.9,29.3,53.0,False,2025,13.0
ALB,Williams,5.0,82.537,14.0,52,8.0,SOFT,False,1,,,True,49.9,29.3,53.0,False,2025,11.0
BEA,Haas F1 Team,5.0,82.177,15.0,53,5.0,SOFT,True,1,,,True,49.9,29.3,53.0,False,2025,14.0
OCO,Haas F1 Team,5.0,82.484,16.0,54,5.0,SOFT,True,1,,,True,49.9,29.3,53.0,False,2025,16.0
SAI,Williams,5.0,82.47,17.0,55,5.0,SOFT,True,1,,,True,49.9,29.3,53.0,False,2025,17.0
COL,Alpine,5.0,82.336,18.0,56,5.0,SOFT,True,1,,,True,49.9,29.3,53.0,False,2025,18.0
TSU,Red Bull Racing,5.0,82.249,19.0,57,5.0,MEDIUM,True,1,,,True,48.9,29.3,52.0,False,2025,19.0
PIA,McLaren,6.0,80.254,1.0,57,6.0,SOFT,True,1,,,True,48.9,29.3,52.0,False,2025,1.0
VER,Red Bull Racing,6.0,80.822,2.0,57,9.0,SOFT,False,1,,,True,48.2,29.2,53.0,False,2025,3.0
NOR,McLaren,6.0,80.713,3.0,58,6.0,SOFT,True,1,,,True,48.2,29.2,53.0,False,2025,2.0
HAM,Ferrari,6.0,81.565,4.0,58,9.0,SOFT,False,1,,,True,48.2,29.2,53.0,False,2025,5.0
LEC,Ferrari,6.0,81.368,5.0,59,7.0,SOFT,False,1,,,True,48.2,29.2,53.0,False,2025,7.0
RUS,Mercedes,6.0,81.383,6.0,59,9.0,SOFT,False,1,,,True,48.2,29.2,53.0,False,2025,4.0
ANT,Mercedes,6.0,81.477,7.0,60,9.0,SOFT,False,1,,,True,48.2,29.2,53.0,False,2025,6.0
GAS,Alpine,6.0,81.791,8.0,61,8.0,SOFT,False,1,,,True,48.2,29.2,53.0,False,2025,8.0
HAD,Racing Bulls,6.0,81.82,9.0,61,9.0,SOFT,False,1,,,True,48.2,29.2,53.0,False,2025,9.0
HUL,Kick Sauber,6.0,81.74,10.0,62,6.0,SOFT,True,1,,,True,48.2,29.2,53.0,False,2025,15.0
ALO,Aston Martin,6.0,81.67,11.0,62,8.0,SOFT,False,1,,,True,48.2,29.2,53.0,False,2025,10.0
BOR,Kick Sauber,6.0,82.166,12.0,62,9.0,SOFT,False,1,,,True,48.2,29.2,53.0,False,2025,12.0
LAW,Racing Bulls,6.0,82.137,13.0,63,6.0,SOFT,True,1,,,True,48.2,29.2,53.0,False,2025,13.0
BEA,Haas F1 Team,6.0,82.587,14.0,64,6.0,SOFT,True,1,,,True,48.2,29.2,53.0,False,2025,14.0
OCO,Haas F1 Team,6.0,82.586,15.0,65,6.0,SOFT,True,1,,,True,48.2,29.2,53.0,False,2025,16.0
SAI,Williams,6.0,82.836,16.0,66,6.0,SOFT,True,1,,,True,48.2,29.2,53.0,False,2025,17.0
COL,Alpine,6.0,82.776,17.0,67,6.0,SOFT,True,1,,,True,48.2,29.2,53.0,False,2025,18.0
ALB,Williams,6.0,86.284,18.0,67,9.0,SOFT,False,1,0 days 01:07:38.535000,,False,48.2,29.2,53.0,False,2025,11.0
TSU,Red Bull Racing,6.0,82.86,19.0,68,6.0,MEDIUM,True,1,,,True,48.2,29.2,53.0,False,2025,19.0
PIA,McLaren,7.0,80.931,1.0,68,7.0,SOFT,True,1,,,True,49.1,29.1,54.0,False,2025,1.0
VER,Red Bull Racing,7.0,80.76,2.0,68,10.0,SOFT,False,1,,,True,49.1,29.1,54.0,False,2025,3.0
NOR,McLaren,7.0,80.837,3.0,69,7.0,SOFT,True,1,,,True,49.1,29.1,54.0,False,2025,2.0
HAM,Ferrari,7.0,81.623,4.0,69,10.0,SOFT,False,1,,,True,49.1,29.1,54.0,False,2025,5.0
LEC,Ferrari,7.0,81.722,5.0,70,8.0,SOFT,False,1,,,True,49.1,29.1,54.0,False,2025,7.0
RUS,Mercedes,7.0,81.684,6.0,70,10.0,SOFT,False,1,,,True,49.1,29.1,54.0,False,2025,4.0
ANT,Mercedes,7.0,81.707,7.0,71,10.0,SOFT,False,1,,,True,49.1,29.1,54.0,False,2025,6.0
GAS,Alpine,7.0,81.964,8.0,72,9.0,SOFT,False,1,,,True,49.1,29.1,54.0,False,2025,8.0
HAD,Racing Bulls,7.0,82.164,9.0,72,10.0,SOFT,False,1,,,True,49.1,29.1,54.0,False,2025,9.0
HUL,Kick Sauber,7.0,82.315,10.0,73,7.0,SOFT,True,1,,,True,49.1,29.1,54.0,False,2025,15.0
ALO,Aston Martin,7.0,82.247,11.0,73,9.0,SOFT,False,1,,,True,49.1,29.1,54.0,False,2025,10.0
BOR,Kick Sauber,7.0,82.531,12.0,73,10.0,SOFT,False,1,,,True,49.1,29.1,54.0,False,2025,12.0
LAW,Racing Bulls,7.0,82.695,13.0,74,7.0,SOFT,True,1,,,True,49.1,29.1,54.0,False,2025,13.0
BEA,Haas F1 Team,7.0,82.068,14.0,75,7.0,SOFT,True,1,,,True,49.1,29.1,54.0,False,2025,14.0
OCO,Haas F1 Team,7.0,82.28,15.0,76,7.0,SOFT,True,1,,,True,49.1,29.1,54.0,False,2025,16.0
SAI,Williams,7.0,82.908,16.0,77,7.0,SOFT,True,1,,,True,49.1,29.1,54.0,False,2025,17.0
COL,Alpine,7.0,83.079,17.0,78,7.0,SOFT,True,1,,,True,49.1,29.1,54.0,False,2025,18.0
TSU,Red Bull Racing,7.0,82.95,18.0,79,7.0,MEDIUM,True,1,,,True,49.1,29.1,54.0,False,2025,19.0
ALB,Williams,7.0,107.64,19.0,80,1.0,SOFT,True,1,,0 days 01:08:09.328000,False,49.4,29.0,54.0,False,2025,11.0
PIA,McLaren,8.0,80.828,1.0,80,8.0,SOFT,True,1,,,True,49.4,29.0,54.0,False,2025,1.0
VER,Red Bull Racing,8.0,81.019,2.0,80,11.0,SOFT,False,1,,,True,49.4,29.0,54.0,False,2025,3.0
NOR,McLaren,8.0,80.902,3.0,81,8.0,SOFT,True,1,,,True,49.4,29.0,54.0,False,2025,2.0
HAM,Ferrari,8.0,81.929,4.0,81,11.0,SOFT,False,1,,,True,49.4,29.0,54.0,False,2025,5.0
LEC,Ferrari,8.0,81.841,5.0,82,9.0,SOFT,False,1,,,True,49.4,29.0,54.0,False,2025,7.0
RUS,Mercedes,8.0,81.738,6.0,82,11.0,SOFT,False,1,,,True,49.4,29.0,54.0,False,2025,4.0
ANT,Mercedes,8.0,81.857,7.0,83,11.0,SOFT,False,1,,,True,49.4,29.0,54.0,False,2025,6.0
GAS,Alpine,8.0,82.313,8.0,84,10.0,SOFT,False,1,,,True,49.4,29.0,54.0,False,2025,8.0
HAD,Racing Bulls,8.0,82.317,9.0,84,11.0,SOFT,False,1,,,True,49.4,29.0,54.0,False,2025,9.0
HUL,Kick Sauber,8.0,82.263,10.0,85,8.0,SOFT,True,1,,,True,49.4,29.0,54.0,False,2025,15.0
ALO,Aston Martin,8.0,82.421,11.0,85,10.0,SOFT,False,1,,,True,49.4,28.9,54.0,False,2025,10.0
BOR,Kick Sauber,8.0,83.133,12.0,85,11.0,SOFT,False,1,,,True,49.4,28.9,54.0,False,2025,12.0
LAW,Racing Bulls,8.0,82.93,13.0,86,8.0,SOFT,True,1,,,True,49.4,28.9,54.0,False,2025,13.0
OCO,Haas F1 Team,8.0,82.643,14.0,87,8.0,SOFT,True,1,,,True,49.4,28.9,54.0,False,2025,16.0
SAI,Williams,8.0,83.405,15.0,88,8.0,SOFT,True,1,,,True,49.4,28.9,54.0,False,2025,17.0
BEA,Haas F1 Team,8.0,86.186,16.0,89,8.0,SOFT,True,1,0 days 01:10:23.615000,,False,49.4,28.9,54.0,False,2025,14.0
COL,Alpine,8.0,83.385,17.0,90,8.0,SOFT,True,1,,,True,49.4,28.9,54.0,False,2025,18.0
TSU,Red Bull Racing,8.0,87.017,18.0,91,8.0,MEDIUM,True,1,0 days 01:10:28.681000,,False,49.4,28.9,54.0,False,2025,19.0
ALB,Williams,8.0,80.543,19.0,92,2.0,SOFT,True,1,,,True,49.4,28.9,54.0,False,2025,11.0
PIA,McLaren,9.0,80.767,1.0,92,9.0,SOFT,True,1,,,True,49.1,28.9,56.0,False,2025,1.0
VER,Red Bull Racing,9.0,81.168,2.0,92,12.0,SOFT,False,1,,,True,49.1,28.9,56.0,False,2025,3.0
NOR,McLaren,9.0,80.95,3.0,93,9.0,SOFT,True,1,,,True,49.1,28.9,56.0,False,2025,2.0
HAM,Ferrari,9.0,81.974,4.0,93,12.0,SOFT,False,1,,,True,49.1,28.9,56.0,False,2025,5.0
LEC,Ferrari,9.0,82.127,5.0,94,10.0,SOFT,False,1,,,True,49.1,28.9,56.0,False,2025,7.0
RUS,Mercedes,9.0,82.136,6.0,94,12.0,SOFT,False,1,,,True,49.1,28.9,56.0,False,2025,4.0
ANT,Mercedes,9.0,81.744,7.0,95,12.0,SOFT,False,1,,,True,49.1,28.9,56.0,False,2025,6.0
GAS,Alpine,9.0,82.16,8.0,96,11.0,SOFT,False,1,,,True,49.1,28.9,56.0,False,2025,8.0
HAD,Racing Bulls,9.0,82.106,9.0,96,12.0,SOFT,False,1,,,True,49.1,28.9,56.0,False,2025,9.0
ALO,Aston Martin,9.0,82.498,10.0,97,11.0,SOFT,False,1,,,True,49.1,28.9,56.0,False,2025,10.0
HUL,Kick Sauber,9.0,85.851,11.0,98,9.0,SOFT,True,1,0 days 01:11:40.454000,,False,49.1,28.9,56.0,False,2025,15.0
BOR,Kick Sauber,9.0,83.248,12.0,98,12.0,SOFT,False,1,,,True,49.1,28.9,56.0,False,2025,12.0
LAW,Racing Bulls,9.0,83.238,13.0,99,9.0,SOFT,True,1,,,True,49.1,28.9,56.0,False,2025,13.0
OCO,Haas F1 Team,9.0,82.814,14.0,100,9.0,SOFT,True,1,,,True,49.1,28.9,56.0,False,2025,16.0
COL,Alpine,9.0,83.094,15.0,101,9.0,SOFT,True,1,,,True,49.1,28.9,56.0,False,2025,18.0
SAI,Williams,9.0,86.311,16.0,102,9.0,SOFT,True,1,0 days 01:11:49.772000,,False,49.1,28.9,56.0,False,2025,17.0
BEA,Haas F1 Team,9.0,97.669,17.0,103,1.0,MEDIUM,True,1,,0 days 01:10:45.556000,False,49.1,28.9,56.0,False,2025,14.0
ALB,Williams,9.0,80.508,18.0,103,3.0,SOFT,True,1,,,True,49.1,28.9,56.0,False,2025,11.0
TSU,Red Bull Racing,9.0,98.978,19.0,104,1.0,SOFT,True,1,,0 days 01:10:50.536000,False,49.1,28.9,56.0,False,2025,19.0
PIA,McLaren,10.0,80.89,1.0,104,10.0,SOFT,True,1,,,True,49.1,28.9,56.0,False,2025,1.0
VER,Red Bull Racing,10.0,81.163,2.0,104,13.0,SOFT,False,1,,,True,49.1,28.9,56.0,False,2025,3.0
NOR,McLaren,10.0,80.929,3.0,105,10.0,SOFT,True,1,,,True,49.1,28.9,56.0,False,2025,2.0
LEC,Ferrari,10.0,81.028,4.0,105,11.0,SOFT,False,1,,,True,49.1,28.9,56.0,False,2025,7.0
HAM,Ferrari,10.0,83.068,5.0,105,13.0,SOFT,False,1,,,True,49.1,28.9,56.0,False,2025,5.0
RUS,Mercedes,10.0,82.081,6.0,106,13.0,SOFT,False,1,,,True,49.1,28.9,56.0,False,2025,4.0
ANT,Mercedes,10.0,81.991,7.0,107,13.0,SOFT,False,1,,,True,49.1,28.9,56.0,False,2025,6.0
HAD,Racing Bulls,10.0,82.171,8.0,108,13.0,SOFT,False,1,,,True,49.1,28.9,56.0,False,2025,9.0
ALO,Aston Martin,10.0,82.313,9.0,109,12.0,SOFT,False,1,,,True,49.1,28.9,56.0,False,2025,10.0
GAS,Alpine,10.0,85.67,10.0,110,12.0,SOFT,False,1,0 days 01:13:00.614000,,False,49.1,28.9,56.0,False,2025,8.0
BOR,Kick Sauber,10.0,82.659,11.0,110,13.0,SOFT,False,1,,,True,49.1,28.9,56.0,False,2025,12.0
LAW,Racing Bulls,10.0,82.7,12.0,111,10.0,SOFT,True,1,,,True,49.1,28.9,56.0,False,2025,13.0
OCO,Haas F1 Team,10.0,82.833,13.0,112,10.0,SOFT,True,1,,,True,49.1,28.9,56.0,False,2025,16.0
COL,Alpine,10.0,82.147,14.0,113,10.0,SOFT,True,1,,,True,49.1,28.9,56.0,False,2025,18.0
HUL,Kick Sauber,10.0,98.895,15.0,114,1.0,MEDIUM,True,1,,0 days 01:12:02.768000,False,49.1,29.0,55.0,False,2025,15.0
BEA,Haas F1 Team,10.0,80.386,16.0,114,2.0,MEDIUM,True,1,,,True,49.1,29.0,55.0,False,2025,14.0
TSU,Red Bull Racing,10.0,79.888,17.0,115,2.0,SOFT,True,1,,,True,49.1,29.0,55.0,False,2025,19.0
ALB,Williams,10.0,81.462,18.0,115,4.0,SOFT,True,1,,,True,49.1,29.0,55.0,False,2025,11.0
SAI,Williams,10.0,108.315,19.0,116,1.0,SOFT,True,1,,0 days 01:12:20.322000,False,49.1,29.0,55.0,False,2025,17.0
PIA,McLaren,11.0,81.136,1.0,116,11.0,SOFT,True,1,,,True,49.1,29.0,55.0,False,2025,1.0
VER,Red Bull Racing,11.0,81.143,2.0,116,14.0,SOFT,False,1,,,True,49.1,29.0,55.0,False,2025,3.0
NOR,McLaren,11.0,80.959,3.0,117,11.0,SOFT,True,1,,,True,49.1,29.0,55.0,False,2025,2.0
LEC,Ferrari,11.0,81.004,4.0,117,12.0,SOFT,False,1,,,True,49.1,29.0,55.0,False,2025,7.0
HAM,Ferrari,11.0,81.552,5.0,117,14.0,SOFT,False,1,,,True,49.1,29.0,55.0,False,2025,5.0
RUS,Mercedes,11.0,81.472,6.0,118,14.0,SOFT,False,1,,,True,49.1,29.0,55.0,False,2025,4.0
ANT,Mercedes,11.0,82.021,7.0,119,14.0,SOFT,False,1,,,True,49.1,29.0,55.0,False,2025,6.0
HAD,Racing Bulls,11.0,81.893,8.0,120,14.0,SOFT,False,1,,,True,49.1,29.0,55.0,False,2025,9.0
ALO,Aston Martin,11.0,82.304,9.0,121,13.0,SOFT,False,1,,,True,49.1,29.0,55.0,False,2025,10.0
BOR,Kick Sauber,11.0,82.506,10.0,121,14.0,SOFT,False,1,,,True,49.1,29.0,55.0,False,2025,12.0
LAW,Racing Bulls,11.0,82.485,11.0,122,11.0,SOFT,True,1,,,True,49.1,29.0,55.0,False,2025,13.0
OCO,Haas F1 Team,11.0,82.77,12.0,123,11.0,SOFT,True,1,,,True,49.1,29.0,55.0,False,2025,16.0
COL,Alpine,11.0,83.044,13.0,124,11.0,SOFT,True,1,,,True,49.1,29.0,55.0,False,2025,18.0
GAS,Alpine,11.0,98.838,14.0,125,4.0,SOFT,False,1,,0 days 01:13:22.762000,False,49.1,29.0,55.0,False,2025,8.0
HUL,Kick Sauber,11.0,81.463,15.0,126,2.0,MEDIUM,True,1,,,True,49.1,29.0,55.0,False,2025,15.0
BEA,Haas F1 Team,11.0,81.715,16.0,126,3.0,MEDIUM,True,1,,,True,49.1,29.0,55.0,False,2025,14.0
TSU,Red Bull Racing,11.0,80.645,17.0,127,3.0,SOFT,True,1,,,True,49.1,29.0,55.0,False,2025,19.0
ALB,Williams,11.0,81.011,18.0,127,5.0,SOFT,True,1,,,True,49.1,29.0,55.0,False,2025,11.0
SAI,Williams,11.0,81.101,19.0,128,2.0,SOFT,True,1,,,True,49.1,29.0,55.0,False,2025,17.0
PIA,McLaren,12.0,81.091,1.0,128,12.0,SOFT,True,1,,,True,49.6,29.1,55.0,False,2025,1.0
VER,Red Bull Racing,12.0,81.623,2.0,128,15.0,SOFT,False,1,,,True,49.6,29.1,55.0,False,2025,3.0
NOR,McLaren,12.0,81.461,3.0,129,12.0,SOFT,True,1,,,True,49.6,29.1,55.0,False,2025,2.0
LEC,Ferrari,12.0,81.086,4.0,129,13.0,SOFT,False,1,,,True,49.6,29.1,55.0,False,2025,7.0
HAM,Ferrari,12.0,81.615,5.0,129,15.0,SOFT,False,1,,,True,49.6,29.1,55.0,False,2025,5.0
RUS,Mercedes,12.0,81.625,6.0,130,15.0,SOFT,False,1,,,True,49.6,29.1,55.0,False,2025,4.0
ANT,Mercedes,12.0,81.736,7.0,131,15.0,SOFT,False,1,,,True,49.6,29.1,55.0,False,2025,6.0
HAD,Racing Bulls,12.0,81.966,8.0,132,15.0,SOFT,False,1,,,True,49.6,29.1,55.0,False,2025,9.0
ALO,Aston Martin,12.0,82.469,9.0,133,14.0,SOFT,False,1,,,True,49.6,29.1,55.0,False,2025,10.0
BOR,Kick Sauber,12.0,83.318,10.0,133,15.0,SOFT,False,1,,,True,49.6,29.1,55.0,False,2025,12.0
LAW,Racing Bulls,12.0,82.828,11.0,134,12.0,SOFT,True,1,,,True,49.6,29.1,55.0,False,2025,13.0
OCO,Haas F1 Team,12.0,82.916,12.0,135,12.0,SOFT,True,1,,,True,49.6,29.1,55.0,False,2025,16.0
COL,Alpine,12.0,83.037,13.0,136,12.0,SOFT,True,1,,,True,49.6,29.1,55.0,False,2025,18.0
GAS,Alpine,12.0,81.664,14.0,137,5.0,SOFT,False,1,,,True,49.6,29.1,55.0,False,2025,8.0
HUL,Kick Sauber,12.0,81.785,15.0,138,3.0,MEDIUM,True,1,,,True,49.6,29.1,55.0,False,2025,15.0
BEA,Haas F1 Team,12.0,82.38,16.0,138,4.0,MEDIUM,True,1,,,True,49.6,29.1,55.0,False,2025,14.0
TSU,Red Bull Racing,12.0,81.574,17.0,139,4.0,SOFT,True,1,,,True,49.6,29.1,55.0,False,2025,19.0
ALB,Williams,12.0,81.879,18.0,139,6.0,SOFT,True,1,,,True,49.6,29.1,55.0,False,2025,11.0
SAI,Williams,12.0,81.02,19.0,140,3.0,SOFT,True,1,,,True,49.6,29.3,55.0,False,2025,17.0
PIA,McLaren,13.0,81.033,1.0,140,13.0,SOFT,True,1,,,True,49.6,29.3,55.0,False,2025,1.0
NOR,McLaren,13.0,80.531,2.0,141,13.0,SOFT,True,1,,,True,49.6,29.3,55.0,False,2025,2.0
VER,Red Bull Racing,13.0,86.03,3.0,141,16.0,SOFT,False,1,0 days 01:16:50.998000,,False,49.6,29.3,55.0,False,2025,3.0
LEC,Ferrari,13.0,81.406,4.0,142,14.0,SOFT,False,1,,,True,49.6,29.3,55.0,False,2025,7.0
HAM,Ferrari,13.0,81.828,5.0,142,16.0,SOFT,False,1,,,True,49.6,29.3,55.0,False,2025,5.0
RUS,Mercedes,13.0,82.055,6.0,143,16.0,SOFT,False,1,,,True,49.6,29.3,55.0,False,2025,4.0
ANT,Mercedes,13.0,81.845,7.0,144,16.0,SOFT,False,1,,,True,49.6,29.3,55.0,False,2025,6.0
HAD,Racing Bulls,13.0,82.176,8.0,145,16.0,SOFT,False,1,,,True,49.6,29.3,55.0,False,2025,9.0
LAW,Racing Bulls,13.0,82.277,9.0,146,13.0,SOFT,True,1,,,True,49.6,29.3,55.0,False,2025,13.0
BOR,Kick Sauber,13.0,84.556,10.0,146,16.0,SOFT,False,1,,,True,49.6,29.3,55.0,False,2025,12.0
ALO,Aston Martin,13.0,90.665,11.0,147,15.0,SOFT,False,1,,,True,49.0,29.3,55.0,False,2025,10.0
OCO,Haas F1 Team,13.0,84.063,12.0,148,13.0,SOFT,True,1,,,True,49.0,29.3,55.0,False,2025,16.0
COL,Alpine,13.0,83.742,13.0,149,13.0,SOFT,True,1,,,True,49.0,29.3,55.0,False,2025,18.0
GAS,Alpine,13.0,82.252,14.0,150,6.0,SOFT,False,1,,,True,49.0,29.3,55.0,False,2025,8.0
HUL,Kick Sauber,13.0,82.901,15.0,151,4.0,MEDIUM,True,1,,,True,49.0,29.3,55.0,False,2025,15.0
BEA,Haas F1 Team,13.0,82.327,16.0,151,5.0,MEDIUM,True,1,,,True,49.0,29.3,55.0,False,2025,14.0
TSU,Red Bull Racing,13.0,81.933,17.0,152,5.0,SOFT,True,1,,,True,49.0,29.3,55.0,False,2025,19.0
ALB,Williams,13.0,81.932,18.0,152,7.0,SOFT,True,1,,,True,49.0,29.3,55.0,False,2025,11.0
SAI,Williams,13.0,81.568,19.0,153,4.0,SOFT,True,1,,,True,49.0,29.3,55.0,False,2025,17.0
PIA,McLaren,14.0,80.78,1.0,153,14.0,SOFT,True,1,,,True,49.0,29.3,55.0,False,2025,1.0
NOR,McLaren,14.0,80.658,2.0,154,14.0,SOFT,True,1,,,True,49.0,29.3,55.0,False,2025,2.0
LEC,Ferrari,14.0,81.341,3.0,154,15.0,SOFT,False,1,,,True,49.0,29.3,55.0,False,2025,7.0
HAM,Ferrari,14.0,82.32,4.0,154,17.0,SOFT,False,1,,,True,49.0,29.2,56.0,False,2025,5.0
RUS,Mercedes,14.0,82.339,5.0,155,17.0,SOFT,False,1,,,True,49.0,29.2,56.0,False,2025,4.0
ANT,Mercedes,14.0,82.313,6.0,156,17.0,SOFT,False,1,,,True,49.0,29.2,56.0,False,2025,6.0
HAD,Racing Bulls,14.0,82.235,7.0,157,17.0,SOFT,False,1,,,True,49.0,29.2,56.0,False,2025,9.0
VER,Red Bull Racing,14.0,97.2,8.0,158,1.0,SOFT,True,1,,0 days 01:17:12.799000,False,49.0,29.2,56.0,False,2025,3.0
LAW,Racing Bulls,14.0,82.192,9.0,158,14.0,SOFT,True,1,,,True,49.0,29.2,56.0,False,2025,13.0
BOR,Kick Sauber,14.0,83.066,10.0,158,17.0,SOFT,False,1,,,True,49.0,29.2,56.0,False,2025,12.0
ALO,Aston Martin,14.0,84.019,11.0,159,16.0,SOFT,False,1,,,True,49.0,29.2,56.0,False,2025,10.0
OCO,Haas F1 Team,14.0,84.388,12.0,160,14.0,SOFT,True,1,,,True,49.0,29.2,56.0,False,2025,16.0
GAS,Alpine,14.0,82.189,13.0,161,7.0,SOFT,False,1,,,True,49.0,29.2,56.0,False,2025,8.0
COL,Alpine,14.0,86.715,14.0,161,14.0,SOFT,True,1,0 days 01:18:46.119000,,False,49.0,29.2,56.0,False,2025,18.0
HUL,Kick Sauber,14.0,82.607,15.0,162,5.0,MEDIUM,True,1,,,True,49.0,29.2,56.0,False,2025,15.0
BEA,Haas F1 Team,14.0,82.444,16.0,162,6.0,MEDIUM,True,1,,,True,49.0,29.2,56.0,False,2025,14.0
TSU,Red Bull Racing,14.0,81.887,17.0,163,6.0,SOFT,True,1,,,True,49.0,29.2,56.0,False,2025,19.0
ALB,Williams,14.0,81.793,18.0,163,8.0,SOFT,True,1,,,True,49.0,29.2,56.0,False,2025,11.0
SAI,Williams,14.0,81.456,19.0,164,5.0,SOFT,True,1,,,True,49.0,29.2,56.0,False,2025,17.0
PIA,McLaren,15.0,80.804,1.0,164,15.0,SOFT,True,1,,,True,49.1,29.2,55.0,False,2025,1.0
NOR,McLaren,15.0,80.926,2.0,165,15.0,SOFT,True,1,,,True,49.1,29.2,55.0,False,2025,2.0
LEC,Ferrari,15.0,81.7,3.0,165,16.0,SOFT,False,1,,,True,49.1,29.2,55.0,False,2025,7.0
HAM,Ferrari,15.0,81.869,4.0,165,18.0,SOFT,False,1,,,True,49.1,29.2,55.0,False,2025,5.0
RUS,Mercedes,15.0,81.968,5.0,166,18.0,SOFT,False,1,,,True,49.1,29.2,55.0,False,2025,4.0
ANT,Mercedes,15.0,82.181,6.0,167,18.0,SOFT,False,1,,,True,49.1,29.2,55.0,False,2025,6.0
VER,Red Bull Racing,15.0,79.63,7.0,168,2.0,SOFT,True,1,,,True,49.1,29.2,55.0,False,2025,3.0
HAD,Racing Bulls,15.0,82.539,8.0,168,18.0,SOFT,False,1,,,True,49.1,29.2,55.0,False,2025,9.0
LAW,Racing Bulls,15.0,81.968,9.0,169,15.0,SOFT,True,1,,,True,49.1,29.2,55.0,False,2025,13.0
BOR,Kick Sauber,15.0,83.295,10.0,169,18.0,SOFT,False,1,,,True,49.1,29.2,55.0,False,2025,12.0
OCO,Haas F1 Team,15.0,83.59,11.0,170,15.0,SOFT,True,1,,,True,49.1,29.2,55.0,False,2025,16.0
GAS,Alpine,15.0,81.939,12.0,171,8.0,SOFT,False,1,,,True,49.1,29.2,55.0,False,2025,8.0
ALO,Aston Martin,15.0,87.958,13.0,171,17.0,SOFT,False,1,0 days 01:20:07.865000,,False,49.1,29.2,55.0,False,2025,10.0
HUL,Kick Sauber,15.0,81.8,14.0,172,6.0,MEDIUM,True,1,,,True,49.1,29.2,55.0,False,2025,15.0
BEA,Haas F1 Team,15.0,82.126,15.0,172,7.0,MEDIUM,True,1,,,True,49.1,29.2,55.0,False,2025,14.0
TSU,Red Bull Racing,15.0,81.715,16.0,173,7.0,SOFT,True,1,,,True,49.1,29.2,55.0,False,2025,19.0
ALB,Williams,15.0,81.738,17.0,173,9.0,SOFT,True,1,,,True,49.1,29.3,55.0,False,2025,11.0
SAI,Williams,15.0,81.298,18.0,174,6.0,SOFT,True,1,,,True,49.1,29.3,55.0,False,2025,17.0
COL,Alpine,15.0,99.134,19.0,175,1.0,MEDIUM,True,1,,0 days 01:19:08.655000,False,49.1,29.3,55.0,False,2025,18.0
PIA,McLaren,16.0,80.659,1.0,175,16.0,SOFT,True,1,,,True,49.1,29.3,55.0,False,2025,1.0
NOR,McLaren,16.0,80.666,2.0,176,16.0,SOFT,True,1,,,True,49.1,29.3,55.0,False,2025,2.0
LEC,Ferrari,16.0,81.481,3.0,176,17.0,SOFT,False,1,,,True,49.1,29.3,55.0,False,2025,7.0
RUS,Mercedes,16.0,81.547,4.0,176,19.0,SOFT,False,1,,,True,49.1,29.3,55.0,False,2025,4.0
HAM,Ferrari,16.0,85.739,5.0,177,19.0,SOFT,False,1,0 days 01:21:05.232000,,False,49.1,29.3,55.0,False,2025,5.0
ANT,Mercedes,16.0,81.899,6.0,178,19.0,SOFT,False,1,,,True,49.1,29.3,55.0,False,2025,6.0
VER,Red Bull Racing,16.0,79.45,7.0,179,3.0,SOFT,True,1,,,True,49.1,29.3,55.0,False,2025,3.0
HAD,Racing Bulls,16.0,82.316,8.0,179,19.0,SOFT,False,1,,,True,49.1,29.3,55.0,False,2025,9.0
LAW,Racing Bulls,16.0,81.967,9.0,180,16.0,SOFT,True,1,,,True,49.2,29.3,56.0,False,2025,13.0
BOR,Kick Sauber,16.0,83.056,10.0,180,19.0,SOFT,False,1,,,True,49.2,29.3,56.0,False,2025,12.0
OCO,Haas F1 Team,16.0,82.357,11.0,181,16.0,SOFT,True,1,,,True,49.2,29.3,56.0,False,2025,16.0
GAS,Alpine,16.0,81.645,12.0,182,9.0,SOFT,False,1,,,True,49.2,29.3,56.0,False,2025,8.0
HUL,Kick Sauber,16.0,81.549,13.0,183,7.0,MEDIUM,True,1,,,True,49.2,29.3,56.0,False,2025,15.0
BEA,Haas F1 Team,16.0,81.646,14.0,183,8.0,MEDIUM,True,1,,,True,49.2,29.3,56.0,False,2025,14.0
TSU,Red Bull Racing,16.0,81.566,15.0,184,8.0,SOFT,True,1,,,True,49.2,29.3,56.0,False,2025,19.0
ALB,Williams,16.0,81.783,16.0,184,10.0,SOFT,True,1,,,True,49.2,29.3,56.0,False,2025,11.0
SAI,Williams,16.0,81.32,17.0,185,7.0,SOFT,True,1,,,True,49.2,29.3,56.0,False,2025,17.0
COL,Alpine,16.0,81.386,18.0,186,2.0,MEDIUM,True,1,,,True,49.2,29.3,56.0,False,2025,18.0
ALO,Aston Martin,16.0,100.287,19.0,187,2.0,MEDIUM,False,1,,0 days 01:20:31.020000,False,49.2,29.3,56.0,False,2025,10.0
PIA,McLaren,17.0,80.657,1.0,187,17.0,SOFT,True,1,,,True,49.2,29.3,56.0,False,2025,1.0
NOR,McLaren,17.0,80.846,2.0,188,17.0,SOFT,True,1,,,True,49.2,29.3,56.0,False,2025,2.0
LEC,Ferrari,17.0,85.153,3.0,188,18.0,SOFT,False,1,0 days 01:22:22.089000,,False,49.4,29.4,56.0,False,2025,7.0
RUS,Mercedes,17.0,81.382,4.0,188,20.0,SOFT,False,1,,,True,49.4,29.4,56.0,False,2025,4.0
VER,Red Bull Racing,17.0,80.011,5.0,189,4.0,SOFT,True,1,,,True,49.4,29.4,56.0,False,2025,3.0
ANT,Mercedes,17.0,82.217,6.0,189,20.0,SOFT,False,1,,,True,49.4,29.4,56.0,False,2025,6.0
HAD,Racing Bulls,17.0,82.553,7.0,190,20.0,SOFT,False,1,,,True,49.4,29.4,56.0,False,2025,9.0
LAW,Racing Bulls,17.0,82.308,8.0,191,17.0,SOFT,True,1,,,True,49.4,29.4,56.0,False,2025,13.0
HAM,Ferrari,17.0,99.78,9.0,192,1.0,MEDIUM,True,1,,0 days 01:21:27.233000,False,49.4,29.4,56.0,False,2025,5.0
BOR,Kick Sauber,17.0,84.138,10.0,192,20.0,SOFT,False,1,,,True,49.4,29.4,56.0,False,2025,12.0
OCO,Haas F1 Team,17.0,83.264,11.0,193,17.0,SOFT,True,1,,,True,49.4,29.4,56.0,False,2025,16.0
GAS,Alpine,17.0,81.636,12.0,194,10.0,SOFT,False,1,,,True,49.4,29.4,56.0,False,2025,8.0
HUL,Kick Sauber,17.0,81.829,13.0,195,8.0,MEDIUM,True,1,,,True,49.4,29.4,56.0,False,2025,15.0
BEA,Haas F1 Team,17.0,81.777,14.0,195,9.0,MEDIUM,True,1,,,True,49.4,29.4,56.0,False,2025,14.0
TSU,Red Bull Racing,17.0,81.943,15.0,196,9.0,SOFT,True,1,,,True,49.4,29.4,56.0,False,2025,19.0
ALB,Williams,17.0,81.649,16.0,196,11.0,SOFT,True,1,,,True,49.4,29.4,56.0,False,2025,11.0
SAI,Williams,17.0,81.579,17.0,197,8.0,SOFT,True,1,,,True,49.4,29.4,56.0,False,2025,17.0
COL,Alpine,17.0,81.625,18.0,198,3.0,MEDIUM,True,1,,,True,49.4,29.4,56.0,False,2025,18.0
ALO,Aston Martin,17.0,80.454,19.0,199,3.0,MEDIUM,False,1,,,True,49.4,29.4,56.0,False,2025,10.0
PIA,McLaren,18.0,80.693,1.0,199,18.0,SOFT,True,1,,,True,48.7,29.3,55.0,False,2025,1.0
NOR,McLaren,18.0,80.918,2.0,200,18.0,SOFT,True,1,,,True,48.7,29.3,55.0,False,2025,2.0
RUS,Mercedes,18.0,81.732,3.0,200,21.0,SOFT,False,1,,,True,48.7,29.3,55.0,False,2025,4.0
VER,Red Bull Racing,18.0,79.786,4.0,201,5.0,SOFT,True,1,,,True,48.7,29.3,55.0,False,2025,3.0
ANT,Mercedes,18.0,82.441,5.0,201,21.0,SOFT,False,1,,,True,48.7,29.3,55.0,False,2025,6.0
HAD,Racing Bulls,18.0,82.581,6.0,202,21.0,SOFT,False,1,,,True,48.7,29.3,55.0,False,2025,9.0
LEC,Ferrari,18.0,99.171,7.0,203,1.0,MEDIUM,True,1,,0 days 01:22:46.677000,False,48.7,29.3,55.0,False,2025,7.0
HAM,Ferrari,18.0,80.948,8.0,203,2.0,MEDIUM,True,1,,,True,48.7,29.3,55.0,False,2025,5.0
LAW,Racing Bulls,18.0,87.446,9.0,203,18.0,SOFT,True,1,0 days 01:24:08.445000,,False,48.7,29.3,55.0,False,2025,13.0
BOR,Kick Sauber,18.0,83.443,10.0,203,21.0,SOFT,False,1,,,True,48.7,29.3,55.0,False,2025,12.0
OCO,Haas F1 Team,18.0,83.04,11.0,204,18.0,SOFT,True,1,,,True,48.7,29.3,55.0,False,2025,16.0
GAS,Alpine,18.0,82.752,12.0,205,11.0,SOFT,False,1,,,True,48.7,29.3,55.0,False,2025,8.0
HUL,Kick Sauber,18.0,82.099,13.0,206,9.0,MEDIUM,True,1,,,True,48.7,29.3,55.0,False,2025,15.0
BEA,Haas F1 Team,18.0,82.312,14.0,206,10.0,MEDIUM,True,1,,,True,48.4,29.3,55.0,False,2025,14.0
TSU,Red Bull Racing,18.0,81.991,15.0,207,10.0,SOFT,True,1,,,True,48.4,29.3,55.0,False,2025,19.0
ALB,Williams,18.0,81.96,16.0,207,12.0,SOFT,True,1,,,True,48.4,29.3,55.0,False,2025,11.0
ALO,Aston Martin,18.0,81.025,17.0,208,4.0,MEDIUM,False,1,,,True,48.4,29.3,55.0,False,2025,10.0
SAI,Williams,18.0,83.128,18.0,208,9.0,SOFT,True,1,,,True,48.4,29.3,55.0,False,2025,17.0
COL,Alpine,18.0,82.805,19.0,209,4.0,MEDIUM,True,1,,,True,48.4,29.3,55.0,False,2025,18.0
PIA,McLaren,19.0,80.85,1.0,209,19.0,SOFT,True,1,,,True,48.4,29.3,55.0,False,2025,1.0
NOR,McLaren,19.0,81.089,2.0,210,19.0,SOFT,True,1,,,True,48.4,29.3,55.0,False,2025,2.0
VER,Red Bull Racing,19.0,80.259,3.0,211,6.0,SOFT,True,1,,,True,48.4,29.3,55.0,False,2025,3.0
RUS,Mercedes,19.0,82.971,4.0,211,22.0,SOFT,False,1,,,True,48.4,29.3,55.0,False,2025,4.0
ANT,Mercedes,19.0,82.26,5.0,212,22.0,SOFT,False,1,,,True,48.4,29.3,55.0,False,2025,6.0
LEC,Ferrari,19.0,80.585,6.0,213,2.0,MEDIUM,True,1,,,True,47.2,29.2,56.0,False,2025,7.0
HAD,Racing Bulls,19.0,86.307,7.0,213,22.0,SOFT,False,1,0 days 01:25:22.760000,,False,47.2,29.2,56.0,False,2025,9.0
HAM,Ferrari,19.0,81.348,8.0,214,3.0,MEDIUM,True,1,,,True,47.2,29.2,56.0,False,2025,5.0
GAS,Alpine,19.0,81.937,9.0,214,12.0,SOFT,False,1,,,True,47.2,29.2,56.0,False,2025,8.0
OCO,Haas F1 Team,19.0,84.345,10.0,214,19.0,SOFT,True,1,,,True,47.2,29.2,56.0,False,2025,16.0
HUL,Kick Sauber,19.0,82.303,11.0,215,10.0,MEDIUM,True,1,,,True,47.2,29.2,56.0,False,2025,15.0
BOR,Kick Sauber,19.0,87.666,12.0,215,22.0,SOFT,False,1,0 days 01:25:39.156000,,False,47.2,29.2,56.0,False,2025,12.0
BEA,Haas F1 Team,19.0,82.41,13.0,216,11.0,MEDIUM,True,1,,,True,47.2,29.2,56.0,False,2025,14.0
TSU,Red Bull Racing,19.0,82.216,14.0,217,11.0,SOFT,True,1,,,True,47.2,29.2,56.0,False,2025,19.0
ALB,Williams,19.0,81.963,15.0,217,13.0,SOFT,True,1,,,True,47.2,29.2,56.0,False,2025,11.0
LAW,Racing Bulls,19.0,100.043,16.0,218,1.0,MEDIUM,True,1,,0 days 01:24:30.391000,False,47.2,29.2,56.0,False,2025,13.0
ALO,Aston Martin,19.0,81.033,17.0,218,5.0,MEDIUM,False,1,,,True,47.2,29.2,56.0,False,2025,10.0
SAI,Williams,19.0,82.008,18.0,218,10.0,SOFT,True,1,,,True,47.2,29.2,56.0,False,2025,17.0
COL,Alpine,19.0,82.359,19.0,219,5.0,MEDIUM,True,1,,,True,47.2,29.2,56.0,False,2025,18.0
PIA,McLaren,20.0,81.126,1.0,219,20.0,SOFT,True,1,,,True,47.2,29.2,56.0,False,2025,1.0
NOR,McLaren,20.0,81.578,2.0,220,20.0,SOFT,True,1,,,True,47.2,29.2,56.0,False,2025,2.0
VER,Red Bull Racing,20.0,79.84,3.0,221,7.0,SOFT,True,1,,,True,47.0,29.1,57.0,False,2025,3.0
RUS,Mercedes,20.0,86.155,4.0,221,23.0,SOFT,False,1,0 days 01:26:34.945000,,False,47.0,29.1,57.0,False,2025,4.0
ANT,Mercedes,20.0,82.54,5.0,222,23.0,SOFT,False,1,,,True,47.0,29.1,57.0,False,2025,6.0
LEC,Ferrari,20.0,80.775,6.0,223,3.0,MEDIUM,True,1,,,True,47.0,29.1,57.0,False,2025,7.0
HAM,Ferrari,20.0,80.755,7.0,223,4.0,MEDIUM,True,1,,,True,47.0,29.1,57.0,False,2025,5.0
GAS,Alpine,20.0,81.663,8.0,223,13.0,SOFT,False,1,,,True,47.0,29.1,57.0,False,2025,8.0
HUL,Kick Sauber,20.0,81.664,9.0,224,11.0,MEDIUM,True,1,,,True,47.0,29.1,57.0,False,2025,15.0
HAD,Racing Bulls,20.0,99.16,10.0,225,1.0,MEDIUM,True,1,,0 days 01:25:44.646000,False,47.0,29.1,57.0,False,2025,9.0
BEA,Haas F1 Team,20.0,83.758,11.0,225,12.0,MEDIUM,True,1,,,True,47.0,29.1,57.0,False,2025,14.0
OCO,Haas F1 Team,20.0,88.077,12.0,225,20.0,SOFT,True,1,0 days 01:27:05.433000,,False,47.0,29.1,57.0,False,2025,16.0
TSU,Red Bull Racing,20.0,82.926,13.0,226,12.0,SOFT,True,1,,,True,47.0,29.1,57.0,False,2025,19.0
ALB,Williams,20.0,82.346,14.0,226,14.0,SOFT,True,1,,,True,47.0,29.1,57.0,False,2025,11.0
LAW,Racing Bulls,20.0,81.344,15.0,227,2.0,MEDIUM,True,1,,,True,47.0,29.1,57.0,False,2025,13.0
ALO,Aston Martin,20.0,80.858,16.0,227,6.0,MEDIUM,False,1,,,True,47.0,29.1,57.0,False,2025,10.0
SAI,Williams,20.0,81.894,17.0,227,11.0,SOFT,True,1,,,True,47.0,29.1,57.0,False,2025,17.0
COL,Alpine,20.0,82.388,18.0,228,6.0,MEDIUM,True,1,,,True,47.0,29.0,57.0,False,2025,18.0
BOR,Kick Sauber,20.0,101.588,19.0,229,1.0,MEDIUM,True,1,,0 days 01:26:01.241000,False,47.0,29.0,57.0,False,2025,12.0
PIA,McLaren,21.0,81.471,1.0,229,21.0,SOFT,True,1,,,True,47.0,29.0,57.0,False,2025,1.0
NOR,McLaren,21.0,85.617,2.0,230,21.0,SOFT,True,1,0 days 01:27:38.148000,,False,47.0,29.0,57.0,False,2025,2.0
VER,Red Bull Racing,21.0,79.911,3.0,231,8.0,SOFT,True,1,,,True,47.0,29.0,57.0,False,2025,3.0
ANT,Mercedes,21.0,86.745,4.0,231,24.0,SOFT,False,1,0 days 01:28:01.961000,,False,47.0,29.0,57.0,False,2025,6.0
LEC,Ferrari,21.0,80.107,5.0,232,4.0,MEDIUM,True,1,,,True,47.0,29.0,57.0,False,2025,7.0
HAM,Ferrari,21.0,80.545,6.0,232,5.0,MEDIUM,True,1,,,True,47.0,29.0,57.0,False,2025,5.0
RUS,Mercedes,21.0,97.202,7.0,233,1.0,MEDIUM,True,1,,0 days 01:26:56.869000,False,47.0,29.0,57.0,False,2025,4.0
GAS,Alpine,21.0,81.802,8.0,233,14.0,SOFT,False,1,,,True,47.4,29.0,57.0,False,2025,8.0
HUL,Kick Sauber,21.0,81.715,9.0,234,12.0,MEDIUM,True,1,,,True,47.4,29.0,57.0,False,2025,15.0
HAD,Racing Bulls,21.0,80.72,10.0,235,2.0,MEDIUM,True,1,,,True,47.4,29.0,57.0,False,2025,9.0
BEA,Haas F1 Team,21.0,82.287,11.0,235,13.0,MEDIUM,True,1,,,True,47.4,29.0,57.0,False,2025,14.0
TSU,Red Bull Racing,21.0,82.496,12.0,236,13.0,SOFT,True,1,,,True,47.4,29.0,57.0,False,2025,19.0
ALB,Williams,21.0,82.44,13.0,236,15.0,SOFT,True,1,,,True,47.4,29.0,57.0,False,2025,11.0
LAW,Racing Bulls,21.0,81.187,14.0,237,3.0,MEDIUM,True,1,,,True,47.4,29.0,57.0,False,2025,13.0
ALO,Aston Martin,21.0,80.959,15.0,237,7.0,MEDIUM,False,1,,,True,47.4,29.0,57.0,False,2025,10.0
SAI,Williams,21.0,81.853,16.0,237,12.0,SOFT,True,1,,,True,47.4,29.0,57.0,False,2025,17.0
COL,Alpine,21.0,82.649,17.0,238,7.0,MEDIUM,True,1,,,True,47.4,29.0,57.0,False,2025,18.0
BOR,Kick Sauber,21.0,81.974,18.0,239,2.0,MEDIUM,True,1,,,True,47.4,29.0,57.0,False,2025,12.0
OCO,Haas F1 Team,21.0,99.981,19.0,240,1.0,MEDIUM,True,1,,0 days 01:27:28.106000,False,47.4,29.0,57.0,False,2025,16.0
PIA,McLaren,22.0,85.235,1.0,240,22.0,SOFT,True,1,0 days 01:28:53.993000,,False,47.4,29.0,57.0,False,2025,1.0
VER,Red Bull Racing,22.0,79.64,2.0,241,9.0,SOFT,True,1,,,True,47.4,29.0,57.0,False,2025,3.0
NOR,McLaren,22.0,99.087,3.0,242,1.0,MEDIUM,True,1,,0 days 01:28:00.659000,False,47.5,28.8,56.0,False,2025,2.0
LEC,Ferrari,22.0,79.918,4.0,242,5.0,MEDIUM,True,1,,,True,47.5,28.8,56.0,False,2025,7.0
HAM,Ferrari,22.0,80.28,5.0,242,6.0,MEDIUM,True,1,,,True,47.5,28.8,56.0,False,2025,5.0
RUS,Mercedes,22.0,79.163,6.0,243,2.0,MEDIUM,True,1,,,True,47.5,28.8,56.0,False,2025,4.0
GAS,Alpine,22.0,81.865,7.0,243,15.0,SOFT,False,1,,,True,47.5,28.8,56.0,False,2025,8.0
ANT,Mercedes,22.0,99.685,8.0,244,1.0,MEDIUM,True,1,,0 days 01:28:24.319000,False,47.5,28.8,56.0,False,2025,6.0
HUL,Kick Sauber,22.0,82.359,9.0,244,13.0,MEDIUM,True,1,,,True,47.5,28.8,56.0,False,2025,15.0
HAD,Racing Bulls,22.0,81.418,10.0,245,3.0,MEDIUM,True,1,,,True,47.5,28.8,56.0,False,2025,9.0
BEA,Haas F1 Team,22.0,82.339,11.0,245,14.0,MEDIUM,True,1,,,True,47.5,28.8,56.0,False,2025,14.0
TSU,Red Bull Racing,22.0,82.253,12.0,246,14.0,SOFT,True,1,,,True,47.5,28.8,56.0,False,2025,19.0
ALB,Williams,22.0,82.388,13.0,246,16.0,SOFT,True,1,,,True,47.5,28.8,56.0,False,2025,11.0
LAW,Racing Bulls,22.0,81.72,14.0,247,4.0,MEDIUM,True,1,,,True,47.5,28.8,56.0,False,2025,13.0
ALO,Aston Martin,22.0,81.589,15.0,247,8.0,MEDIUM,False,1,,,True,47.5,28.8,56.0,False,2025,10.0
SAI,Williams,22.0,81.938,16.0,247,13.0,SOFT,True,1,,,True,47.5,28.8,56.0,False,2025,17.0
COL,Alpine,22.0,82.541,17.0,248,8.0,MEDIUM,True,1,,,True,47.5,28.8,56.0,False,2025,18.0
BOR,Kick Sauber,22.0,81.164,18.0,249,3.0,MEDIUM,True,1,,,True,47.5,28.8,56.0,False,2025,12.0
OCO,Haas F1 Team,22.0,80.553,19.0,250,2.0,MEDIUM,True,1,,,True,47.5,28.8,56.0,False,2025,16.0
VER,Red Bull Racing,23.0,80.183,1.0,250,10.0,SOFT,True,1,,,True,47.9,28.7,56.0,False,2025,3.0
PIA,McLaren,23.0,98.679,2.0,251,1.0,MEDIUM,True,1,,0 days 01:29:15.719000,False,47.9,28.7,56.0,False,2025,1.0
NOR,McLaren,23.0,79.844,3.0,251,2.0,MEDIUM,True,1,,,True,47.9,28.7,56.0,False,2025,2.0
LEC,Ferrari,23.0,79.467,4.0,251,6.0,MEDIUM,True,1,,,True,47.9,28.7,56.0,False,2025,7.0
HAM,Ferrari,23.0,80.03,5.0,251,7.0,MEDIUM,True,1,,,True,47.9,28.7,56.0,False,2025,5.0
RUS,Mercedes,23.0,79.512,6.0,252,3.0,MEDIUM,True,1,,,True,47.9,28.7,56.0,False,2025,4.0
GAS,Alpine,23.0,82.333,7.0,252,16.0,SOFT,False,1,,,True,47.9,28.7,56.0,False,2025,8.0
ANT,Mercedes,23.0,81.65,8.0,253,2.0,MEDIUM,True,1,,,True,47.9,28.7,56.0,False,2025,6.0
HUL,Kick Sauber,23.0,81.761,9.0,253,14.0,MEDIUM,True,1,,,True,47.9,28.7,56.0,False,2025,15.0
HAD,Racing Bulls,23.0,81.467,10.0,254,4.0,MEDIUM,True,1,,,True,47.9,28.7,56.0,False,2025,9.0
BEA,Haas F1 Team,23.0,82.529,11.0,254,15.0,MEDIUM,True,1,,,True,47.9,28.7,56.0,False,2025,14.0
TSU,Red Bull Racing,23.0,82.452,12.0,255,15.0,SOFT,True,1,,,True,47.9,28.7,56.0,False,2025,19.0
ALB,Williams,23.0,82.522,13.0,255,17.0,SOFT,True,1,,,True,47.9,28.7,56.0,False,2025,11.0
LAW,Racing Bulls,23.0,81.854,14.0,256,5.0,MEDIUM,True,1,,,True,47.9,28.7,56.0,False,2025,13.0
ALO,Aston Martin,23.0,81.616,15.0,256,9.0,MEDIUM,False,1,,,True,47.9,28.8,56.0,False,2025,10.0
SAI,Williams,23.0,81.862,16.0,256,14.0,SOFT,True,1,,,True,47.9,28.8,56.0,False,2025,17.0
COL,Alpine,23.0,82.562,17.0,257,9.0,MEDIUM,True,1,,,True,47.9,28.8,56.0,False,2025,18.0
BOR,Kick Sauber,23.0,81.452,18.0,258,4.0,MEDIUM,True,1,,,True,47.9,28.8,56.0,False,2025,12.0
OCO,Haas F1 Team,23.0,80.793,19.0,259,3.0,MEDIUM,True,1,,,True,47.9,28.8,56.0,False,2025,16.0
VER,Red Bull Racing,24.0,79.958,1.0,259,11.0,SOFT,True,1,,,True,47.9,28.8,56.0,False,2025,3.0
PIA,McLaren,24.0,79.985,2.0,260,2.0,MEDIUM,True,1,,,True,47.9,28.8,56.0,False,2025,1.0
NOR,McLaren,24.0,79.841,3.0,260,3.0,MEDIUM,True,1,,,True,47.9,28.8,56.0,False,2025,2.0
LEC,Ferrari,24.0,79.578,4.0,260,7.0,MEDIUM,True,1,,,True,47.9,28.8,56.0,False,2025,7.0
HAM,Ferrari,24.0,80.304,5.0,260,8.0,MEDIUM,True,1,,,True,47.9,28.8,56.0,False,2025,5.0
RUS,Mercedes,24.0,80.074,6.0,261,4.0,MEDIUM,True,1,,,True,47.9,28.8,56.0,False,2025,4.0
ANT,Mercedes,24.0,80.507,7.0,262,3.0,MEDIUM,True,1,,,True,48.6,28.9,56.0,False,2025,6.0
GAS,Alpine,24.0,83.215,8.0,262,17.0,SOFT,False,1,,,True,48.6,28.9,56.0,False,2025,8.0
HAD,Racing Bulls,24.0,81.367,9.0,263,5.0,MEDIUM,True,1,,,True,48.6,28.9,56.0,False,2025,9.0
HUL,Kick Sauber,24.0,83.434,10.0,263,15.0,MEDIUM,True,1,,,True,48.6,28.9,56.0,False,2025,15.0
BEA,Haas F1 Team,24.0,82.515,11.0,263,16.0,MEDIUM,True,1,,,True,48.6,28.9,56.0,False,2025,14.0
ALB,Williams,24.0,83.477,12.0,263,18.0,SOFT,True,1,,,True,48.6,28.9,56.0,False,2025,11.0
LAW,Racing Bulls,24.0,83.531,13.0,264,6.0,MEDIUM,True,1,,,True,48.6,28.9,56.0,False,2025,13.0
ALO,Aston Martin,24.0,82.87,14.0,264,10.0,MEDIUM,False,1,,,True,48.6,28.9,56.0,False,2025,10.0
TSU,Red Bull Racing,24.0,86.048,15.0,264,16.0,SOFT,True,1,0 days 01:32:39.185000,,False,48.6,28.9,56.0,False,2025,19.0
SAI,Williams,24.0,81.697,16.0,265,15.0,SOFT,True,1,,,True,48.6,28.9,56.0,False,2025,17.0
COL,Alpine,24.0,82.707,17.0,266,10.0,MEDIUM,True,1,,,True,48.6,28.9,56.0,False,2025,18.0
BOR,Kick Sauber,24.0,81.483,18.0,267,5.0,MEDIUM,True,1,,,True,48.6,28.9,56.0,False,2025,12.0
OCO,Haas F1 Team,24.0,81.025,19.0,268,4.0,MEDIUM,True,1,,,True,48.6,28.9,56.0,False,2025,16.0
VER,Red Bull Racing,25.0,80.124,1.0,268,12.0,SOFT,True,1,,,True,48.6,28.9,56.0,False,2025,3.0
PIA,McLaren,25.0,79.85,2.0,269,3.0,MEDIUM,True,1,,,True,48.6,28.9,56.0,False,2025,1.0
NOR,McLaren,25.0,79.917,3.0,269,4.0,MEDIUM,True,1,,,True,49.2,29.0,56.0,False,2025,2.0
LEC,Ferrari,25.0,79.611,4.0,269,8.0,MEDIUM,True,1,,,True,49.2,29.0,56.0,False,2025,7.0
HAM,Ferrari,25.0,80.509,5.0,269,9.0,MEDIUM,True,1,,,True,49.2,29.0,56.0,False,2025,5.0
RUS,Mercedes,25.0,80.411,6.0,270,5.0,MEDIUM,True,1,,,True,49.2,29.0,56.0,False,2025,4.0
ANT,Mercedes,25.0,80.894,7.0,271,4.0,MEDIUM,True,1,,,True,49.2,29.0,56.0,False,2025,6.0
HAD,Racing Bulls,25.0,81.183,8.0,271,6.0,MEDIUM,True,1,,,True,49.2,29.0,56.0,False,2025,9.0
GAS,Alpine,25.0,82.755,9.0,271,18.0,SOFT,False,1,,,True,49.2,29.0,56.0,False,2025,8.0
HUL,Kick Sauber,25.0,82.107,10.0,272,16.0,MEDIUM,True,1,,,True,49.2,29.0,56.0,False,2025,15.0
BEA,Haas F1 Team,25.0,81.911,11.0,272,17.0,MEDIUM,True,1,,,True,49.2,29.0,56.0,False,2025,14.0
LAW,Racing Bulls,25.0,80.771,12.0,273,7.0,MEDIUM,True,1,,,True,49.2,29.0,56.0,False,2025,13.0
ALO,Aston Martin,25.0,81.727,13.0,273,11.0,MEDIUM,False,1,,,True,49.2,29.0,56.0,False,2025,10.0
ALB,Williams,25.0,84.407,14.0,273,19.0,SOFT,True,1,,,True,49.2,29.0,56.0,False,2025,11.0
SAI,Williams,25.0,81.867,15.0,274,16.0,SOFT,True,1,,,True,49.2,29.0,56.0,False,2025,17.0
BOR,Kick Sauber,25.0,81.192,16.0,275,6.0,MEDIUM,True,1,,,True,49.2,29.0,56.0,False,2025,12.0
COL,Alpine,25.0,83.729,17.0,275,11.0,MEDIUM,True,1,,,True,49.2,29.0,56.0,False,2025,18.0
OCO,Haas F1 Team,25.0,82.556,18.0,276,5.0,MEDIUM,True,1,,,True,49.2,29.0,56.0,False,2025,16.0
TSU,Red Bull Racing,25.0,98.654,19.0,277,1.0,SOFT,True,1,,0 days 01:33:01.328000,False,48.7,29.0,55.0,False,2025,19.0
VER,Red Bull Racing,26.0,80.382,1.0,277,13.0,SOFT,True,1,,,True,48.7,29.0,55.0,False,2025,3.0
PIA,McLaren,26.0,79.913,2.0,278,4.0,MEDIUM,True,1,,,True,48.7,29.0,55.0,False,2025,1.0
NOR,McLaren,26.0,79.912,3.0,278,5.0,MEDIUM,True,1,,,True,48.7,29.0,55.0,False,2025,2.0
LEC,Ferrari,26.0,79.983,4.0,278,9.0,MEDIUM,True,1,,,True,48.7,29.0,55.0,False,2025,7.0
HAM,Ferrari,26.0,80.648,5.0,278,10.0,MEDIUM,True,1,,,True,48.7,29.0,55.0,False,2025,5.0
RUS,Mercedes,26.0,80.592,6.0,279,6.0,MEDIUM,True,1,,,True,48.7,29.0,55.0,False,2025,4.0
ANT,Mercedes,26.0,80.774,7.0,280,5.0,MEDIUM,True,1,,,True,48.7,29.0,55.0,False,2025,6.0
HAD,Racing Bulls,26.0,81.315,8.0,280,7.0,MEDIUM,True,1,,,True,48.7,29.0,55.0,False,2025,9.0
GAS,Alpine,26.0,82.284,9.0,280,19.0,SOFT,False,1,,,True,48.7,29.0,55.0,False,2025,8.0
HUL,Kick Sauber,26.0,81.737,10.0,281,17.0,MEDIUM,True,1,,,True,48.7,29.0,55.0,False,2025,15.0
BEA,Haas F1 Team,26.0,82.059,11.0,281,18.0,MEDIUM,True,1,,,True,48.5,29.1,57.0,False,2025,14.0
LAW,Racing Bulls,26.0,81.013,12.0,282,8.0,MEDIUM,True,1,,,True,48.5,29.1,57.0,False,2025,13.0
ALO,Aston Martin,26.0,81.419,13.0,282,12.0,MEDIUM,False,1,,,True,48.5,29.1,57.0,False,2025,10.0
SAI,Williams,26.0,81.915,14.0,282,17.0,SOFT,True,1,,,True,48.5,29.1,57.0,False,2025,17.0
BOR,Kick Sauber,26.0,81.225,15.0,283,7.0,MEDIUM,True,1,,,True,48.5,29.1,57.0,False,2025,12.0
OCO,Haas F1 Team,26.0,81.239,16.0,284,6.0,MEDIUM,True,1,,,True,48.5,29.1,57.0,False,2025,16.0
ALB,Williams,26.0,89.868,17.0,284,20.0,SOFT,True,1,0 days 01:35:31.882000,,False,48.5,29.1,57.0,False,2025,11.0
COL,Alpine,26.0,83.997,18.0,285,12.0,MEDIUM,True,1,,,True,48.5,29.1,57.0,False,2025,18.0
TSU,Red Bull Racing,26.0,80.192,19.0,286,2.0,SOFT,True,1,,,True,48.5,29.1,57.0,False,2025,19.0
VER,Red Bull Racing,27.0,80.672,1.0,286,14.0,SOFT,True,1,,,True,48.5,29.1,57.0,False,2025,3.0
PIA,McLaren,27.0,79.749,2.0,287,5.0,MEDIUM,True,1,,,True,48.5,29.1,57.0,False,2025,1.0
NOR,McLaren,27.0,79.968,3.0,287,6.0,MEDIUM,True,1,,,True,48.5,29.1,57.0,False,2025,2.0
LEC,Ferrari,27.0,79.981,4.0,287,10.0,MEDIUM,True,1,,,True,48.5,29.1,57.0,False,2025,7.0
HAM,Ferrari,27.0,80.426,5.0,287,11.0,MEDIUM,True,1,,,True,48.5,29.1,57.0,False,2025,5.0
RUS,Mercedes,27.0,80.311,6.0,288,7.0,MEDIUM,True,1,,,True,48.5,29.1,57.0,False,2025,4.0
ANT,Mercedes,27.0,80.696,7.0,289,6.0,MEDIUM,True,1,,,True,48.7,29.1,57.0,False,2025,6.0
HAD,Racing Bulls,27.0,80.979,8.0,289,8.0,MEDIUM,True,1,,,True,48.7,29.1,57.0,False,2025,9.0
GAS,Alpine,27.0,82.195,9.0,289,20.0,SOFT,False,1,,,True,48.7,29.1,57.0,False,2025,8.0
HUL,Kick Sauber,27.0,81.554,10.0,290,18.0,MEDIUM,True,1,,,True,48.7,29.1,57.0,False,2025,15.0
BEA,Haas F1 Team,27.0,81.802,11.0,290,19.0,MEDIUM,True,1,,,True,48.7,29.1,57.0,False,2025,14.0
LAW,Racing Bulls,27.0,81.36,12.0,291,9.0,MEDIUM,True,1,,,True,48.7,29.1,57.0,False,2025,13.0
ALO,Aston Martin,27.0,81.394,13.0,291,13.0,MEDIUM,False,1,,,True,48.7,29.1,57.0,False,2025,10.0
SAI,Williams,27.0,81.686,14.0,291,18.0,SOFT,True,1,,,True,48.7,29.1,57.0,False,2025,17.0
BOR,Kick Sauber,27.0,80.999,15.0,292,8.0,MEDIUM,True,1,,,True,48.7,29.1,57.0,False,2025,12.0
OCO,Haas F1 Team,27.0,81.248,16.0,293,7.0,MEDIUM,True,1,,,True,48.7,29.1,57.0,False,2025,16.0
COL,Alpine,27.0,82.766,17.0,293,13.0,MEDIUM,True,1,,,True,48.7,29.1,57.0,False,2025,18.0
TSU,Red Bull Racing,27.0,80.381,18.0,294,3.0,SOFT,True,1,,,True,48.7,29.1,57.0,False,2025,19.0
ALB,Williams,27.0,122.219,19.0,294,21.0,SOFT,False,1,0 days 01:37:34.115000,0 days 01:36:09.501000,False,48.3,29.1,57.0,False,2025,11.0
VER,Red Bull Racing,28.0,80.58,1.0,295,15.0,SOFT,True,1,,,True,48.7,29.1,57.0,False,2025,3.0
PIA,McLaren,28.0,79.904,2.0,296,6.0,MEDIUM,True,1,,,True,48.7,29.1,57.0,False,2025,1.0
NOR,McLaren,28.0,79.799,3.0,296,7.0,MEDIUM,True,1,,,True,48.3,29.1,57.0,False,2025,2.0
LEC,Ferrari,28.0,80.061,4.0,296,11.0,MEDIUM,True,1,,,True,48.3,29.1,57.0,False,2025,7.0
HAM,Ferrari,28.0,80.48,5.0,296,12.0,MEDIUM,True,1,,,True,48.3,29.1,57.0,False,2025,5.0
RUS,Mercedes,28.0,80.726,6.0,297,8.0,MEDIUM,True,1,,,True,48.3,29.1,57.0,False,2025,4.0
ANT,Mercedes,28.0,80.485,7.0,298,7.0,MEDIUM,True,1,,,True,48.3,29.1,57.0,False,2025,6.0
HAD,Racing Bulls,28.0,81.005,8.0,298,9.0,MEDIUM,True,1,,,True,48.3,29.1,57.0,False,2025,9.0
HUL,Kick Sauber,28.0,80.709,9.0,298,19.0,MEDIUM,True,1,,,True,48.3,29.1,57.0,False,2025,15.0
GAS,Alpine,28.0,83.234,10.0,298,21.0,SOFT,False,1,,,True,48.3,29.1,57.0,False,2025,8.0
BEA,Haas F1 Team,28.0,81.671,11.0,299,20.0,MEDIUM,True,1,,,True,48.3,29.1,57.0,False,2025,14.0
LAW,Racing Bulls,28.0,81.489,12.0,300,10.0,MEDIUM,True,1,,,True,48.3,29.1,57.0,False,2025,13.0
ALO,Aston Martin,28.0,81.43,13.0,300,14.0,MEDIUM,False,1,,,True,48.3,29.1,57.0,False,2025,10.0
SAI,Williams,28.0,81.877,14.0,300,19.0,SOFT,True,1,,,True,48.3,29.1,57.0,False,2025,17.0
BOR,Kick Sauber,28.0,81.159,15.0,301,9.0,MEDIUM,True,1,,,True,48.3,29.1,57.0,False,2025,12.0
OCO,Haas F1 Team,28.0,80.959,16.0,302,8.0,MEDIUM,True,1,,,True,48.3,29.1,57.0,False,2025,16.0
COL,Alpine,28.0,82.499,17.0,302,14.0,MEDIUM,True,1,,,True,47.9,29.1,57.0,False,2025,18.0
TSU,Red Bull Racing,28.0,81.126,18.0,303,4.0,SOFT,True,1,,,True,47.9,29.1,57.0,False,2025,19.0
PIA,McLaren,29.0,79.919,1.0,303,7.0,MEDIUM,True,1,,,True,47.9,29.1,57.0,False,2025,1.0
VER,Red Bull Racing,29.0,84.509,2.0,303,16.0,SOFT,True,1,0 days 01:38:33.050000,,False,47.9,29.1,57.0,False,2025,3.0
NOR,McLaren,29.0,80.016,3.0,304,8.0,MEDIUM,True,1,,,True,47.9,29.1,57.0,False,2025,2.0
LEC,Ferrari,29.0,79.979,4.0,304,12.0,MEDIUM,True,1,,,True,47.9,29.1,57.0,False,2025,7.0
HAM,Ferrari,29.0,80.206,5.0,304,13.0,MEDIUM,True,1,,,True,47.9,29.1,57.0,False,2025,5.0
RUS,Mercedes,29.0,80.349,6.0,305,9.0,MEDIUM,True,1,,,True,47.9,29.1,57.0,False,2025,4.0
ANT,Mercedes,29.0,80.518,7.0,306,8.0,MEDIUM,True,1,,,True,47.9,29.1,57.0,False,2025,6.0
HAD,Racing Bulls,29.0,80.651,8.0,306,10.0,MEDIUM,True,1,,,True,47.9,29.1,57.0,False,2025,9.0
HUL,Kick Sauber,29.0,81.344,9.0,306,20.0,MEDIUM,True,1,,,True,47.9,29.0,58.0,False,2025,15.0
GAS,Alpine,29.0,82.303,10.0,306,22.0,SOFT,False,1,,,True,47.9,29.0,58.0,False,2025,8.0
BEA,Haas F1 Team,29.0,81.576,11.0,307,21.0,MEDIUM,True,1,,,True,47.9,29.0,58.0,False,2025,14.0
LAW,Racing Bulls,29.0,81.494,12.0,308,11.0,MEDIUM,True,1,,,True,47.9,29.0,58.0,False,2025,13.0
ALO,Aston Martin,29.0,81.505,13.0,308,15.0,MEDIUM,False,1,,,True,47.9,29.0,58.0,False,2025,10.0
SAI,Williams,29.0,82.105,14.0,308,20.0,SOFT,True,1,,,True,47.9,29.0,58.0,False,2025,17.0
BOR,Kick Sauber,29.0,81.54,15.0,309,10.0,MEDIUM,True,1,,,True,47.9,29.0,58.0,False,2025,12.0
OCO,Haas F1 Team,29.0,81.229,16.0,310,9.0,MEDIUM,True,1,,,True,47.9,29.0,58.0,False,2025,16.0
TSU,Red Bull Racing,29.0,80.38,17.0,311,5.0,SOFT,True,1,,,True,47.9,29.0,58.0,False,2025,19.0
COL,Alpine,29.0,83.503,18.0,311,15.0,MEDIUM,True,1,,,True,47.9,29.0,58.0,False,2025,18.0
PIA,McLaren,30.0,79.807,1.0,312,8.0,MEDIUM,True,1,,,True,47.9,29.0,58.0,False,2025,1.0
NOR,McLaren,30.0,79.989,2.0,312,9.0,MEDIUM,True,1,,,True,47.9,29.0,58.0,False,2025,2.0
LEC,Ferrari,30.0,80.088,3.0,312,13.0,MEDIUM,True,1,,,True,47.9,29.0,58.0,False,2025,7.0
VER,Red Bull Racing,30.0,96.279,4.0,313,1.0,MEDIUM,True,1,,0 days 01:38:55.114000,False,47.9,29.0,58.0,False,2025,3.0
HAM,Ferrari,30.0,81.183,5.0,313,14.0,MEDIUM,True,1,,,True,47.9,29.0,58.0,False,2025,5.0
RUS,Mercedes,30.0,80.427,6.0,314,10.0,MEDIUM,True,1,,,True,47.9,29.0,58.0,False,2025,4.0
ANT,Mercedes,30.0,80.395,7.0,315,9.0,MEDIUM,True,1,,,True,47.9,29.0,58.0,False,2025,6.0
HAD,Racing Bulls,30.0,80.858,8.0,315,11.0,MEDIUM,True,1,,,True,47.9,29.0,58.0,False,2025,9.0
HUL,Kick Sauber,30.0,81.195,9.0,315,21.0,MEDIUM,True,1,,,True,47.9,29.0,58.0,False,2025,15.0
GAS,Alpine,30.0,82.258,10.0,315,23.0,SOFT,False,1,,,True,47.9,29.0,58.0,False,2025,8.0
BEA,Haas F1 Team,30.0,81.748,11.0,316,22.0,MEDIUM,True,1,,,True,47.9,29.0,58.0,False,2025,14.0
LAW,Racing Bulls,30.0,81.473,12.0,317,12.0,MEDIUM,True,1,,,True,47.9,29.0,58.0,False,2025,13.0
ALO,Aston Martin,30.0,81.45,13.0,317,16.0,MEDIUM,False,1,,,True,47.9,29.0,58.0,False,2025,10.0
SAI,Williams,30.0,81.918,14.0,317,21.0,SOFT,True,1,,,True,47.9,29.0,58.0,False,2025,17.0
BOR,Kick Sauber,30.0,81.448,15.0,318,11.0,MEDIUM,True,1,,,True,47.9,29.0,58.0,False,2025,12.0
OCO,Haas F1 Team,30.0,81.122,16.0,319,10.0,MEDIUM,True,1,,,True,47.9,29.0,58.0,False,2025,16.0
TSU,Red Bull Racing,30.0,80.229,17.0,320,6.0,SOFT,True,1,,,True,47.9,29.0,58.0,False,2025,19.0
COL,Alpine,30.0,82.645,18.0,320,16.0,MEDIUM,True,1,,,True,47.9,29.0,58.0,False,2025,18.0
PIA,McLaren,31.0,79.719,1.0,321,9.0,MEDIUM,True,1,,,True,47.9,29.0,58.0,False,2025,1.0
NOR,McLaren,31.0,80.318,2.0,321,10.0,MEDIUM,True,1,,,True,47.9,28.9,58.0,False,2025,2.0
LEC,Ferrari,31.0,80.085,3.0,321,14.0,MEDIUM,True,1,,,True,47.9,28.9,58.0,False,2025,7.0
VER,Red Bull Racing,31.0,78.216,4.0,322,2.0,MEDIUM,True,1,,,True,47.9,28.9,58.0,False,2025,3.0
HAM,Ferrari,31.0,80.343,5.0,322,15.0,MEDIUM,True,1,,,True,47.9,28.9,58.0,False,2025,5.0
RUS,Mercedes,31.0,80.421,6.0,323,11.0,MEDIUM,True,1,,,True,47.9,28.9,58.0,False,2025,4.0
ANT,Mercedes,31.0,80.529,7.0,324,10.0,MEDIUM,True,1,,,True,47.9,28.9,58.0,False,2025,6.0
HAD,Racing Bulls,31.0,80.909,8.0,324,12.0,MEDIUM,True,1,,,True,47.9,28.9,58.0,False,2025,9.0
HUL,Kick Sauber,31.0,81.16,9.0,324,22.0,MEDIUM,True,1,,,True,47.9,28.9,58.0,False,2025,15.0
GAS,Alpine,31.0,86.267,10.0,324,24.0,SOFT,False,1,0 days 01:42:07.569000,,False,47.9,28.9,58.0,False,2025,8.0
BEA,Haas F1 Team,31.0,83.13,11.0,325,23.0,MEDIUM,True,1,,,True,47.9,28.9,58.0,False,2025,14.0
LAW,Racing Bulls,31.0,83.075,12.0,326,13.0,MEDIUM,True,1,,,True,47.9,28.9,58.0,False,2025,13.0
ALO,Aston Martin,31.0,82.196,13.0,326,17.0,MEDIUM,False,1,,,True,47.9,28.9,58.0,False,2025,10.0
SAI,Williams,31.0,82.026,14.0,326,22.0,SOFT,True,1,,,True,47.9,28.9,58.0,False,2025,17.0
BOR,Kick Sauber,31.0,81.612,15.0,327,12.0,MEDIUM,True,1,,,True,47.7,28.9,59.0,False,2025,12.0
OCO,Haas F1 Team,31.0,81.692,16.0,328,11.0,MEDIUM,True,1,,,True,47.7,28.9,59.0,False,2025,16.0
TSU,Red Bull Racing,31.0,80.678,17.0,329,7.0,SOFT,True,1,,,True,47.7,28.9,59.0,False,2025,19.0
COL,Alpine,31.0,82.593,18.0,329,17.0,MEDIUM,True,1,,,True,47.7,28.9,59.0,False,2025,18.0
PIA,McLaren,32.0,79.983,1.0,330,10.0,MEDIUM,True,1,,,True,47.7,28.9,59.0,False,2025,1.0
NOR,McLaren,32.0,80.066,2.0,330,11.0,MEDIUM,True,1,,,True,47.7,28.9,59.0,False,2025,2.0
LEC,Ferrari,32.0,80.007,3.0,330,15.0,MEDIUM,True,1,,,True,47.7,28.9,59.0,False,2025,7.0
VER,Red Bull Racing,32.0,78.455,4.0,331,3.0,MEDIUM,True,1,,,True,47.7,28.9,59.0,False,2025,3.0
HAM,Ferrari,32.0,80.317,5.0,331,16.0,MEDIUM,True,1,,,True,47.7,28.9,59.0,False,2025,5.0
RUS,Mercedes,32.0,80.533,6.0,332,12.0,MEDIUM,True,1,,,True,47.7,28.9,59.0,False,2025,4.0
ANT,Mercedes,32.0,80.475,7.0,333,11.0,MEDIUM,True,1,,,True,47.7,28.9,59.0,False,2025,6.0
HAD,Racing Bulls,32.0,80.781,8.0,333,13.0,MEDIUM,True,1,,,True,47.7,28.9,59.0,False,2025,9.0
HUL,Kick Sauber,32.0,81.938,9.0,333,23.0,MEDIUM,True,1,,,True,48.0,29.0,59.0,False,2025,15.0
BEA,Haas F1 Team,32.0,81.87,10.0,333,24.0,MEDIUM,True,1,,,True,48.0,29.0,59.0,False,2025,14.0
LAW,Racing Bulls,32.0,82.393,11.0,334,14.0,MEDIUM,True,1,,,True,48.0,29.0,59.0,False,2025,13.0
ALO,Aston Martin,32.0,82.387,12.0,334,18.0,MEDIUM,False,1,,,True,48.0,29.0,59.0,False,2025,10.0
SAI,Williams,32.0,81.993,13.0,334,23.0,SOFT,True,1,,,True,48.0,29.0,59.0,False,2025,17.0
BOR,Kick Sauber,32.0,82.119,14.0,335,13.0,MEDIUM,True,1,,,True,48.0,29.0,59.0,False,2025,12.0
OCO,Haas F1 Team,32.0,81.617,15.0,336,12.0,MEDIUM,True,1,,,True,48.0,29.0,59.0,False,2025,16.0
TSU,Red Bull Racing,32.0,80.806,16.0,337,8.0,SOFT,True,1,,,True,48.0,29.0,59.0,False,2025,19.0
GAS,Alpine,32.0,99.539,17.0,338,1.0,MEDIUM,True,1,,0 days 01:42:29.692000,False,48.0,29.0,59.0,False,2025,8.0
COL,Alpine,32.0,83.257,18.0,338,18.0,MEDIUM,True,1,,,True,48.0,29.0,59.0,False,2025,18.0
PIA,McLaren,33.0,80.387,1.0,339,11.0,MEDIUM,True,1,,,True,48.0,29.0,59.0,False,2025,1.0
NOR,McLaren,33.0,79.902,2.0,339,12.0,MEDIUM,True,1,,,True,48.0,29.0,59.0,False,2025,2.0
LEC,Ferrari,33.0,80.24,3.0,339,16.0,MEDIUM,True,1,,,True,48.0,29.0,59.0,False,2025,7.0
VER,Red Bull Racing,33.0,78.727,4.0,340,4.0,MEDIUM,True,1,,,True,48.0,29.0,59.0,False,2025,3.0
HAM,Ferrari,33.0,80.257,5.0,340,17.0,MEDIUM,True,1,,,True,48.0,29.0,59.0,False,2025,5.0
RUS,Mercedes,33.0,80.669,6.0,341,13.0,MEDIUM,True,1,,,True,48.0,29.0,59.0,False,2025,4.0
ANT,Mercedes,33.0,80.549,7.0,342,12.0,MEDIUM,True,1,,,True,48.6,29.0,59.0,False,2025,6.0
HAD,Racing Bulls,33.0,80.907,8.0,342,14.0,MEDIUM,True,1,,,True,48.6,29.0,59.0,False,2025,9.0
HUL,Kick Sauber,33.0,81.414,9.0,342,24.0,MEDIUM,True,1,,,True,48.6,29.0,59.0,False,2025,15.0
BEA,Haas F1 Team,33.0,81.86,10.0,342,25.0,MEDIUM,True,1,,,True,48.6,29.0,59.0,False,2025,14.0
LAW,Racing Bulls,33.0,81.716,11.0,343,15.0,MEDIUM,True,1,,,True,48.6,29.0,59.0,False,2025,13.0
ALO,Aston Martin,33.0,81.918,12.0,343,19.0,MEDIUM,False,1,,,True,48.6,29.0,59.0,False,2025,10.0
SAI,Williams,33.0,82.29,13.0,343,24.0,SOFT,True,1,,,True,48.6,29.0,59.0,False,2025,17.0
BOR,Kick Sauber,33.0,81.904,14.0,344,14.0,MEDIUM,True,1,,,True,48.6,29.0,59.0,False,2025,12.0
OCO,Haas F1 Team,33.0,81.6,15.0,345,13.0,MEDIUM,True,1,,,True,48.6,29.0,59.0,False,2025,16.0
TSU,Red Bull Racing,33.0,80.949,16.0,346,9.0,SOFT,True,1,,,True,48.6,29.0,59.0,False,2025,19.0
GAS,Alpine,33.0,81.034,17.0,347,2.0,MEDIUM,True,1,,,True,48.6,29.0,59.0,False,2025,8.0
COL,Alpine,33.0,84.241,18.0,347,19.0,MEDIUM,True,1,,,True,48.6,29.0,59.0,False,2025,18.0
PIA,McLaren,34.0,80.474,1.0,348,12.0,MEDIUM,True,1,,,True,48.6,29.0,59.0,False,2025,1.0
NOR,McLaren,34.0,79.913,2.0,348,13.0,MEDIUM,True,1,,,True,48.1,28.9,58.0,False,2025,2.0
LEC,Ferrari,34.0,80.338,3.0,348,17.0,MEDIUM,True,1,,,True,48.1,28.9,58.0,False,2025,7.0
VER,Red Bull Racing,34.0,78.924,4.0,349,5.0,MEDIUM,True,1,,,True,48.1,28.9,58.0,False,2025,3.0
HAM,Ferrari,34.0,80.286,5.0,349,18.0,MEDIUM,True,1,,,True,48.1,28.9,58.0,False,2025,5.0
RUS,Mercedes,34.0,80.421,6.0,350,14.0,MEDIUM,True,1,,,True,48.1,28.9,58.0,False,2025,4.0
ANT,Mercedes,34.0,80.924,7.0,351,13.0,MEDIUM,True,1,,,True,48.1,28.9,58.0,False,2025,6.0
HAD,Racing Bulls,34.0,80.954,8.0,351,15.0,MEDIUM,True,1,,,True,48.1,28.9,58.0,False,2025,9.0
HUL,Kick Sauber,34.0,81.61,9.0,351,25.0,MEDIUM,True,1,,,True,48.1,28.9,58.0,False,2025,15.0
BEA,Haas F1 Team,34.0,81.902,10.0,351,26.0,MEDIUM,True,1,,,True,48.1,28.9,58.0,False,2025,14.0
LAW,Racing Bulls,34.0,81.387,11.0,352,16.0,MEDIUM,True,1,,,True,48.1,28.9,58.0,False,2025,13.0
ALO,Aston Martin,34.0,82.007,12.0,352,20.0,MEDIUM,False,1,,,True,47.7,28.7,59.0,False,2025,10.0
BOR,Kick Sauber,34.0,81.874,13.0,353,15.0,MEDIUM,True,1,,,True,47.7,28.7,59.0,False,2025,12.0
OCO,Haas F1 Team,34.0,82.657,14.0,354,14.0,MEDIUM,True,1,,,True,47.7,28.7,59.0,False,2025,16.0
TSU,Red Bull Racing,34.0,81.874,15.0,355,10.0,SOFT,True,1,,,True,47.7,28.7,59.0,False,2025,19.0
SAI,Williams,34.0,86.912,16.0,355,25.0,SOFT,True,1,0 days 01:46:26.464000,,False,47.7,28.7,59.0,False,2025,17.0
GAS,Alpine,34.0,81.605,17.0,356,3.0,MEDIUM,True,1,,,True,47.7,28.7,59.0,False,2025,8.0
COL,Alpine,34.0,83.956,18.0,356,20.0,MEDIUM,True,1,,,True,47.7,28.7,59.0,False,2025,18.0
PIA,McLaren,35.0,80.15,1.0,357,13.0,MEDIUM,True,1,,,True,47.7,28.7,59.0,False,2025,1.0
NOR,McLaren,35.0,79.854,2.0,357,14.0,MEDIUM,True,1,,,True,47.7,28.7,59.0,False,2025,2.0
LEC,Ferrari,35.0,80.399,3.0,357,18.0,MEDIUM,True,1,,,True,47.7,28.7,59.0,False,2025,7.0
VER,Red Bull Racing,35.0,79.141,4.0,358,6.0,MEDIUM,True,1,,,True,47.7,28.7,59.0,False,2025,3.0
HAM,Ferrari,35.0,80.283,5.0,358,19.0,MEDIUM,True,1,,,True,47.7,28.7,59.0,False,2025,5.0
RUS,Mercedes,35.0,80.619,6.0,359,15.0,MEDIUM,True,1,,,True,47.7,28.7,59.0,False,2025,4.0
ANT,Mercedes,35.0,80.728,7.0,360,14.0,MEDIUM,True,1,,,True,47.7,28.7,59.0,False,2025,6.0
HAD,Racing Bulls,35.0,81.023,8.0,360,16.0,MEDIUM,True,1,,,True,49.0,28.6,58.0,False,2025,9.0
HUL,Kick Sauber,35.0,81.406,9.0,360,26.0,MEDIUM,True,1,,,True,49.0,28.6,58.0,False,2025,15.0
LAW,Racing Bulls,35.0,81.043,10.0,361,17.0,MEDIUM,True,1,,,True,49.0,28.6,58.0,False,2025,13.0
ALO,Aston Martin,35.0,82.218,11.0,361,21.0,MEDIUM,False,1,,,True,49.0,28.6,58.0,False,2025,10.0
BEA,Haas F1 Team,35.0,87.065,12.0,361,27.0,MEDIUM,True,1,0 days 01:47:41.016000,,False,49.0,28.6,58.0,False,2025,14.0
BOR,Kick Sauber,35.0,81.666,13.0,362,16.0,MEDIUM,True,1,,,True,49.0,28.6,58.0,False,2025,12.0
OCO,Haas F1 Team,35.0,81.466,14.0,363,15.0,MEDIUM,True,1,,,True,49.0,28.6,58.0,False,2025,16.0
TSU,Red Bull Racing,35.0,81.452,15.0,364,11.0,SOFT,True,1,,,True,49.0,28.6,58.0,False,2025,19.0
GAS,Alpine,35.0,81.279,16.0,365,4.0,MEDIUM,True,1,,,True,49.0,28.6,58.0,False,2025,8.0
COL,Alpine,35.0,82.315,17.0,365,21.0,MEDIUM,True,1,,,True,49.0,28.6,58.0,False,2025,18.0
SAI,Williams,35.0,99.529,18.0,366,1.0,MEDIUM,True,1,,0 days 01:46:48.676000,False,49.0,28.6,58.0,False,2025,17.0
PIA,McLaren,36.0,80.129,1.0,366,14.0,MEDIUM,True,1,,,True,49.0,28.6,58.0,False,2025,1.0
NOR,McLaren,36.0,79.612,2.0,366,15.0,MEDIUM,True,1,,,True,49.0,28.6,58.0,False,2025,2.0
VER,Red Bull Racing,36.0,79.218,3.0,367,7.0,MEDIUM,True,1,,,True,49.0,28.6,58.0,False,2025,3.0
LEC,Ferrari,36.0,81.159,4.0,367,19.0,MEDIUM,True,1,,,True,49.0,28.6,58.0,False,2025,7.0
HAM,Ferrari,36.0,80.452,5.0,367,20.0,MEDIUM,True,1,,,True,49.0,28.6,58.0,False,2025,5.0
RUS,Mercedes,36.0,80.368,6.0,368,16.0,MEDIUM,True,1,,,True,47.6,28.6,59.0,False,2025,4.0
ANT,Mercedes,36.0,80.73,7.0,369,15.0,MEDIUM,True,1,,,True,47.6,28.6,59.0,False,2025,6.0
HAD,Racing Bulls,36.0,81.135,8.0,369,17.0,MEDIUM,True,1,,,True,47.6,28.6,59.0,False,2025,9.0
HUL,Kick Sauber,36.0,81.125,9.0,369,27.0,MEDIUM,True,1,,,True,47.6,28.6,59.0,False,2025,15.0
LAW,Racing Bulls,36.0,81.467,10.0,370,18.0,MEDIUM,True,1,,,True,47.6,28.6,59.0,False,2025,13.0
ALO,Aston Martin,36.0,81.218,11.0,370,22.0,MEDIUM,False,1,,,True,47.6,28.6,59.0,False,2025,10.0
BOR,Kick Sauber,36.0,81.104,12.0,371,17.0,MEDIUM,True,1,,,True,47.6,28.6,59.0,False,2025,12.0
OCO,Haas F1 Team,36.0,81.311,13.0,372,16.0,MEDIUM,True,1,,,True,47.6,28.6,59.0,False,2025,16.0
TSU,Red Bull Racing,36.0,81.348,14.0,373,12.0,SOFT,True,1,,,True,47.6,28.6,59.0,False,2025,19.0
GAS,Alpine,36.0,82.88,15.0,374,5.0,MEDIUM,True,1,,,True,47.6,28.6,59.0,False,2025,8.0
BEA,Haas F1 Team,36.0,98.677,16.0,375,1.0,MEDIUM,True,1,,0 days 01:48:03.106000,False,47.1,28.6,59.0,False,2025,14.0
COL,Alpine,36.0,85.365,17.0,375,22.0,MEDIUM,True,1,,,True,47.1,28.6,59.0,False,2025,18.0
SAI,Williams,36.0,81.478,18.0,376,2.0,MEDIUM,True,1,,,True,47.1,28.6,59.0,False,2025,17.0
PIA,McLaren,37.0,80.457,1.0,376,15.0,MEDIUM,True,1,,,True,47.6,28.6,59.0,False,2025,1.0
NOR,McLaren,37.0,79.65,2.0,376,16.0,MEDIUM,True,1,,,True,47.1,28.6,59.0,False,2025,2.0
VER,Red Bull Racing,37.0,79.108,3.0,377,8.0,MEDIUM,True,1,,,True,47.1,28.6,59.0,False,2025,3.0
LEC,Ferrari,37.0,81.111,4.0,377,20.0,MEDIUM,True,1,,,True,47.1,28.6,59.0,False,2025,7.0
HAM,Ferrari,37.0,80.784,5.0,377,21.0,MEDIUM,True,1,,,True,47.1,28.6,59.0,False,2025,5.0
RUS,Mercedes,37.0,80.537,6.0,378,17.0,MEDIUM,True,1,,,True,47.1,28.6,59.0,False,2025,4.0
ANT,Mercedes,37.0,80.752,7.0,379,16.0,MEDIUM,True,1,,,True,47.1,28.6,59.0,False,2025,6.0
HAD,Racing Bulls,37.0,81.07,8.0,379,18.0,MEDIUM,True,1,,,True,47.1,28.6,59.0,False,2025,9.0
HUL,Kick Sauber,37.0,81.265,9.0,379,28.0,MEDIUM,True,1,,,True,47.1,28.6,59.0,False,2025,15.0
LAW,Racing Bulls,37.0,81.384,10.0,380,19.0,MEDIUM,True,1,,,True,46.9,28.5,59.0,False,2025,13.0
ALO,Aston Martin,37.0,81.5,11.0,380,23.0,MEDIUM,False,1,,,True,46.9,28.5,59.0,False,2025,10.0
BOR,Kick Sauber,37.0,81.163,12.0,381,18.0,MEDIUM,True,1,,,True,46.9,28.5,59.0,False,2025,12.0
OCO,Haas F1 Team,37.0,81.48,13.0,382,17.0,MEDIUM,True,1,,,True,46.9,28.5,59.0,False,2025,16.0
TSU,Red Bull Racing,37.0,81.355,14.0,383,13.0,SOFT,True,1,,,True,46.9,28.5,59.0,False,2025,19.0
GAS,Alpine,37.0,81.429,15.0,384,6.0,MEDIUM,True,1,,,True,46.9,28.5,59.0,False,2025,8.0
BEA,Haas F1 Team,37.0,82.683,16.0,385,2.0,MEDIUM,True,1,,,True,46.9,28.5,59.0,False,2025,14.0
SAI,Williams,37.0,80.724,17.0,385,3.0,MEDIUM,True,1,,,True,46.9,28.5,59.0,False,2025,17.0
COL,Alpine,37.0,83.395,18.0,385,23.0,MEDIUM,True,1,,,True,46.9,28.5,59.0,False,2025,18.0
PIA,McLaren,38.0,79.681,1.0,386,16.0,MEDIUM,True,1,,,True,46.9,28.5,59.0,False,2025,1.0
NOR,McLaren,38.0,80.101,2.0,386,17.0,MEDIUM,True,1,,,True,46.9,28.5,59.0,False,2025,2.0
VER,Red Bull Racing,38.0,79.443,3.0,387,9.0,MEDIUM,True,1,,,True,46.9,28.5,59.0,False,2025,3.0
LEC,Ferrari,38.0,80.825,4.0,387,21.0,MEDIUM,True,1,,,True,46.9,28.5,59.0,False,2025,7.0
HAM,Ferrari,38.0,80.512,5.0,387,22.0,MEDIUM,True,1,,,True,46.9,28.5,59.0,False,2025,5.0
RUS,Mercedes,38.0,80.524,6.0,388,18.0,MEDIUM,True,1,,,True,46.9,28.5,59.0,False,2025,4.0
ANT,Mercedes,38.0,80.581,7.0,389,17.0,MEDIUM,True,1,,,True,46.9,28.5,59.0,False,2025,6.0
HAD,Racing Bulls,38.0,80.912,8.0,389,19.0,MEDIUM,True,1,,,True,47.1,28.3,60.0,False,2025,9.0
HUL,Kick Sauber,38.0,81.502,9.0,389,29.0,MEDIUM,True,1,,,True,47.1,28.3,60.0,False,2025,15.0
LAW,Racing Bulls,38.0,81.202,10.0,390,20.0,MEDIUM,True,1,,,True,47.1,28.3,60.0,False,2025,13.0
ALO,Aston Martin,38.0,81.626,11.0,390,24.0,MEDIUM,False,1,,,True,47.1,28.3,60.0,False,2025,10.0
BOR,Kick Sauber,38.0,81.432,12.0,391,19.0,MEDIUM,True,1,,,True,47.1,28.3,60.0,False,2025,12.0
TSU,Red Bull Racing,38.0,80.98,13.0,392,14.0,SOFT,True,1,,,True,47.1,28.3,60.0,False,2025,19.0
OCO,Haas F1 Team,38.0,82.832,14.0,392,18.0,MEDIUM,True,1,,,True,47.1,28.3,60.0,False,2025,16.0
GAS,Alpine,38.0,82.23,15.0,393,7.0,MEDIUM,True,1,,,True,47.1,28.3,60.0,False,2025,8.0
BEA,Haas F1 Team,38.0,80.856,16.0,394,3.0,MEDIUM,True,1,,,True,47.1,28.3,60.0,False,2025,14.0
SAI,Williams,38.0,80.961,17.0,394,4.0,MEDIUM,True,1,,,True,47.1,28.3,60.0,False,2025,17.0
COL,Alpine,38.0,82.679,18.0,394,24.0,MEDIUM,True,1,,,True,47.1,28.3,60.0,False,2025,18.0
PIA,McLaren,39.0,79.945,1.0,395,17.0,MEDIUM,True,1,,,True,47.1,28.3,60.0,False,2025,1.0
NOR,McLaren,39.0,79.449,2.0,395,18.0,MEDIUM,True,1,,,True,47.1,28.3,60.0,False,2025,2.0
VER,Red Bull Racing,39.0,79.65,3.0,396,10.0,MEDIUM,True,1,,,True,47.1,28.3,60.0,False,2025,3.0
LEC,Ferrari,39.0,80.912,4.0,396,22.0,MEDIUM,True,1,,,True,47.1,28.3,60.0,False,2025,7.0
HAM,Ferrari,39.0,80.699,5.0,396,23.0,MEDIUM,True,1,,,True,46.7,28.1,60.0,False,2025,5.0
RUS,Mercedes,39.0,80.499,6.0,397,19.0,MEDIUM,True,1,,,True,46.7,28.1,60.0,False,2025,4.0
ANT,Mercedes,39.0,80.371,7.0,398,18.0,MEDIUM,True,1,,,True,46.7,28.1,60.0,False,2025,6.0
HAD,Racing Bulls,39.0,80.738,8.0,398,20.0,MEDIUM,True,1,,,True,46.7,28.1,60.0,False,2025,9.0
HUL,Kick Sauber,39.0,81.388,9.0,398,30.0,MEDIUM,True,1,,,True,46.7,28.1,60.0,False,2025,15.0
LAW,Racing Bulls,39.0,81.143,10.0,399,21.0,MEDIUM,True,1,,,True,46.7,28.1,60.0,False,2025,13.0
ALO,Aston Martin,39.0,81.717,11.0,399,25.0,MEDIUM,False,1,,,True,46.7,28.1,60.0,False,2025,10.0
BOR,Kick Sauber,39.0,81.004,12.0,400,20.0,MEDIUM,True,1,,,True,46.7,28.1,60.0,False,2025,12.0
TSU,Red Bull Racing,39.0,81.082,13.0,401,15.0,SOFT,True,1,,,True,46.7,28.1,60.0,False,2025,19.0
OCO,Haas F1 Team,39.0,83.09,14.0,401,19.0,MEDIUM,True,1,,,True,46.7,28.1,60.0,False,2025,16.0
GAS,Alpine,39.0,81.231,15.0,402,8.0,MEDIUM,True,1,,,True,47.0,28.2,60.0,False,2025,8.0
BEA,Haas F1 Team,39.0,80.508,16.0,403,4.0,MEDIUM,True,1,,,True,47.0,28.2,60.0,False,2025,14.0
SAI,Williams,39.0,81.112,17.0,403,5.0,MEDIUM,True,1,,,True,47.0,28.2,60.0,False,2025,17.0
COL,Alpine,39.0,86.444,18.0,403,25.0,MEDIUM,True,1,0 days 01:53:39.561000,,False,47.0,28.2,60.0,False,2025,18.0
PIA,McLaren,40.0,80.293,1.0,404,18.0,MEDIUM,True,1,,,True,46.7,28.1,60.0,False,2025,1.0
NOR,McLaren,40.0,79.851,2.0,404,19.0,MEDIUM,True,1,,,True,46.7,28.1,60.0,False,2025,2.0
VER,Red Bull Racing,40.0,79.726,3.0,405,11.0,MEDIUM,True,1,,,True,47.0,28.2,60.0,False,2025,3.0
LEC,Ferrari,40.0,85.756,4.0,405,23.0,MEDIUM,True,1,0 days 01:53:32.336000,,False,47.0,28.2,60.0,False,2025,7.0
HAM,Ferrari,40.0,80.77,5.0,405,24.0,MEDIUM,True,1,,,True,47.0,28.2,60.0,False,2025,5.0
RUS,Mercedes,40.0,80.888,6.0,406,20.0,MEDIUM,True,1,,,True,47.0,28.2,60.0,False,2025,4.0
ANT,Mercedes,40.0,80.456,7.0,407,19.0,MEDIUM,True,1,,,True,47.0,28.2,60.0,False,2025,6.0
HAD,Racing Bulls,40.0,80.977,8.0,407,21.0,MEDIUM,True,1,,,True,47.0,28.2,60.0,False,2025,9.0
HUL,Kick Sauber,40.0,81.514,9.0,407,31.0,MEDIUM,True,1,,,True,47.0,28.2,60.0,False,2025,15.0
LAW,Racing Bulls,40.0,81.321,10.0,408,22.0,MEDIUM,True,1,,,True,47.5,28.3,60.0,False,2025,13.0
ALO,Aston Martin,40.0,81.703,11.0,408,26.0,MEDIUM,False,1,,,True,47.5,28.3,60.0,False,2025,10.0
BOR,Kick Sauber,40.0,80.881,12.0,409,21.0,MEDIUM,True,1,,,True,47.5,28.3,60.0,False,2025,12.0
TSU,Red Bull Racing,40.0,80.982,13.0,410,16.0,SOFT,True,1,,,True,47.5,28.3,60.0,False,2025,19.0
OCO,Haas F1 Team,40.0,82.804,14.0,410,20.0,MEDIUM,True,1,,,True,47.5,28.3,60.0,False,2025,16.0
GAS,Alpine,40.0,82.499,15.0,411,9.0,MEDIUM,True,1,,,True,47.5,28.3,60.0,False,2025,8.0
BEA,Haas F1 Team,40.0,80.849,16.0,412,5.0,MEDIUM,True,1,,,True,47.5,28.3,60.0,False,2025,14.0
SAI,Williams,40.0,80.557,17.0,412,6.0,MEDIUM,True,1,,,True,47.5,28.3,60.0,False,2025,17.0
COL,Alpine,40.0,99.554,18.0,413,1.0,SOFT,True,1,,0 days 01:54:01.758000,False,47.0,28.3,60.0,False,2025,18.0
PIA,McLaren,41.0,80.125,1.0,413,19.0,MEDIUM,True,1,,,True,47.5,28.3,60.0,False,2025,1.0
NOR,McLaren,41.0,80.568,2.0,413,20.0,MEDIUM,True,1,,,True,47.5,28.3,60.0,False,2025,2.0
VER,Red Bull Racing,41.0,79.922,3.0,414,12.0,MEDIUM,True,1,,,True,47.5,28.3,60.0,False,2025,3.0
HAM,Ferrari,41.0,80.553,4.0,414,25.0,MEDIUM,True,1,,,True,47.5,28.3,60.0,False,2025,5.0
RUS,Mercedes,41.0,84.584,5.0,415,21.0,MEDIUM,True,1,0 days 01:55:03.855000,,False,47.5,28.3,60.0,False,2025,4.0
LEC,Ferrari,41.0,98.564,6.0,416,1.0,MEDIUM,True,1,,0 days 01:53:54.134000,False,47.5,28.3,60.0,False,2025,7.0
ANT,Mercedes,41.0,80.705,7.0,416,20.0,MEDIUM,True,1,,,True,47.5,28.3,60.0,False,2025,6.0
HAD,Racing Bulls,41.0,80.989,8.0,416,22.0,MEDIUM,True,1,,,True,47.0,28.3,60.0,False,2025,9.0
HUL,Kick Sauber,41.0,81.13,9.0,416,32.0,MEDIUM,True,1,,,True,47.0,28.3,60.0,False,2025,15.0
LAW,Racing Bulls,41.0,81.4,10.0,417,23.0,MEDIUM,True,1,,,True,47.0,28.3,60.0,False,2025,13.0
ALO,Aston Martin,41.0,81.98,11.0,417,27.0,MEDIUM,False,1,,,True,47.0,28.3,60.0,False,2025,10.0
BOR,Kick Sauber,41.0,81.106,12.0,418,22.0,MEDIUM,True,1,,,True,47.0,28.3,60.0,False,2025,12.0
TSU,Red Bull Racing,41.0,82.859,13.0,419,17.0,SOFT,True,1,,,True,47.0,28.3,60.0,False,2025,19.0
OCO,Haas F1 Team,41.0,81.214,14.0,419,21.0,MEDIUM,True,1,,,True,47.0,28.3,60.0,False,2025,16.0
GAS,Alpine,41.0,81.126,15.0,420,10.0,MEDIUM,True,1,,,True,47.0,28.3,60.0,False,2025,8.0
BEA,Haas F1 Team,41.0,80.615,16.0,421,6.0,MEDIUM,True,1,,,True,47.0,28.3,60.0,False,2025,14.0
SAI,Williams,41.0,80.485,17.0,421,7.0,MEDIUM,True,1,,,True,47.0,28.3,60.0,False,2025,17.0
COL,Alpine,41.0,78.353,18.0,422,2.0,SOFT,True,1,,,True,46.9,28.2,60.0,False,2025,18.0
PIA,McLaren,42.0,80.141,1.0,422,20.0,MEDIUM,True,1,,,True,47.0,28.3,60.0,False,2025,1.0
NOR,McLaren,42.0,79.941,2.0,422,21.0,MEDIUM,True,1,,,True,47.0,28.3,60.0,False,2025,2.0
VER,Red Bull Racing,42.0,79.963,3.0,423,13.0,MEDIUM,True,1,,,True,47.0,28.3,60.0,False,2025,3.0
HAM,Ferrari,42.0,80.849,4.0,423,26.0,MEDIUM,True,1,,,True,46.9,28.2,60.0,False,2025,5.0
LEC,Ferrari,42.0,79.354,5.0,424,2.0,MEDIUM,True,1,,,True,46.9,28.2,60.0,False,2025,7.0
ANT,Mercedes,42.0,80.713,6.0,424,21.0,MEDIUM,True,1,,,True,46.9,28.2,60.0,False,2025,6.0
RUS,Mercedes,42.0,95.215,7.0,425,1.0,SOFT,True,1,,0 days 01:55:25.626000,False,46.9,28.2,60.0,False,2025,4.0
HAD,Racing Bulls,42.0,81.11,8.0,425,23.0,MEDIUM,True,1,,,True,46.9,28.2,60.0,False,2025,9.0
HUL,Kick Sauber,42.0,81.354,9.0,425,33.0,MEDIUM,True,1,,,True,46.9,28.2,60.0,False,2025,15.0
LAW,Racing Bulls,42.0,81.036,10.0,426,24.0,MEDIUM,True,1,,,True,46.9,28.2,60.0,False,2025,13.0
BOR,Kick Sauber,42.0,81.291,11.0,427,23.0,MEDIUM,True,1,,,True,46.9,28.2,60.0,False,2025,12.0
ALO,Aston Martin,42.0,85.467,12.0,427,28.0,MEDIUM,False,1,0 days 01:57:13.431000,,False,46.9,28.2,60.0,False,2025,10.0
TSU,Red Bull Racing,42.0,82.85,13.0,428,18.0,SOFT,True,1,,,True,46.9,28.3,61.0,False,2025,19.0
OCO,Haas F1 Team,42.0,81.688,14.0,428,22.0,MEDIUM,True,1,,,True,46.9,28.3,61.0,False,2025,16.0
GAS,Alpine,42.0,80.758,15.0,429,11.0,MEDIUM,True,1,,,True,46.9,28.3,61.0,False,2025,8.0
BEA,Haas F1 Team,42.0,80.455,16.0,430,7.0,MEDIUM,True,1,,,True,46.9,28.3,61.0,False,2025,14.0
SAI,Williams,42.0,80.583,17.0,430,8.0,MEDIUM,True,1,,,True,46.9,28.3,61.0,False,2025,17.0
COL,Alpine,42.0,82.116,18.0,431,3.0,SOFT,True,1,,,True,46.9,28.3,61.0,False,2025,18.0
PIA,McLaren,43.0,79.489,1.0,431,21.0,MEDIUM,True,1,,,True,46.9,28.2,60.0,False,2025,1.0
NOR,McLaren,43.0,79.824,2.0,431,22.0,MEDIUM,True,1,,,True,46.9,28.3,61.0,False,2025,2.0
VER,Red Bull Racing,43.0,80.134,3.0,432,14.0,MEDIUM,True,1,,,True,46.9,28.3,61.0,False,2025,3.0
HAM,Ferrari,43.0,81.029,4.0,432,27.0,MEDIUM,True,1,,,True,46.9,28.3,61.0,False,2025,5.0
LEC,Ferrari,43.0,79.57,5.0,433,3.0,MEDIUM,True,1,,,True,46.9,28.3,61.0,False,2025,7.0
ANT,Mercedes,43.0,80.711,6.0,433,22.0,MEDIUM,True,1,,,True,46.9,28.3,61.0,False,2025,6.0
RUS,Mercedes,43.0,78.437,7.0,434,2.0,SOFT,True,1,,,True,46.9,28.3,61.0,False,2025,4.0
HAD,Racing Bulls,43.0,81.033,8.0,434,24.0,MEDIUM,True,1,,,True,46.9,28.3,61.0,False,2025,9.0
HUL,Kick Sauber,43.0,81.683,9.0,434,34.0,MEDIUM,True,1,,,True,46.8,28.3,61.0,False,2025,15.0
LAW,Racing Bulls,43.0,81.11,10.0,435,25.0,MEDIUM,True,1,,,True,46.8,28.3,61.0,False,2025,13.0
BOR,Kick Sauber,43.0,83.179,11.0,436,24.0,MEDIUM,True,1,,,True,46.8,28.3,61.0,False,2025,12.0
TSU,Red Bull Racing,43.0,81.433,12.0,437,19.0,SOFT,True,1,,,True,46.8,28.3,61.0,False,2025,19.0
GAS,Alpine,43.0,80.81,13.0,438,12.0,MEDIUM,True,1,,,True,46.8,28.3,61.0,False,2025,8.0
OCO,Haas F1 Team,43.0,85.554,14.0,438,23.0,MEDIUM,True,1,0 days 01:58:45.209000,,False,46.8,28.3,61.0,False,2025,16.0
BEA,Haas F1 Team,43.0,80.747,15.0,439,8.0,MEDIUM,True,1,,,True,46.8,28.3,61.0,False,2025,14.0
ALO,Aston Martin,43.0,98.519,16.0,440,4.0,SOFT,False,1,,0 days 01:57:35.784000,False,46.8,28.3,61.0,False,2025,10.0
SAI,Williams,43.0,81.481,17.0,440,9.0,MEDIUM,True,1,,,True,46.8,28.3,61.0,False,2025,17.0
COL,Alpine,43.0,80.805,18.0,441,4.0,SOFT,True,1,,,True,46.8,28.4,61.0,False,2025,18.0
PIA,McLaren,44.0,79.694,1.0,441,22.0,MEDIUM,True,1,,,True,46.8,28.3,61.0,False,2025,1.0
NOR,McLaren,44.0,79.984,2.0,441,23.0,MEDIUM,True,1,,,True,46.8,28.3,61.0,False,2025,2.0
VER,Red Bull Racing,44.0,79.84,3.0,442,15.0,MEDIUM,True,1,,,True,46.8,28.3,61.0,False,2025,3.0
HAM,Ferrari,44.0,80.93,4.0,442,28.0,MEDIUM,True,1,,,True,46.8,28.3,61.0,False,2025,5.0
LEC,Ferrari,44.0,79.321,5.0,443,4.0,MEDIUM,True,1,,,True,46.8,28.3,61.0,False,2025,7.0
RUS,Mercedes,44.0,79.079,6.0,444,3.0,SOFT,True,1,,,True,46.8,28.4,61.0,False,2025,4.0
ANT,Mercedes,44.0,81.604,7.0,444,23.0,MEDIUM,True,1,,,True,46.8,28.4,61.0,False,2025,6.0
HAD,Racing Bulls,44.0,80.842,8.0,444,25.0,MEDIUM,True,1,,,True,46.8,28.4,61.0,False,2025,9.0
HUL,Kick Sauber,44.0,82.092,9.0,444,35.0,MEDIUM,True,1,,,True,46.8,28.4,61.0,False,2025,15.0
LAW,Racing Bulls,44.0,84.71,10.0,445,26.0,MEDIUM,True,1,0 days 01:59:50.122000,,False,46.8,28.4,61.0,False,2025,13.0
BOR,Kick Sauber,44.0,83.274,11.0,446,25.0,MEDIUM,True,1,,,True,46.8,28.4,61.0,False,2025,12.0
GAS,Alpine,44.0,81.204,12.0,447,13.0,MEDIUM,True,1,,,True,46.8,28.4,61.0,False,2025,8.0
TSU,Red Bull Racing,44.0,87.462,13.0,447,20.0,SOFT,True,1,0 days 02:00:06.313000,,False,46.8,28.4,61.0,False,2025,19.0
BEA,Haas F1 Team,44.0,80.529,14.0,448,9.0,MEDIUM,True,1,,,True,46.8,28.4,61.0,False,2025,14.0
ALO,Aston Martin,44.0,78.997,15.0,449,5.0,SOFT,False,1,,,True,46.8,28.4,61.0,False,2025,10.0
SAI,Williams,44.0,80.821,16.0,449,10.0,MEDIUM,True,1,,,True,46.8,28.4,61.0,False,2025,17.0
OCO,Haas F1 Team,44.0,98.168,17.0,450,1.0,MEDIUM,True,1,,0 days 01:59:07.689000,False,47.4,28.4,61.0,False,2025,16.0
COL,Alpine,44.0,81.025,18.0,450,5.0,SOFT,True,1,,,True,47.4,28.4,61.0,False,2025,18.0
PIA,McLaren,45.0,79.438,1.0,450,23.0,MEDIUM,True,1,,,True,46.8,28.4,61.0,False,2025,1.0
NOR,McLaren,45.0,80.426,2.0,450,24.0,MEDIUM,True,1,,,True,46.8,28.4,61.0,False,2025,2.0
VER,Red Bull Racing,45.0,80.301,3.0,451,16.0,MEDIUM,True,1,,,True,46.8,28.4,61.0,False,2025,3.0
HAM,Ferrari,45.0,81.412,4.0,451,29.0,MEDIUM,True,1,,,True,47.4,28.4,61.0,False,2025,5.0
LEC,Ferrari,45.0,79.181,5.0,452,5.0,MEDIUM,True,1,,,True,47.4,28.4,61.0,False,2025,7.0
RUS,Mercedes,45.0,79.176,6.0,453,4.0,SOFT,True,1,,,True,47.4,28.4,61.0,False,2025,4.0
ANT,Mercedes,45.0,81.289,7.0,453,24.0,MEDIUM,True,1,,,True,47.4,28.4,61.0,False,2025,6.0
HAD,Racing Bulls,45.0,80.882,8.0,453,26.0,MEDIUM,True,1,,,True,47.4,28.4,61.0,False,2025,9.0
HUL,Kick Sauber,45.0,85.589,9.0,453,36.0,MEDIUM,True,1,0 days 02:01:03.489000,,False,47.4,28.4,61.0,False,2025,15.0
BOR,Kick Sauber,45.0,81.547,10.0,454,26.0,MEDIUM,True,1,,,True,47.5,28.4,62.0,False,2025,12.0
GAS,Alpine,45.0,80.75,11.0,455,14.0,MEDIUM,True,1,,,True,47.5,28.4,62.0,False,2025,8.0
BEA,Haas F1 Team,45.0,80.579,12.0,456,10.0,MEDIUM,True,1,,,True,47.5,28.4,62.0,False,2025,14.0
LAW,Racing Bulls,45.0,99.618,13.0,457,4.0,SOFT,False,1,,0 days 02:00:12.093000,False,47.5,28.4,62.0,False,2025,13.0
ALO,Aston Martin,45.0,79.707,14.0,457,6.0,SOFT,False,1,,,True,47.5,28.4,62.0,False,2025,10.0
SAI,Williams,45.0,80.673,15.0,457,11.0,MEDIUM,True,1,,,True,47.5,28.4,62.0,False,2025,17.0
OCO,Haas F1 Team,45.0,80.252,16.0,458,2.0,MEDIUM,True,1,,,True,47.5,28.4,62.0,False,2025,16.0
TSU,Red Bull Racing,45.0,98.22,17.0,459,1.0,SOFT,True,1,,0 days 02:00:28.123000,False,47.5,28.4,62.0,False,2025,19.0
COL,Alpine,45.0,81.05,18.0,459,6.0,SOFT,True,1,,,True,47.5,28.4,62.0,False,2025,18.0
PIA,McLaren,46.0,79.235,1.0,459,24.0,MEDIUM,True,1,,,True,47.4,28.4,61.0,False,2025,1.0
NOR,McLaren,46.0,80.027,2.0,459,25.0,MEDIUM,True,1,,,True,47.5,28.4,62.0,False,2025,2.0
VER,Red Bull Racing,46.0,80.367,3.0,460,17.0,MEDIUM,True,1,,,True,47.5,28.4,62.0,False,2025,3.0
HAM,Ferrari,46.0,85.116,4.0,460,30.0,MEDIUM,True,1,0 days 02:01:47.305000,,False,47.5,28.4,62.0,False,2025,5.0
LEC,Ferrari,46.0,79.877,5.0,461,6.0,MEDIUM,True,1,,,True,47.5,28.4,62.0,False,2025,7.0
RUS,Mercedes,46.0,79.351,6.0,462,5.0,SOFT,True,1,,,True,47.5,28.4,62.0,False,2025,4.0
ANT,Mercedes,46.0,80.941,7.0,462,25.0,MEDIUM,True,1,,,True,47.5,28.4,62.0,False,2025,6.0
HAD,Racing Bulls,46.0,80.875,8.0,462,27.0,MEDIUM,True,1,,,True,47.5,28.4,62.0,False,2025,9.0
HUL,Kick Sauber,46.0,99.152,9.0,463,1.0,SOFT,True,1,,0 days 02:01:25.408000,False,47.5,28.3,61.0,False,2025,15.0
BOR,Kick Sauber,46.0,84.398,10.0,463,27.0,MEDIUM,True,1,,,True,47.5,28.3,61.0,False,2025,12.0
GAS,Alpine,46.0,80.563,11.0,464,15.0,MEDIUM,True,1,,,True,47.5,28.3,61.0,False,2025,8.0
BEA,Haas F1 Team,46.0,80.236,12.0,465,11.0,MEDIUM,True,1,,,True,47.5,28.3,61.0,False,2025,14.0
LAW,Racing Bulls,46.0,79.887,13.0,466,5.0,SOFT,False,1,,,True,47.5,28.3,61.0,False,2025,13.0
ALO,Aston Martin,46.0,79.703,14.0,466,7.0,SOFT,False,1,,,True,47.5,28.3,61.0,False,2025,10.0
SAI,Williams,46.0,80.588,15.0,466,12.0,MEDIUM,True,1,,,True,47.5,28.3,61.0,False,2025,17.0
OCO,Haas F1 Team,46.0,78.624,16.0,467,3.0,MEDIUM,True,1,,,True,47.5,28.3,61.0,False,2025,16.0
TSU,Red Bull Racing,46.0,77.998,17.0,468,2.0,SOFT,True,1,,,True,47.5,28.3,61.0,False,2025,19.0
COL,Alpine,46.0,80.728,18.0,468,7.0,SOFT,True,1,,,True,48.0,28.2,61.0,False,2025,18.0
PIA,McLaren,47.0,79.63,1.0,468,25.0,MEDIUM,True,1,,,True,47.5,28.3,61.0,False,2025,1.0
NOR,McLaren,47.0,80.082,2.0,468,26.0,MEDIUM,True,1,,,True,47.5,28.3,61.0,False,2025,2.0
VER,Red Bull Racing,47.0,83.558,3.0,469,18.0,MEDIUM,True,1,0 days 02:02:44.158000,,False,47.5,28.3,61.0,False,2025,3.0
LEC,Ferrari,47.0,79.806,4.0,470,7.0,MEDIUM,True,1,,,True,47.5,28.3,61.0,False,2025,7.0
RUS,Mercedes,47.0,79.393,5.0,471,6.0,SOFT,True,1,,,True,47.5,28.3,61.0,False,2025,4.0
ANT,Mercedes,47.0,80.622,6.0,471,26.0,MEDIUM,True,1,,,True,48.0,28.2,61.0,False,2025,6.0
HAM,Ferrari,47.0,99.788,7.0,472,4.0,SOFT,False,1,,0 days 02:02:11.696000,False,48.0,28.2,61.0,False,2025,5.0
HAD,Racing Bulls,47.0,81.963,8.0,472,28.0,MEDIUM,True,1,,,True,48.0,28.2,61.0,False,2025,9.0
HUL,Kick Sauber,47.0,80.811,9.0,473,2.0,SOFT,True,1,,,True,48.0,28.2,61.0,False,2025,15.0
BOR,Kick Sauber,47.0,81.519,10.0,473,28.0,MEDIUM,True,1,,,True,48.0,28.2,61.0,False,2025,12.0
GAS,Alpine,47.0,80.421,11.0,474,16.0,MEDIUM,True,1,,,True,48.0,28.2,61.0,False,2025,8.0
BEA,Haas F1 Team,47.0,80.017,12.0,475,12.0,MEDIUM,True,1,,,True,48.0,28.2,61.0,False,2025,14.0
LAW,Racing Bulls,47.0,79.611,13.0,476,6.0,SOFT,False,1,,,True,48.0,28.2,61.0,False,2025,13.0
ALO,Aston Martin,47.0,79.587,14.0,476,8.0,SOFT,False,1,,,True,48.0,28.2,61.0,False,2025,10.0
SAI,Williams,47.0,80.378,15.0,476,13.0,MEDIUM,True,1,,,True,48.2,28.2,61.0,False,2025,17.0
TSU,Red Bull Racing,47.0,80.209,16.0,477,3.0,SOFT,True,1,,,True,48.2,28.2,61.0,False,2025,19.0
OCO,Haas F1 Team,47.0,81.418,17.0,477,4.0,MEDIUM,True,1,,,True,48.2,28.2,61.0,False,2025,16.0
COL,Alpine,47.0,80.273,18.0,477,8.0,SOFT,True,1,,,True,48.2,28.2,61.0,False,2025,18.0
PIA,McLaren,48.0,79.378,1.0,477,26.0,MEDIUM,True,1,,,True,48.0,28.2,61.0,False,2025,1.0
NOR,McLaren,48.0,83.999,2.0,477,27.0,MEDIUM,True,1,0 days 02:04:00.195000,,False,48.0,28.2,61.0,False,2025,2.0
VER,Red Bull Racing,48.0,95.915,3.0,478,4.0,SOFT,False,1,,0 days 02:03:05.962000,False,48.2,28.2,61.0,False,2025,3.0
LEC,Ferrari,48.0,79.304,4.0,478,8.0,MEDIUM,True,1,,,True,48.2,28.2,61.0,False,2025,7.0
RUS,Mercedes,48.0,79.047,5.0,479,7.0,SOFT,True,1,,,True,48.2,28.2,61.0,False,2025,4.0
ANT,Mercedes,48.0,80.434,6.0,479,27.0,MEDIUM,True,1,,,True,48.2,28.2,61.0,False,2025,6.0
HAM,Ferrari,48.0,78.335,7.0,480,5.0,SOFT,False,1,,,True,48.2,28.2,61.0,False,2025,5.0
HAD,Racing Bulls,48.0,84.323,8.0,480,29.0,MEDIUM,True,1,0 days 02:04:54.151000,,False,48.2,28.2,61.0,False,2025,9.0
HUL,Kick Sauber,48.0,80.805,9.0,481,3.0,SOFT,True,1,,,True,48.5,28.3,61.0,False,2025,15.0
BOR,Kick Sauber,48.0,81.264,10.0,481,29.0,MEDIUM,True,1,,,True,48.5,28.3,61.0,False,2025,12.0
GAS,Alpine,48.0,80.624,11.0,482,17.0,MEDIUM,True,1,,,True,48.5,28.3,61.0,False,2025,8.0
BEA,Haas F1 Team,48.0,80.963,12.0,483,13.0,MEDIUM,True,1,,,True,48.5,28.3,61.0,False,2025,14.0
LAW,Racing Bulls,48.0,79.86,13.0,484,7.0,SOFT,False,1,,,True,48.5,28.3,61.0,False,2025,13.0
ALO,Aston Martin,48.0,79.931,14.0,484,9.0,SOFT,False,1,,,True,48.5,28.3,61.0,False,2025,10.0
SAI,Williams,48.0,80.5,15.0,484,14.0,MEDIUM,True,1,,,True,48.5,28.3,61.0,False,2025,17.0
TSU,Red Bull Racing,48.0,79.498,16.0,485,4.0,SOFT,True,1,,,True,48.5,28.3,61.0,False,2025,19.0
OCO,Haas F1 Team,48.0,79.54,17.0,485,5.0,MEDIUM,True,1,,,True,48.5,28.3,61.0,False,2025,16.0
COL,Alpine,48.0,82.164,18.0,485,9.0,SOFT,True,1,,,True,48.5,28.3,61.0,False,2025,18.0
PIA,McLaren,49.0,83.19,1.0,485,27.0,MEDIUM,True,1,0 days 02:05:13.232000,,False,48.2,28.2,61.0,False,2025,1.0
NOR,McLaren,49.0,96.4,2.0,486,4.0,SOFT,False,1,,0 days 02:04:22.068000,False,48.5,28.3,61.0,False,2025,2.0
VER,Red Bull Racing,49.0,77.141,3.0,486,5.0,SOFT,False,1,,,True,48.5,28.3,61.0,False,2025,3.0
LEC,Ferrari,49.0,79.735,4.0,486,9.0,MEDIUM,True,1,,,True,48.5,28.3,61.0,False,2025,7.0
RUS,Mercedes,49.0,79.121,5.0,487,8.0,SOFT,True,1,,,True,48.5,28.3,61.0,False,2025,4.0
HAM,Ferrari,49.0,78.598,6.0,488,6.0,SOFT,False,1,,,True,48.5,28.3,61.0,False,2025,5.0
ANT,Mercedes,49.0,84.211,7.0,488,28.0,MEDIUM,True,1,0 days 02:06:04.932000,,False,48.5,28.3,61.0,False,2025,6.0
HAD,Racing Bulls,49.0,98.209,8.0,489,4.0,SOFT,False,1,,0 days 02:05:16.320000,False,48.0,28.3,60.0,False,2025,9.0
HUL,Kick Sauber,49.0,80.699,9.0,490,4.0,SOFT,True,1,,,True,48.0,28.3,60.0,False,2025,15.0
GAS,Alpine,49.0,80.646,10.0,490,18.0,MEDIUM,True,1,,,True,48.0,28.3,60.0,False,2025,8.0
BEA,Haas F1 Team,49.0,80.718,11.0,491,14.0,MEDIUM,True,1,,,True,48.0,28.3,60.0,False,2025,14.0
LAW,Racing Bulls,49.0,80.784,12.0,492,8.0,SOFT,False,1,,,True,48.0,28.3,60.0,False,2025,13.0
BOR,Kick Sauber,49.0,84.483,13.0,492,30.0,MEDIUM,True,1,0 days 02:06:51.229000,,False,48.0,28.3,60.0,False,2025,12.0
ALO,Aston Martin,49.0,81.771,14.0,493,10.0,SOFT,False,1,,,True,48.0,28.3,60.0,False,2025,10.0
SAI,Williams,49.0,81.614,15.0,493,15.0,MEDIUM,True,1,,,True,48.0,28.3,60.0,False,2025,17.0
TSU,Red Bull Racing,49.0,79.133,16.0,494,5.0,SOFT,True,1,,,True,48.0,28.3,60.0,False,2025,19.0
OCO,Haas F1 Team,49.0,79.294,17.0,494,6.0,MEDIUM,True,1,,,True,48.0,28.3,60.0,False,2025,16.0
COL,Alpine,49.0,80.105,18.0,494,10.0,SOFT,True,1,,,True,48.5,28.5,59.0,False,2025,18.0
PIA,McLaren,50.0,97.74,1.0,495,4.0,SOFT,False,1,,0 days 02:05:35.140000,False,48.0,28.3,60.0,False,2025,1.0
NOR,McLaren,50.0,77.304,2.0,495,5.0,SOFT,False,1,,,True,48.0,28.3,60.0,False,2025,2.0
VER,Red Bull Racing,50.0,77.997,3.0,495,6.0,SOFT,False,1,,,True,48.0,28.3,60.0,False,2025,3.0
LEC,Ferrari,50.0,79.697,4.0,495,10.0,MEDIUM,True,1,,,True,48.0,28.3,60.0,False,2025,7.0
RUS,Mercedes,50.0,79.416,5.0,496,9.0,SOFT,True,1,,,True,48.0,28.3,60.0,False,2025,4.0
HAM,Ferrari,50.0,78.344,6.0,497,7.0,SOFT,False,1,,,True,48.5,28.5,59.0,False,2025,5.0
ANT,Mercedes,50.0,100.297,7.0,498,4.0,SOFT,False,1,,0 days 02:06:28.379000,False,48.5,28.5,59.0,False,2025,6.0
HAD,Racing Bulls,50.0,80.047,8.0,498,5.0,SOFT,False,1,,,True,48.5,28.5,59.0,False,2025,9.0
HUL,Kick Sauber,50.0,79.794,9.0,499,5.0,SOFT,True,1,,,True,48.5,28.5,59.0,False,2025,15.0
GAS,Alpine,50.0,80.035,10.0,499,19.0,MEDIUM,True,1,,,True,48.5,28.5,59.0,False,2025,8.0
BEA,Haas F1 Team,50.0,81.975,11.0,500,15.0,MEDIUM,True,1,,,True,48.5,28.5,59.0,False,2025,14.0
LAW,Racing Bulls,50.0,81.891,12.0,501,9.0,SOFT,False,1,,,True,48.5,28.5,59.0,False,2025,13.0
ALO,Aston Martin,50.0,81.378,13.0,501,11.0,SOFT,False,1,,,True,48.5,28.5,59.0,False,2025,10.0
SAI,Williams,50.0,80.402,14.0,501,16.0,MEDIUM,True,1,,,True,48.5,28.6,60.0,False,2025,17.0
TSU,Red Bull Racing,50.0,79.3,15.0,502,6.0,SOFT,True,1,,,True,48.5,28.6,60.0,False,2025,19.0
OCO,Haas F1 Team,50.0,79.549,16.0,502,7.0,MEDIUM,True,1,,,True,48.5,28.6,60.0,False,2025,16.0
BOR,Kick Sauber,50.0,98.032,17.0,503,1.0,SOFT,True,1,,0 days 02:07:14.195000,False,48.5,28.6,60.0,False,2025,12.0
COL,Alpine,50.0,80.056,18.0,503,11.0,SOFT,True,1,,,True,48.5,28.6,60.0,False,2025,18.0
PIA,McLaren,51.0,78.78,1.0,504,5.0,SOFT,False,1,,,True,48.5,28.5,59.0,False,2025,1.0
NOR,McLaren,51.0,78.315,2.0,504,6.0,SOFT,False,1,,,True,48.5,28.5,59.0,False,2025,2.0
VER,Red Bull Racing,51.0,78.734,3.0,504,7.0,SOFT,False,1,,,True,48.5,28.5,59.0,False,2025,3.0
LEC,Ferrari,51.0,79.815,4.0,504,11.0,MEDIUM,True,1,,,True,48.5,28.6,60.0,False,2025,7.0
RUS,Mercedes,51.0,79.471,5.0,505,10.0,SOFT,True,1,,,True,48.5,28.6,60.0,False,2025,4.0
HAM,Ferrari,51.0,78.722,6.0,506,8.0,SOFT,False,1,,,True,48.5,28.6,60.0,False,2025,5.0
ANT,Mercedes,51.0,78.328,7.0,507,5.0,SOFT,False,1,,,True,48.5,28.6,60.0,False,2025,6.0
HAD,Racing Bulls,51.0,79.611,8.0,507,6.0,SOFT,False,1,,,True,48.5,28.6,60.0,False,2025,9.0
HUL,Kick Sauber,51.0,79.936,9.0,508,6.0,SOFT,True,1,,,True,47.5,28.6,60.0,False,2025,15.0
GAS,Alpine,51.0,81.884,10.0,508,20.0,MEDIUM,True,1,,,True,47.5,28.6,60.0,False,2025,8.0
BEA,Haas F1 Team,51.0,82.963,11.0,509,16.0,MEDIUM,True,1,,,True,47.5,28.6,60.0,False,2025,14.0
LAW,Racing Bulls,51.0,82.974,12.0,510,10.0,SOFT,False,1,,,True,47.5,28.6,60.0,False,2025,13.0
ALO,Aston Martin,51.0,82.129,13.0,510,12.0,SOFT,False,1,,,True,47.5,28.6,60.0,False,2025,10.0
SAI,Williams,51.0,80.494,14.0,510,17.0,MEDIUM,True,1,,,True,47.5,28.6,60.0,False,2025,17.0
TSU,Red Bull Racing,51.0,79.954,15.0,511,7.0,SOFT,True,1,,,True,47.5,28.6,60.0,False,2025,19.0
OCO,Haas F1 Team,51.0,79.826,16.0,511,8.0,MEDIUM,True,1,,,True,47.5,28.6,60.0,False,2025,16.0
BOR,Kick Sauber,51.0,78.297,17.0,512,2.0,SOFT,True,1,,,True,47.5,28.6,60.0,False,2025,12.0
COL,Alpine,51.0,80.076,18.0,512,12.0,SOFT,True,1,,,True,47.5,28.6,60.0,False,2025,18.0
PIA,McLaren,52.0,78.796,1.0,513,6.0,SOFT,False,1,,,True,47.5,28.6,60.0,False,2025,1.0
NOR,McLaren,52.0,79.034,2.0,513,7.0,SOFT,False,1,,,True,47.5,28.6,60.0,False,2025,2.0
VER,Red Bull Racing,52.0,78.682,3.0,513,8.0,SOFT,False,1,,,True,47.5,28.6,60.0,False,2025,3.0
LEC,Ferrari,52.0,79.831,4.0,513,12.0,MEDIUM,True,1,,,True,47.5,28.6,60.0,False,2025,7.0
RUS,Mercedes,52.0,79.28,5.0,514,11.0,SOFT,True,1,,,True,47.5,28.6,60.0,False,2025,4.0
HAM,Ferrari,52.0,78.645,6.0,515,9.0,SOFT,False,1,,,True,47.5,28.6,60.0,False,2025,5.0
ANT,Mercedes,52.0,78.255,7.0,516,6.0,SOFT,False,1,,,True,47.5,28.6,59.0,False,2025,6.0
HAD,Racing Bulls,52.0,79.702,8.0,516,7.0,SOFT,False,1,,,True,47.5,28.6,59.0,False,2025,9.0
HUL,Kick Sauber,52.0,79.987,9.0,517,7.0,SOFT,True,1,,,True,47.5,28.6,59.0,False,2025,15.0
GAS,Alpine,52.0,82.812,10.0,517,21.0,MEDIUM,True,1,,,True,47.5,28.6,59.0,False,2025,8.0
LAW,Racing Bulls,52.0,79.805,11.0,518,11.0,SOFT,False,1,,,True,47.5,28.6,59.0,False,2025,13.0
ALO,Aston Martin,52.0,80.232,12.0,518,13.0,SOFT,False,1,,,True,47.5,28.6,59.0,False,2025,10.0
BEA,Haas F1 Team,52.0,82.704,13.0,518,17.0,MEDIUM,True,1,,,True,47.5,28.6,59.0,False,2025,14.0
SAI,Williams,52.0,80.603,14.0,518,18.0,MEDIUM,True,1,,,True,47.5,28.6,59.0,False,2025,17.0
TSU,Red Bull Racing,52.0,80.098,15.0,519,8.0,SOFT,True,1,,,True,47.5,28.6,59.0,False,2025,19.0
OCO,Haas F1 Team,52.0,79.897,16.0,519,9.0,MEDIUM,True,1,,,True,47.5,28.6,59.0,False,2025,16.0
BOR,Kick Sauber,52.0,79.386,17.0,520,3.0,SOFT,True,1,,,True,47.5,28.6,59.0,False,2025,12.0
COL,Alpine,52.0,80.12,18.0,520,13.0,SOFT,True,1,,,True,47.0,28.6,60.0,False,2025,18.0
PIA,McLaren,53.0,77.885,1.0,521,7.0,SOFT,False,1,,,True,47.5,28.6,59.0,False,2025,1.0
NOR,McLaren,53.0,78.345,2.0,521,8.0,SOFT,False,1,,,True,47.5,28.6,59.0,False,2025,2.0
VER,Red Bull Racing,53.0,78.941,3.0,521,9.0,SOFT,False,1,,,True,47.5,28.6,59.0,False,2025,3.0
LEC,Ferrari,53.0,79.674,4.0,521,13.0,MEDIUM,True,1,,,True,47.5,28.6,59.0,False,2025,7.0
RUS,Mercedes,53.0,79.426,5.0,522,12.0,SOFT,True,1,,,True,47.5,28.6,59.0,False,2025,4.0
HAM,Ferrari,53.0,79.16,6.0,523,10.0,SOFT,False,1,,,True,47.0,28.6,60.0,False,2025,5.0
ANT,Mercedes,53.0,79.04,7.0,524,7.0,SOFT,False,1,,,True,47.0,28.6,60.0,False,2025,6.0
HAD,Racing Bulls,53.0,79.595,8.0,524,8.0,SOFT,False,1,,,True,47.0,28.6,60.0,False,2025,9.0
HUL,Kick Sauber,53.0,81.133,9.0,525,8.0,SOFT,True,1,,,True,47.0,28.6,60.0,False,2025,15.0
GAS,Alpine,53.0,80.163,10.0,525,22.0,MEDIUM,True,1,,,True,47.0,28.6,60.0,False,2025,8.0
LAW,Racing Bulls,53.0,79.986,11.0,526,12.0,SOFT,False,1,,,True,47.0,28.6,60.0,False,2025,13.0
ALO,Aston Martin,53.0,80.137,12.0,526,14.0,SOFT,False,1,,,True,47.7,28.6,60.0,False,2025,10.0
BEA,Haas F1 Team,53.0,80.958,13.0,526,18.0,MEDIUM,True,1,,,True,47.7,28.6,60.0,False,2025,14.0
SAI,Williams,53.0,80.417,14.0,526,19.0,MEDIUM,True,1,,,True,47.7,28.6,60.0,False,2025,17.0
TSU,Red Bull Racing,53.0,79.718,15.0,527,9.0,SOFT,True,1,,,True,47.7,28.6,60.0,False,2025,19.0
OCO,Haas F1 Team,53.0,79.95,16.0,527,10.0,MEDIUM,True,1,,,True,47.7,28.6,60.0,False,2025,16.0
BOR,Kick Sauber,53.0,79.454,17.0,528,4.0,SOFT,True,1,,,True,47.7,28.6,60.0,False,2025,12.0
COL,Alpine,53.0,80.08,18.0,528,14.0,SOFT,True,12,,,True,47.7,28.6,60.0,False,2025,18.0
PIA,McLaren,54.0,77.766,1.0,529,8.0,SOFT,False,1,,,True,47.0,28.6,60.0,False,2025,1.0
NOR,McLaren,54.0,78.114,2.0,529,9.0,SOFT,False,1,,,True,47.0,28.6,60.0,False,2025,2.0
VER,Red Bull Racing,54.0,78.584,3.0,529,10.0,SOFT,False,1,,,True,47.0,28.6,60.0,False,2025,3.0
LEC,Ferrari,54.0,79.826,4.0,529,14.0,MEDIUM,True,1,,,True,47.7,28.6,60.0,False,2025,7.0
RUS,Mercedes,54.0,79.578,5.0,530,13.0,SOFT,True,1,,,True,47.7,28.6,60.0,False,2025,4.0
HAM,Ferrari,54.0,79.257,6.0,531,11.0,SOFT,False,1,,,True,47.7,28.6,60.0,False,2025,5.0
HAD,Racing Bulls,54.0,87.674,7.0,532,9.0,SOFT,False,124,,,False,47.7,28.6,60.0,False,2025,9.0
HUL,Kick Sauber,54.0,92.815,8.0,533,9.0,SOFT,True,124,,,False,47.7,28.6,60.0,False,2025,15.0
GAS,Alpine,54.0,94.583,9.0,533,23.0,MEDIUM,True,124,,,False,47.7,28.6,60.0,False,2025,8.0
LAW,Racing Bulls,54.0,95.264,10.0,534,13.0,SOFT,False,124,,,False,47.7,28.6,60.0,False,2025,13.0
ALO,Aston Martin,54.0,97.388,11.0,534,15.0,SOFT,False,124,0 days 02:13:53.176000,,False,47.7,28.6,60.0,False,2025,10.0
BEA,Haas F1 Team,54.0,98.755,12.0,534,19.0,MEDIUM,True,124,0 days 02:13:56.541000,,False,47.7,28.6,60.0,False,2025,14.0
SAI,Williams,54.0,97.296,13.0,534,20.0,MEDIUM,True,124,,,False,47.7,28.6,60.0,False,2025,17.0
OCO,Haas F1 Team,54.0,98.073,14.0,535,11.0,MEDIUM,True,124,,,False,47.7,28.6,60.0,False,2025,16.0
TSU,Red Bull Racing,54.0,100.175,15.0,536,10.0,SOFT,True,124,0 days 02:14:00.538000,,False,47.7,28.6,60.0,False,2025,19.0
BOR,Kick Sauber,54.0,97.819,16.0,537,5.0,SOFT,True,124,,,False,47.7,28.6,60.0,False,2025,12.0
COL,Alpine,54.0,108.581,17.0,537,15.0,SOFT,True,24,0 days 02:14:34.669000,,False,47.9,28.7,60.0,False,2025,18.0
PIA,McLaren,55.0,91.156,1.0,538,9.0,SOFT,False,124,0 days 02:13:35.412000,,False,47.7,28.6,60.0,False,2025,1.0
NOR,McLaren,55.0,93.197,2.0,538,10.0,SOFT,False,124,0 days 02:13:40.876000,,False,47.7,28.6,60.0,False,2025,2.0
VER,Red Bull Racing,55.0,94.644,3.0,538,11.0,SOFT,False,124,0 days 02:13:44.750000,,False,47.7,28.6,60.0,False,2025,3.0
LEC,Ferrari,55.0,101.931,4.0,538,15.0,MEDIUM,True,124,0 days 02:14:07.841000,,False,47.7,28.6,60.0,False,2025,7.0
RUS,Mercedes,55.0,102.124,5.0,539,14.0,SOFT,True,124,0 days 02:14:12.059000,,False,47.7,28.6,60.0,False,2025,4.0
HAM,Ferrari,55.0,105.765,6.0,540,12.0,SOFT,False,124,0 days 02:14:23.842000,,False,47.9,28.7,60.0,False,2025,5.0
HAD,Racing Bulls,55.0,110.63,7.0,541,10.0,SOFT,False,4,0 days 02:15:09.769000,,False,47.9,28.7,60.0,False,2025,9.0
HUL,Kick Sauber,55.0,109.475,8.0,542,10.0,SOFT,True,4,,,False,47.9,28.7,60.0,False,2025,15.0
GAS,Alpine,55.0,110.935,9.0,542,24.0,MEDIUM,True,4,0 days 02:15:38.580000,,False,47.9,28.7,60.0,False,2025,8.0
LAW,Racing Bulls,55.0,135.678,10.0,543,14.0,SOFT,False,4,,,False,47.9,28.7,60.0,False,2025,13.0
SAI,Williams,55.0,129.946,11.0,543,21.0,MEDIUM,True,4,0 days 02:16:07.284000,,False,47.9,28.7,60.0,False,2025,17.0
OCO,Haas F1 Team,55.0,128.75,12.0,544,12.0,MEDIUM,True,4,,,False,47.9,28.7,60.0,False,2025,16.0
BOR,Kick Sauber,55.0,126.574,13.0,545,6.0,SOFT,True,4,,,False,47.9,28.7,60.0,False,2025,12.0
ALO,Aston Martin,55.0,138.7,14.0,546,4.0,SOFT,False,4,,0 days 02:14:15.132000,False,47.9,28.7,60.0,False,2025,10.0
BEA,Haas F1 Team,55.0,136.078,15.0,546,7.0,SOFT,False,4,,0 days 02:14:19.356000,False,47.9,28.7,60.0,False,2025,14.0
TSU,Red Bull Racing,55.0,133.672,16.0,547,4.0,SOFT,False,4,,0 days 02:14:22.796000,False,47.9,28.7,60.0,False,2025,19.0
COL,Alpine,55.0,124.85,17.0,548,2.0,SOFT,False,4,,0 days 02:14:56.549000,False,47.6,28.7,60.0,False,2025,18.0
PIA,McLaren,56.0,148.794,1.0,548,4.0,SOFT,False,4,,0 days 02:13:58.183000,False,47.9,28.7,60.0,False,2025,1.0
NOR,McLaren,56.0,146.697,2.0,549,4.0,SOFT,False,4,,0 days 02:14:04.496000,False,47.9,28.7,60.0,False,2025,2.0
VER,Red Bull Racing,56.0,145.126,3.0,550,1.0,HARD,True,4,,0 days 02:14:07.144000,False,47.9,28.7,60.0,False,2025,3.0
LEC,Ferrari,56.0,127.848,4.0,550,4.0,SOFT,False,4,,0 days 02:14:30.183000,False,47.6,28.7,60.0,False,2025,7.0
RUS,Mercedes,56.0,127.547,5.0,551,4.0,SOFT,False,4,,0 days 02:14:35.093000,False,47.6,28.7,60.0,False,2025,4.0
HAM,Ferrari,56.0,129.13,6.0,552,4.0,SOFT,False,4,,0 days 02:14:46.743000,False,47.6,28.7,60.0,False,2025,5.0
HAD,Racing Bulls,56.0,108.443,7.0,553,4.0,SOFT,False,4,,0 days 02:15:31.549000,False,47.6,28.7,60.0,False,2025,9.0
HUL,Kick Sauber,56.0,93.749,8.0,553,11.0,SOFT,True,4,0 days 02:17:01.732000,,False,47.6,28.7,60.0,False,2025,15.0
GAS,Alpine,56.0,106.806,9.0,554,4.0,SOFT,False,4,,0 days 02:16:01.418000,False,47.4,28.7,59.0,False,2025,8.0
LAW,Racing Bulls,56.0,126.161,10.0,554,15.0,SOFT,False,4,,,False,47.4,28.7,59.0,False,2025,13.0
OCO,Haas F1 Team,56.0,126.139,11.0,555,13.0,MEDIUM,True,4,,,False,47.4,28.7,59.0,False,2025,16.0
BOR,Kick Sauber,56.0,126.88,12.0,556,7.0,SOFT,True,4,,,False,47.5,28.7,60.0,False,2025,12.0
ALO,Aston Martin,56.0,127.381,13.0,557,5.0,SOFT,False,4,,,False,47.5,28.7,60.0,False,2025,10.0
BEA,Haas F1 Team,56.0,127.286,14.0,557,8.0,SOFT,False,4,,,False,47.5,28.7,60.0,False,2025,14.0
TSU,Red Bull Racing,56.0,127.288,15.0,558,5.0,SOFT,False,4,,,False,47.5,28.7,60.0,False,2025,19.0
SAI,Williams,56.0,137.714,16.0,559,1.0,SOFT,True,4,,0 days 02:16:29.122000,False,47.5,28.7,60.0,False,2025,17.0
COL,Alpine,56.0,107.812,17.0,559,3.0,SOFT,False,4,,,False,47.5,28.7,60.0,False,2025,18.0
PIA,McLaren,57.0,125.517,1.0,559,5.0,SOFT,False,4,,,False,47.4,28.7,59.0,False,2025,1.0
NOR,McLaren,57.0,125.98,2.0,560,5.0,SOFT,False,4,,,False,47.4,28.7,59.0,False,2025,2.0
VER,Red Bull Racing,57.0,126.705,3.0,561,2.0,HARD,True,4,,,False,47.5,28.7,60.0,False,2025,3.0
LEC,Ferrari,57.0,127.268,4.0,561,5.0,SOFT,False,4,,,False,47.5,28.7,60.0,False,2025,7.0
RUS,Mercedes,57.0,125.881,5.0,562,5.0,SOFT,False,4,,,False,47.5,28.7,60.0,False,2025,4.0
HAM,Ferrari,57.0,113.404,6.0,563,5.0,SOFT,False,4,,,False,47.5,28.7,60.0,False,2025,5.0
HAD,Racing Bulls,57.0,92.747,7.0,564,5.0,SOFT,False,4,,,False,47.5,28.7,60.0,False,2025,9.0
HUL,Kick Sauber,57.0,109.896,8.0,565,1.0,SOFT,True,4,,0 days 02:17:23.773000,False,47.5,28.7,60.0,False,2025,15.0
GAS,Alpine,57.0,88.262,9.0,565,5.0,SOFT,False,4,,,False,47.5,28.7,60.0,False,2025,8.0
LAW,Racing Bulls,57.0,119.877,10.0,565,16.0,SOFT,False,4,,,False,47.6,28.8,60.0,False,2025,13.0
OCO,Haas F1 Team,57.0,118.058,11.0,566,14.0,MEDIUM,True,4,,,False,47.6,28.8,60.0,False,2025,16.0
BOR,Kick Sauber,57.0,116.454,12.0,567,8.0,SOFT,True,4,,,False,47.6,28.8,60.0,False,2025,12.0
ALO,Aston Martin,57.0,115.407,13.0,568,6.0,SOFT,False,4,,,False,47.6,28.8,60.0,False,2025,10.0
BEA,Haas F1 Team,57.0,115.055,14.0,568,9.0,SOFT,False,4,,,False,47.6,28.8,60.0,False,2025,14.0
TSU,Red Bull Racing,57.0,115.321,15.0,569,6.0,SOFT,False,4,,,False,48.1,28.9,60.0,False,2025,19.0
SAI,Williams,57.0,114.399,16.0,570,2.0,SOFT,True,4,,,False,48.1,28.9,60.0,False,2025,17.0
COL,Alpine,57.0,114.134,17.0,570,4.0,SOFT,False,4,,,False,48.1,28.9,60.0,False,2025,18.0
PIA,McLaren,58.0,131.884,1.0,570,6.0,SOFT,False,4,,,False,48.1,28.9,60.0,False,2025,1.0
NOR,McLaren,58.0,130.257,2.0,571,6.0,SOFT,False,4,,,False,48.1,28.9,60.0,False,2025,2.0
VER,Red Bull Racing,58.0,128.675,3.0,572,3.0,HARD,True,4,,,False,48.1,28.9,60.0,False,2025,3.0
LEC,Ferrari,58.0,123.766,4.0,572,6.0,SOFT,False,4,,,False,48.1,28.9,60.0,False,2025,7.0
RUS,Mercedes,58.0,122.245,5.0,573,6.0,SOFT,False,4,,,False,48.1,28.9,60.0,False,2025,4.0
HAM,Ferrari,58.0,122.703,6.0,574,6.0,SOFT,False,4,,,False,48.1,28.9,60.0,False,2025,5.0
HAD,Racing Bulls,58.0,118.835,7.0,575,6.0,SOFT,False,4,,,False,48.1,28.9,60.0,False,2025,9.0
HUL,Kick Sauber,58.0,99.049,8.0,576,2.0,SOFT,True,4,,,False,48.1,28.9,60.0,False,2025,15.0
GAS,Alpine,58.0,98.581,9.0,576,6.0,SOFT,False,4,,,False,48.1,28.9,60.0,False,2025,8.0
LAW,Racing Bulls,58.0,84.162,10.0,576,17.0,SOFT,False,4,,,False,47.8,28.9,59.0,False,2025,13.0
OCO,Haas F1 Team,58.0,83.666,11.0,577,15.0,MEDIUM,True,4,,,False,47.8,28.9,59.0,False,2025,16.0
BOR,Kick Sauber,58.0,82.738,12.0,578,9.0,SOFT,True,4,,,False,47.8,28.9,59.0,False,2025,12.0
ALO,Aston Martin,58.0,83.66,13.0,579,7.0,SOFT,False,4,,,False,47.8,28.9,59.0,False,2025,10.0
BEA,Haas F1 Team,58.0,83.573,14.0,579,10.0,SOFT,False,4,,,False,47.8,28.9,59.0,False,2025,14.0
TSU,Red Bull Racing,58.0,82.751,15.0,580,7.0,SOFT,False,4,,,False,47.8,28.9,59.0,False,2025,19.0
SAI,Williams,58.0,82.843,16.0,581,3.0,SOFT,True,4,,,False,47.8,28.9,59.0,False,2025,17.0
COL,Alpine,58.0,83.285,17.0,581,5.0,SOFT,False,4,,,False,47.8,28.9,59.0,False,2025,18.0
PIA,McLaren,59.0,123.898,1.0,581,7.0,SOFT,False,4,,,False,48.9,28.8,60.0,False,2025,1.0
NOR,McLaren,59.0,123.282,2.0,582,7.0,SOFT,False,4,,,False,48.9,28.8,60.0,False,2025,2.0
VER,Red Bull Racing,59.0,122.657,3.0,583,4.0,HARD,True,4,,,False,48.9,28.8,60.0,False,2025,3.0
LEC,Ferrari,59.0,122.937,4.0,583,7.0,SOFT,False,4,,,False,48.9,28.8,60.0,False,2025,7.0
RUS,Mercedes,59.0,122.726,5.0,584,7.0,SOFT,False,4,,,False,48.9,28.8,60.0,False,2025,4.0
HAM,Ferrari,59.0,123.215,6.0,585,7.0,SOFT,False,4,,,False,48.9,28.8,60.0,False,2025,5.0
HAD,Racing Bulls,59.0,123.655,7.0,586,7.0,SOFT,False,4,,,False,48.9,28.8,60.0,False,2025,9.0
HUL,Kick Sauber,59.0,124.294,8.0,587,3.0,SOFT,True,4,,,False,48.9,28.8,60.0,False,2025,15.0
GAS,Alpine,59.0,125.24,9.0,587,7.0,SOFT,False,4,,,False,48.9,28.8,60.0,False,2025,8.0
LAW,Racing Bulls,59.0,81.244,10.0,587,18.0,SOFT,False,4,,,False,48.9,28.8,60.0,False,2025,13.0
OCO,Haas F1 Team,59.0,81.232,11.0,588,16.0,MEDIUM,True,4,,,False,48.9,28.8,60.0,False,2025,16.0
BOR,Kick Sauber,59.0,81.752,12.0,589,10.0,SOFT,True,4,,,False,48.9,28.8,60.0,False,2025,12.0
ALO,Aston Martin,59.0,81.227,13.0,590,8.0,SOFT,False,4,,,False,48.9,28.8,60.0,False,2025,10.0
BEA,Haas F1 Team,59.0,82.104,14.0,590,11.0,SOFT,False,4,,,False,48.9,28.8,60.0,False,2025,14.0
TSU,Red Bull Racing,59.0,82.567,15.0,591,8.0,SOFT,False,4,,,False,48.9,28.8,60.0,False,2025,19.0
SAI,Williams,59.0,82.15,16.0,592,4.0,SOFT,True,4,,,False,48.9,28.8,60.0,False,2025,17.0
COL,Alpine,59.0,82.685,17.0,592,6.0,SOFT,False,4,,,False,48.9,28.8,60.0,False,2025,18.0
PIA,McLaren,60.0,123.756,1.0,592,8.0,SOFT,False,41,,,False,47.5,28.9,59.0,False,2025,1.0
NOR,McLaren,60.0,122.701,2.0,593,8.0,SOFT,False,41,,,False,47.5,28.9,59.0,False,2025,2.0
VER,Red Bull Racing,60.0,122.501,3.0,594,5.0,HARD,True,41,,,False,47.5,28.9,59.0,False,2025,3.0
LEC,Ferrari,60.0,120.826,4.0,594,8.0,SOFT,False,41,,,False,47.5,28.9,59.0,False,2025,7.0
RUS,Mercedes,60.0,120.509,5.0,595,8.0,SOFT,False,41,,,False,47.5,28.9,59.0,False,2025,4.0
HAM,Ferrari,60.0,118.871,6.0,596,8.0,SOFT,False,41,,,False,47.5,28.9,59.0,False,2025,5.0
HAD,Racing Bulls,60.0,118.244,7.0,597,8.0,SOFT,False,41,,,False,47.5,28.9,59.0,False,2025,9.0
HUL,Kick Sauber,60.0,116.915,8.0,598,4.0,SOFT,True,41,,,False,47.5,28.9,59.0,False,2025,15.0
GAS,Alpine,60.0,114.878,9.0,598,8.0,SOFT,False,41,,,False,47.5,28.9,59.0,False,2025,8.0
LAW,Racing Bulls,60.0,96.226,10.0,598,19.0,SOFT,False,41,,,False,47.5,28.9,59.0,False,2025,13.0
OCO,Haas F1 Team,60.0,96.046,11.0,599,17.0,MEDIUM,True,41,,,False,47.5,28.9,59.0,False,2025,16.0
BOR,Kick Sauber,60.0,95.364,12.0,600,11.0,SOFT,True,41,,,False,47.5,28.9,59.0,False,2025,12.0
ALO,Aston Martin,60.0,94.784,13.0,601,9.0,SOFT,False,41,,,False,47.5,28.9,59.0,False,2025,10.0
BEA,Haas F1 Team,60.0,93.977,14.0,601,12.0,SOFT,False,41,,,False,47.5,28.9,59.0,False,2025,14.0
TSU,Red Bull Racing,60.0,93.117,15.0,602,9.0,SOFT,False,41,,,False,47.5,28.9,59.0,False,2025,19.0
SAI,Williams,60.0,91.203,16.0,603,5.0,SOFT,True,41,,,False,47.5,28.9,59.0,False,2025,17.0
COL,Alpine,60.0,88.629,17.0,603,7.0,SOFT,False,41,,,False,47.5,28.9,59.0,False,2025,18.0
PIA,McLaren,61.0,75.743,1.0,603,9.0,SOFT,False,1,,,True,47.5,28.9,59.0,False,2025,1.0
NOR,McLaren,61.0,76.187,2.0,604,9.0,SOFT,False,1,,,True,47.5,28.9,59.0,False,2025,2.0
LEC,Ferrari,61.0,77.547,3.0,605,9.0,SOFT,False,1,,,True,47.5,28.9,59.0,False,2025,7.0
VER,Red Bull Racing,61.0,78.862,4.0,606,6.0,HARD,True,1,,,True,47.5,28.9,59.0,False,2025,3.0
RUS,Mercedes,61.0,78.843,5.0,606,9.0,SOFT,False,1,,,True,47.5,28.9,59.0,False,2025,4.0
HAM,Ferrari,61.0,79.362,6.0,607,9.0,SOFT,False,1,,,True,47.5,28.9,59.0,False,2025,5.0
HUL,Kick Sauber,61.0,79.023,7.0,608,5.0,SOFT,True,1,,,True,47.5,28.9,59.0,False,2025,15.0
HAD,Racing Bulls,61.0,80.227,8.0,608,9.0,SOFT,False,1,,,True,47.5,28.9,59.0,False,2025,9.0
GAS,Alpine,61.0,80.103,9.0,609,9.0,SOFT,False,1,,,True,47.5,28.9,59.0,False,2025,8.0
LAW,Racing Bulls,61.0,80.721,10.0,609,20.0,SOFT,False,1,,,True,47.5,28.9,59.0,False,2025,13.0
BOR,Kick Sauber,61.0,80.362,11.0,610,12.0,SOFT,True,1,,,True,47.5,28.9,59.0,False,2025,12.0
ALO,Aston Martin,61.0,80.638,12.0,611,10.0,SOFT,False,1,,,True,47.5,28.9,59.0,False,2025,10.0
OCO,Haas F1 Team,61.0,82.116,13.0,611,18.0,MEDIUM,True,1,,,True,47.5,28.9,59.0,False,2025,16.0
BEA,Haas F1 Team,61.0,81.477,14.0,612,13.0,SOFT,False,1,,,True,47.5,28.9,59.0,False,2025,14.0
TSU,Red Bull Racing,61.0,81.36,15.0,613,10.0,SOFT,False,1,,,True,47.5,28.9,59.0,False,2025,19.0
SAI,Williams,61.0,81.632,16.0,614,6.0,SOFT,True,1,,,True,47.5,28.9,59.0,False,2025,17.0
COL,Alpine,61.0,82.072,17.0,614,8.0,SOFT,False,1,,,True,47.5,28.9,59.0,False,2025,18.0
PIA,McLaren,62.0,75.933,1.0,614,10.0,SOFT,False,1,,,True,46.5,29.0,59.0,False,2025,1.0
NOR,McLaren,62.0,76.214,2.0,615,10.0,SOFT,False,1,,,True,46.5,29.0,59.0,False,2025,2.0
LEC,Ferrari,62.0,77.259,3.0,616,10.0,SOFT,False,1,,,True,46.5,29.0,59.0,False,2025,7.0
VER,Red Bull Racing,62.0,77.019,4.0,617,7.0,HARD,True,1,,,True,46.5,29.0,59.0,False,2025,3.0
RUS,Mercedes,62.0,77.244,5.0,617,10.0,SOFT,False,1,,,True,46.5,29.0,59.0,False,2025,4.0
HAM,Ferrari,62.0,77.706,6.0,618,10.0,SOFT,False,1,,,True,46.5,29.0,59.0,False,2025,5.0
HUL,Kick Sauber,62.0,78.282,7.0,619,6.0,SOFT,True,1,,,True,46.5,29.0,59.0,False,2025,15.0
HAD,Racing Bulls,62.0,78.376,8.0,619,10.0,SOFT,False,1,,,True,46.5,29.0,59.0,False,2025,9.0
GAS,Alpine,62.0,78.745,9.0,620,10.0,SOFT,False,1,,,True,46.5,29.0,59.0,False,2025,8.0
LAW,Racing Bulls,62.0,79.424,10.0,620,21.0,SOFT,False,1,,,True,46.5,29.0,59.0,False,2025,13.0
BOR,Kick Sauber,62.0,79.563,11.0,621,13.0,SOFT,True,1,,,True,46.5,29.0,59.0,False,2025,12.0
ALO,Aston Martin,62.0,79.55,12.0,622,11.0,SOFT,False,1,,,True,46.5,29.0,59.0,False,2025,10.0
OCO,Haas F1 Team,62.0,80.164,13.0,622,19.0,MEDIUM,True,1,,,True,46.5,29.0,60.0,False,2025,16.0
BEA,Haas F1 Team,62.0,80.255,14.0,623,14.0,SOFT,False,1,,,True,46.5,29.0,60.0,False,2025,14.0
TSU,Red Bull Racing,62.0,80.396,15.0,624,11.0,SOFT,False,1,,,True,46.5,29.0,60.0,False,2025,19.0
SAI,Williams,62.0,80.53,16.0,625,7.0,SOFT,True,1,,,True,46.5,29.0,60.0,False,2025,17.0
COL,Alpine,62.0,80.401,17.0,625,9.0,SOFT,False,1,,,True,46.5,29.0,60.0,False,2025,18.0
PIA,McLaren,63.0,76.377,1.0,625,11.0,SOFT,False,1,,,True,47.3,29.0,60.0,False,2025,1.0
NOR,McLaren,63.0,76.716,2.0,626,11.0,SOFT,False,1,,,True,47.3,29.0,60.0,False,2025,2.0
LEC,Ferrari,63.0,77.609,3.0,627,11.0,SOFT,False,1,,,True,47.3,29.0,60.0,False,2025,7.0
VER,Red Bull Racing,63.0,77.608,4.0,628,8.0,HARD,True,1,,,True,47.3,29.0,60.0,False,2025,3.0
RUS,Mercedes,63.0,77.594,5.0,628,11.0,SOFT,False,1,,,True,47.3,29.0,60.0,False,2025,4.0
HAM,Ferrari,63.0,77.939,6.0,629,11.0,SOFT,False,1,,,True,47.3,29.0,60.0,False,2025,5.0
HUL,Kick Sauber,63.0,77.575,7.0,630,7.0,SOFT,True,1,,,True,47.3,29.0,60.0,False,2025,15.0
HAD,Racing Bulls,63.0,77.77,8.0,630,11.0,SOFT,False,1,,,True,47.3,29.0,60.0,False,2025,9.0
GAS,Alpine,63.0,77.896,9.0,631,11.0,SOFT,False,1,,,True,47.3,29.0,60.0,False,2025,8.0
LAW,Racing Bulls,63.0,79.887,10.0,631,22.0,SOFT,False,1,,,True,47.3,29.0,60.0,False,2025,13.0
BOR,Kick Sauber,63.0,79.979,11.0,632,14.0,SOFT,True,1,,,True,47.3,29.0,60.0,False,2025,12.0
ALO,Aston Martin,63.0,79.886,12.0,633,12.0,SOFT,False,1,,,True,47.3,29.0,60.0,False,2025,10.0
BEA,Haas F1 Team,63.0,78.907,13.0,633,15.0,SOFT,False,1,,,True,47.3,29.0,60.0,False,2025,14.0
OCO,Haas F1 Team,63.0,80.781,14.0,633,20.0,MEDIUM,True,1,,,True,47.3,29.0,60.0,False,2025,16.0
TSU,Red Bull Racing,63.0,80.25,15.0,634,12.0,SOFT,False,1,,,True,47.3,29.0,60.0,False,2025,19.0
SAI,Williams,63.0,80.214,16.0,635,8.0,SOFT,True,1,,,True,47.3,29.0,60.0,False,2025,17.0
COL,Alpine,63.0,80.276,17.0,635,10.0,SOFT,False,1,,,True,47.3,29.0,60.0,False,2025,18.0
PIA,McLaren,64.0,76.58,1.0,635,12.0,SOFT,False,1,,,True,46.9,29.0,60.0,False,2025,1.0
NOR,McLaren,64.0,76.863,2.0,636,12.0,SOFT,False,1,,,True,46.9,29.0,60.0,False,2025,2.0
LEC,Ferrari,64.0,78.13,3.0,637,12.0,SOFT,False,1,,,True,46.9,29.0,60.0,False,2025,7.0
RUS,Mercedes,64.0,78.793,4.0,638,12.0,SOFT,False,1,,,True,46.9,29.0,60.0,False,2025,4.0
VER,Red Bull Racing,64.0,80.06,5.0,639,9.0,HARD,True,1,,,True,46.9,29.0,60.0,False,2025,3.0
HAM,Ferrari,64.0,78.833,6.0,639,12.0,SOFT,False,1,,,True,46.9,29.0,60.0,False,2025,5.0
HUL,Kick Sauber,64.0,78.615,7.0,640,8.0,SOFT,True,1,,,True,46.9,29.0,60.0,False,2025,15.0
HAD,Racing Bulls,64.0,78.511,8.0,640,12.0,SOFT,False,1,,,True,46.9,29.0,60.0,False,2025,9.0
GAS,Alpine,64.0,78.791,9.0,641,12.0,SOFT,False,1,,,True,46.9,29.0,60.0,False,2025,8.0
LAW,Racing Bulls,64.0,79.834,10.0,641,23.0,SOFT,False,1,,,True,46.9,29.0,60.0,False,2025,13.0
ALO,Aston Martin,64.0,79.063,11.0,642,13.0,SOFT,False,1,,,True,46.9,29.0,60.0,False,2025,10.0
BOR,Kick Sauber,64.0,80.544,12.0,642,15.0,SOFT,True,1,,,True,46.9,29.0,60.0,False,2025,12.0
BEA,Haas F1 Team,64.0,80.3,13.0,642,16.0,SOFT,False,1,,,True,46.9,29.0,60.0,False,2025,14.0
TSU,Red Bull Racing,64.0,79.526,14.0,643,13.0,SOFT,False,1,,,True,46.9,29.0,60.0,False,2025,19.0
OCO,Haas F1 Team,64.0,81.171,15.0,643,21.0,MEDIUM,True,1,,,True,46.9,29.0,60.0,False,2025,16.0
SAI,Williams,64.0,80.65,16.0,644,9.0,SOFT,True,1,,,True,46.9,29.0,60.0,False,2025,17.0
COL,Alpine,64.0,80.536,17.0,644,11.0,SOFT,False,1,,,True,46.9,29.0,60.0,False,2025,18.0
PIA,McLaren,65.0,76.994,1.0,644,13.0,SOFT,False,1,,,True,47.4,29.2,60.0,False,2025,1.0
NOR,McLaren,65.0,77.505,2.0,645,13.0,SOFT,False,1,,,True,47.4,29.2,60.0,False,2025,2.0
LEC,Ferrari,65.0,78.644,3.0,646,13.0,SOFT,False,1,,,True,47.4,29.2,60.0,False,2025,7.0
RUS,Mercedes,65.0,77.749,4.0,647,13.0,SOFT,False,1,,,True,47.4,29.2,60.0,False,2025,4.0
VER,Red Bull Racing,65.0,78.122,5.0,648,10.0,HARD,True,1,,,True,47.4,29.2,60.0,False,2025,3.0
HUL,Kick Sauber,65.0,78.056,6.0,649,9.0,SOFT,True,1,,,True,47.4,29.2,60.0,False,2025,15.0
HAM,Ferrari,65.0,79.738,7.0,649,13.0,SOFT,False,1,,,True,47.4,29.2,60.0,False,2025,5.0
HAD,Racing Bulls,65.0,78.801,8.0,650,13.0,SOFT,False,1,,,True,47.4,29.2,60.0,False,2025,9.0
GAS,Alpine,65.0,79.102,9.0,651,13.0,SOFT,False,1,,,True,47.4,29.2,60.0,False,2025,8.0
ALO,Aston Martin,65.0,78.494,10.0,651,14.0,SOFT,False,1,,,True,47.4,29.2,60.0,False,2025,10.0
LAW,Racing Bulls,65.0,80.9,11.0,651,24.0,SOFT,False,1,,,True,47.4,29.2,60.0,False,2025,13.0
BOR,Kick Sauber,65.0,80.291,12.0,652,16.0,SOFT,True,1,,,True,47.4,29.2,60.0,False,2025,12.0
BEA,Haas F1 Team,65.0,80.082,13.0,652,17.0,SOFT,False,1,,,True,46.9,29.3,61.0,False,2025,14.0
TSU,Red Bull Racing,65.0,80.191,14.0,653,14.0,SOFT,False,1,,,True,46.9,29.3,61.0,False,2025,19.0
SAI,Williams,65.0,79.317,15.0,654,10.0,SOFT,True,1,,,True,46.9,29.3,61.0,False,2025,17.0
OCO,Haas F1 Team,65.0,81.445,16.0,654,22.0,MEDIUM,True,1,,,True,46.9,29.3,61.0,False,2025,16.0
COL,Alpine,65.0,80.343,17.0,655,12.0,SOFT,False,1,,,True,46.9,29.3,61.0,False,2025,18.0
PIA,McLaren,66.0,77.445,1.0,655,14.0,SOFT,False,1,,,True,46.9,29.3,61.0,False,2025,1.0
NOR,McLaren,66.0,77.519,2.0,656,14.0,SOFT,False,1,,,True,46.9,29.3,61.0,False,2025,2.0
LEC,Ferrari,66.0,79.137,3.0,657,14.0,SOFT,False,1,,,True,47.5,29.5,59.0,False,2025,7.0
RUS,Mercedes,66.0,78.569,4.0,658,14.0,SOFT,False,1,,,True,47.5,29.5,59.0,False,2025,4.0
VER,Red Bull Racing,66.0,78.081,5.0,659,11.0,HARD,True,1,,,True,47.5,29.5,59.0,False,2025,3.0
HUL,Kick Sauber,66.0,78.496,6.0,660,10.0,SOFT,True,1,,,True,47.5,29.5,59.0,False,2025,15.0
HAM,Ferrari,66.0,79.034,7.0,660,14.0,SOFT,False,1,,,True,47.5,29.5,59.0,False,2025,5.0
HAD,Racing Bulls,66.0,78.961,8.0,661,14.0,SOFT,False,1,,,True,47.5,29.5,59.0,False,2025,9.0
GAS,Alpine,66.0,79.149,9.0,662,14.0,SOFT,False,1,,,True,47.5,29.5,59.0,False,2025,8.0
ALO,Aston Martin,66.0,78.128,10.0,662,15.0,SOFT,False,1,,,True,47.5,29.5,59.0,False,2025,10.0
LAW,Racing Bulls,66.0,80.015,11.0,662,25.0,SOFT,False,1,,,True,47.5,29.5,59.0,False,2025,13.0
BOR,Kick Sauber,66.0,79.685,12.0,663,17.0,SOFT,True,1,,,True,47.5,29.5,59.0,False,2025,12.0
BEA,Haas F1 Team,66.0,79.675,13.0,663,18.0,SOFT,False,1,,,True,47.5,29.5,59.0,False,2025,14.0
TSU,Red Bull Racing,66.0,80.11,14.0,664,15.0,SOFT,False,1,,,True,47.5,29.5,59.0,False,2025,19.0
SAI,Williams,66.0,79.899,15.0,665,11.0,SOFT,True,1,,,True,47.5,29.5,59.0,False,2025,17.0
COL,Alpine,66.0,79.978,16.0,665,13.0,SOFT,False,1,,,True,47.5,29.5,59.0,False,2025,18.0
OCO,Haas F1 Team,66.0,81.201,17.0,665,23.0,MEDIUM,True,1,,,True,47.5,29.5,59.0,False,2025,16.0
