Driver,Team,LapNumber,LapTime,Position,Stint,TyreLife,Compound,FreshTyre,TrackStatus,PitInTime,PitOutTime,IsAccurate,TrackTemp,AirTemp,Humidity,Rainfall,Year
BOT,Mercedes,2.0,94.46,2.0,1,4.0,SOFT,False,12,,,True,53.1,27.1,38.7,False,2018
VER,Red Bull Racing,2.0,94.366,3.0,2,4.0,SOFT,False,12,,,True,53.1,27.1,38.7,False,2018
RAI,Ferrari,2.0,94.29,4.0,3,4.0,SOFT,False,12,,,True,53.1,27.1,38.7,False,2018
RIC,Red Bull Racing,2.0,94.422,5.0,4,4.0,SOFT,False,12,,,True,53.1,27.1,38.7,False,2018
HUL,Renault,2.0,95.432,6.0,5,1.0,MEDIUM,True,12,,,True,53.1,27.1,38.7,False,2018
LEC,Sauber,2.0,95.725,7.0,5,6.0,SOFT,False,12,,,True,53.1,27.1,38.7,False,2018
OCO,Force India,2.0,96.41,8.0,6,4.0,SOFT,False,12,,,True,53.1,27.1,38.7,False,2018
SAI,Renault,2.0,96.714,9.0,7,1.0,MEDIUM,True,12,,,True,53.1,27.1,38.7,False,2018
MAG,Haas F1 Team,2.0,96.991,10.0,7,4.0,SOFT,False,12,,,True,53.1,27.1,38.7,False,2018
ALO,McLaren,2.0,96.9,11.0,8,1.0,SOFT,True,12,,,True,53.1,27.1,38.7,False,2018
GAS,Toro Rosso,2.0,97.156,12.0,9,1.0,SOFT,True,12,,,True,53.1,27.1,38.7,False,2018
GRO,Haas F1 Team,2.0,97.831,13.0,9,4.0,SOFT,False,12,,,True,53.1,27.1,38.7,False,2018
ERI,Sauber,2.0,97.975,14.0,10,1.0,SOFT,True,12,,,True,53.1,27.1,38.7,False,2018
HAM,Mercedes,2.0,96.761,15.0,10,5.0,SOFT,False,12,,,True,53.1,27.1,38.7,False,2018
VAN,McLaren,2.0,98.833,16.0,11,1.0,SOFT,True,12,,,True,53.1,27.1,38.7,False,2018
SIR,Williams,2.0,99.349,17.0,12,1.0,SOFT,True,12,,,True,53.1,27.1,38.7,False,2018
STR,Williams,2.0,99.343,18.0,13,1.0,MEDIUM,True,12,,,True,53.1,27.1,38.7,False,2018
PER,Force India,2.0,95.283,19.0,14,1.0,SOFT,True,12,,,True,53.1,27.1,38.7,False,2018
VET,Ferrari,3.0,92.723,1.0,14,4.0,SOFT,False,12,,,True,53.0,27.4,38.7,False,2018
BOT,Mercedes,3.0,93.267,2.0,14,5.0,SOFT,False,12,,,True,53.0,27.4,38.7,False,2018
VER,Red Bull Racing,3.0,93.951,3.0,15,5.0,SOFT,False,12,,,True,53.0,27.4,38.7,False,2018
RAI,Ferrari,3.0,93.735,4.0,16,5.0,SOFT,False,12,,,True,53.0,27.4,38.7,False,2018
RIC,Red Bull Racing,3.0,93.976,5.0,17,5.0,SOFT,False,12,,,True,53.0,27.4,38.7,False,2018
HUL,Renault,3.0,94.933,6.0,18,2.0,MEDIUM,True,12,,,True,53.0,27.4,38.7,False,2018
LEC,Sauber,3.0,95.209,7.0,18,7.0,SOFT,False,12,,,True,53.0,27.4,38.7,False,2018
OCO,Force India,3.0,95.408,8.0,19,5.0,SOFT,False,12,,,True,53.0,27.4,38.7,False,2018
SAI,Renault,3.0,95.366,9.0,20,2.0,MEDIUM,True,12,,,True,53.0,27.4,38.7,False,2018
MAG,Haas F1 Team,3.0,95.82,10.0,20,5.0,SOFT,False,12,,,True,53.0,27.4,38.7,False,2018
ALO,McLaren,3.0,95.875,11.0,21,2.0,SOFT,True,12,,,True,53.0,27.4,38.7,False,2018
GAS,Toro Rosso,3.0,96.052,12.0,22,2.0,SOFT,True,12,,,True,53.0,27.4,38.7,False,2018
GRO,Haas F1 Team,3.0,96.056,13.0,22,5.0,SOFT,False,12,,,True,53.0,27.4,38.7,False,2018
HAM,Mercedes,3.0,95.486,14.0,22,6.0,SOFT,False,12,,,True,53.0,27.4,38.7,False,2018
ERI,Sauber,3.0,96.953,15.0,23,2.0,SOFT,True,12,,,True,53.0,27.4,38.7,False,2018
VAN,McLaren,3.0,96.697,16.0,24,2.0,SOFT,True,12,,,True,53.0,27.4,38.7,False,2018
SIR,Williams,3.0,97.56,17.0,25,2.0,SOFT,True,12,,,True,53.0,27.4,38.7,False,2018
STR,Williams,3.0,97.575,18.0,26,2.0,MEDIUM,True,12,,,True,53.0,27.4,38.7,False,2018
PER,Force India,3.0,94.485,19.0,27,2.0,SOFT,True,12,,,True,53.0,27.4,38.7,False,2018
VET,Ferrari,4.0,93.108,1.0,27,5.0,SOFT,False,1,,,True,53.0,27.2,39.4,False,2018
BOT,Mercedes,4.0,93.616,2.0,27,6.0,SOFT,False,1,,,True,53.0,27.2,39.4,False,2018
VER,Red Bull Racing,4.0,94.033,3.0,28,6.0,SOFT,False,1,,,True,53.0,27.2,39.4,False,2018
RAI,Ferrari,4.0,94.025,4.0,29,6.0,SOFT,False,1,,,True,53.0,27.2,39.4,False,2018
RIC,Red Bull Racing,4.0,94.024,5.0,30,6.0,SOFT,False,1,,,True,53.0,27.2,39.4,False,2018
HUL,Renault,4.0,95.088,6.0,31,3.0,MEDIUM,True,1,,,True,53.0,27.2,39.4,False,2018
LEC,Sauber,4.0,95.261,7.0,31,8.0,SOFT,False,1,,,True,53.0,27.2,39.4,False,2018
OCO,Force India,4.0,95.405,8.0,32,6.0,SOFT,False,1,,,True,53.0,27.2,39.4,False,2018
SAI,Renault,4.0,95.277,9.0,33,3.0,MEDIUM,True,1,,,True,53.0,27.2,39.4,False,2018
MAG,Haas F1 Team,4.0,96.839,10.0,33,6.0,SOFT,False,1,,,True,52.6,27.2,39.4,False,2018
ALO,McLaren,4.0,96.474,11.0,34,3.0,SOFT,True,1,,,True,52.6,27.2,39.4,False,2018
GAS,Toro Rosso,4.0,96.109,12.0,35,3.0,SOFT,True,1,,,True,52.6,27.2,39.4,False,2018
HAM,Mercedes,4.0,95.173,13.0,35,7.0,SOFT,False,1,,,True,52.6,27.2,39.4,False,2018
GRO,Haas F1 Team,4.0,96.663,14.0,36,6.0,SOFT,False,1,,,True,52.6,27.2,39.4,False,2018
ERI,Sauber,4.0,96.287,15.0,37,3.0,SOFT,True,1,,,True,52.6,27.2,39.4,False,2018
VAN,McLaren,4.0,96.442,16.0,38,3.0,SOFT,True,1,,,True,52.6,27.2,39.4,False,2018
SIR,Williams,4.0,96.589,17.0,39,3.0,SOFT,True,1,,,True,52.6,27.2,39.4,False,2018
STR,Williams,4.0,96.917,18.0,40,3.0,MEDIUM,True,1,,,True,52.6,27.2,39.4,False,2018
PER,Force India,4.0,96.063,19.0,41,3.0,SOFT,True,1,,,True,52.6,27.2,39.4,False,2018
VET,Ferrari,5.0,92.991,1.0,41,6.0,SOFT,False,1,,,True,53.1,27.0,39.5,False,2018
BOT,Mercedes,5.0,93.653,2.0,41,7.0,SOFT,False,1,,,True,53.1,27.0,39.5,False,2018
VER,Red Bull Racing,5.0,94.094,3.0,42,7.0,SOFT,False,1,,,True,53.1,27.0,39.5,False,2018
RAI,Ferrari,5.0,94.305,4.0,43,7.0,SOFT,False,1,,,True,53.1,27.0,39.5,False,2018
RIC,Red Bull Racing,5.0,94.203,5.0,44,7.0,SOFT,False,1,,,True,53.1,27.0,39.5,False,2018
HUL,Renault,5.0,95.303,6.0,45,4.0,MEDIUM,True,1,,,True,53.1,27.0,39.5,False,2018
LEC,Sauber,5.0,95.679,7.0,45,9.0,SOFT,False,1,,,True,53.1,27.0,39.5,False,2018
OCO,Force India,5.0,95.69,8.0,46,7.0,SOFT,False,1,,,True,53.1,27.0,39.5,False,2018
SAI,Renault,5.0,96.028,9.0,47,4.0,MEDIUM,True,1,,,True,53.1,27.0,39.5,False,2018
MAG,Haas F1 Team,5.0,95.83,10.0,47,7.0,SOFT,False,1,,,True,53.1,27.0,39.5,False,2018
HAM,Mercedes,5.0,94.975,11.0,47,8.0,SOFT,False,1,,,True,53.1,27.0,39.5,False,2018
ALO,McLaren,5.0,96.797,12.0,48,4.0,SOFT,True,1,,,True,53.1,27.0,39.5,False,2018
GAS,Toro Rosso,5.0,96.975,13.0,49,4.0,SOFT,True,1,,,True,53.1,27.0,39.5,False,2018
GRO,Haas F1 Team,5.0,96.167,14.0,49,7.0,SOFT,False,1,,,True,53.1,27.0,39.5,False,2018
ERI,Sauber,5.0,96.315,15.0,50,4.0,SOFT,True,1,,,True,53.1,27.0,39.5,False,2018
VAN,McLaren,5.0,96.567,16.0,51,4.0,SOFT,True,1,,,True,53.1,27.0,39.5,False,2018
SIR,Williams,5.0,96.472,17.0,52,4.0,SOFT,True,1,,,True,53.1,27.0,39.5,False,2018
PER,Force India,5.0,95.632,18.0,53,4.0,SOFT,True,1,,,True,53.1,27.0,39.5,False,2018
STR,Williams,5.0,97.852,19.0,54,4.0,MEDIUM,True,1,,,True,53.1,27.0,39.5,False,2018
VET,Ferrari,6.0,93.359,1.0,54,7.0,SOFT,False,1,,,True,53.3,27.4,39.1,False,2018
BOT,Mercedes,6.0,93.494,2.0,54,8.0,SOFT,False,1,,,True,53.3,27.4,39.1,False,2018
VER,Red Bull Racing,6.0,93.918,3.0,55,8.0,SOFT,False,1,,,True,53.3,27.4,39.1,False,2018
RAI,Ferrari,6.0,93.843,4.0,56,8.0,SOFT,False,1,,,True,53.3,27.4,39.1,False,2018
RIC,Red Bull Racing,6.0,94.11,5.0,57,8.0,SOFT,False,1,,,True,53.3,27.4,39.1,False,2018
HUL,Renault,6.0,95.608,6.0,58,5.0,MEDIUM,True,1,,,True,53.3,27.5,38.7,False,2018
LEC,Sauber,6.0,95.358,7.0,58,10.0,SOFT,False,1,,,True,53.3,27.5,38.7,False,2018
OCO,Force India,6.0,95.684,8.0,59,8.0,SOFT,False,1,,,True,53.3,27.5,38.7,False,2018
SAI,Renault,6.0,96.168,9.0,60,5.0,MEDIUM,True,1,,,True,53.3,27.5,38.7,False,2018
HAM,Mercedes,6.0,93.772,10.0,60,9.0,SOFT,False,1,,,True,53.3,27.5,38.7,False,2018
MAG,Haas F1 Team,6.0,96.799,11.0,61,8.0,SOFT,False,1,,,True,53.3,27.5,38.7,False,2018
ALO,McLaren,6.0,96.084,12.0,62,5.0,SOFT,True,1,,,True,53.3,27.5,38.7,False,2018
GAS,Toro Rosso,6.0,96.118,13.0,63,5.0,SOFT,True,1,,,True,53.3,27.5,38.7,False,2018
GRO,Haas F1 Team,6.0,96.307,14.0,63,8.0,SOFT,False,1,,,True,53.3,27.5,38.7,False,2018
ERI,Sauber,6.0,95.706,15.0,64,5.0,SOFT,True,1,,,True,53.3,27.5,38.7,False,2018
VAN,McLaren,6.0,96.05,16.0,65,5.0,SOFT,True,1,,,True,53.3,27.5,38.7,False,2018
SIR,Williams,6.0,96.599,17.0,66,5.0,SOFT,True,1,,,True,53.3,27.5,38.7,False,2018
PER,Force India,6.0,96.073,18.0,67,5.0,SOFT,True,1,,,True,53.3,27.5,38.7,False,2018
STR,Williams,6.0,96.907,19.0,68,5.0,MEDIUM,True,1,,,True,53.3,27.5,38.7,False,2018
VET,Ferrari,7.0,93.315,1.0,68,8.0,SOFT,False,1,,,True,53.5,27.5,38.4,False,2018
BOT,Mercedes,7.0,93.703,2.0,68,9.0,SOFT,False,1,,,True,53.5,27.5,38.4,False,2018
VER,Red Bull Racing,7.0,93.785,3.0,69,9.0,SOFT,False,1,,,True,53.5,27.5,38.4,False,2018
RAI,Ferrari,7.0,94.208,4.0,70,9.0,SOFT,False,1,,,True,53.5,27.5,38.4,False,2018
RIC,Red Bull Racing,7.0,93.896,5.0,71,9.0,SOFT,False,1,,,True,53.5,27.5,38.4,False,2018
HUL,Renault,7.0,95.829,6.0,72,6.0,MEDIUM,True,1,,,True,53.5,27.5,38.4,False,2018
LEC,Sauber,7.0,95.699,7.0,72,11.0,SOFT,False,1,,,True,53.5,27.5,38.4,False,2018
OCO,Force India,7.0,95.509,8.0,73,9.0,SOFT,False,1,,,True,53.5,27.5,38.4,False,2018
HAM,Mercedes,7.0,94.131,9.0,73,10.0,SOFT,False,1,,,True,53.5,27.5,38.4,False,2018
SAI,Renault,7.0,96.626,10.0,74,6.0,MEDIUM,True,1,,,True,53.5,27.5,38.4,False,2018
MAG,Haas F1 Team,7.0,95.875,11.0,74,9.0,SOFT,False,1,,,True,53.5,27.5,38.4,False,2018
ALO,McLaren,7.0,95.956,12.0,75,6.0,SOFT,True,1,,,True,53.5,27.5,38.4,False,2018
GAS,Toro Rosso,7.0,96.232,13.0,76,6.0,SOFT,True,1,,,True,53.5,27.5,38.4,False,2018
GRO,Haas F1 Team,7.0,96.211,14.0,76,9.0,SOFT,False,1,,,True,53.5,27.5,38.4,False,2018
ERI,Sauber,7.0,96.277,15.0,77,6.0,SOFT,True,1,,,True,53.5,27.5,38.4,False,2018
VAN,McLaren,7.0,96.372,16.0,78,6.0,SOFT,True,1,,,True,53.5,27.5,38.4,False,2018
PER,Force India,7.0,95.057,17.0,79,6.0,SOFT,True,1,,,True,53.5,27.5,38.4,False,2018
SIR,Williams,7.0,98.045,18.0,80,6.0,SOFT,True,1,,,True,53.5,27.5,38.4,False,2018
STR,Williams,7.0,97.154,19.0,81,6.0,MEDIUM,True,1,,,True,53.7,27.5,38.8,False,2018
VET,Ferrari,8.0,93.302,1.0,81,9.0,SOFT,False,1,,,True,53.7,27.5,38.8,False,2018
BOT,Mercedes,8.0,93.22,2.0,81,10.0,SOFT,False,1,,,True,53.7,27.5,38.8,False,2018
VER,Red Bull Racing,8.0,93.747,3.0,82,10.0,SOFT,False,1,,,True,53.1,27.3,38.4,False,2018
RAI,Ferrari,8.0,93.769,4.0,83,10.0,SOFT,False,1,,,True,53.1,27.3,38.4,False,2018
RIC,Red Bull Racing,8.0,93.936,5.0,84,10.0,SOFT,False,1,,,True,53.1,27.3,38.4,False,2018
HUL,Renault,8.0,95.417,6.0,85,7.0,MEDIUM,True,1,,,True,53.1,27.3,38.4,False,2018
LEC,Sauber,8.0,95.379,7.0,85,12.0,SOFT,False,1,,,True,53.1,27.3,38.4,False,2018
HAM,Mercedes,8.0,93.461,8.0,86,11.0,SOFT,False,1,,,True,53.1,27.3,38.4,False,2018
OCO,Force India,8.0,96.275,9.0,87,10.0,SOFT,False,1,,,True,53.1,27.3,38.4,False,2018
SAI,Renault,8.0,95.571,10.0,88,7.0,MEDIUM,True,1,,,True,53.1,27.3,38.4,False,2018
MAG,Haas F1 Team,8.0,95.754,11.0,88,10.0,SOFT,False,1,,,True,53.1,27.3,38.4,False,2018
ALO,McLaren,8.0,95.782,12.0,89,7.0,SOFT,True,1,,,True,53.1,27.3,38.4,False,2018
GAS,Toro Rosso,8.0,95.979,13.0,90,7.0,SOFT,True,1,,,True,53.1,27.3,38.4,False,2018
GRO,Haas F1 Team,8.0,96.088,14.0,90,10.0,SOFT,False,1,,,True,53.1,27.3,38.4,False,2018
ERI,Sauber,8.0,96.408,15.0,91,7.0,SOFT,True,1,,,True,53.1,27.3,38.4,False,2018
VAN,McLaren,8.0,95.898,16.0,92,7.0,SOFT,True,1,,,True,53.1,27.3,38.4,False,2018
PER,Force India,8.0,95.191,17.0,93,7.0,SOFT,True,1,,,True,53.1,27.3,38.4,False,2018
SIR,Williams,8.0,96.348,18.0,94,7.0,SOFT,True,1,,,True,53.1,27.3,38.4,False,2018
STR,Williams,8.0,96.605,19.0,95,7.0,MEDIUM,True,1,,,True,53.1,27.3,38.4,False,2018
VET,Ferrari,9.0,93.098,1.0,95,10.0,SOFT,False,1,,,True,52.8,26.9,39.5,False,2018
BOT,Mercedes,9.0,93.307,2.0,95,11.0,SOFT,False,1,,,True,52.8,26.9,39.5,False,2018
VER,Red Bull Racing,9.0,93.539,3.0,96,11.0,SOFT,False,1,,,True,52.8,26.9,39.5,False,2018
RAI,Ferrari,9.0,93.684,4.0,97,11.0,SOFT,False,1,,,True,52.8,26.9,39.5,False,2018
RIC,Red Bull Racing,9.0,94.0,5.0,98,11.0,SOFT,False,1,,,True,52.8,26.9,39.5,False,2018
HUL,Renault,9.0,95.492,6.0,99,8.0,MEDIUM,True,1,,,True,52.8,26.9,39.5,False,2018
HAM,Mercedes,9.0,93.653,7.0,99,12.0,SOFT,False,1,,,True,52.8,26.9,39.5,False,2018
LEC,Sauber,9.0,96.093,8.0,99,13.0,SOFT,False,1,,,True,52.8,26.9,39.5,False,2018
OCO,Force India,9.0,95.712,9.0,100,11.0,SOFT,False,1,,,True,52.8,26.9,39.5,False,2018
SAI,Renault,9.0,95.619,10.0,101,8.0,MEDIUM,True,1,,,True,52.8,26.9,39.5,False,2018
MAG,Haas F1 Team,9.0,95.677,11.0,101,11.0,SOFT,False,1,,,True,52.7,26.9,39.8,False,2018
ALO,McLaren,9.0,95.789,12.0,102,8.0,SOFT,True,1,,,True,52.7,26.9,39.8,False,2018
GAS,Toro Rosso,9.0,95.992,13.0,103,8.0,SOFT,True,1,,,True,52.7,26.9,39.8,False,2018
GRO,Haas F1 Team,9.0,96.19,14.0,103,11.0,SOFT,False,1,,,True,52.7,26.9,39.8,False,2018
ERI,Sauber,9.0,96.291,15.0,104,8.0,SOFT,True,1,,,True,52.7,26.9,39.8,False,2018
VAN,McLaren,9.0,96.205,16.0,105,8.0,SOFT,True,1,,,True,52.7,26.9,39.8,False,2018
PER,Force India,9.0,95.805,17.0,106,8.0,SOFT,True,1,,,True,52.7,26.9,39.8,False,2018
SIR,Williams,9.0,96.297,18.0,107,8.0,SOFT,True,1,,,True,52.7,26.9,39.8,False,2018
STR,Williams,9.0,96.38,19.0,108,8.0,MEDIUM,True,1,,,True,52.7,26.9,39.8,False,2018
VET,Ferrari,10.0,93.356,1.0,108,11.0,SOFT,False,1,,,True,52.7,26.9,39.8,False,2018
BOT,Mercedes,10.0,93.606,2.0,108,12.0,SOFT,False,1,,,True,52.7,26.9,40.1,False,2018
VER,Red Bull Racing,10.0,93.825,3.0,109,12.0,SOFT,False,1,,,True,52.7,26.9,40.1,False,2018
RAI,Ferrari,10.0,94.084,4.0,110,12.0,SOFT,False,1,,,True,52.7,26.9,40.1,False,2018
RIC,Red Bull Racing,10.0,94.089,5.0,111,12.0,SOFT,False,1,,,True,52.7,26.9,40.1,False,2018
HAM,Mercedes,10.0,94.523,6.0,111,13.0,SOFT,False,1,,,True,52.7,26.9,40.1,False,2018
HUL,Renault,10.0,96.624,7.0,112,9.0,MEDIUM,True,1,,,True,52.7,26.9,40.1,False,2018
LEC,Sauber,10.0,95.913,8.0,112,14.0,SOFT,False,1,,,True,52.7,26.9,40.1,False,2018
OCO,Force India,10.0,95.717,9.0,113,12.0,SOFT,False,1,,,True,52.7,26.9,40.1,False,2018
SAI,Renault,10.0,95.81,10.0,114,9.0,MEDIUM,True,1,,,True,52.7,26.9,40.1,False,2018
MAG,Haas F1 Team,10.0,96.028,11.0,114,12.0,SOFT,False,1,,,True,52.7,26.9,40.1,False,2018
ALO,McLaren,10.0,96.137,12.0,115,9.0,SOFT,True,1,,,True,52.7,26.9,40.1,False,2018
GAS,Toro Rosso,10.0,96.145,13.0,116,9.0,SOFT,True,1,,,True,52.7,26.9,40.1,False,2018
GRO,Haas F1 Team,10.0,96.358,14.0,116,12.0,SOFT,False,1,,,True,52.7,26.9,40.1,False,2018
ERI,Sauber,10.0,96.418,15.0,117,9.0,SOFT,True,1,,,True,52.7,26.9,40.1,False,2018
VAN,McLaren,10.0,96.222,16.0,118,9.0,SOFT,True,1,,,True,52.7,26.9,40.1,False,2018
PER,Force India,10.0,96.275,17.0,119,9.0,SOFT,True,1,,,True,52.7,26.9,40.1,False,2018
SIR,Williams,10.0,96.755,18.0,120,9.0,SOFT,True,1,,,True,52.7,26.9,40.1,False,2018
STR,Williams,10.0,96.921,19.0,121,9.0,MEDIUM,True,1,,,True,52.7,26.9,40.1,False,2018
VET,Ferrari,11.0,93.687,1.0,121,12.0,SOFT,False,1,,,True,52.8,27.1,39.1,False,2018
BOT,Mercedes,11.0,93.686,2.0,121,13.0,SOFT,False,1,,,True,52.8,27.1,39.1,False,2018
VER,Red Bull Racing,11.0,93.824,3.0,122,13.0,SOFT,False,1,,,True,52.8,27.1,39.1,False,2018
RAI,Ferrari,11.0,94.266,4.0,123,13.0,SOFT,False,1,,,True,52.8,27.1,39.1,False,2018
RIC,Red Bull Racing,11.0,94.135,5.0,124,13.0,SOFT,False,1,,,True,52.8,27.1,39.1,False,2018
HAM,Mercedes,11.0,93.403,6.0,124,14.0,SOFT,False,1,,,True,52.9,26.9,40.7,False,2018
HUL,Renault,11.0,95.421,7.0,125,10.0,MEDIUM,True,1,,,True,52.9,26.9,40.7,False,2018
LEC,Sauber,11.0,95.397,8.0,125,15.0,SOFT,False,1,,,True,52.9,26.9,40.7,False,2018
OCO,Force India,11.0,95.536,9.0,126,13.0,SOFT,False,1,,,True,52.9,26.9,40.7,False,2018
SAI,Renault,11.0,95.564,10.0,127,10.0,MEDIUM,True,1,,,True,52.9,26.9,40.7,False,2018
MAG,Haas F1 Team,11.0,95.72,11.0,127,13.0,SOFT,False,1,,,True,52.9,26.9,40.7,False,2018
ALO,McLaren,11.0,95.679,12.0,128,10.0,SOFT,True,1,,,True,52.9,26.9,40.7,False,2018
GAS,Toro Rosso,11.0,95.655,13.0,129,10.0,SOFT,True,1,,,True,52.9,26.9,40.7,False,2018
GRO,Haas F1 Team,11.0,95.889,14.0,129,13.0,SOFT,False,1,,,True,52.9,26.9,40.7,False,2018
ERI,Sauber,11.0,96.072,15.0,130,10.0,SOFT,True,1,,,True,52.9,26.9,40.7,False,2018
VAN,McLaren,11.0,95.978,16.0,131,10.0,SOFT,True,1,,,True,52.9,26.9,40.7,False,2018
PER,Force India,11.0,96.01,17.0,132,10.0,SOFT,True,1,,,True,52.9,26.9,40.7,False,2018
SIR,Williams,11.0,96.984,18.0,133,10.0,SOFT,True,1,,,True,52.9,26.9,40.7,False,2018
STR,Williams,11.0,96.81,19.0,134,10.0,MEDIUM,True,1,,,True,52.9,26.9,40.7,False,2018
VET,Ferrari,12.0,93.784,1.0,134,13.0,SOFT,False,1,,,True,53.1,27.2,39.2,False,2018
BOT,Mercedes,12.0,93.528,2.0,134,14.0,SOFT,False,1,,,True,53.1,27.2,39.2,False,2018
VER,Red Bull Racing,12.0,93.822,3.0,135,14.0,SOFT,False,1,,,True,53.1,27.2,39.2,False,2018
RAI,Ferrari,12.0,94.091,4.0,136,14.0,SOFT,False,1,,,True,53.1,27.2,39.2,False,2018
RIC,Red Bull Racing,12.0,93.881,5.0,137,14.0,SOFT,False,1,,,True,53.1,27.2,39.2,False,2018
HAM,Mercedes,12.0,93.114,6.0,137,15.0,SOFT,False,1,,,True,53.1,27.2,39.2,False,2018
HUL,Renault,12.0,95.244,7.0,138,11.0,MEDIUM,True,1,,,True,53.1,27.2,39.2,False,2018
LEC,Sauber,12.0,95.337,8.0,138,16.0,SOFT,False,1,,,True,53.1,27.2,39.2,False,2018
OCO,Force India,12.0,95.245,9.0,139,14.0,SOFT,False,1,,,True,53.1,27.2,39.2,False,2018
SAI,Renault,12.0,95.552,10.0,140,11.0,MEDIUM,True,1,,,True,53.1,27.2,39.2,False,2018
MAG,Haas F1 Team,12.0,95.532,11.0,140,14.0,SOFT,False,1,,,True,53.1,27.2,39.2,False,2018
ALO,McLaren,12.0,95.717,12.0,141,11.0,SOFT,True,1,,,True,53.1,27.2,39.2,False,2018
GAS,Toro Rosso,12.0,95.808,13.0,142,11.0,SOFT,True,1,,,True,53.1,27.2,39.2,False,2018
GRO,Haas F1 Team,12.0,96.082,14.0,142,14.0,SOFT,False,1,,,True,53.1,27.2,39.2,False,2018
ERI,Sauber,12.0,96.053,15.0,143,11.0,SOFT,True,1,,,True,53.1,27.2,39.2,False,2018
VAN,McLaren,12.0,96.19,16.0,144,11.0,SOFT,True,1,,,True,53.1,27.2,39.2,False,2018
PER,Force India,12.0,96.433,17.0,145,11.0,SOFT,True,1,,,True,53.1,27.2,39.2,False,2018
SIR,Williams,12.0,97.489,18.0,146,11.0,SOFT,True,1,,,True,53.4,27.4,38.9,False,2018
STR,Williams,12.0,96.852,19.0,147,11.0,MEDIUM,True,1,,,True,53.4,27.4,38.9,False,2018
VET,Ferrari,13.0,93.98,1.0,147,14.0,SOFT,False,1,,,True,53.4,27.4,38.9,False,2018
BOT,Mercedes,13.0,93.995,2.0,147,15.0,SOFT,False,1,,,True,53.4,27.4,38.9,False,2018
VER,Red Bull Racing,13.0,94.339,3.0,148,15.0,SOFT,False,1,,,True,53.4,27.4,38.9,False,2018
RAI,Ferrari,13.0,94.071,4.0,149,15.0,SOFT,False,1,0 days 00:27:40.212000,,False,53.4,27.4,38.9,False,2018
RIC,Red Bull Racing,13.0,94.512,5.0,150,15.0,SOFT,False,1,,,True,53.4,27.4,38.9,False,2018
HAM,Mercedes,13.0,94.233,6.0,150,16.0,SOFT,False,1,,,True,53.1,27.5,38.6,False,2018
HUL,Renault,13.0,95.846,7.0,151,12.0,MEDIUM,True,1,,,True,53.1,27.5,38.6,False,2018
LEC,Sauber,13.0,95.685,8.0,151,17.0,SOFT,False,1,,,True,53.1,27.5,38.6,False,2018
OCO,Force India,13.0,95.727,9.0,152,15.0,SOFT,False,1,,,True,53.1,27.5,38.6,False,2018
SAI,Renault,13.0,95.904,10.0,153,12.0,MEDIUM,True,1,,,True,53.1,27.5,38.6,False,2018
MAG,Haas F1 Team,13.0,95.706,11.0,153,15.0,SOFT,False,1,,,True,53.1,27.5,38.6,False,2018
ALO,McLaren,13.0,95.481,12.0,154,12.0,SOFT,True,1,0 days 00:28:10.220000,,False,53.1,27.5,38.6,False,2018
GAS,Toro Rosso,13.0,96.153,13.0,155,12.0,SOFT,True,1,,,True,53.1,27.5,38.6,False,2018
GRO,Haas F1 Team,13.0,96.404,14.0,155,15.0,SOFT,False,1,,,True,53.1,27.5,38.6,False,2018
ERI,Sauber,13.0,96.184,15.0,156,12.0,SOFT,True,1,,,True,53.1,27.5,38.6,False,2018
VAN,McLaren,13.0,96.431,16.0,157,12.0,SOFT,True,1,,,True,53.1,27.5,38.6,False,2018
PER,Force India,13.0,95.58,17.0,158,12.0,SOFT,True,1,0 days 00:28:17.527000,,False,53.1,27.5,38.6,False,2018
SIR,Williams,13.0,96.979,18.0,159,12.0,SOFT,True,1,,,True,53.1,27.5,38.6,False,2018
STR,Williams,13.0,97.312,19.0,160,12.0,MEDIUM,True,1,,,True,53.1,27.5,38.6,False,2018
VET,Ferrari,14.0,93.877,1.0,160,15.0,SOFT,False,1,,,True,52.1,27.2,39.2,False,2018
BOT,Mercedes,14.0,94.091,2.0,160,16.0,SOFT,False,1,,,True,52.1,27.2,39.2,False,2018
VER,Red Bull Racing,14.0,94.283,3.0,161,16.0,SOFT,False,1,,,True,52.1,27.2,39.2,False,2018
RIC,Red Bull Racing,14.0,94.241,4.0,162,16.0,SOFT,False,1,,,True,52.1,27.2,39.2,False,2018
HAM,Mercedes,14.0,93.731,5.0,162,17.0,SOFT,False,1,,,True,52.1,27.2,39.2,False,2018
HUL,Renault,14.0,95.615,6.0,163,13.0,MEDIUM,True,1,,,True,52.1,27.2,39.2,False,2018
LEC,Sauber,14.0,95.437,7.0,163,18.0,SOFT,False,1,,,True,52.1,27.2,39.2,False,2018
OCO,Force India,14.0,95.764,8.0,164,16.0,SOFT,False,1,,,True,52.1,27.2,39.2,False,2018
SAI,Renault,14.0,95.674,9.0,165,13.0,MEDIUM,True,1,,,True,52.1,27.2,39.2,False,2018
RAI,Ferrari,14.0,122.562,10.0,166,1.0,MEDIUM,True,1,,0 days 00:28:18.731000,False,52.1,27.2,39.2,False,2018
MAG,Haas F1 Team,14.0,96.359,11.0,166,16.0,SOFT,False,1,,,True,52.4,27.4,39.3,False,2018
GAS,Toro Rosso,14.0,95.69,12.0,167,13.0,SOFT,True,1,,,True,52.4,27.4,39.3,False,2018
GRO,Haas F1 Team,14.0,95.946,13.0,167,16.0,SOFT,False,1,,,True,52.4,27.4,39.3,False,2018
ERI,Sauber,14.0,95.901,14.0,168,13.0,SOFT,True,1,,,True,52.4,27.4,39.3,False,2018
VAN,McLaren,14.0,96.188,15.0,169,13.0,SOFT,True,1,,,True,52.4,27.4,39.3,False,2018
SIR,Williams,14.0,96.992,16.0,170,13.0,SOFT,True,1,,,True,52.4,27.4,39.3,False,2018
ALO,McLaren,14.0,114.202,17.0,171,1.0,MEDIUM,True,1,,0 days 00:28:38.858000,False,52.4,27.4,39.3,False,2018
STR,Williams,14.0,97.918,18.0,171,13.0,MEDIUM,True,1,,,True,52.4,27.4,39.3,False,2018
PER,Force India,14.0,114.144,19.0,172,1.0,MEDIUM,True,1,,0 days 00:28:46.201000,False,52.4,27.4,39.3,False,2018
VET,Ferrari,15.0,94.183,1.0,172,16.0,SOFT,False,1,,,True,52.4,27.4,39.3,False,2018
BOT,Mercedes,15.0,93.96,2.0,172,17.0,SOFT,False,1,,,True,52.4,27.4,39.3,False,2018
VER,Red Bull Racing,15.0,94.294,3.0,173,17.0,SOFT,False,1,,,True,53.1,27.5,38.3,False,2018
RIC,Red Bull Racing,15.0,94.384,4.0,174,17.0,SOFT,False,1,,,True,53.1,27.5,38.3,False,2018
HAM,Mercedes,15.0,93.71,5.0,174,18.0,SOFT,False,1,,,True,53.1,27.5,38.3,False,2018
HUL,Renault,15.0,95.467,6.0,175,14.0,MEDIUM,True,1,,,True,53.1,27.5,38.3,False,2018
LEC,Sauber,15.0,95.27,7.0,175,19.0,SOFT,False,1,,,True,53.1,27.5,38.3,False,2018
OCO,Force India,15.0,95.379,8.0,176,17.0,SOFT,False,1,,,True,53.1,27.5,38.3,False,2018
RAI,Ferrari,15.0,92.27,9.0,177,2.0,MEDIUM,True,1,,,True,53.1,27.5,38.3,False,2018
SAI,Renault,15.0,96.482,10.0,177,14.0,MEDIUM,True,1,,,True,53.1,27.5,38.3,False,2018
MAG,Haas F1 Team,15.0,95.66,11.0,177,17.0,SOFT,False,1,,,True,53.1,27.5,38.3,False,2018
GAS,Toro Rosso,15.0,95.635,12.0,178,14.0,SOFT,True,1,,,True,53.1,27.5,38.3,False,2018
GRO,Haas F1 Team,15.0,95.239,13.0,178,17.0,SOFT,False,1,,,True,53.1,27.5,38.3,False,2018
ERI,Sauber,15.0,95.483,14.0,179,14.0,SOFT,True,1,,,True,53.1,27.5,38.3,False,2018
VAN,McLaren,15.0,95.89,15.0,180,14.0,SOFT,True,1,,,True,53.1,27.5,38.3,False,2018
ALO,McLaren,15.0,94.773,16.0,181,2.0,MEDIUM,True,1,,,True,53.1,27.5,38.3,False,2018
SIR,Williams,15.0,98.37,17.0,181,14.0,SOFT,True,1,,,True,53.1,27.5,38.3,False,2018
STR,Williams,15.0,96.449,18.0,182,14.0,MEDIUM,True,1,,,True,53.1,27.5,38.3,False,2018
PER,Force India,15.0,94.547,19.0,183,2.0,MEDIUM,True,1,,,True,53.0,27.7,38.7,False,2018
VET,Ferrari,16.0,94.418,1.0,183,17.0,SOFT,False,1,,,True,53.0,27.7,38.7,False,2018
BOT,Mercedes,16.0,93.794,2.0,183,18.0,SOFT,False,1,,,True,53.0,27.7,38.7,False,2018
VER,Red Bull Racing,16.0,93.818,3.0,184,18.0,SOFT,False,1,,,True,53.0,27.7,38.7,False,2018
RIC,Red Bull Racing,16.0,93.816,4.0,185,18.0,SOFT,False,1,,,True,53.0,27.7,38.7,False,2018
HAM,Mercedes,16.0,93.287,5.0,185,19.0,SOFT,False,1,,,True,53.0,27.7,38.7,False,2018
HUL,Renault,16.0,95.03,6.0,186,15.0,MEDIUM,True,1,,,True,52.9,27.6,38.5,False,2018
LEC,Sauber,16.0,95.306,7.0,186,20.0,SOFT,False,1,,,True,52.9,27.6,38.5,False,2018
RAI,Ferrari,16.0,93.048,8.0,187,3.0,MEDIUM,True,1,,,True,52.9,27.6,38.5,False,2018
OCO,Force India,16.0,96.158,9.0,187,18.0,SOFT,False,1,,,True,52.9,27.6,38.5,False,2018
SAI,Renault,16.0,95.806,10.0,188,15.0,MEDIUM,True,1,,,True,52.9,27.6,38.5,False,2018
MAG,Haas F1 Team,16.0,95.054,11.0,188,18.0,SOFT,False,1,,,True,52.9,27.6,38.5,False,2018
GAS,Toro Rosso,16.0,95.578,12.0,189,15.0,SOFT,True,1,,,True,52.9,27.6,38.5,False,2018
GRO,Haas F1 Team,16.0,95.446,13.0,189,18.0,SOFT,False,1,,,True,52.9,27.6,38.5,False,2018
ERI,Sauber,16.0,95.69,14.0,190,15.0,SOFT,True,1,,,True,52.9,27.6,38.5,False,2018
VAN,McLaren,16.0,95.508,15.0,191,15.0,SOFT,True,1,,,True,52.9,27.6,38.5,False,2018
ALO,McLaren,16.0,94.775,16.0,192,3.0,MEDIUM,True,1,,,True,52.9,27.6,38.5,False,2018
SIR,Williams,16.0,96.942,17.0,192,15.0,SOFT,True,1,,,True,52.9,27.6,38.5,False,2018
STR,Williams,16.0,97.043,18.0,193,15.0,MEDIUM,True,1,,,True,52.9,27.6,38.5,False,2018
PER,Force India,16.0,94.63,19.0,194,3.0,MEDIUM,True,1,,,True,52.9,27.6,38.5,False,2018
VET,Ferrari,17.0,94.055,1.0,194,18.0,SOFT,False,1,,,True,52.9,27.6,38.5,False,2018
BOT,Mercedes,17.0,94.073,2.0,194,19.0,SOFT,False,1,,,True,52.9,27.5,39.1,False,2018
VER,Red Bull Racing,17.0,93.468,3.0,195,19.0,SOFT,False,1,0 days 00:33:53.758000,,False,52.9,27.5,39.1,False,2018
RIC,Red Bull Racing,17.0,94.183,4.0,196,19.0,SOFT,False,1,,,True,52.9,27.5,39.1,False,2018
HAM,Mercedes,17.0,93.531,5.0,196,20.0,SOFT,False,1,,,True,52.9,27.5,39.1,False,2018
RAI,Ferrari,17.0,93.045,6.0,197,4.0,MEDIUM,True,1,,,True,52.9,27.5,39.1,False,2018
HUL,Renault,17.0,96.283,7.0,197,16.0,MEDIUM,True,1,,,True,52.9,27.5,39.1,False,2018
LEC,Sauber,17.0,96.218,8.0,197,21.0,SOFT,False,1,,,True,52.9,27.5,39.1,False,2018
OCO,Force India,17.0,95.242,9.0,198,19.0,SOFT,False,1,,,True,52.9,27.5,39.1,False,2018
SAI,Renault,17.0,95.531,10.0,199,16.0,MEDIUM,True,1,0 days 00:34:29.244000,,False,52.9,27.5,39.1,False,2018
MAG,Haas F1 Team,17.0,95.228,11.0,199,19.0,SOFT,False,1,,,True,52.9,27.5,39.1,False,2018
GAS,Toro Rosso,17.0,95.701,12.0,200,16.0,SOFT,True,1,,,True,52.9,27.5,39.1,False,2018
GRO,Haas F1 Team,17.0,95.071,13.0,200,19.0,SOFT,False,1,,,True,52.9,27.5,39.1,False,2018
ERI,Sauber,17.0,95.486,14.0,201,16.0,SOFT,True,1,,,True,52.9,27.5,39.1,False,2018
VAN,McLaren,17.0,95.991,15.0,202,16.0,SOFT,True,1,,,True,52.9,27.5,39.1,False,2018
ALO,McLaren,17.0,95.032,16.0,203,4.0,MEDIUM,True,1,,,True,52.9,27.6,38.6,False,2018
SIR,Williams,17.0,96.494,17.0,203,16.0,SOFT,True,1,,,True,52.9,27.6,38.6,False,2018
STR,Williams,17.0,96.881,18.0,204,16.0,MEDIUM,True,1,,,True,52.9,27.6,38.6,False,2018
PER,Force India,17.0,95.834,19.0,205,4.0,MEDIUM,True,1,,,True,52.9,27.6,38.6,False,2018
VET,Ferrari,18.0,94.352,1.0,205,19.0,SOFT,False,1,,,True,52.9,27.6,38.6,False,2018
BOT,Mercedes,18.0,94.016,2.0,205,20.0,SOFT,False,1,,,True,52.9,27.6,38.6,False,2018
RIC,Red Bull Racing,18.0,93.433,3.0,206,20.0,SOFT,False,1,0 days 00:35:31.907000,,False,52.9,27.6,38.6,False,2018
HAM,Mercedes,18.0,92.93,4.0,206,21.0,SOFT,False,1,,,True,52.9,27.6,38.6,False,2018
VER,Red Bull Racing,18.0,113.226,5.0,207,1.0,MEDIUM,True,1,,0 days 00:34:22.197000,False,52.6,27.3,39.1,False,2018
RAI,Ferrari,18.0,92.135,6.0,207,5.0,MEDIUM,True,1,,,True,52.6,27.3,39.1,False,2018
HUL,Renault,18.0,95.3,7.0,207,17.0,MEDIUM,True,1,,,True,52.6,27.3,39.1,False,2018
LEC,Sauber,18.0,95.269,8.0,207,22.0,SOFT,False,1,0 days 00:35:58.814000,,False,52.6,27.3,39.1,False,2018
OCO,Force India,18.0,95.274,9.0,208,20.0,SOFT,False,1,,,True,52.6,27.3,39.1,False,2018
MAG,Haas F1 Team,18.0,95.046,10.0,209,20.0,SOFT,False,1,,,True,52.6,27.3,39.1,False,2018
GAS,Toro Rosso,18.0,95.163,11.0,210,17.0,SOFT,True,1,,,True,52.6,27.3,39.1,False,2018
GRO,Haas F1 Team,18.0,95.191,12.0,210,20.0,SOFT,False,1,,,True,52.6,27.3,39.1,False,2018
ERI,Sauber,18.0,95.251,13.0,211,17.0,SOFT,True,1,,,True,52.6,27.3,39.1,False,2018
VAN,McLaren,18.0,95.189,14.0,212,17.0,SOFT,True,1,,,True,52.6,27.3,39.1,False,2018
ALO,McLaren,18.0,94.641,15.0,213,5.0,MEDIUM,True,1,,,True,52.6,27.3,39.1,False,2018
SAI,Renault,18.0,114.994,16.0,214,1.0,HARD,True,1,,0 days 00:34:58.279000,False,52.6,27.3,39.1,False,2018
SIR,Williams,18.0,96.109,17.0,214,17.0,SOFT,True,1,,,True,52.6,27.3,39.1,False,2018
PER,Force India,18.0,94.797,18.0,215,5.0,MEDIUM,True,1,,,True,52.6,27.3,39.1,False,2018
STR,Williams,18.0,97.468,19.0,215,17.0,MEDIUM,True,1,,,True,52.6,27.3,39.1,False,2018
VET,Ferrari,19.0,94.368,1.0,215,20.0,SOFT,False,12,,,True,52.6,27.2,39.2,False,2018
BOT,Mercedes,19.0,93.876,2.0,215,21.0,SOFT,False,12,,,True,52.6,27.2,39.2,False,2018
HAM,Mercedes,19.0,92.821,3.0,215,22.0,SOFT,False,12,,,True,52.6,27.2,39.2,False,2018
VER,Red Bull Racing,19.0,93.412,4.0,216,2.0,MEDIUM,True,12,,,True,52.6,27.2,39.2,False,2018
RIC,Red Bull Racing,19.0,113.1,5.0,217,1.0,MEDIUM,True,12,,0 days 00:36:00.067000,False,52.6,27.2,39.2,False,2018
RAI,Ferrari,19.0,92.588,6.0,217,6.0,MEDIUM,True,12,,,True,52.6,27.2,39.2,False,2018
HUL,Renault,19.0,95.043,7.0,217,18.0,MEDIUM,True,12,,,True,52.6,27.2,39.2,False,2018
OCO,Force India,19.0,94.382,8.0,217,21.0,SOFT,False,12,0 days 00:37:35.542000,,False,52.6,27.2,39.2,False,2018
MAG,Haas F1 Team,19.0,94.784,9.0,218,21.0,SOFT,False,12,,,True,52.6,27.2,39.2,False,2018
GAS,Toro Rosso,19.0,95.107,10.0,219,18.0,SOFT,True,12,,,True,52.6,27.2,39.2,False,2018
GRO,Haas F1 Team,19.0,95.305,11.0,219,21.0,SOFT,False,12,,,True,53.4,27.1,39.6,False,2018
ERI,Sauber,19.0,95.001,12.0,220,18.0,SOFT,True,12,,,True,53.4,27.1,39.6,False,2018
VAN,McLaren,19.0,95.31,13.0,221,18.0,SOFT,True,12,,,True,53.4,27.1,39.6,False,2018
ALO,McLaren,19.0,94.679,14.0,222,6.0,MEDIUM,True,12,,,True,53.4,27.1,39.6,False,2018
SAI,Renault,19.0,94.738,15.0,223,2.0,HARD,True,12,,,True,53.4,27.1,39.6,False,2018
PER,Force India,19.0,94.605,16.0,223,6.0,MEDIUM,True,12,,,True,53.4,27.1,39.6,False,2018
SIR,Williams,19.0,97.188,17.0,223,18.0,SOFT,True,12,,,True,53.4,27.1,39.6,False,2018
STR,Williams,19.0,96.231,18.0,224,18.0,MEDIUM,True,12,,,True,53.4,27.1,39.6,False,2018
VET,Ferrari,20.0,93.745,1.0,224,21.0,SOFT,False,12,0 days 00:38:25.342000,,False,53.4,27.1,39.6,False,2018
BOT,Mercedes,20.0,93.837,2.0,224,22.0,SOFT,False,12,,,True,53.4,27.1,39.6,False,2018
HAM,Mercedes,20.0,93.154,3.0,224,23.0,SOFT,False,12,,,True,53.1,27.3,39.0,False,2018
VER,Red Bull Racing,20.0,93.624,4.0,225,3.0,MEDIUM,True,2,,,True,53.1,27.3,39.0,False,2018
RIC,Red Bull Racing,20.0,93.391,5.0,226,2.0,MEDIUM,True,2,,,True,53.1,27.3,39.0,False,2018
RAI,Ferrari,20.0,93.414,6.0,226,7.0,MEDIUM,True,2,,,True,53.1,27.3,39.0,False,2018
HUL,Renault,20.0,94.272,7.0,226,19.0,MEDIUM,True,2,0 days 00:39:07.298000,,False,53.1,27.3,39.0,False,2018
MAG,Haas F1 Team,20.0,94.775,8.0,226,22.0,SOFT,False,21,,,True,53.1,27.3,39.0,False,2018
GAS,Toro Rosso,20.0,94.462,9.0,227,19.0,SOFT,True,21,0 days 00:39:19.691000,,False,53.1,27.3,39.0,False,2018
GRO,Haas F1 Team,20.0,95.396,10.0,227,22.0,SOFT,False,21,,,True,53.1,27.3,39.0,False,2018
ERI,Sauber,20.0,95.603,11.0,228,19.0,SOFT,True,21,,,True,53.1,27.3,39.0,False,2018
VAN,McLaren,20.0,95.413,12.0,229,19.0,SOFT,True,21,,,True,53.1,27.3,39.0,False,2018
OCO,Force India,20.0,114.556,13.0,230,1.0,MEDIUM,True,21,,0 days 00:38:04.935000,False,53.1,27.3,39.0,False,2018
ALO,McLaren,20.0,95.118,14.0,230,7.0,MEDIUM,True,21,,,True,53.1,27.3,39.0,False,2018
SAI,Renault,20.0,95.174,15.0,231,3.0,HARD,True,21,,,True,53.1,27.3,39.0,False,2018
PER,Force India,20.0,94.175,16.0,231,7.0,MEDIUM,True,21,,,True,53.1,27.3,39.0,False,2018
SIR,Williams,20.0,96.291,17.0,231,19.0,SOFT,True,21,,,True,53.1,27.3,39.0,False,2018
STR,Williams,20.0,96.359,18.0,232,19.0,MEDIUM,True,21,,,True,53.1,27.5,38.5,False,2018
BOT,Mercedes,21.0,93.608,1.0,232,23.0,SOFT,False,21,0 days 00:40:03.335000,,False,53.1,27.5,38.5,False,2018
VET,Ferrari,21.0,112.098,2.0,233,1.0,MEDIUM,True,21,,0 days 00:38:53.905000,False,53.1,27.5,38.5,False,2018
HAM,Mercedes,21.0,93.741,3.0,233,24.0,SOFT,False,21,,,True,53.1,27.5,38.5,False,2018
VER,Red Bull Racing,21.0,93.684,4.0,234,4.0,MEDIUM,True,21,,,True,53.1,27.5,38.5,False,2018
RIC,Red Bull Racing,21.0,93.385,5.0,235,3.0,MEDIUM,True,21,,,True,53.1,27.5,38.5,False,2018
RAI,Ferrari,21.0,94.315,6.0,235,8.0,MEDIUM,True,21,,,True,53.1,27.5,38.5,False,2018
MAG,Haas F1 Team,21.0,94.69,7.0,235,23.0,SOFT,False,1,,,True,53.1,27.6,38.3,False,2018
GRO,Haas F1 Team,21.0,95.413,8.0,236,23.0,SOFT,False,1,,,True,53.1,27.6,38.3,False,2018
ERI,Sauber,21.0,95.606,9.0,237,20.0,SOFT,True,1,,,True,53.1,27.6,38.3,False,2018
HUL,Renault,21.0,115.604,10.0,238,1.0,HARD,True,21,,0 days 00:39:35.551000,False,53.1,27.6,38.3,False,2018
VAN,McLaren,21.0,96.554,11.0,238,20.0,SOFT,True,1,0 days 00:41:03.182000,,False,53.1,27.6,38.3,False,2018
OCO,Force India,21.0,95.239,12.0,239,2.0,MEDIUM,True,1,,,True,53.1,27.6,38.3,False,2018
ALO,McLaren,21.0,95.512,13.0,239,8.0,MEDIUM,True,1,,,True,53.1,27.6,38.3,False,2018
SAI,Renault,21.0,95.564,14.0,240,4.0,HARD,True,1,,,True,53.1,27.6,38.3,False,2018
GAS,Toro Rosso,21.0,115.401,15.0,241,1.0,MEDIUM,True,1,,0 days 00:39:48.348000,False,53.1,27.6,38.3,False,2018
PER,Force India,21.0,95.982,16.0,241,8.0,MEDIUM,True,1,,,True,53.1,27.6,38.3,False,2018
SIR,Williams,21.0,95.879,17.0,241,20.0,SOFT,True,1,0 days 00:41:19.590000,,False,53.1,27.6,38.3,False,2018
STR,Williams,21.0,96.986,18.0,242,20.0,MEDIUM,True,1,,,True,53.1,27.6,38.3,False,2018
VET,Ferrari,22.0,93.033,1.0,243,2.0,MEDIUM,True,1,,,True,53.1,27.6,39.0,False,2018
HAM,Mercedes,22.0,93.913,2.0,243,25.0,SOFT,False,1,,,True,53.1,27.6,39.0,False,2018
BOT,Mercedes,22.0,111.503,3.0,244,1.0,MEDIUM,True,1,,0 days 00:40:31.242000,False,53.1,27.6,39.0,False,2018
VER,Red Bull Racing,22.0,93.878,4.0,244,5.0,MEDIUM,True,1,,,True,53.1,27.6,39.0,False,2018
RIC,Red Bull Racing,22.0,93.195,5.0,245,4.0,MEDIUM,True,1,,,True,53.1,27.6,39.0,False,2018
RAI,Ferrari,22.0,92.736,6.0,245,9.0,MEDIUM,True,1,,,True,53.1,27.6,39.0,False,2018
MAG,Haas F1 Team,22.0,94.81,7.0,245,24.0,SOFT,False,1,,,True,53.1,27.6,39.0,False,2018
GRO,Haas F1 Team,22.0,95.309,8.0,246,24.0,SOFT,False,1,,,True,53.1,27.6,39.0,False,2018
ERI,Sauber,22.0,95.406,9.0,247,21.0,SOFT,True,1,,,True,53.1,27.6,39.0,False,2018
HUL,Renault,22.0,95.281,10.0,248,2.0,HARD,True,1,,,True,53.1,27.6,39.0,False,2018
OCO,Force India,22.0,94.772,11.0,248,3.0,MEDIUM,True,1,,,True,53.1,27.6,39.0,False,2018
ALO,McLaren,22.0,94.752,12.0,248,9.0,MEDIUM,True,1,,,True,53.1,27.6,39.0,False,2018
SAI,Renault,22.0,95.31,13.0,249,5.0,HARD,True,1,,,True,53.1,27.6,39.0,False,2018
GAS,Toro Rosso,22.0,94.265,14.0,250,2.0,MEDIUM,True,1,,,True,53.2,27.8,38.3,False,2018
PER,Force India,22.0,94.832,15.0,250,9.0,MEDIUM,True,1,,,True,53.2,27.8,38.3,False,2018
VAN,McLaren,22.0,114.184,16.0,251,1.0,MEDIUM,True,1,,0 days 00:41:31.450000,False,53.2,27.8,38.3,False,2018
STR,Williams,22.0,97.0,17.0,251,21.0,MEDIUM,True,1,,,True,53.2,27.8,38.3,False,2018
SIR,Williams,22.0,116.156,18.0,252,1.0,MEDIUM,True,1,,0 days 00:41:47.810000,False,53.2,27.8,38.3,False,2018
VET,Ferrari,23.0,92.856,1.0,252,3.0,MEDIUM,True,1,,,True,53.2,27.8,38.3,False,2018
BOT,Mercedes,23.0,92.236,2.0,253,2.0,MEDIUM,True,1,,,True,53.2,27.8,38.3,False,2018
HAM,Mercedes,23.0,95.225,3.0,253,26.0,SOFT,False,1,,,True,53.2,27.8,38.3,False,2018
VER,Red Bull Racing,23.0,93.492,4.0,254,6.0,MEDIUM,True,1,,,True,53.2,27.8,38.3,False,2018
RIC,Red Bull Racing,23.0,93.744,5.0,255,5.0,MEDIUM,True,1,,,True,53.2,27.8,38.3,False,2018
RAI,Ferrari,23.0,93.125,6.0,255,10.0,MEDIUM,True,1,,,True,53.2,27.8,38.3,False,2018
MAG,Haas F1 Team,23.0,94.481,7.0,255,25.0,SOFT,False,1,,,True,53.2,27.7,38.4,False,2018
GRO,Haas F1 Team,23.0,94.907,8.0,256,25.0,SOFT,False,1,,,True,53.2,27.7,38.4,False,2018
ERI,Sauber,23.0,95.281,9.0,257,22.0,SOFT,True,1,,,True,53.2,27.7,38.4,False,2018
HUL,Renault,23.0,95.443,10.0,258,3.0,HARD,True,1,,,True,53.2,27.7,38.4,False,2018
OCO,Force India,23.0,95.229,11.0,258,4.0,MEDIUM,True,1,,,True,53.2,27.7,38.4,False,2018
ALO,McLaren,23.0,94.382,12.0,258,10.0,MEDIUM,True,1,,,True,53.2,27.7,38.4,False,2018
SAI,Renault,23.0,95.286,13.0,259,6.0,HARD,True,1,,,True,53.2,27.7,38.4,False,2018
GAS,Toro Rosso,23.0,94.772,14.0,260,3.0,MEDIUM,True,1,,,True,53.2,27.7,38.4,False,2018
PER,Force India,23.0,95.512,15.0,260,10.0,MEDIUM,True,1,,,True,53.2,27.7,38.4,False,2018
VAN,McLaren,23.0,94.872,16.0,261,2.0,MEDIUM,True,1,,,True,53.2,27.7,38.4,False,2018
STR,Williams,23.0,96.765,17.0,261,22.0,MEDIUM,True,1,,,True,53.2,27.7,38.4,False,2018
SIR,Williams,23.0,95.587,18.0,262,2.0,MEDIUM,True,1,,,True,53.7,27.7,38.5,False,2018
VET,Ferrari,24.0,93.129,1.0,262,4.0,MEDIUM,True,1,,,True,53.7,27.7,38.5,False,2018
BOT,Mercedes,24.0,92.671,2.0,263,3.0,MEDIUM,True,1,,,True,53.7,27.7,38.5,False,2018
HAM,Mercedes,24.0,94.62,3.0,263,27.0,SOFT,False,1,,,True,53.7,27.7,38.5,False,2018
VER,Red Bull Racing,24.0,93.466,4.0,264,7.0,MEDIUM,True,1,,,True,53.7,27.7,38.5,False,2018
RIC,Red Bull Racing,24.0,93.268,5.0,265,6.0,MEDIUM,True,1,,,True,53.7,27.7,38.5,False,2018
RAI,Ferrari,24.0,93.42,6.0,265,11.0,MEDIUM,True,1,,,True,53.7,27.7,38.5,False,2018
MAG,Haas F1 Team,24.0,94.815,7.0,265,26.0,SOFT,False,1,,,True,53.7,27.7,38.5,False,2018
GRO,Haas F1 Team,24.0,95.159,8.0,266,26.0,SOFT,False,1,,,True,53.7,27.7,38.5,False,2018
ERI,Sauber,24.0,95.021,9.0,267,23.0,SOFT,True,1,0 days 00:45:45.470000,,False,53.7,27.7,38.5,False,2018
HUL,Renault,24.0,95.629,10.0,268,4.0,HARD,True,1,,,True,53.8,28.0,37.1,False,2018
OCO,Force India,24.0,94.836,11.0,268,5.0,MEDIUM,True,1,,,True,53.8,28.0,37.1,False,2018
ALO,McLaren,24.0,94.57,12.0,268,11.0,MEDIUM,True,1,,,True,53.8,28.0,37.1,False,2018
SAI,Renault,24.0,94.774,13.0,269,7.0,HARD,True,1,,,True,53.8,28.0,37.1,False,2018
GAS,Toro Rosso,24.0,95.095,14.0,270,4.0,MEDIUM,True,1,,,True,53.8,28.0,37.1,False,2018
PER,Force India,24.0,94.549,15.0,270,11.0,MEDIUM,True,1,,,True,53.8,28.0,37.1,False,2018
VAN,McLaren,24.0,94.606,16.0,271,3.0,MEDIUM,True,1,,,True,53.8,28.0,37.1,False,2018
STR,Williams,24.0,96.494,17.0,271,23.0,MEDIUM,True,1,,,True,53.8,28.0,37.1,False,2018
SIR,Williams,24.0,95.936,18.0,272,3.0,MEDIUM,True,1,,,True,53.8,28.0,37.1,False,2018
VET,Ferrari,25.0,92.745,1.0,272,5.0,MEDIUM,True,1,,,True,53.8,28.0,37.1,False,2018
BOT,Mercedes,25.0,92.95,2.0,273,4.0,MEDIUM,True,1,,,True,53.8,28.0,37.1,False,2018
HAM,Mercedes,25.0,93.916,3.0,273,28.0,SOFT,False,1,0 days 00:46:37.656000,,False,53.8,28.0,37.1,False,2018
VER,Red Bull Racing,25.0,93.769,4.0,274,8.0,MEDIUM,True,1,,,True,53.8,28.0,37.1,False,2018
RIC,Red Bull Racing,25.0,93.031,5.0,275,7.0,MEDIUM,True,1,,,True,53.8,28.0,37.1,False,2018
RAI,Ferrari,25.0,93.223,6.0,275,12.0,MEDIUM,True,1,,,True,53.5,28.0,37.1,False,2018
MAG,Haas F1 Team,25.0,93.964,7.0,275,27.0,SOFT,False,1,0 days 00:47:08.915000,,False,53.5,28.0,37.1,False,2018
GRO,Haas F1 Team,25.0,94.974,8.0,276,27.0,SOFT,False,1,,,True,53.5,28.0,37.1,False,2018
HUL,Renault,25.0,95.641,9.0,277,5.0,HARD,True,1,,,True,53.5,28.0,37.1,False,2018
OCO,Force India,25.0,95.234,10.0,277,6.0,MEDIUM,True,1,,,True,53.5,28.0,37.1,False,2018
ALO,McLaren,25.0,94.621,11.0,277,12.0,MEDIUM,True,1,,,True,53.5,28.0,37.1,False,2018
SAI,Renault,25.0,94.602,12.0,278,8.0,HARD,True,1,,,True,53.5,28.0,37.1,False,2018
GAS,Toro Rosso,25.0,95.296,13.0,279,5.0,MEDIUM,True,1,,,True,53.5,28.0,37.1,False,2018
PER,Force India,25.0,94.759,14.0,279,12.0,MEDIUM,True,1,,,True,53.5,28.0,37.1,False,2018
ERI,Sauber,25.0,112.796,15.0,280,1.0,MEDIUM,True,1,,0 days 00:46:13.675000,False,53.5,28.0,37.1,False,2018
VAN,McLaren,25.0,95.785,16.0,280,4.0,MEDIUM,True,1,,,True,53.5,28.0,37.1,False,2018
STR,Williams,25.0,96.335,17.0,280,24.0,MEDIUM,True,1,,,True,53.5,27.8,37.8,False,2018
SIR,Williams,25.0,98.018,18.0,281,4.0,MEDIUM,True,1,,,True,53.5,27.8,37.8,False,2018
VET,Ferrari,26.0,93.422,1.0,281,6.0,MEDIUM,True,1,,,True,53.5,27.8,37.8,False,2018
BOT,Mercedes,26.0,93.404,2.0,282,5.0,MEDIUM,True,1,,,True,53.5,27.8,37.8,False,2018
VER,Red Bull Racing,26.0,93.581,3.0,282,9.0,MEDIUM,True,1,,,True,53.5,27.8,37.8,False,2018
RIC,Red Bull Racing,26.0,93.206,4.0,283,8.0,MEDIUM,True,1,,,True,53.5,27.8,37.8,False,2018
RAI,Ferrari,26.0,93.445,5.0,283,13.0,MEDIUM,True,1,,,True,53.5,27.8,37.8,False,2018
HAM,Mercedes,26.0,113.205,6.0,284,1.0,MEDIUM,True,1,,0 days 00:47:06.585000,False,53.5,27.8,37.8,False,2018
GRO,Haas F1 Team,26.0,95.07,7.0,284,28.0,SOFT,False,1,0 days 00:48:52.939000,,False,53.6,27.9,37.5,False,2018
HUL,Renault,26.0,95.217,8.0,285,6.0,HARD,True,1,,,True,53.6,27.9,37.5,False,2018
OCO,Force India,26.0,95.623,9.0,285,7.0,MEDIUM,True,1,,,True,53.6,27.9,37.5,False,2018
ALO,McLaren,26.0,95.269,10.0,285,13.0,MEDIUM,True,1,,,True,53.6,27.9,37.5,False,2018
MAG,Haas F1 Team,26.0,114.467,11.0,286,1.0,MEDIUM,True,1,,0 days 00:47:37.340000,False,53.6,27.9,37.5,False,2018
SAI,Renault,26.0,95.345,12.0,286,9.0,HARD,True,1,,,True,53.6,27.9,37.5,False,2018
GAS,Toro Rosso,26.0,95.064,13.0,287,6.0,MEDIUM,True,1,,,True,53.6,27.9,37.5,False,2018
PER,Force India,26.0,95.243,14.0,287,13.0,MEDIUM,True,1,,,True,53.6,27.9,37.5,False,2018
ERI,Sauber,26.0,93.675,15.0,288,2.0,MEDIUM,True,1,,,True,53.6,27.9,37.5,False,2018
VAN,McLaren,26.0,95.116,16.0,288,5.0,MEDIUM,True,1,,,True,53.6,27.9,37.5,False,2018
STR,Williams,26.0,96.163,17.0,288,25.0,MEDIUM,True,1,,,True,53.6,27.9,37.5,False,2018
SIR,Williams,26.0,97.983,18.0,289,5.0,MEDIUM,True,1,,,True,53.6,27.9,37.5,False,2018
VET,Ferrari,27.0,93.453,1.0,289,7.0,MEDIUM,True,1,,,True,53.6,27.9,37.5,False,2018
BOT,Mercedes,27.0,92.792,2.0,290,6.0,MEDIUM,True,1,,,True,53.6,27.9,37.5,False,2018
VER,Red Bull Racing,27.0,93.427,3.0,290,10.0,MEDIUM,True,1,,,True,54.0,28.2,36.7,False,2018
RIC,Red Bull Racing,27.0,92.934,4.0,291,9.0,MEDIUM,True,1,,,True,54.0,28.2,36.7,False,2018
RAI,Ferrari,27.0,93.191,5.0,291,14.0,MEDIUM,True,1,,,True,54.0,28.2,36.7,False,2018
HAM,Mercedes,27.0,92.481,6.0,292,2.0,MEDIUM,True,1,,,True,54.0,28.2,36.7,False,2018
HUL,Renault,27.0,95.633,7.0,292,7.0,HARD,True,1,,,True,54.0,28.2,36.7,False,2018
OCO,Force India,27.0,95.49,8.0,292,8.0,MEDIUM,True,1,,,True,54.0,28.2,36.7,False,2018
ALO,McLaren,27.0,95.062,9.0,292,14.0,MEDIUM,True,1,,,True,54.0,28.2,36.7,False,2018
MAG,Haas F1 Team,27.0,94.892,10.0,293,2.0,MEDIUM,True,1,,,True,54.0,28.2,36.7,False,2018
SAI,Renault,27.0,94.788,11.0,293,10.0,HARD,True,1,,,True,54.0,28.2,36.7,False,2018
GAS,Toro Rosso,27.0,94.784,12.0,294,7.0,MEDIUM,True,1,,,True,54.0,28.2,36.7,False,2018
PER,Force India,27.0,95.255,13.0,294,14.0,MEDIUM,True,1,,,True,54.1,28.4,36.5,False,2018
ERI,Sauber,27.0,95.126,14.0,295,3.0,MEDIUM,True,1,,,True,54.1,28.4,36.5,False,2018
GRO,Haas F1 Team,27.0,115.25,15.0,296,1.0,MEDIUM,True,1,,0 days 00:49:22.206000,False,54.1,28.4,36.5,False,2018
VAN,McLaren,27.0,94.857,16.0,296,6.0,MEDIUM,True,1,,,True,54.1,28.4,36.5,False,2018
STR,Williams,27.0,95.975,17.0,296,26.0,MEDIUM,True,1,,,True,54.1,28.4,36.5,False,2018
SIR,Williams,27.0,95.904,18.0,297,6.0,MEDIUM,True,1,,,True,54.1,28.4,36.5,False,2018
VET,Ferrari,28.0,93.033,1.0,297,8.0,MEDIUM,True,1,,,True,54.1,28.4,36.5,False,2018
BOT,Mercedes,28.0,93.285,2.0,298,7.0,MEDIUM,True,1,,,True,54.1,28.4,36.5,False,2018
VER,Red Bull Racing,28.0,93.47,3.0,298,11.0,MEDIUM,True,1,,,True,54.1,28.4,36.5,False,2018
RIC,Red Bull Racing,28.0,93.093,4.0,299,10.0,MEDIUM,True,1,,,True,54.1,28.4,36.5,False,2018
RAI,Ferrari,28.0,93.279,5.0,299,15.0,MEDIUM,True,1,,,True,54.1,28.4,36.5,False,2018
HAM,Mercedes,28.0,91.682,6.0,300,3.0,MEDIUM,True,1,,,True,54.1,28.4,36.5,False,2018
HUL,Renault,28.0,95.335,7.0,300,8.0,HARD,True,1,,,True,54.1,28.6,36.1,False,2018
OCO,Force India,28.0,95.009,8.0,300,9.0,MEDIUM,True,1,,,True,54.1,28.6,36.1,False,2018
ALO,McLaren,28.0,94.997,9.0,300,15.0,MEDIUM,True,1,,,True,54.1,28.6,36.1,False,2018
MAG,Haas F1 Team,28.0,94.863,10.0,301,3.0,MEDIUM,True,1,,,True,54.1,28.6,36.1,False,2018
SAI,Renault,28.0,95.03,11.0,301,11.0,HARD,True,1,,,True,54.1,28.6,36.1,False,2018
GAS,Toro Rosso,28.0,94.734,12.0,302,8.0,MEDIUM,True,1,,,True,54.1,28.6,36.1,False,2018
PER,Force India,28.0,94.671,13.0,302,15.0,MEDIUM,True,1,,,True,54.1,28.6,36.1,False,2018
ERI,Sauber,28.0,94.659,14.0,303,4.0,MEDIUM,True,1,,,True,54.1,28.6,36.1,False,2018
GRO,Haas F1 Team,28.0,94.391,15.0,304,2.0,MEDIUM,True,1,,,True,54.1,28.6,36.1,False,2018
VAN,McLaren,28.0,94.623,16.0,304,7.0,MEDIUM,True,1,,,True,54.1,28.6,36.1,False,2018
STR,Williams,28.0,96.025,17.0,304,27.0,MEDIUM,True,1,,,True,54.1,28.6,36.1,False,2018
SIR,Williams,28.0,95.174,18.0,305,7.0,MEDIUM,True,1,,,True,52.1,28.0,37.4,False,2018
VET,Ferrari,29.0,93.13,1.0,305,9.0,MEDIUM,True,1,,,True,54.1,28.6,36.1,False,2018
BOT,Mercedes,29.0,92.832,2.0,306,8.0,MEDIUM,True,1,,,True,54.1,28.6,36.1,False,2018
VER,Red Bull Racing,29.0,93.084,3.0,306,12.0,MEDIUM,True,1,,,True,52.1,28.0,37.4,False,2018
RIC,Red Bull Racing,29.0,92.938,4.0,307,11.0,MEDIUM,True,1,,,True,52.1,28.0,37.4,False,2018
RAI,Ferrari,29.0,92.816,5.0,307,16.0,MEDIUM,True,1,,,True,52.1,28.0,37.4,False,2018
HAM,Mercedes,29.0,91.546,6.0,308,4.0,MEDIUM,True,1,,,True,52.1,28.0,37.4,False,2018
HUL,Renault,29.0,94.997,7.0,308,9.0,HARD,True,1,,,True,52.1,27.5,38.9,False,2018
OCO,Force India,29.0,95.103,8.0,308,10.0,MEDIUM,True,1,,,True,52.1,27.5,38.9,False,2018
ALO,McLaren,29.0,94.948,9.0,308,16.0,MEDIUM,True,1,,,True,52.1,27.5,38.9,False,2018
MAG,Haas F1 Team,29.0,95.204,10.0,309,4.0,MEDIUM,True,1,,,True,52.1,27.5,38.9,False,2018
SAI,Renault,29.0,94.894,11.0,309,12.0,HARD,True,1,,,True,52.1,27.5,38.9,False,2018
GAS,Toro Rosso,29.0,94.57,12.0,310,9.0,MEDIUM,True,1,,,True,52.1,27.5,38.9,False,2018
PER,Force India,29.0,94.637,13.0,310,16.0,MEDIUM,True,1,,,True,52.1,27.5,38.9,False,2018
ERI,Sauber,29.0,94.758,14.0,311,5.0,MEDIUM,True,1,,,True,52.1,27.5,38.9,False,2018
GRO,Haas F1 Team,29.0,94.556,15.0,312,3.0,MEDIUM,True,1,,,True,52.1,27.5,38.9,False,2018
VAN,McLaren,29.0,94.745,16.0,312,8.0,MEDIUM,True,1,,,True,52.1,27.5,38.9,False,2018
STR,Williams,29.0,96.248,17.0,312,28.0,MEDIUM,True,1,,,True,52.1,27.5,38.9,False,2018
SIR,Williams,29.0,97.281,18.0,313,8.0,MEDIUM,True,1,,,True,52.1,27.5,38.9,False,2018
VET,Ferrari,30.0,93.095,1.0,313,10.0,MEDIUM,True,1,,,True,52.1,27.5,38.9,False,2018
BOT,Mercedes,30.0,92.632,2.0,314,9.0,MEDIUM,True,1,,,True,52.1,27.5,38.9,False,2018
VER,Red Bull Racing,30.0,93.634,3.0,314,13.0,MEDIUM,True,1,,,True,52.1,27.5,38.9,False,2018
RIC,Red Bull Racing,30.0,92.64,4.0,315,12.0,MEDIUM,True,1,0 days 00:54:29.820000,,False,52.1,27.5,38.9,False,2018
RAI,Ferrari,30.0,93.689,5.0,315,17.0,MEDIUM,True,1,,,True,52.1,27.5,38.9,False,2018
HAM,Mercedes,30.0,92.156,6.0,316,5.0,MEDIUM,True,1,,,True,52.1,27.5,38.9,False,2018
HUL,Renault,30.0,94.824,7.0,316,10.0,HARD,True,1,,,True,53.0,27.5,38.8,False,2018
OCO,Force India,30.0,95.089,8.0,316,11.0,MEDIUM,True,1,,,True,53.0,27.5,38.8,False,2018
ALO,McLaren,30.0,94.968,9.0,316,17.0,MEDIUM,True,1,,,True,53.0,27.5,38.8,False,2018
MAG,Haas F1 Team,30.0,95.005,10.0,317,5.0,MEDIUM,True,1,,,True,53.0,27.5,38.8,False,2018
SAI,Renault,30.0,94.667,11.0,317,13.0,HARD,True,1,,,True,53.0,27.5,38.8,False,2018
GAS,Toro Rosso,30.0,94.512,12.0,318,10.0,MEDIUM,True,1,,,True,53.0,27.5,38.8,False,2018
PER,Force India,30.0,94.294,13.0,318,17.0,MEDIUM,True,1,,,True,53.0,27.5,38.8,False,2018
ERI,Sauber,30.0,94.458,14.0,319,6.0,MEDIUM,True,1,,,True,53.0,27.5,38.8,False,2018
GRO,Haas F1 Team,30.0,94.672,15.0,320,4.0,MEDIUM,True,1,,,True,53.0,27.5,38.8,False,2018
VAN,McLaren,30.0,94.685,16.0,320,9.0,MEDIUM,True,1,,,True,53.0,27.5,38.8,False,2018
STR,Williams,30.0,97.719,17.0,320,29.0,MEDIUM,True,1,0 days 00:55:51.613000,,False,53.2,27.6,38.7,False,2018
SIR,Williams,30.0,97.227,18.0,321,9.0,MEDIUM,True,1,,,True,53.2,27.6,38.7,False,2018
VET,Ferrari,31.0,92.889,1.0,321,11.0,MEDIUM,True,1,,,True,53.2,27.6,38.7,False,2018
BOT,Mercedes,31.0,92.924,2.0,322,10.0,MEDIUM,True,1,,,True,53.2,27.6,38.7,False,2018
VER,Red Bull Racing,31.0,93.162,3.0,322,14.0,MEDIUM,True,1,,,True,53.2,27.6,38.7,False,2018
RAI,Ferrari,31.0,93.079,4.0,322,18.0,MEDIUM,True,1,,,True,53.2,27.6,38.7,False,2018
HAM,Mercedes,31.0,91.81,5.0,323,6.0,MEDIUM,True,1,,,True,53.2,27.6,38.7,False,2018
RIC,Red Bull Racing,31.0,111.641,6.0,324,1.0,SOFT,True,1,,0 days 00:54:57.786000,False,53.2,27.6,38.7,False,2018
HUL,Renault,31.0,95.055,7.0,324,11.0,HARD,True,1,,,True,53.2,27.6,38.6,False,2018
OCO,Force India,31.0,94.992,8.0,324,12.0,MEDIUM,True,1,,,True,53.2,27.6,38.6,False,2018
ALO,McLaren,31.0,95.001,9.0,324,18.0,MEDIUM,True,1,,,True,53.2,27.6,38.6,False,2018
MAG,Haas F1 Team,31.0,94.961,10.0,325,6.0,MEDIUM,True,1,,,True,53.2,27.6,38.6,False,2018
SAI,Renault,31.0,95.241,11.0,325,14.0,HARD,True,1,,,True,53.2,27.6,38.6,False,2018
GAS,Toro Rosso,31.0,94.48,12.0,326,11.0,MEDIUM,True,1,,,True,53.2,27.6,38.6,False,2018
PER,Force India,31.0,94.748,13.0,326,18.0,MEDIUM,True,1,,,True,53.2,27.6,38.6,False,2018
ERI,Sauber,31.0,94.77,14.0,327,7.0,MEDIUM,True,1,,,True,53.2,27.6,38.6,False,2018
GRO,Haas F1 Team,31.0,94.509,15.0,328,5.0,MEDIUM,True,1,,,True,53.2,27.6,38.6,False,2018
VAN,McLaren,31.0,94.767,16.0,328,10.0,MEDIUM,True,1,,,True,53.2,27.6,38.6,False,2018
SIR,Williams,31.0,97.563,17.0,329,10.0,MEDIUM,True,12,,,True,53.1,27.5,39.1,False,2018
STR,Williams,31.0,115.437,18.0,330,1.0,SOFT,True,12,,0 days 00:56:19.302000,False,53.1,27.5,39.1,False,2018
VET,Ferrari,32.0,93.175,1.0,330,12.0,MEDIUM,True,12,,,True,53.2,27.6,38.6,False,2018
BOT,Mercedes,32.0,92.795,2.0,331,11.0,MEDIUM,True,12,,,True,53.2,27.6,38.6,False,2018
VER,Red Bull Racing,32.0,93.513,3.0,331,15.0,MEDIUM,True,12,,,True,53.2,27.6,38.6,False,2018
RAI,Ferrari,32.0,93.443,4.0,331,19.0,MEDIUM,True,12,,,True,53.2,27.6,38.6,False,2018
HAM,Mercedes,32.0,93.269,5.0,332,7.0,MEDIUM,True,12,,,True,53.2,27.6,38.6,False,2018
RIC,Red Bull Racing,32.0,92.919,6.0,333,2.0,SOFT,True,12,,,True,53.1,27.5,39.1,False,2018
ALO,McLaren,32.0,105.571,7.0,333,19.0,MEDIUM,True,124,0 days 00:58:43.094000,,False,53.1,27.5,39.1,False,2018
HUL,Renault,32.0,108.493,8.0,334,12.0,HARD,True,124,,,False,53.1,27.5,39.1,False,2018
OCO,Force India,32.0,109.194,9.0,334,13.0,MEDIUM,True,124,,,False,54.0,27.9,38.5,False,2018
SAI,Renault,32.0,107.349,10.0,334,15.0,HARD,True,124,0 days 00:58:46.922000,,False,54.0,27.9,38.5,False,2018
MAG,Haas F1 Team,32.0,109.846,11.0,335,7.0,MEDIUM,True,124,,,False,54.0,27.9,38.5,False,2018
GAS,Toro Rosso,32.0,107.455,12.0,335,12.0,MEDIUM,True,124,0 days 00:58:50.142000,,False,54.0,27.9,38.5,False,2018
PER,Force India,32.0,108.64,13.0,335,19.0,MEDIUM,True,124,0 days 00:58:53.378000,,False,54.0,27.9,38.5,False,2018
GRO,Haas F1 Team,32.0,115.414,14.0,336,6.0,MEDIUM,True,124,,,False,54.0,27.9,38.5,False,2018
VAN,McLaren,32.0,116.054,15.0,336,11.0,MEDIUM,True,124,,,False,54.0,27.9,38.5,False,2018
SIR,Williams,32.0,125.445,16.0,337,11.0,MEDIUM,True,24,,,False,53.2,27.9,38.1,False,2018
STR,Williams,32.0,125.872,17.0,338,2.0,SOFT,True,24,,,False,53.2,27.9,38.1,False,2018
VET,Ferrari,33.0,114.144,1.0,338,13.0,MEDIUM,True,24,0 days 00:59:15.521000,,False,54.0,27.9,38.5,False,2018
BOT,Mercedes,33.0,119.767,2.0,339,12.0,MEDIUM,True,24,,,False,54.0,27.9,38.5,False,2018
VER,Red Bull Racing,33.0,119.531,3.0,339,16.0,MEDIUM,True,24,0 days 00:59:35.802000,,False,54.0,27.9,38.5,False,2018
RAI,Ferrari,33.0,120.398,4.0,339,20.0,MEDIUM,True,24,0 days 00:59:39.427000,,False,54.0,27.9,38.5,False,2018
HAM,Mercedes,33.0,124.711,5.0,340,8.0,MEDIUM,True,24,,,False,53.2,27.9,38.1,False,2018
RIC,Red Bull Racing,33.0,128.933,6.0,341,3.0,SOFT,True,24,,,False,53.2,27.9,38.1,False,2018
HUL,Renault,33.0,127.821,7.0,341,13.0,HARD,True,4,,,False,52.5,27.5,39.1,False,2018
OCO,Force India,33.0,128.507,8.0,341,14.0,MEDIUM,True,4,,,False,52.5,27.5,39.1,False,2018
MAG,Haas F1 Team,33.0,129.342,9.0,342,8.0,MEDIUM,True,4,,,False,52.5,27.5,39.1,False,2018
ALO,McLaren,33.0,143.13,10.0,343,3.0,SOFT,False,4,,0 days 00:59:11.161000,False,52.5,27.5,39.1,False,2018
GRO,Haas F1 Team,33.0,129.158,11.0,343,7.0,MEDIUM,True,4,,,False,52.5,27.5,39.1,False,2018
SAI,Renault,33.0,144.822,12.0,344,1.0,SOFT,True,4,,0 days 00:59:15.008000,False,52.5,27.5,39.1,False,2018
VAN,McLaren,33.0,127.313,13.0,344,12.0,MEDIUM,True,4,0 days 01:01:14.793000,,False,52.5,27.5,39.1,False,2018
GAS,Toro Rosso,33.0,146.732,14.0,345,4.0,SOFT,False,4,,0 days 00:59:19.863000,False,52.5,27.5,39.1,False,2018
PER,Force India,33.0,144.544,15.0,346,4.0,SOFT,False,4,,0 days 00:59:22.191000,False,52.5,27.5,39.1,False,2018
SIR,Williams,33.0,129.454,16.0,346,12.0,MEDIUM,True,4,,,False,52.5,27.8,38.7,False,2018
STR,Williams,33.0,129.764,17.0,347,3.0,SOFT,True,4,,,False,52.5,27.8,38.7,False,2018
BOT,Mercedes,34.0,145.721,1.0,347,13.0,MEDIUM,True,4,,,False,52.5,27.8,38.7,False,2018
HAM,Mercedes,34.0,128.219,3.0,348,9.0,MEDIUM,True,4,,,False,52.5,27.8,38.7,False,2018
VER,Red Bull Racing,34.0,144.866,4.0,349,1.0,SOFT,True,4,,0 days 01:00:03.803000,False,52.5,27.8,38.7,False,2018
RAI,Ferrari,34.0,145.707,5.0,350,1.0,SOFT,True,4,,0 days 01:00:08.399000,False,52.5,27.8,38.7,False,2018
RIC,Red Bull Racing,34.0,131.124,6.0,350,4.0,SOFT,True,4,,,False,52.5,27.8,38.7,False,2018
HUL,Renault,34.0,102.055,7.0,350,14.0,HARD,True,4,,,False,52.5,27.8,38.7,False,2018
OCO,Force India,34.0,100.724,8.0,350,15.0,MEDIUM,True,4,,,False,52.5,27.8,38.7,False,2018
MAG,Haas F1 Team,34.0,99.504,9.0,351,9.0,MEDIUM,True,4,,,False,52.5,27.8,38.7,False,2018
ALO,McLaren,34.0,103.559,10.0,352,4.0,SOFT,False,4,,,False,51.7,28.2,37.6,False,2018
GRO,Haas F1 Team,34.0,103.409,11.0,352,8.0,MEDIUM,True,4,,,False,51.7,28.2,37.6,False,2018
SAI,Renault,34.0,105.294,12.0,353,2.0,SOFT,True,4,,,False,51.7,28.2,37.6,False,2018
GAS,Toro Rosso,34.0,104.201,13.0,353,5.0,SOFT,False,4,,,False,51.7,28.2,37.6,False,2018
PER,Force India,34.0,103.974,14.0,354,5.0,SOFT,False,4,,,False,51.7,28.2,37.6,False,2018
VAN,McLaren,34.0,121.321,15.0,355,1.0,SOFT,True,4,,0 days 01:01:43.438000,False,51.7,28.2,37.6,False,2018
SIR,Williams,34.0,142.673,16.0,355,13.0,MEDIUM,True,4,,,False,50.8,28.2,37.4,False,2018
STR,Williams,34.0,142.232,17.0,356,4.0,SOFT,True,4,,,False,50.8,28.2,37.4,False,2018
HAM,Mercedes,35.0,144.85,3.0,356,10.0,MEDIUM,True,4,,,False,50.8,28.2,37.4,False,2018
VER,Red Bull Racing,35.0,141.854,4.0,357,2.0,SOFT,True,4,,,False,50.8,28.2,37.4,False,2018
RAI,Ferrari,35.0,140.934,5.0,358,2.0,SOFT,True,4,,,False,50.8,28.2,37.4,False,2018
RIC,Red Bull Racing,35.0,132.811,6.0,358,5.0,SOFT,True,4,,,False,50.8,28.2,37.4,False,2018
HUL,Renault,35.0,115.063,7.0,358,15.0,HARD,True,4,,,False,50.8,28.2,37.4,False,2018
OCO,Force India,35.0,114.615,8.0,358,16.0,MEDIUM,True,4,,,False,50.8,28.2,37.4,False,2018
MAG,Haas F1 Team,35.0,113.576,9.0,359,10.0,MEDIUM,True,4,,,False,50.8,28.2,37.4,False,2018
ALO,McLaren,35.0,107.982,10.0,360,5.0,SOFT,False,4,,,False,50.8,28.2,37.4,False,2018
GRO,Haas F1 Team,35.0,104.015,11.0,360,9.0,MEDIUM,True,4,,,False,50.8,28.2,37.4,False,2018
SAI,Renault,35.0,102.315,12.0,361,3.0,SOFT,True,4,,,False,50.8,28.2,37.4,False,2018
GAS,Toro Rosso,35.0,100.476,13.0,361,6.0,SOFT,False,4,,,False,50.8,28.2,37.4,False,2018
PER,Force India,35.0,101.669,14.0,362,6.0,SOFT,False,4,,,False,50.8,28.2,37.4,False,2018
VAN,McLaren,35.0,98.033,15.0,363,2.0,SOFT,True,4,,,False,50.6,27.9,38.0,False,2018
SIR,Williams,35.0,111.063,16.0,363,14.0,MEDIUM,True,4,,,False,49.4,27.6,38.4,False,2018
STR,Williams,35.0,110.888,17.0,364,5.0,SOFT,True,4,,,False,49.4,27.6,38.4,False,2018
BOT,Mercedes,36.0,143.463,1.0,364,15.0,MEDIUM,True,4,,,False,49.4,27.6,38.4,False,2018
VET,Ferrari,36.0,142.866,2.0,365,3.0,SOFT,True,4,,,False,49.4,27.6,38.4,False,2018
HAM,Mercedes,36.0,143.019,3.0,365,11.0,MEDIUM,True,4,,,False,49.4,27.6,38.4,False,2018
VER,Red Bull Racing,36.0,143.062,4.0,366,3.0,SOFT,True,4,,,False,49.4,27.6,38.4,False,2018
RAI,Ferrari,36.0,140.913,5.0,367,3.0,SOFT,True,4,,,False,49.3,27.5,38.8,False,2018
RIC,Red Bull Racing,36.0,141.249,6.0,367,6.0,SOFT,True,4,,,False,49.3,27.5,38.8,False,2018
HUL,Renault,36.0,141.314,7.0,367,16.0,HARD,True,4,,,False,49.3,27.5,38.8,False,2018
OCO,Force India,36.0,141.428,8.0,367,17.0,MEDIUM,True,4,,,False,49.3,27.5,38.8,False,2018
MAG,Haas F1 Team,36.0,141.069,9.0,368,11.0,MEDIUM,True,4,,,False,49.3,27.5,38.8,False,2018
ALO,McLaren,36.0,135.599,10.0,369,6.0,SOFT,False,4,,,False,49.3,27.5,38.8,False,2018
GRO,Haas F1 Team,36.0,136.146,11.0,369,10.0,MEDIUM,True,4,,,False,49.3,27.5,38.8,False,2018
SAI,Renault,36.0,135.993,12.0,370,4.0,SOFT,True,4,,,False,49.3,27.5,38.8,False,2018
GAS,Toro Rosso,36.0,134.737,13.0,370,7.0,SOFT,False,4,,,False,49.3,27.5,38.8,False,2018
PER,Force India,36.0,133.477,14.0,371,7.0,SOFT,False,4,,,False,49.3,27.5,38.8,False,2018
VAN,McLaren,36.0,125.341,15.0,372,3.0,SOFT,True,4,,,False,49.3,27.5,38.8,False,2018
SIR,Williams,36.0,98.191,16.0,372,15.0,MEDIUM,True,4,,,False,48.2,27.3,39.2,False,2018
STR,Williams,36.0,98.514,17.0,373,6.0,SOFT,True,4,,,False,48.2,27.3,39.2,False,2018
BOT,Mercedes,37.0,140.539,1.0,373,16.0,MEDIUM,True,41,,,False,47.9,27.2,39.6,False,2018
VET,Ferrari,37.0,140.191,2.0,374,4.0,SOFT,True,41,,,False,47.9,27.2,39.6,False,2018
HAM,Mercedes,37.0,140.116,3.0,374,12.0,MEDIUM,True,41,,,False,47.9,27.2,39.6,False,2018
VER,Red Bull Racing,37.0,139.537,4.0,375,4.0,SOFT,True,41,,,False,47.9,27.2,39.6,False,2018
RAI,Ferrari,37.0,138.465,5.0,376,4.0,SOFT,True,41,,,False,47.9,27.2,39.6,False,2018
RIC,Red Bull Racing,37.0,137.737,6.0,376,7.0,SOFT,True,41,,,False,47.9,27.2,39.6,False,2018
HUL,Renault,37.0,136.642,7.0,376,17.0,HARD,True,41,,,False,47.9,27.2,39.6,False,2018
OCO,Force India,37.0,136.223,8.0,376,18.0,MEDIUM,True,41,,,False,47.9,27.2,39.6,False,2018
MAG,Haas F1 Team,37.0,136.384,9.0,377,12.0,MEDIUM,True,41,,,False,47.9,27.2,39.6,False,2018
ALO,McLaren,37.0,135.002,10.0,378,7.0,SOFT,False,41,,,False,47.9,27.2,39.6,False,2018
GRO,Haas F1 Team,37.0,134.474,11.0,378,11.0,MEDIUM,True,41,,,False,47.9,27.2,39.6,False,2018
SAI,Renault,37.0,133.742,12.0,379,5.0,SOFT,True,41,,,False,47.9,27.2,39.6,False,2018
GAS,Toro Rosso,37.0,133.352,13.0,379,8.0,SOFT,False,41,,,False,47.9,27.2,39.6,False,2018
PER,Force India,37.0,133.005,14.0,380,8.0,SOFT,False,41,,,False,47.9,27.2,39.6,False,2018
VAN,McLaren,37.0,130.921,15.0,381,4.0,SOFT,True,41,,,False,47.9,27.2,39.6,False,2018
SIR,Williams,37.0,95.91,16.0,381,16.0,MEDIUM,True,41,,,False,47.9,27.2,39.6,False,2018
STR,Williams,37.0,95.573,17.0,382,7.0,SOFT,True,41,,,False,47.9,27.2,39.6,False,2018
BOT,Mercedes,38.0,91.792,1.0,382,17.0,MEDIUM,True,124,,,False,48.9,27.1,39.4,False,2018
VET,Ferrari,38.0,91.906,2.0,383,5.0,SOFT,True,124,,,False,48.9,27.1,39.4,False,2018
HAM,Mercedes,38.0,92.986,3.0,383,13.0,MEDIUM,True,124,,,False,48.9,27.1,39.4,False,2018
VER,Red Bull Racing,38.0,94.275,4.0,384,5.0,SOFT,True,124,,,False,48.9,27.1,39.4,False,2018
RAI,Ferrari,38.0,95.297,5.0,385,5.0,SOFT,True,124,,,False,48.9,27.1,39.4,False,2018
RIC,Red Bull Racing,38.0,96.728,6.0,385,8.0,SOFT,True,124,,,False,48.9,27.1,39.4,False,2018
HUL,Renault,38.0,100.012,7.0,385,18.0,HARD,True,124,,,False,49.6,27.1,39.4,False,2018
OCO,Force India,38.0,101.081,8.0,385,19.0,MEDIUM,True,124,,,False,49.6,27.1,39.4,False,2018
MAG,Haas F1 Team,38.0,101.993,9.0,386,13.0,MEDIUM,True,124,,,False,49.6,27.1,39.4,False,2018
ALO,McLaren,38.0,103.55,10.0,387,8.0,SOFT,False,124,,,False,49.6,27.1,39.4,False,2018
GAS,Toro Rosso,38.0,103.014,11.0,387,9.0,SOFT,False,124,,,False,49.6,27.1,39.4,False,2018
PER,Force India,38.0,104.084,12.0,388,9.0,SOFT,False,124,,,False,49.6,27.1,39.4,False,2018
VAN,McLaren,38.0,105.369,13.0,389,5.0,SOFT,True,124,,,False,49.6,27.1,39.4,False,2018
SIR,Williams,38.0,109.741,14.0,389,17.0,MEDIUM,True,124,,,False,49.6,27.1,39.4,False,2018
STR,Williams,38.0,110.212,15.0,390,8.0,SOFT,True,124,,,False,49.6,27.1,39.4,False,2018
BOT,Mercedes,39.0,149.372,1.0,390,18.0,MEDIUM,True,4,,,False,51.4,27.4,39.2,False,2018
HAM,Mercedes,39.0,149.101,3.0,391,14.0,MEDIUM,True,4,,,False,51.4,27.4,39.2,False,2018
VER,Red Bull Racing,39.0,148.379,4.0,392,6.0,SOFT,True,4,,,False,51.4,27.4,39.2,False,2018
RAI,Ferrari,39.0,148.092,5.0,393,6.0,SOFT,True,4,,,False,51.4,27.4,39.2,False,2018
RIC,Red Bull Racing,39.0,146.903,6.0,393,9.0,SOFT,True,4,,,False,51.4,27.4,39.2,False,2018
HUL,Renault,39.0,144.185,7.0,393,19.0,HARD,True,4,,,False,51.4,27.4,39.2,False,2018
OCO,Force India,39.0,143.612,8.0,393,20.0,MEDIUM,True,4,,,False,51.4,27.4,39.2,False,2018
MAG,Haas F1 Team,39.0,142.801,9.0,394,14.0,MEDIUM,True,4,,,False,51.4,27.4,39.2,False,2018
ALO,McLaren,39.0,143.3,10.0,395,9.0,SOFT,False,4,,,False,51.4,27.4,39.2,False,2018
GAS,Toro Rosso,39.0,143.315,11.0,395,10.0,SOFT,False,4,,,False,51.4,27.4,39.2,False,2018
PER,Force India,39.0,142.541,12.0,396,10.0,SOFT,False,4,,,False,51.4,27.4,39.2,False,2018
VAN,McLaren,39.0,142.129,13.0,397,6.0,SOFT,True,4,,,False,51.4,27.4,39.2,False,2018
SIR,Williams,39.0,128.823,14.0,397,18.0,MEDIUM,True,4,,,False,51.4,27.4,39.2,False,2018
STR,Williams,39.0,130.305,15.0,398,9.0,SOFT,True,4,,,False,51.4,27.4,39.2,False,2018
BOT,Mercedes,40.0,145.353,1.0,398,19.0,MEDIUM,True,4,,,False,52.1,27.4,38.9,False,2018
VET,Ferrari,40.0,144.933,2.0,399,7.0,SOFT,True,4,,,False,52.1,27.4,38.9,False,2018
HAM,Mercedes,40.0,145.335,3.0,399,15.0,MEDIUM,True,4,,,False,52.1,27.4,38.9,False,2018
VER,Red Bull Racing,40.0,144.878,4.0,400,7.0,SOFT,True,4,,,False,52.1,27.4,38.9,False,2018
RAI,Ferrari,40.0,144.701,5.0,401,7.0,SOFT,True,4,,,False,52.1,27.4,38.9,False,2018
RIC,Red Bull Racing,40.0,144.765,6.0,401,10.0,SOFT,True,4,,,False,52.1,27.4,38.9,False,2018
HUL,Renault,40.0,144.483,7.0,401,20.0,HARD,True,4,,,False,52.1,27.4,38.9,False,2018
OCO,Force India,40.0,144.982,8.0,401,21.0,MEDIUM,True,4,,,False,52.1,27.4,38.9,False,2018
MAG,Haas F1 Team,40.0,145.385,9.0,402,15.0,MEDIUM,True,4,,,False,52.1,27.4,38.9,False,2018
ALO,McLaren,40.0,144.432,10.0,403,10.0,SOFT,False,4,,,False,52.1,27.4,38.9,False,2018
GAS,Toro Rosso,40.0,144.398,11.0,403,11.0,SOFT,False,4,,,False,52.1,27.4,38.9,False,2018
PER,Force India,40.0,145.282,12.0,404,11.0,SOFT,False,4,,,False,52.1,27.4,38.9,False,2018
VAN,McLaren,40.0,145.081,13.0,405,7.0,SOFT,True,4,,,False,52.1,27.4,38.9,False,2018
SIR,Williams,40.0,136.683,14.0,405,19.0,MEDIUM,True,4,,,False,52.1,27.4,38.9,False,2018
STR,Williams,40.0,134.979,15.0,406,10.0,SOFT,True,4,,,False,52.1,27.4,38.9,False,2018
BOT,Mercedes,41.0,143.053,1.0,406,20.0,MEDIUM,True,41,,,False,51.9,27.4,39.2,False,2018
VET,Ferrari,41.0,142.769,2.0,407,8.0,SOFT,True,41,,,False,51.9,27.4,39.2,False,2018
HAM,Mercedes,41.0,142.03,3.0,407,16.0,MEDIUM,True,41,,,False,51.9,27.4,39.2,False,2018
VER,Red Bull Racing,41.0,142.252,4.0,408,8.0,SOFT,True,41,,,False,51.9,27.4,39.2,False,2018
RAI,Ferrari,41.0,141.953,5.0,409,8.0,SOFT,True,41,,,False,51.9,27.4,39.2,False,2018
RIC,Red Bull Racing,41.0,141.496,6.0,409,11.0,SOFT,True,41,,,False,51.9,27.4,39.2,False,2018
HUL,Renault,41.0,140.951,7.0,409,21.0,HARD,True,41,,,False,51.9,27.4,39.2,False,2018
OCO,Force India,41.0,139.883,8.0,409,22.0,MEDIUM,True,41,,,False,51.9,27.4,39.2,False,2018
ALO,McLaren,41.0,137.77,9.0,410,11.0,SOFT,False,41,,,False,51.9,27.4,39.2,False,2018
MAG,Haas F1 Team,41.0,139.588,10.0,410,16.0,MEDIUM,True,41,,,False,51.9,27.4,39.2,False,2018
PER,Force India,41.0,136.142,11.0,411,12.0,SOFT,False,41,,,False,51.9,27.4,39.2,False,2018
GAS,Toro Rosso,41.0,137.952,12.0,412,12.0,SOFT,False,41,,,False,51.9,27.4,39.2,False,2018
VAN,McLaren,41.0,135.863,13.0,413,8.0,SOFT,True,41,,,False,51.9,27.4,39.2,False,2018
SIR,Williams,41.0,134.805,14.0,413,20.0,MEDIUM,True,41,,,False,51.9,27.4,39.2,False,2018
STR,Williams,41.0,134.018,15.0,414,11.0,SOFT,True,41,,,False,51.9,27.4,39.2,False,2018
BOT,Mercedes,42.0,91.873,1.0,414,21.0,MEDIUM,True,1,,,True,51.9,27.4,39.3,False,2018
VET,Ferrari,42.0,91.75,2.0,415,9.0,SOFT,True,1,,,True,51.9,27.4,39.3,False,2018
HAM,Mercedes,42.0,91.858,3.0,415,17.0,MEDIUM,True,1,,,True,51.9,27.4,39.3,False,2018
VER,Red Bull Racing,42.0,92.007,4.0,416,9.0,SOFT,True,1,,,True,51.9,27.4,39.3,False,2018
RAI,Ferrari,42.0,92.235,5.0,417,9.0,SOFT,True,1,,,True,51.9,27.4,39.3,False,2018
RIC,Red Bull Racing,42.0,92.592,6.0,417,12.0,SOFT,True,1,,,True,51.9,27.4,39.3,False,2018
HUL,Renault,42.0,94.429,7.0,417,22.0,HARD,True,1,,,True,51.9,27.4,39.3,False,2018
OCO,Force India,42.0,95.128,8.0,417,23.0,MEDIUM,True,1,,,True,51.9,27.4,39.3,False,2018
MAG,Haas F1 Team,42.0,95.338,9.0,418,17.0,MEDIUM,True,1,,,True,51.9,27.4,39.3,False,2018
ALO,McLaren,42.0,96.46,10.0,419,12.0,SOFT,False,1,,,True,51.9,27.4,39.3,False,2018
PER,Force India,42.0,96.411,11.0,419,13.0,SOFT,False,1,,,True,51.9,27.4,39.3,False,2018
GAS,Toro Rosso,42.0,96.701,12.0,420,13.0,SOFT,False,1,,,True,51.9,27.4,39.3,False,2018
VAN,McLaren,42.0,96.691,13.0,421,9.0,SOFT,True,1,,,True,51.9,27.4,39.3,False,2018
STR,Williams,42.0,97.088,14.0,421,12.0,SOFT,True,1,,,True,51.9,27.4,39.3,False,2018
SIR,Williams,42.0,99.289,15.0,421,21.0,MEDIUM,True,1,,,True,51.9,27.4,39.3,False,2018
BOT,Mercedes,43.0,91.377,1.0,421,22.0,MEDIUM,True,1,,,True,49.4,27.4,39.2,False,2018
VET,Ferrari,43.0,91.534,2.0,422,10.0,SOFT,True,1,,,True,49.4,27.4,39.2,False,2018
HAM,Mercedes,43.0,91.871,3.0,422,18.0,MEDIUM,True,1,,,True,49.4,27.4,39.2,False,2018
RAI,Ferrari,43.0,91.289,4.0,423,10.0,SOFT,True,1,,,True,49.4,27.4,39.2,False,2018
VER,Red Bull Racing,43.0,93.689,5.0,424,10.0,SOFT,True,1,,,True,49.4,27.4,39.2,False,2018
RIC,Red Bull Racing,43.0,92.596,6.0,424,13.0,SOFT,True,1,,,True,49.4,27.4,39.2,False,2018
HUL,Renault,43.0,94.175,7.0,424,23.0,HARD,True,1,,,True,49.4,27.4,39.2,False,2018
OCO,Force India,43.0,94.444,8.0,424,24.0,MEDIUM,True,1,,,True,49.4,27.4,39.2,False,2018
MAG,Haas F1 Team,43.0,94.172,9.0,425,18.0,MEDIUM,True,1,,,True,49.4,27.4,39.2,False,2018
ALO,McLaren,43.0,94.2,10.0,426,13.0,SOFT,False,1,,,True,49.4,27.4,39.2,False,2018
PER,Force India,43.0,94.281,11.0,426,14.0,SOFT,False,1,,,True,49.4,27.4,39.2,False,2018
GAS,Toro Rosso,43.0,94.369,12.0,427,14.0,SOFT,False,1,,,True,49.4,27.4,39.2,False,2018
VAN,McLaren,43.0,94.634,13.0,428,10.0,SOFT,True,1,,,True,49.4,27.4,39.2,False,2018
STR,Williams,43.0,94.949,14.0,428,13.0,SOFT,True,1,,,True,49.4,27.4,39.2,False,2018
SIR,Williams,43.0,95.368,15.0,428,22.0,MEDIUM,True,1,,,True,49.4,27.4,39.2,False,2018
BOT,Mercedes,44.0,93.151,1.0,428,23.0,MEDIUM,True,1,,,True,48.8,27.4,39.2,False,2018
VET,Ferrari,44.0,93.085,2.0,429,11.0,SOFT,True,1,,,True,48.8,27.4,39.2,False,2018
HAM,Mercedes,44.0,92.56,3.0,429,19.0,MEDIUM,True,1,,,True,48.8,27.4,39.2,False,2018
RAI,Ferrari,44.0,92.007,4.0,430,11.0,SOFT,True,1,,,True,48.8,27.4,39.2,False,2018
VER,Red Bull Racing,44.0,92.18,5.0,431,11.0,SOFT,True,1,,,True,48.8,27.4,39.2,False,2018
RIC,Red Bull Racing,44.0,92.26,6.0,431,14.0,SOFT,True,1,,,True,48.8,27.4,39.2,False,2018
HUL,Renault,44.0,94.191,7.0,431,24.0,HARD,True,1,,,True,48.8,27.4,39.2,False,2018
OCO,Force India,44.0,94.092,8.0,431,25.0,MEDIUM,True,1,,,True,48.8,27.4,39.2,False,2018
MAG,Haas F1 Team,44.0,94.148,9.0,432,19.0,MEDIUM,True,1,,,True,48.8,27.4,39.2,False,2018
ALO,McLaren,44.0,94.118,10.0,433,14.0,SOFT,False,1,,,True,48.8,27.4,39.2,False,2018
PER,Force India,44.0,93.968,11.0,433,15.0,SOFT,False,1,,,True,48.8,27.4,39.2,False,2018
GAS,Toro Rosso,44.0,93.937,12.0,434,15.0,SOFT,False,1,,,True,48.8,27.4,39.2,False,2018
VAN,McLaren,44.0,94.098,13.0,435,11.0,SOFT,True,1,,,True,48.8,27.4,39.2,False,2018
STR,Williams,44.0,94.076,14.0,435,14.0,SOFT,True,1,,,True,48.8,27.4,39.2,False,2018
SIR,Williams,44.0,95.318,15.0,435,23.0,MEDIUM,True,1,,,True,49.0,27.2,39.5,False,2018
BOT,Mercedes,45.0,92.233,1.0,435,24.0,MEDIUM,True,1,,,True,49.8,27.1,39.6,False,2018
VET,Ferrari,45.0,92.19,2.0,436,12.0,SOFT,True,1,,,True,49.8,27.1,39.6,False,2018
HAM,Mercedes,45.0,92.304,3.0,436,20.0,MEDIUM,True,1,,,True,49.8,27.1,39.6,False,2018
RAI,Ferrari,45.0,92.246,4.0,437,12.0,SOFT,True,1,,,True,49.8,27.1,39.6,False,2018
VER,Red Bull Racing,45.0,92.114,5.0,438,12.0,SOFT,True,1,,,True,49.8,27.1,39.6,False,2018
RIC,Red Bull Racing,45.0,92.326,6.0,438,15.0,SOFT,True,1,,,True,49.8,27.1,39.6,False,2018
HUL,Renault,45.0,93.903,7.0,438,25.0,HARD,True,1,,,True,49.8,27.1,39.6,False,2018
OCO,Force India,45.0,94.101,8.0,438,26.0,MEDIUM,True,1,,,True,49.8,27.1,39.6,False,2018
MAG,Haas F1 Team,45.0,94.031,9.0,439,20.0,MEDIUM,True,1,,,True,49.8,27.1,39.6,False,2018
ALO,McLaren,45.0,94.08,10.0,440,15.0,SOFT,False,1,,,True,49.8,27.1,39.6,False,2018
PER,Force India,45.0,94.108,11.0,440,16.0,SOFT,False,1,,,True,49.8,27.1,39.6,False,2018
GAS,Toro Rosso,45.0,94.21,12.0,441,16.0,SOFT,False,1,,,True,49.8,27.1,39.6,False,2018
VAN,McLaren,45.0,94.239,13.0,442,12.0,SOFT,True,1,,,True,49.8,27.1,39.6,False,2018
STR,Williams,45.0,95.075,14.0,442,15.0,SOFT,True,1,,,True,49.8,27.1,39.6,False,2018
SIR,Williams,45.0,95.465,15.0,442,24.0,MEDIUM,True,1,,,True,49.8,27.1,39.6,False,2018
BOT,Mercedes,46.0,91.805,1.0,442,25.0,MEDIUM,True,12,,,True,50.2,27.3,39.0,False,2018
VET,Ferrari,46.0,91.93,2.0,443,13.0,SOFT,True,12,,,True,50.2,27.3,39.0,False,2018
HAM,Mercedes,46.0,91.985,3.0,443,21.0,MEDIUM,True,12,,,True,50.2,27.3,39.0,False,2018
RAI,Ferrari,46.0,91.843,4.0,444,13.0,SOFT,True,12,,,True,50.2,27.3,39.0,False,2018
RIC,Red Bull Racing,46.0,91.589,5.0,444,16.0,SOFT,True,12,,,True,50.2,27.3,39.0,False,2018
HUL,Renault,46.0,93.963,6.0,444,26.0,HARD,True,12,,,True,50.8,27.2,38.9,False,2018
OCO,Force India,46.0,94.147,7.0,444,27.0,MEDIUM,True,12,,,True,50.8,27.2,38.9,False,2018
MAG,Haas F1 Team,46.0,94.228,8.0,445,21.0,MEDIUM,True,12,,,True,50.8,27.2,38.9,False,2018
ALO,McLaren,46.0,94.27,9.0,446,16.0,SOFT,False,12,,,True,50.8,27.2,38.9,False,2018
PER,Force India,46.0,94.137,10.0,446,17.0,SOFT,False,12,,,True,50.8,27.2,38.9,False,2018
GAS,Toro Rosso,46.0,94.117,11.0,447,17.0,SOFT,False,12,,,True,50.8,27.2,38.9,False,2018
VER,Red Bull Racing,46.0,107.567,12.0,448,13.0,SOFT,True,12,,,True,50.8,27.2,38.9,False,2018
VAN,McLaren,46.0,94.029,13.0,449,13.0,SOFT,True,12,,,False,50.8,27.2,38.9,False,2018
STR,Williams,46.0,94.399,14.0,449,16.0,SOFT,True,12,,,True,50.8,27.2,38.9,False,2018
SIR,Williams,46.0,95.222,15.0,449,25.0,MEDIUM,True,12,,,True,50.8,27.2,38.9,False,2018
VET,Ferrari,47.0,90.696,1.0,450,14.0,SOFT,True,21,,,True,51.0,27.4,38.8,False,2018
BOT,Mercedes,47.0,93.411,2.0,450,26.0,MEDIUM,True,21,,,True,51.0,27.4,38.8,False,2018
HAM,Mercedes,47.0,92.37,3.0,451,22.0,MEDIUM,True,21,,,True,51.0,27.4,38.8,False,2018
RAI,Ferrari,47.0,92.524,4.0,452,14.0,SOFT,True,21,,,True,51.0,27.4,38.8,False,2018
RIC,Red Bull Racing,47.0,91.709,5.0,452,17.0,SOFT,True,21,,,True,51.0,27.4,38.8,False,2018
HUL,Renault,47.0,93.777,6.0,452,27.0,HARD,True,12,,,True,51.0,27.4,38.8,False,2018
OCO,Force India,47.0,93.686,7.0,452,28.0,MEDIUM,True,12,,,True,51.0,27.4,38.8,False,2018
MAG,Haas F1 Team,47.0,93.8,8.0,453,22.0,MEDIUM,True,12,,,True,51.0,27.4,38.8,False,2018
ALO,McLaren,47.0,93.795,9.0,454,17.0,SOFT,False,12,,,True,51.0,27.4,38.8,False,2018
PER,Force India,47.0,94.085,10.0,454,18.0,SOFT,False,12,,,True,51.0,27.4,38.8,False,2018
GAS,Toro Rosso,47.0,94.153,11.0,455,18.0,SOFT,False,12,,,True,51.0,27.4,38.8,False,2018
VAN,McLaren,47.0,94.145,12.0,456,14.0,SOFT,True,12,,,False,51.0,27.4,38.8,False,2018
STR,Williams,47.0,94.079,13.0,456,17.0,SOFT,True,12,,,True,51.0,27.4,38.8,False,2018
SIR,Williams,47.0,94.906,14.0,456,26.0,MEDIUM,True,12,,,True,51.0,27.4,38.8,False,2018
VET,Ferrari,48.0,91.758,1.0,457,15.0,SOFT,True,12,,,True,50.5,27.7,38.1,False,2018
HAM,Mercedes,48.0,91.289,2.0,457,23.0,MEDIUM,True,21,,,True,50.5,27.7,38.1,False,2018
BOT,Mercedes,48.0,93.203,3.0,457,27.0,MEDIUM,True,21,,,True,50.5,27.7,38.1,False,2018
RAI,Ferrari,48.0,92.742,4.0,458,15.0,SOFT,True,21,,,True,50.5,27.7,38.1,False,2018
RIC,Red Bull Racing,48.0,92.106,5.0,458,18.0,SOFT,True,21,,,True,50.5,27.7,38.1,False,2018
HUL,Renault,48.0,93.405,6.0,458,28.0,HARD,True,21,,,True,51.5,27.4,38.8,False,2018
OCO,Force India,48.0,93.606,7.0,458,29.0,MEDIUM,True,21,,,True,51.5,27.4,38.8,False,2018
MAG,Haas F1 Team,48.0,93.604,8.0,459,23.0,MEDIUM,True,21,,,True,51.5,27.4,38.8,False,2018
ALO,McLaren,48.0,93.569,9.0,460,18.0,SOFT,False,21,,,True,51.5,27.4,38.8,False,2018
PER,Force India,48.0,93.472,10.0,460,19.0,SOFT,False,21,,,True,51.5,27.4,38.8,False,2018
GAS,Toro Rosso,48.0,93.465,11.0,461,19.0,SOFT,False,21,,,True,51.5,27.4,38.8,False,2018
VAN,McLaren,48.0,93.551,12.0,462,15.0,SOFT,True,21,,,True,51.5,27.4,38.8,False,2018
STR,Williams,48.0,93.869,13.0,462,18.0,SOFT,True,21,,,True,51.5,27.4,38.8,False,2018
SIR,Williams,48.0,94.778,14.0,462,27.0,MEDIUM,True,1,,,True,51.5,27.4,38.8,False,2018
VET,Ferrari,49.0,91.193,1.0,463,16.0,SOFT,True,1,,,True,51.5,27.7,38.1,False,2018
HAM,Mercedes,49.0,91.269,2.0,463,24.0,MEDIUM,True,1,,,True,51.5,27.7,38.1,False,2018
RAI,Ferrari,49.0,91.376,3.0,464,16.0,SOFT,True,1,,,True,51.5,27.7,38.1,False,2018
BOT,Mercedes,49.0,94.06,4.0,464,28.0,MEDIUM,True,1,,,True,51.5,27.7,38.1,False,2018
RIC,Red Bull Racing,49.0,93.048,5.0,465,19.0,SOFT,True,1,,,True,51.5,27.7,38.1,False,2018
HUL,Renault,49.0,93.87,6.0,465,29.0,HARD,True,1,,,True,51.5,27.7,38.1,False,2018
OCO,Force India,49.0,93.975,7.0,465,30.0,MEDIUM,True,1,,,True,51.5,27.7,38.1,False,2018
MAG,Haas F1 Team,49.0,94.066,8.0,466,24.0,MEDIUM,True,1,,,True,51.5,27.7,38.1,False,2018
ALO,McLaren,49.0,93.907,9.0,467,19.0,SOFT,False,1,,,True,51.5,27.7,38.1,False,2018
PER,Force India,49.0,93.941,10.0,467,20.0,SOFT,False,1,,,True,51.5,27.7,38.1,False,2018
GAS,Toro Rosso,49.0,93.945,11.0,468,20.0,SOFT,False,1,,,True,51.5,27.7,38.1,False,2018
VAN,McLaren,49.0,93.838,12.0,469,16.0,SOFT,True,1,,,True,51.5,27.7,38.1,False,2018
STR,Williams,49.0,94.458,13.0,469,19.0,SOFT,True,1,,,True,51.5,27.7,38.1,False,2018
SIR,Williams,49.0,95.369,14.0,469,28.0,MEDIUM,True,1,,,True,51.5,27.7,38.1,False,2018
VET,Ferrari,50.0,91.116,1.0,470,17.0,SOFT,True,1,,,True,51.6,27.6,38.2,False,2018
HAM,Mercedes,50.0,91.509,2.0,470,25.0,MEDIUM,True,1,,,True,51.6,27.6,38.2,False,2018
RAI,Ferrari,50.0,91.541,3.0,471,17.0,SOFT,True,1,,,True,51.6,27.6,38.2,False,2018
BOT,Mercedes,50.0,92.299,4.0,471,29.0,MEDIUM,True,1,,,True,51.6,27.6,38.2,False,2018
RIC,Red Bull Racing,50.0,92.575,5.0,472,20.0,SOFT,True,1,,,True,51.6,27.6,37.4,False,2018
HUL,Renault,50.0,93.902,6.0,472,30.0,HARD,True,1,,,True,51.6,27.6,37.4,False,2018
OCO,Force India,50.0,93.864,7.0,472,31.0,MEDIUM,True,1,,,True,51.6,27.6,37.4,False,2018
MAG,Haas F1 Team,50.0,93.816,8.0,473,25.0,MEDIUM,True,1,,,True,51.6,27.6,37.4,False,2018
ALO,McLaren,50.0,93.94,9.0,474,20.0,SOFT,False,1,,,True,51.6,27.6,37.4,False,2018
GAS,Toro Rosso,50.0,94.592,10.0,474,21.0,SOFT,False,1,,,True,51.6,27.6,37.4,False,2018
PER,Force India,50.0,95.285,11.0,475,21.0,SOFT,False,1,,,True,51.6,27.6,37.4,False,2018
VAN,McLaren,50.0,94.713,12.0,476,17.0,SOFT,True,1,,,True,51.6,27.6,37.4,False,2018
STR,Williams,50.0,94.192,13.0,476,20.0,SOFT,True,1,,,True,51.6,27.6,37.4,False,2018
SIR,Williams,50.0,95.149,14.0,476,29.0,MEDIUM,True,1,,,True,51.6,27.6,37.4,False,2018
VET,Ferrari,51.0,91.421,1.0,477,18.0,SOFT,True,1,,,True,51.8,27.6,37.3,False,2018
HAM,Mercedes,51.0,91.409,2.0,477,26.0,MEDIUM,True,1,,,True,51.8,27.6,37.3,False,2018
RAI,Ferrari,51.0,90.795,3.0,478,18.0,SOFT,True,1,,,True,51.8,27.6,37.3,False,2018
BOT,Mercedes,51.0,92.209,4.0,478,30.0,MEDIUM,True,1,,,True,51.8,27.6,37.3,False,2018
RIC,Red Bull Racing,51.0,91.945,5.0,479,21.0,SOFT,True,1,,,True,51.8,27.6,37.3,False,2018
HUL,Renault,51.0,93.881,6.0,479,31.0,HARD,True,1,,,True,51.8,27.6,37.3,False,2018
OCO,Force India,51.0,93.645,7.0,479,32.0,MEDIUM,True,1,,,True,51.8,27.6,37.3,False,2018
MAG,Haas F1 Team,51.0,93.676,8.0,480,26.0,MEDIUM,True,1,,,True,51.8,27.6,37.3,False,2018
ALO,McLaren,51.0,93.522,9.0,481,21.0,SOFT,False,1,,,True,51.8,27.6,37.3,False,2018
GAS,Toro Rosso,51.0,93.596,10.0,481,22.0,SOFT,False,1,,,True,51.8,27.6,37.3,False,2018
PER,Force India,51.0,94.384,11.0,482,22.0,SOFT,False,1,,,True,51.8,27.6,37.3,False,2018
VAN,McLaren,51.0,94.952,12.0,483,18.0,SOFT,True,1,,,True,51.8,27.6,37.3,False,2018
STR,Williams,51.0,94.22,13.0,483,21.0,SOFT,True,1,,,True,51.8,27.6,37.3,False,2018
SIR,Williams,51.0,95.046,14.0,483,30.0,MEDIUM,True,1,,,True,51.8,27.8,37.4,False,2018
VET,Ferrari,52.0,91.594,1.0,484,19.0,SOFT,True,1,,,True,51.8,27.8,37.4,False,2018
HAM,Mercedes,52.0,91.245,2.0,484,27.0,MEDIUM,True,1,,,True,51.8,27.8,37.4,False,2018
RAI,Ferrari,52.0,91.165,3.0,485,19.0,SOFT,True,1,,,True,51.8,27.8,37.4,False,2018
BOT,Mercedes,52.0,92.248,4.0,485,31.0,MEDIUM,True,1,,,True,51.8,27.9,37.4,False,2018
RIC,Red Bull Racing,52.0,92.283,5.0,486,22.0,SOFT,True,1,,,True,51.8,27.9,37.4,False,2018
HUL,Renault,52.0,93.784,6.0,486,32.0,HARD,True,1,,,True,51.8,27.9,37.4,False,2018
OCO,Force India,52.0,93.879,7.0,486,33.0,MEDIUM,True,1,,,True,51.8,27.9,37.4,False,2018
ALO,McLaren,52.0,93.482,8.0,487,22.0,SOFT,False,1,,,True,51.8,27.9,37.4,False,2018
MAG,Haas F1 Team,52.0,96.136,9.0,487,27.0,MEDIUM,True,1,,,True,51.8,27.9,37.4,False,2018
GAS,Toro Rosso,52.0,94.381,10.0,488,23.0,SOFT,False,1,,,True,51.8,27.9,37.4,False,2018
PER,Force India,52.0,94.147,11.0,489,23.0,SOFT,False,1,,,True,51.8,27.9,37.4,False,2018
VAN,McLaren,52.0,93.656,12.0,490,19.0,SOFT,True,1,,,True,51.8,27.9,37.4,False,2018
STR,Williams,52.0,93.957,13.0,490,22.0,SOFT,True,1,,,True,51.8,27.9,37.4,False,2018
SIR,Williams,52.0,94.62,14.0,490,31.0,MEDIUM,True,1,,,True,51.8,27.9,37.4,False,2018
BOT,Mercedes,1.0,94.461,1.0,1,6.0,MEDIUM,False,1,,,False,32.2,19.0,63.2,False,2019
HAM,Mercedes,1.0,94.895,2.0,2,5.0,MEDIUM,False,1,,,False,32.2,19.0,63.2,False,2019
LEC,Ferrari,1.0,96.045,3.0,3,4.0,SOFT,False,1,,,False,32.2,19.0,63.2,False,2019
VER,Red Bull Racing,1.0,96.721,4.0,3,6.0,MEDIUM,False,1,,,False,32.2,19.0,63.2,False,2019
VET,Ferrari,1.0,97.36,5.0,4,4.0,SOFT,False,1,,,False,32.2,19.0,63.2,False,2019
GAS,Red Bull Racing,1.0,98.238,6.0,4,6.0,MEDIUM,False,1,,,False,32.2,19.0,63.2,False,2019
NOR,McLaren,1.0,99.321,7.0,5,4.0,SOFT,False,1,,,False,32.2,19.0,63.2,False,2019
RIC,Renault,1.0,99.643,8.0,6,4.0,SOFT,False,1,,,False,32.2,19.0,63.2,False,2019
HUL,Renault,1.0,100.192,9.0,7,4.0,SOFT,False,1,,,False,32.2,19.0,63.2,False,2019
ALB,Toro Rosso,1.0,100.608,10.0,7,6.0,SOFT,False,1,,,False,32.2,19.0,63.2,False,2019
SAI,McLaren,1.0,101.311,11.0,8,1.0,MEDIUM,True,1,,,False,32.2,19.0,63.2,False,2019
RAI,Alfa Romeo Racing,1.0,102.014,12.0,9,1.0,MEDIUM,True,1,,,False,32.2,19.0,63.2,False,2019
GIO,Alfa Romeo Racing,1.0,102.302,13.0,10,1.0,MEDIUM,True,1,,,False,32.2,19.0,63.2,False,2019
PER,Racing Point,1.0,102.803,14.0,11,1.0,MEDIUM,True,1,,,False,32.2,19.0,63.2,False,2019
STR,Racing Point,1.0,103.173,15.0,12,1.0,MEDIUM,True,1,,,False,32.2,19.0,63.2,False,2019
KVY,Toro Rosso,1.0,103.641,16.0,13,1.0,SOFT,True,1,,,False,32.2,19.0,63.2,False,2019
RUS,Williams,1.0,104.462,17.0,14,1.0,MEDIUM,True,1,,,False,32.2,19.0,63.2,False,2019
KUB,Williams,1.0,105.665,18.0,15,1.0,MEDIUM,True,1,,,False,32.2,19.0,63.2,False,2019
GRO,Haas F1 Team,1.0,129.704,19.0,16,1.0,SOFT,True,1,0 days 00:35:12.352000,,False,32.2,19.0,63.2,False,2019
MAG,Haas F1 Team,1.0,159.14,20.0,17,1.0,SOFT,True,1,0 days 00:35:41.680000,,False,32.1,19.0,64.1,False,2019
BOT,Mercedes,2.0,91.644,1.0,17,7.0,MEDIUM,False,1,,,True,32.1,19.0,64.1,False,2019
HAM,Mercedes,2.0,91.923,2.0,18,6.0,MEDIUM,False,1,,,True,32.1,19.0,64.1,False,2019
LEC,Ferrari,2.0,92.158,3.0,19,5.0,SOFT,False,1,,,True,32.1,19.0,64.1,False,2019
VER,Red Bull Racing,2.0,92.195,4.0,19,7.0,MEDIUM,False,1,,,True,32.1,19.0,64.1,False,2019
VET,Ferrari,2.0,92.383,5.0,20,5.0,SOFT,False,1,,,True,32.1,19.0,64.1,False,2019
GAS,Red Bull Racing,2.0,92.305,6.0,20,7.0,MEDIUM,False,1,,,True,32.1,19.0,64.1,False,2019
NOR,McLaren,2.0,93.18,7.0,21,5.0,SOFT,False,1,,,True,32.1,19.0,64.1,False,2019
RIC,Renault,2.0,93.528,8.0,22,5.0,SOFT,False,1,,,True,32.1,19.0,64.1,False,2019
HUL,Renault,2.0,93.79,9.0,23,5.0,SOFT,False,1,,,True,32.1,19.0,64.1,False,2019
ALB,Toro Rosso,2.0,94.078,10.0,23,7.0,SOFT,False,1,,,True,32.1,19.0,64.1,False,2019
SAI,McLaren,2.0,94.057,11.0,24,2.0,MEDIUM,True,1,,,True,31.8,19.1,63.0,False,2019
RAI,Alfa Romeo Racing,2.0,94.231,12.0,25,2.0,MEDIUM,True,1,,,True,31.8,19.1,63.0,False,2019
GIO,Alfa Romeo Racing,2.0,94.84,13.0,26,2.0,MEDIUM,True,1,,,True,31.8,19.1,63.0,False,2019
PER,Racing Point,2.0,94.738,14.0,27,2.0,MEDIUM,True,1,,,True,31.8,19.1,63.0,False,2019
STR,Racing Point,2.0,94.761,15.0,28,2.0,MEDIUM,True,1,,,True,31.8,19.1,63.0,False,2019
KVY,Toro Rosso,2.0,94.766,16.0,29,2.0,SOFT,True,1,,,True,31.8,19.1,63.0,False,2019
RUS,Williams,2.0,95.036,17.0,30,2.0,MEDIUM,True,1,,,True,31.8,19.1,63.0,False,2019
KUB,Williams,2.0,95.258,18.0,31,2.0,MEDIUM,True,1,,,True,31.8,19.1,63.0,False,2019
GRO,Haas F1 Team,2.0,124.009,19.0,32,1.0,HARD,True,1,,0 days 00:35:45.908000,False,31.8,19.1,63.0,False,2019
MAG,Haas F1 Team,2.0,124.944,20.0,33,1.0,HARD,True,1,,0 days 00:36:14.471000,False,31.7,19.1,62.3,False,2019
BOT,Mercedes,3.0,91.985,1.0,33,8.0,MEDIUM,False,1,,,True,31.7,19.1,62.3,False,2019
HAM,Mercedes,3.0,91.635,2.0,34,7.0,MEDIUM,False,1,,,True,31.7,19.1,62.3,False,2019
LEC,Ferrari,3.0,91.883,3.0,35,6.0,SOFT,False,1,,,True,31.7,19.1,62.3,False,2019
VER,Red Bull Racing,3.0,91.929,4.0,35,8.0,MEDIUM,False,1,,,True,31.7,19.1,62.3,False,2019
VET,Ferrari,3.0,91.816,5.0,36,6.0,SOFT,False,1,,,True,31.7,19.1,62.3,False,2019
GAS,Red Bull Racing,3.0,91.847,6.0,36,8.0,MEDIUM,False,1,,,True,31.7,19.1,62.3,False,2019
NOR,McLaren,3.0,92.498,7.0,37,6.0,SOFT,False,1,,,True,31.7,19.1,62.3,False,2019
RIC,Renault,3.0,92.519,8.0,38,6.0,SOFT,False,1,,,True,31.7,19.1,62.3,False,2019
HUL,Renault,3.0,92.671,9.0,39,6.0,SOFT,False,1,,,True,31.7,19.1,62.3,False,2019
ALB,Toro Rosso,3.0,92.646,10.0,39,8.0,SOFT,False,1,,,True,31.7,19.1,62.3,False,2019
SAI,McLaren,3.0,92.843,11.0,40,3.0,MEDIUM,True,1,,,True,31.7,19.1,62.3,False,2019
RAI,Alfa Romeo Racing,3.0,93.467,12.0,41,3.0,MEDIUM,True,1,,,True,31.7,19.1,62.3,False,2019
PER,Racing Point,3.0,93.173,13.0,42,3.0,MEDIUM,True,1,,,True,31.7,19.1,62.3,False,2019
STR,Racing Point,3.0,93.651,14.0,43,3.0,MEDIUM,True,1,,,True,31.7,19.1,62.3,False,2019
GIO,Alfa Romeo Racing,3.0,95.218,15.0,44,3.0,MEDIUM,True,1,,,True,31.7,19.1,62.3,False,2019
KVY,Toro Rosso,3.0,94.286,16.0,45,3.0,SOFT,True,1,,,True,31.7,19.1,62.3,False,2019
RUS,Williams,3.0,94.376,17.0,46,3.0,MEDIUM,True,1,,,True,31.7,19.1,62.3,False,2019
KUB,Williams,3.0,95.087,18.0,47,3.0,MEDIUM,True,1,,,True,31.7,19.1,62.3,False,2019
GRO,Haas F1 Team,3.0,97.851,19.0,48,2.0,HARD,True,1,,,True,31.7,19.0,62.3,False,2019
MAG,Haas F1 Team,3.0,109.883,20.0,49,2.0,HARD,True,1,,,True,31.5,19.3,61.5,False,2019
BOT,Mercedes,4.0,91.603,1.0,49,9.0,MEDIUM,False,1,,,True,31.7,19.0,62.3,False,2019
HAM,Mercedes,4.0,92.058,2.0,50,8.0,MEDIUM,False,1,,,True,31.7,19.0,62.3,False,2019
LEC,Ferrari,4.0,91.639,3.0,51,7.0,SOFT,False,1,,,True,31.7,19.0,62.3,False,2019
VER,Red Bull Racing,4.0,91.616,4.0,51,9.0,MEDIUM,False,1,,,True,31.7,19.0,62.3,False,2019
VET,Ferrari,4.0,91.77,5.0,52,7.0,SOFT,False,1,,,True,31.7,19.0,62.3,False,2019
GAS,Red Bull Racing,4.0,91.656,6.0,52,9.0,MEDIUM,False,1,,,True,31.7,19.0,62.3,False,2019
NOR,McLaren,4.0,92.903,7.0,53,7.0,SOFT,False,1,,,True,31.5,19.3,61.5,False,2019
RIC,Renault,4.0,92.945,8.0,54,7.0,SOFT,False,1,,,True,31.5,19.3,61.5,False,2019
HUL,Renault,4.0,92.902,9.0,55,7.0,SOFT,False,1,,,True,31.5,19.3,61.5,False,2019
ALB,Toro Rosso,4.0,92.766,10.0,55,9.0,SOFT,False,1,,,True,31.5,19.3,61.5,False,2019
SAI,McLaren,4.0,93.17,11.0,56,4.0,MEDIUM,True,1,,,True,31.5,19.3,61.5,False,2019
RAI,Alfa Romeo Racing,4.0,93.44,12.0,57,4.0,MEDIUM,True,1,,,True,31.5,19.3,61.5,False,2019
PER,Racing Point,4.0,93.194,13.0,58,4.0,MEDIUM,True,1,,,True,31.5,19.3,61.5,False,2019
STR,Racing Point,4.0,93.481,14.0,59,4.0,MEDIUM,True,1,,,True,31.5,19.3,61.5,False,2019
KVY,Toro Rosso,4.0,93.599,15.0,60,4.0,SOFT,True,1,,,True,31.5,19.3,61.5,False,2019
GIO,Alfa Romeo Racing,4.0,95.001,16.0,61,4.0,MEDIUM,True,1,,,True,31.5,19.3,61.5,False,2019
RUS,Williams,4.0,94.58,17.0,62,4.0,MEDIUM,True,1,,,True,31.5,19.3,61.5,False,2019
KUB,Williams,4.0,94.89,18.0,63,4.0,MEDIUM,True,1,,,True,31.5,19.3,61.5,False,2019
GRO,Haas F1 Team,4.0,94.35,19.0,64,3.0,HARD,True,1,,,True,31.5,19.0,60.4,False,2019
MAG,Haas F1 Team,4.0,93.954,20.0,65,3.0,HARD,True,1,,,True,31.5,19.0,60.4,False,2019
BOT,Mercedes,5.0,91.013,1.0,65,10.0,MEDIUM,False,1,,,True,31.5,19.0,60.4,False,2019
HAM,Mercedes,5.0,91.54,2.0,66,9.0,MEDIUM,False,1,,,True,31.5,19.0,60.4,False,2019
LEC,Ferrari,5.0,91.888,3.0,67,8.0,SOFT,False,1,,,True,31.5,19.0,60.4,False,2019
VER,Red Bull Racing,5.0,91.924,4.0,67,10.0,MEDIUM,False,1,,,True,31.5,19.0,60.4,False,2019
VET,Ferrari,5.0,91.6,5.0,68,8.0,SOFT,False,1,,,True,31.5,19.0,60.4,False,2019
GAS,Red Bull Racing,5.0,91.844,6.0,68,10.0,MEDIUM,False,1,,,True,31.5,19.0,60.4,False,2019
NOR,McLaren,5.0,92.317,7.0,69,8.0,SOFT,False,1,,,True,31.5,19.0,60.4,False,2019
RIC,Renault,5.0,92.449,8.0,70,8.0,SOFT,False,1,,,True,31.5,19.0,60.4,False,2019
HUL,Renault,5.0,92.596,9.0,71,8.0,SOFT,False,1,,,True,31.5,19.0,60.4,False,2019
ALB,Toro Rosso,5.0,92.701,10.0,71,10.0,SOFT,False,1,,,True,31.5,19.0,60.4,False,2019
SAI,McLaren,5.0,93.078,11.0,72,5.0,MEDIUM,True,1,,,True,31.5,19.0,60.4,False,2019
PER,Racing Point,5.0,92.748,12.0,73,5.0,MEDIUM,True,1,,,True,31.5,19.0,60.4,False,2019
RAI,Alfa Romeo Racing,5.0,94.252,13.0,74,5.0,MEDIUM,True,1,,,True,31.5,19.0,60.4,False,2019
STR,Racing Point,5.0,93.049,14.0,75,5.0,MEDIUM,True,1,,,True,31.5,19.0,60.4,False,2019
KVY,Toro Rosso,5.0,93.139,15.0,76,5.0,SOFT,True,1,,,True,31.5,19.0,60.4,False,2019
GIO,Alfa Romeo Racing,5.0,93.717,16.0,77,5.0,MEDIUM,True,1,,,True,31.5,19.0,60.4,False,2019
RUS,Williams,5.0,93.621,17.0,78,5.0,MEDIUM,True,1,,,True,31.5,19.0,60.4,False,2019
KUB,Williams,5.0,94.469,18.0,79,5.0,MEDIUM,True,1,,,True,31.5,19.0,60.4,False,2019
GRO,Haas F1 Team,5.0,94.711,19.0,80,4.0,HARD,True,1,,,True,31.3,19.0,59.7,False,2019
MAG,Haas F1 Team,5.0,93.425,20.0,81,4.0,HARD,True,1,,,True,31.0,18.8,59.2,False,2019
BOT,Mercedes,6.0,91.437,1.0,81,11.0,MEDIUM,False,1,,,True,31.3,19.0,59.7,False,2019
HAM,Mercedes,6.0,90.967,2.0,82,10.0,MEDIUM,False,1,,,True,31.3,19.0,59.7,False,2019
LEC,Ferrari,6.0,91.506,3.0,83,9.0,SOFT,False,1,,,True,31.0,18.8,59.2,False,2019
VER,Red Bull Racing,6.0,91.39,4.0,83,11.0,MEDIUM,False,1,,,True,31.0,18.8,59.2,False,2019
VET,Ferrari,6.0,91.674,5.0,84,9.0,SOFT,False,1,,,True,31.0,18.8,59.2,False,2019
GAS,Red Bull Racing,6.0,91.709,6.0,84,11.0,MEDIUM,False,1,,,True,31.0,18.8,59.2,False,2019
NOR,McLaren,6.0,93.019,7.0,85,9.0,SOFT,False,1,,,True,31.0,18.8,59.2,False,2019
RIC,Renault,6.0,92.853,8.0,86,9.0,SOFT,False,1,,,True,31.0,18.8,59.2,False,2019
HUL,Renault,6.0,92.913,9.0,87,9.0,SOFT,False,1,,,True,31.0,18.8,59.2,False,2019
ALB,Toro Rosso,6.0,92.893,10.0,87,11.0,SOFT,False,1,,,True,31.0,18.8,59.2,False,2019
SAI,McLaren,6.0,93.08,11.0,88,6.0,MEDIUM,True,1,,,True,31.0,18.8,59.2,False,2019
PER,Racing Point,6.0,93.465,12.0,89,6.0,MEDIUM,True,1,,,True,31.0,18.8,59.2,False,2019
RAI,Alfa Romeo Racing,6.0,93.479,13.0,90,6.0,MEDIUM,True,1,,,True,31.0,18.8,59.2,False,2019
STR,Racing Point,6.0,93.534,14.0,91,6.0,MEDIUM,True,1,,,True,31.0,18.8,59.2,False,2019
KVY,Toro Rosso,6.0,93.671,15.0,92,6.0,SOFT,True,1,,,True,31.0,18.8,59.2,False,2019
GIO,Alfa Romeo Racing,6.0,93.398,16.0,93,6.0,MEDIUM,True,1,,,True,31.0,18.8,59.2,False,2019
RUS,Williams,6.0,93.648,17.0,94,6.0,MEDIUM,True,1,,,True,31.0,18.8,59.2,False,2019
KUB,Williams,6.0,94.282,18.0,95,6.0,MEDIUM,True,1,,,True,31.0,18.8,59.2,False,2019
GRO,Haas F1 Team,6.0,94.696,19.0,96,5.0,HARD,True,1,,,True,30.9,18.8,61.1,False,2019
MAG,Haas F1 Team,6.0,96.152,20.0,97,5.0,HARD,True,1,0 days 00:44:20.519000,,False,31.1,18.7,61.6,False,2019
BOT,Mercedes,7.0,90.938,1.0,97,12.0,MEDIUM,False,1,,,True,30.9,18.8,61.1,False,2019
HAM,Mercedes,7.0,90.94,2.0,98,11.0,MEDIUM,False,1,,,True,30.9,18.8,61.1,False,2019
LEC,Ferrari,7.0,91.306,3.0,99,10.0,SOFT,False,1,,,True,30.9,18.8,61.1,False,2019
VER,Red Bull Racing,7.0,91.358,4.0,99,12.0,MEDIUM,False,1,,,True,30.9,18.8,61.1,False,2019
VET,Ferrari,7.0,91.745,5.0,100,10.0,SOFT,False,1,,,True,30.9,18.8,61.1,False,2019
GAS,Red Bull Racing,7.0,91.625,6.0,100,12.0,MEDIUM,False,1,,,True,30.9,18.8,61.1,False,2019
NOR,McLaren,7.0,92.745,7.0,101,10.0,SOFT,False,1,,,True,30.9,18.8,61.1,False,2019
RIC,Renault,7.0,92.869,8.0,102,10.0,SOFT,False,1,,,True,30.9,18.8,61.1,False,2019
HUL,Renault,7.0,93.089,9.0,103,10.0,SOFT,False,1,,,True,30.9,18.8,61.1,False,2019
ALB,Toro Rosso,7.0,93.155,10.0,103,12.0,SOFT,False,1,,,True,30.9,18.8,61.1,False,2019
SAI,McLaren,7.0,92.942,11.0,104,7.0,MEDIUM,True,1,,,True,30.9,18.8,61.1,False,2019
PER,Racing Point,7.0,93.256,12.0,105,7.0,MEDIUM,True,1,,,True,30.9,18.8,61.1,False,2019
RAI,Alfa Romeo Racing,7.0,93.53,13.0,106,7.0,MEDIUM,True,1,,,True,30.9,18.8,61.1,False,2019
STR,Racing Point,7.0,93.43,14.0,107,7.0,MEDIUM,True,1,,,True,30.9,18.8,61.1,False,2019
KVY,Toro Rosso,7.0,93.084,15.0,108,7.0,SOFT,True,1,,,True,30.9,18.8,61.1,False,2019
GIO,Alfa Romeo Racing,7.0,93.483,16.0,109,7.0,MEDIUM,True,1,,,True,30.9,18.8,61.1,False,2019
RUS,Williams,7.0,94.095,17.0,110,7.0,MEDIUM,True,1,,,True,30.9,18.8,61.1,False,2019
KUB,Williams,7.0,94.675,18.0,111,7.0,MEDIUM,True,1,,,True,30.9,18.8,61.1,False,2019
GRO,Haas F1 Team,7.0,94.458,19.0,112,6.0,HARD,True,1,,,True,31.1,18.7,61.6,False,2019
BOT,Mercedes,8.0,90.891,1.0,112,13.0,MEDIUM,False,1,,,True,31.1,18.7,61.6,False,2019
HAM,Mercedes,8.0,90.85,2.0,113,12.0,MEDIUM,False,1,,,True,31.1,18.7,61.6,False,2019
LEC,Ferrari,8.0,91.375,3.0,114,11.0,SOFT,False,1,,,True,31.3,18.8,61.5,False,2019
VER,Red Bull Racing,8.0,91.374,4.0,114,13.0,MEDIUM,False,1,,,True,31.3,18.8,61.5,False,2019
VET,Ferrari,8.0,91.497,5.0,115,11.0,SOFT,False,1,,,True,31.3,18.8,61.5,False,2019
GAS,Red Bull Racing,8.0,91.54,6.0,115,13.0,MEDIUM,False,1,,,True,31.3,18.8,61.5,False,2019
NOR,McLaren,8.0,92.436,7.0,116,11.0,SOFT,False,1,,,True,31.3,18.8,61.5,False,2019
RIC,Renault,8.0,92.468,8.0,117,11.0,SOFT,False,1,,,True,31.3,18.8,61.5,False,2019
HUL,Renault,8.0,92.917,9.0,118,11.0,SOFT,False,1,,,True,31.3,18.8,61.5,False,2019
ALB,Toro Rosso,8.0,93.143,10.0,118,13.0,SOFT,False,1,,,True,31.3,18.8,61.5,False,2019
SAI,McLaren,8.0,92.718,11.0,119,8.0,MEDIUM,True,1,,,True,31.3,18.8,61.5,False,2019
PER,Racing Point,8.0,93.063,12.0,120,8.0,MEDIUM,True,1,,,True,31.3,18.8,61.5,False,2019
RAI,Alfa Romeo Racing,8.0,92.922,13.0,121,8.0,MEDIUM,True,1,,,True,31.3,18.8,61.5,False,2019
STR,Racing Point,8.0,93.014,14.0,122,8.0,MEDIUM,True,1,,,True,31.3,18.8,61.5,False,2019
KVY,Toro Rosso,8.0,93.227,15.0,123,8.0,SOFT,True,1,,,True,31.3,18.8,61.5,False,2019
GIO,Alfa Romeo Racing,8.0,93.147,16.0,124,8.0,MEDIUM,True,1,,,True,31.3,18.8,61.5,False,2019
RUS,Williams,8.0,93.921,17.0,125,8.0,MEDIUM,True,1,,,True,31.3,18.8,61.5,False,2019
KUB,Williams,8.0,94.079,18.0,126,8.0,MEDIUM,True,1,,,True,31.3,18.8,61.5,False,2019
GRO,Haas F1 Team,8.0,94.953,19.0,127,7.0,HARD,True,1,,,True,31.3,18.7,61.1,False,2019
BOT,Mercedes,9.0,91.41,1.0,127,14.0,MEDIUM,False,1,,,True,31.3,18.7,61.1,False,2019
HAM,Mercedes,9.0,91.14,2.0,128,13.0,MEDIUM,False,1,,,True,31.3,18.7,61.1,False,2019
LEC,Ferrari,9.0,91.581,3.0,129,12.0,SOFT,False,1,,,True,31.3,18.7,61.1,False,2019
VER,Red Bull Racing,9.0,91.658,4.0,129,14.0,MEDIUM,False,1,,,True,31.3,18.7,61.1,False,2019
VET,Ferrari,9.0,91.457,5.0,130,12.0,SOFT,False,1,,,True,31.3,18.7,61.1,False,2019
GAS,Red Bull Racing,9.0,91.41,6.0,130,14.0,MEDIUM,False,1,,,True,31.3,18.7,61.1,False,2019
NOR,McLaren,9.0,92.738,7.0,131,12.0,SOFT,False,1,,,True,31.3,18.7,61.1,False,2019
RIC,Renault,9.0,92.638,8.0,132,12.0,SOFT,False,1,,,True,31.3,18.7,61.1,False,2019
HUL,Renault,9.0,92.865,9.0,133,12.0,SOFT,False,1,,,True,31.3,18.7,61.1,False,2019
ALB,Toro Rosso,9.0,92.752,10.0,133,14.0,SOFT,False,1,,,True,31.3,18.7,61.1,False,2019
SAI,McLaren,9.0,92.89,11.0,134,9.0,MEDIUM,True,1,,,True,31.3,18.7,61.1,False,2019
PER,Racing Point,9.0,93.021,12.0,135,9.0,MEDIUM,True,1,,,True,31.3,18.7,61.1,False,2019
RAI,Alfa Romeo Racing,9.0,93.098,13.0,136,9.0,MEDIUM,True,1,,,True,31.3,18.7,61.1,False,2019
STR,Racing Point,9.0,93.111,14.0,137,9.0,MEDIUM,True,1,,,True,31.3,18.7,61.1,False,2019
KVY,Toro Rosso,9.0,93.118,15.0,138,9.0,SOFT,True,1,,,True,31.3,18.7,61.1,False,2019
GIO,Alfa Romeo Racing,9.0,93.53,16.0,139,9.0,MEDIUM,True,1,,,True,31.3,18.7,61.1,False,2019
RUS,Williams,9.0,94.315,17.0,140,9.0,MEDIUM,True,1,,,True,31.3,18.6,60.5,False,2019
KUB,Williams,9.0,94.151,18.0,141,9.0,MEDIUM,True,1,,,True,31.3,18.6,60.5,False,2019
GRO,Haas F1 Team,9.0,102.949,19.0,142,8.0,HARD,True,1,0 days 00:48:30.602000,,False,31.2,18.7,60.1,False,2019
BOT,Mercedes,10.0,90.725,1.0,142,15.0,MEDIUM,False,1,,,True,31.2,18.7,60.1,False,2019
HAM,Mercedes,10.0,90.972,2.0,143,14.0,MEDIUM,False,1,,,True,31.2,18.7,60.1,False,2019
LEC,Ferrari,10.0,92.272,3.0,144,13.0,SOFT,False,1,,,True,31.2,18.7,60.1,False,2019
VER,Red Bull Racing,10.0,91.964,4.0,144,15.0,MEDIUM,False,1,,,True,31.2,18.7,60.1,False,2019
VET,Ferrari,10.0,91.484,5.0,145,13.0,SOFT,False,1,,,True,31.2,18.7,60.1,False,2019
GAS,Red Bull Racing,10.0,91.593,6.0,145,15.0,MEDIUM,False,1,,,True,31.2,18.7,60.1,False,2019
NOR,McLaren,10.0,92.369,7.0,146,13.0,SOFT,False,1,,,True,31.2,18.7,60.1,False,2019
RIC,Renault,10.0,92.429,8.0,147,13.0,SOFT,False,1,,,True,31.2,18.7,60.1,False,2019
HUL,Renault,10.0,92.695,9.0,148,13.0,SOFT,False,1,,,True,31.2,18.7,60.1,False,2019
ALB,Toro Rosso,10.0,92.576,10.0,148,15.0,SOFT,False,1,,,True,31.2,18.7,60.1,False,2019
SAI,McLaren,10.0,92.744,11.0,149,10.0,MEDIUM,True,1,,,True,31.2,18.7,60.1,False,2019
PER,Racing Point,10.0,92.661,12.0,150,10.0,MEDIUM,True,1,,,True,31.2,18.7,60.1,False,2019
RAI,Alfa Romeo Racing,10.0,92.671,13.0,151,10.0,MEDIUM,True,1,,,True,31.2,18.7,60.1,False,2019
STR,Racing Point,10.0,92.649,14.0,152,10.0,MEDIUM,True,1,,,True,31.2,18.7,60.1,False,2019
KVY,Toro Rosso,10.0,92.539,15.0,153,10.0,SOFT,True,1,,,True,31.2,18.7,60.1,False,2019
GIO,Alfa Romeo Racing,10.0,93.058,16.0,154,10.0,MEDIUM,True,1,,,True,31.2,18.7,60.1,False,2019
RUS,Williams,10.0,93.891,17.0,155,10.0,MEDIUM,True,1,,,True,31.2,18.7,60.1,False,2019
KUB,Williams,10.0,94.105,18.0,156,10.0,MEDIUM,True,1,,,True,31.2,18.7,60.1,False,2019
BOT,Mercedes,11.0,90.901,1.0,156,16.0,MEDIUM,False,1,,,True,30.9,18.8,59.4,False,2019
HAM,Mercedes,11.0,90.987,2.0,157,15.0,MEDIUM,False,1,,,True,30.9,18.8,59.4,False,2019
LEC,Ferrari,11.0,92.213,3.0,158,14.0,SOFT,False,1,,,True,30.9,18.8,59.4,False,2019
VER,Red Bull Racing,11.0,92.753,4.0,158,16.0,MEDIUM,False,1,,,True,30.9,18.8,59.4,False,2019
VET,Ferrari,11.0,92.792,5.0,159,14.0,SOFT,False,1,,,True,30.9,18.8,59.4,False,2019
GAS,Red Bull Racing,11.0,92.182,6.0,159,16.0,MEDIUM,False,1,,,True,30.9,18.8,59.4,False,2019
NOR,McLaren,11.0,92.304,7.0,160,14.0,SOFT,False,1,,,True,30.9,18.8,59.4,False,2019
RIC,Renault,11.0,92.379,8.0,161,14.0,SOFT,False,1,,,True,30.9,18.8,59.4,False,2019
HUL,Renault,11.0,92.705,9.0,162,14.0,SOFT,False,1,,,True,30.9,18.8,59.4,False,2019
ALB,Toro Rosso,11.0,92.725,10.0,162,16.0,SOFT,False,1,,,True,30.9,18.8,59.4,False,2019
SAI,McLaren,11.0,92.536,11.0,163,11.0,MEDIUM,True,1,,,True,30.9,18.8,59.4,False,2019
PER,Racing Point,11.0,92.58,12.0,164,11.0,MEDIUM,True,1,,,True,30.9,18.8,59.4,False,2019
RAI,Alfa Romeo Racing,11.0,92.484,13.0,165,11.0,MEDIUM,True,1,,,True,31.2,19.0,59.0,False,2019
STR,Racing Point,11.0,92.623,14.0,166,11.0,MEDIUM,True,1,,,True,31.2,19.0,59.0,False,2019
KVY,Toro Rosso,11.0,93.023,15.0,167,11.0,SOFT,True,1,,,True,31.2,19.0,59.0,False,2019
GIO,Alfa Romeo Racing,11.0,93.159,16.0,168,11.0,MEDIUM,True,1,,,True,31.2,19.0,59.0,False,2019
RUS,Williams,11.0,93.999,17.0,169,11.0,MEDIUM,True,1,,,True,31.2,19.0,59.0,False,2019
KUB,Williams,11.0,93.711,18.0,170,11.0,MEDIUM,True,1,,,True,31.2,19.0,59.0,False,2019
BOT,Mercedes,12.0,90.872,1.0,170,17.0,MEDIUM,False,1,,,True,31.6,18.7,58.8,False,2019
HAM,Mercedes,12.0,90.904,2.0,171,16.0,MEDIUM,False,1,,,True,31.6,18.7,58.8,False,2019
LEC,Ferrari,12.0,91.657,3.0,172,15.0,SOFT,False,1,,,True,31.6,18.7,58.8,False,2019
VER,Red Bull Racing,12.0,91.322,4.0,172,17.0,MEDIUM,False,1,,,True,31.6,18.7,58.8,False,2019
GAS,Red Bull Racing,12.0,91.409,5.0,173,17.0,MEDIUM,False,1,0 days 00:51:30.360000,,False,31.6,18.7,58.8,False,2019
VET,Ferrari,12.0,92.858,6.0,174,15.0,SOFT,False,1,,,True,31.6,18.7,58.8,False,2019
NOR,McLaren,12.0,92.578,7.0,175,15.0,SOFT,False,1,,,True,31.6,18.7,58.8,False,2019
RIC,Renault,12.0,91.81,8.0,176,15.0,SOFT,False,1,0 days 00:51:41.545000,,False,31.6,18.7,58.8,False,2019
ALB,Toro Rosso,12.0,92.657,9.0,176,17.0,SOFT,False,1,,,True,31.6,18.7,58.8,False,2019
HUL,Renault,12.0,94.081,10.0,177,15.0,SOFT,False,1,,,True,31.6,18.7,58.8,False,2019
SAI,McLaren,12.0,92.688,11.0,178,12.0,MEDIUM,True,1,,,True,31.6,18.7,58.8,False,2019
PER,Racing Point,12.0,92.669,12.0,179,12.0,MEDIUM,True,1,,,True,31.6,18.7,58.8,False,2019
RAI,Alfa Romeo Racing,12.0,92.665,13.0,180,12.0,MEDIUM,True,1,,,True,31.6,18.7,58.8,False,2019
STR,Racing Point,12.0,92.751,14.0,181,12.0,MEDIUM,True,1,,,True,31.6,18.7,58.8,False,2019
KVY,Toro Rosso,12.0,92.213,15.0,182,12.0,SOFT,True,1,0 days 00:51:53.105000,,False,31.6,18.7,58.8,False,2019
GIO,Alfa Romeo Racing,12.0,93.036,16.0,183,12.0,MEDIUM,True,1,,,True,31.6,18.7,58.8,False,2019
RUS,Williams,12.0,93.536,17.0,184,12.0,MEDIUM,True,1,,,True,31.6,18.7,58.8,False,2019
KUB,Williams,12.0,94.005,18.0,185,12.0,MEDIUM,True,1,,,True,31.6,18.7,58.8,False,2019
BOT,Mercedes,13.0,90.741,1.0,185,18.0,MEDIUM,False,1,,,True,31.8,18.6,59.9,False,2019
HAM,Mercedes,13.0,90.807,2.0,186,17.0,MEDIUM,False,1,,,True,31.8,18.6,59.9,False,2019
LEC,Ferrari,13.0,91.242,3.0,187,16.0,SOFT,False,1,0 days 00:52:59.857000,,False,31.8,18.6,59.9,False,2019
VER,Red Bull Racing,13.0,91.138,4.0,187,18.0,MEDIUM,False,1,0 days 00:53:00.356000,,False,31.8,18.6,59.9,False,2019
VET,Ferrari,13.0,91.228,5.0,188,16.0,SOFT,False,1,,,True,31.8,18.6,59.9,False,2019
NOR,McLaren,13.0,91.816,6.0,189,16.0,SOFT,False,1,0 days 00:53:13.257000,,False,31.8,18.6,59.9,False,2019
ALB,Toro Rosso,13.0,93.003,7.0,189,18.0,SOFT,False,1,0 days 00:53:18.701000,,False,32.4,18.6,60.3,False,2019
HUL,Renault,13.0,93.174,8.0,190,16.0,SOFT,False,1,0 days 00:53:19.918000,,False,32.4,18.6,60.3,False,2019
SAI,McLaren,13.0,92.898,9.0,191,13.0,MEDIUM,True,1,,,True,32.4,18.6,60.3,False,2019
GAS,Red Bull Racing,13.0,111.564,10.0,192,1.0,HARD,True,1,,0 days 00:51:58.253000,False,32.4,18.6,60.3,False,2019
PER,Racing Point,13.0,93.023,11.0,192,13.0,MEDIUM,True,1,,,True,32.4,18.6,60.3,False,2019
RAI,Alfa Romeo Racing,13.0,92.968,12.0,193,13.0,MEDIUM,True,1,,,True,32.4,18.6,60.3,False,2019
STR,Racing Point,13.0,92.289,13.0,194,13.0,MEDIUM,True,1,0 days 00:53:24.473000,,False,32.4,18.6,60.3,False,2019
GIO,Alfa Romeo Racing,13.0,92.893,14.0,195,13.0,MEDIUM,True,1,,,True,32.4,18.6,60.3,False,2019
RIC,Renault,13.0,111.807,15.0,196,1.0,MEDIUM,True,1,,0 days 00:52:09.937000,False,32.4,18.6,60.3,False,2019
RUS,Williams,13.0,93.702,16.0,196,13.0,MEDIUM,True,1,,,True,32.4,18.6,60.3,False,2019
KUB,Williams,13.0,93.799,17.0,197,13.0,MEDIUM,True,1,,,True,32.4,18.6,60.3,False,2019
KVY,Toro Rosso,13.0,112.748,18.0,198,1.0,MEDIUM,True,1,,0 days 00:52:22.542000,False,32.4,18.6,60.3,False,2019
BOT,Mercedes,14.0,90.866,1.0,198,19.0,MEDIUM,False,1,,,True,33.1,18.9,59.9,False,2019
HAM,Mercedes,14.0,90.771,2.0,199,18.0,MEDIUM,False,1,,,True,33.1,18.9,59.9,False,2019
VET,Ferrari,14.0,91.808,3.0,200,17.0,SOFT,False,1,,,True,33.1,18.9,59.9,False,2019
LEC,Ferrari,14.0,111.982,4.0,201,4.0,MEDIUM,False,1,,0 days 00:53:29.263000,False,33.1,18.9,59.9,False,2019
VER,Red Bull Racing,14.0,112.071,5.0,202,1.0,MEDIUM,True,1,,0 days 00:53:28.202000,False,33.1,18.9,59.9,False,2019
SAI,McLaren,14.0,93.903,6.0,202,14.0,MEDIUM,True,1,,,True,33.1,18.9,59.9,False,2019
GAS,Red Bull Racing,14.0,92.588,7.0,203,2.0,HARD,True,1,,,True,33.1,18.9,59.9,False,2019
PER,Racing Point,14.0,92.859,8.0,203,14.0,MEDIUM,True,1,,,True,33.1,18.9,59.9,False,2019
RAI,Alfa Romeo Racing,14.0,93.055,9.0,204,14.0,MEDIUM,True,1,,,True,33.1,18.9,59.9,False,2019
GIO,Alfa Romeo Racing,14.0,92.936,10.0,205,14.0,MEDIUM,True,1,,,True,33.1,18.9,59.9,False,2019
RIC,Renault,14.0,91.941,11.0,206,2.0,MEDIUM,True,1,,,True,33.1,18.9,59.9,False,2019
NOR,McLaren,14.0,113.161,12.0,207,1.0,MEDIUM,True,1,,0 days 00:53:41.540000,False,33.1,18.9,59.9,False,2019
RUS,Williams,14.0,93.801,13.0,207,14.0,MEDIUM,True,1,,,True,33.1,18.9,59.9,False,2019
ALB,Toro Rosso,14.0,112.935,14.0,208,1.0,MEDIUM,True,1,,0 days 00:53:47.686000,False,33.1,18.9,59.9,False,2019
HUL,Renault,14.0,113.883,15.0,208,2.0,HARD,False,1,,0 days 00:53:48.560000,False,33.1,18.9,59.9,False,2019
KUB,Williams,14.0,94.394,16.0,208,14.0,MEDIUM,True,1,,,True,33.1,18.9,59.9,False,2019
KVY,Toro Rosso,14.0,92.098,17.0,209,2.0,MEDIUM,True,1,,,True,33.9,19.3,59.1,False,2019
STR,Racing Point,14.0,114.844,18.0,210,1.0,HARD,True,1,,0 days 00:53:54.893000,False,33.9,19.3,59.1,False,2019
BOT,Mercedes,15.0,90.631,1.0,210,20.0,MEDIUM,False,1,,,True,33.9,19.3,59.1,False,2019
HAM,Mercedes,15.0,90.877,2.0,211,19.0,MEDIUM,False,1,,,True,33.9,19.3,59.1,False,2019
VET,Ferrari,15.0,91.792,3.0,212,18.0,SOFT,False,1,,,True,33.9,19.3,59.1,False,2019
LEC,Ferrari,15.0,91.108,4.0,213,5.0,MEDIUM,False,1,,,True,33.9,19.3,59.6,False,2019
VER,Red Bull Racing,15.0,90.911,5.0,214,2.0,MEDIUM,True,1,,,True,33.9,19.3,59.6,False,2019
SAI,McLaren,15.0,92.215,6.0,214,15.0,MEDIUM,True,1,,,True,33.9,19.3,59.6,False,2019
GAS,Red Bull Racing,15.0,92.166,7.0,215,3.0,HARD,True,1,,,True,33.9,19.3,59.6,False,2019
PER,Racing Point,15.0,92.55,8.0,215,15.0,MEDIUM,True,1,,,True,33.9,19.3,59.6,False,2019
RAI,Alfa Romeo Racing,15.0,92.431,9.0,216,15.0,MEDIUM,True,1,,,True,33.9,19.3,59.6,False,2019
GIO,Alfa Romeo Racing,15.0,92.732,10.0,217,15.0,MEDIUM,True,1,,,True,33.9,19.3,59.6,False,2019
RIC,Renault,15.0,92.142,11.0,218,3.0,MEDIUM,True,1,,,True,33.9,19.3,59.6,False,2019
NOR,McLaren,15.0,92.51,12.0,219,2.0,MEDIUM,True,1,,,True,33.9,19.3,59.6,False,2019
ALB,Toro Rosso,15.0,92.044,13.0,220,2.0,MEDIUM,True,1,,,True,33.9,19.3,59.6,False,2019
RUS,Williams,15.0,94.757,14.0,220,15.0,MEDIUM,True,1,,,True,33.9,19.3,59.6,False,2019
HUL,Renault,15.0,92.295,15.0,221,3.0,HARD,False,1,,,True,33.9,19.3,59.6,False,2019
KUB,Williams,15.0,94.118,16.0,221,15.0,MEDIUM,True,1,,,True,33.9,19.3,59.6,False,2019
KVY,Toro Rosso,15.0,92.34,17.0,222,3.0,MEDIUM,True,1,,,True,33.9,19.3,59.6,False,2019
STR,Racing Point,15.0,92.629,18.0,223,2.0,HARD,True,1,,,True,33.9,19.3,59.6,False,2019
BOT,Mercedes,16.0,90.63,1.0,223,21.0,MEDIUM,False,1,0 days 00:57:23.699000,,False,33.9,19.4,58.6,False,2019
HAM,Mercedes,16.0,91.006,2.0,224,20.0,MEDIUM,False,1,,,True,33.9,19.4,58.6,False,2019
VET,Ferrari,16.0,91.747,3.0,225,19.0,SOFT,False,1,,,True,33.9,19.4,58.6,False,2019
LEC,Ferrari,16.0,91.46,4.0,226,6.0,MEDIUM,False,1,,,True,33.9,19.4,58.6,False,2019
VER,Red Bull Racing,16.0,91.639,5.0,227,3.0,MEDIUM,True,1,,,True,33.9,19.4,58.6,False,2019
SAI,McLaren,16.0,91.974,6.0,227,16.0,MEDIUM,True,1,,,True,33.9,19.4,58.6,False,2019
GAS,Red Bull Racing,16.0,91.948,7.0,228,4.0,HARD,True,1,,,True,33.9,19.4,58.6,False,2019
PER,Racing Point,16.0,91.702,8.0,228,16.0,MEDIUM,True,1,,,True,33.9,19.4,58.6,False,2019
RAI,Alfa Romeo Racing,16.0,92.447,9.0,229,16.0,MEDIUM,True,1,,,True,33.9,19.4,58.6,False,2019
GIO,Alfa Romeo Racing,16.0,92.734,10.0,230,16.0,MEDIUM,True,1,,,True,33.9,19.4,58.6,False,2019
RIC,Renault,16.0,92.096,11.0,231,4.0,MEDIUM,True,1,,,True,33.9,19.4,58.6,False,2019
NOR,McLaren,16.0,92.67,12.0,232,3.0,MEDIUM,True,1,,,True,33.9,19.4,58.6,False,2019
ALB,Toro Rosso,16.0,91.719,13.0,233,3.0,MEDIUM,True,1,,,True,33.9,19.4,58.6,False,2019
HUL,Renault,16.0,91.525,14.0,233,4.0,HARD,False,1,,,True,33.9,19.4,58.6,False,2019
RUS,Williams,16.0,94.63,15.0,233,16.0,MEDIUM,True,1,,,True,34.2,19.3,59.2,False,2019
KVY,Toro Rosso,16.0,92.396,16.0,234,4.0,MEDIUM,True,1,,,True,34.2,19.3,59.2,False,2019
STR,Racing Point,16.0,92.328,17.0,235,3.0,HARD,True,1,,,True,34.2,19.3,59.2,False,2019
KUB,Williams,16.0,95.221,18.0,235,16.0,MEDIUM,True,1,,,True,34.2,19.3,59.2,False,2019
HAM,Mercedes,17.0,90.236,1.0,235,21.0,MEDIUM,False,1,,,True,34.2,19.3,59.2,False,2019
VET,Ferrari,17.0,91.413,2.0,236,20.0,SOFT,False,1,,,True,34.2,19.3,59.2,False,2019
BOT,Mercedes,17.0,110.04,3.0,237,1.0,MEDIUM,True,1,,0 days 00:57:52.091000,False,34.2,19.3,59.2,False,2019
LEC,Ferrari,17.0,91.792,4.0,237,7.0,MEDIUM,False,1,,,True,34.3,19.4,59.4,False,2019
VER,Red Bull Racing,17.0,91.578,5.0,238,4.0,MEDIUM,True,1,,,True,34.3,19.4,59.4,False,2019
SAI,McLaren,17.0,92.176,6.0,238,17.0,MEDIUM,True,1,,,True,34.3,19.4,59.4,False,2019
GAS,Red Bull Racing,17.0,92.368,7.0,239,5.0,HARD,True,1,,,True,34.3,19.4,59.4,False,2019
PER,Racing Point,17.0,92.064,8.0,239,17.0,MEDIUM,True,1,,,True,34.3,19.4,59.4,False,2019
RAI,Alfa Romeo Racing,17.0,92.193,9.0,240,17.0,MEDIUM,True,1,0 days 00:59:34.379000,,False,34.3,19.4,59.4,False,2019
GIO,Alfa Romeo Racing,17.0,92.464,10.0,241,17.0,MEDIUM,True,1,,,True,34.3,19.4,59.4,False,2019
RIC,Renault,17.0,91.86,11.0,242,5.0,MEDIUM,True,1,,,True,34.3,19.4,59.4,False,2019
NOR,McLaren,17.0,91.872,12.0,243,4.0,MEDIUM,True,1,,,True,34.3,19.4,59.4,False,2019
ALB,Toro Rosso,17.0,91.777,13.0,244,4.0,MEDIUM,True,1,,,True,34.3,19.4,59.4,False,2019
HUL,Renault,17.0,91.645,14.0,244,5.0,HARD,False,1,,,True,34.3,19.4,59.4,False,2019
RUS,Williams,17.0,93.32,15.0,244,17.0,MEDIUM,True,1,,,True,34.3,19.4,59.4,False,2019
KVY,Toro Rosso,17.0,91.755,16.0,245,5.0,MEDIUM,True,1,,,True,34.3,19.4,59.4,False,2019
STR,Racing Point,17.0,92.143,17.0,246,4.0,HARD,True,1,,,True,34.3,19.4,59.4,False,2019
KUB,Williams,17.0,94.666,18.0,246,17.0,MEDIUM,True,1,,,True,34.3,19.4,59.4,False,2019
HAM,Mercedes,18.0,90.979,1.0,246,22.0,MEDIUM,False,1,,,True,33.9,19.2,59.2,False,2019
VET,Ferrari,18.0,91.486,2.0,247,21.0,SOFT,False,1,,,True,33.9,19.2,59.2,False,2019
BOT,Mercedes,18.0,90.344,3.0,248,2.0,MEDIUM,True,1,,,True,33.9,19.2,59.2,False,2019
LEC,Ferrari,18.0,91.67,4.0,248,8.0,MEDIUM,False,1,,,True,33.9,19.2,59.2,False,2019
VER,Red Bull Racing,18.0,91.852,5.0,249,5.0,MEDIUM,True,1,,,True,33.9,19.2,59.2,False,2019
SAI,McLaren,18.0,91.724,6.0,249,18.0,MEDIUM,True,1,,,True,33.9,19.2,59.2,False,2019
GAS,Red Bull Racing,18.0,91.74,7.0,250,6.0,HARD,True,1,,,True,33.9,19.2,59.2,False,2019
PER,Racing Point,18.0,91.442,8.0,250,18.0,MEDIUM,True,1,0 days 01:01:04.017000,,False,33.9,19.2,59.2,False,2019
RIC,Renault,18.0,91.681,9.0,251,6.0,MEDIUM,True,1,,,True,33.9,19.2,59.2,False,2019
GIO,Alfa Romeo Racing,18.0,93.139,10.0,251,18.0,MEDIUM,True,1,,,True,33.9,19.2,59.2,False,2019
NOR,McLaren,18.0,92.122,11.0,252,5.0,MEDIUM,True,1,,,True,33.9,19.2,59.2,False,2019
ALB,Toro Rosso,18.0,92.01,12.0,253,5.0,MEDIUM,True,1,,,True,33.9,19.1,60.1,False,2019
HUL,Renault,18.0,91.683,13.0,253,6.0,HARD,False,1,,,True,33.9,19.1,60.1,False,2019
RUS,Williams,18.0,93.657,14.0,253,18.0,MEDIUM,True,1,,,True,33.9,19.1,60.1,False,2019
RAI,Alfa Romeo Racing,18.0,112.707,15.0,254,1.0,HARD,True,1,,0 days 01:00:02.771000,False,33.9,19.1,60.1,False,2019
KVY,Toro Rosso,18.0,92.892,16.0,254,6.0,MEDIUM,True,1,,,True,33.9,19.1,60.1,False,2019
STR,Racing Point,18.0,92.423,17.0,255,5.0,HARD,True,1,,,True,33.9,19.1,60.1,False,2019
KUB,Williams,18.0,94.104,18.0,255,18.0,MEDIUM,True,1,,,True,33.9,19.1,60.1,False,2019
HAM,Mercedes,19.0,90.784,1.0,255,23.0,MEDIUM,False,1,,,True,33.9,19.1,60.1,False,2019
VET,Ferrari,19.0,91.766,2.0,256,22.0,SOFT,False,1,,,True,33.9,19.1,60.1,False,2019
BOT,Mercedes,19.0,90.624,3.0,257,3.0,MEDIUM,True,1,,,True,33.9,19.1,60.1,False,2019
LEC,Ferrari,19.0,90.997,4.0,257,9.0,MEDIUM,False,1,,,True,33.4,19.2,60.0,False,2019
VER,Red Bull Racing,19.0,90.921,5.0,258,6.0,MEDIUM,True,1,,,True,33.4,19.2,60.0,False,2019
SAI,McLaren,19.0,91.805,6.0,258,19.0,MEDIUM,True,1,,,True,33.4,19.2,60.0,False,2019
GAS,Red Bull Racing,19.0,91.605,7.0,259,7.0,HARD,True,1,,,True,33.4,19.2,60.0,False,2019
RIC,Renault,19.0,92.237,8.0,260,7.0,MEDIUM,True,12,,,True,33.4,19.2,60.0,False,2019
NOR,McLaren,19.0,92.382,9.0,261,6.0,MEDIUM,True,12,,,True,33.4,19.2,60.0,False,2019
ALB,Toro Rosso,19.0,92.159,10.0,262,6.0,MEDIUM,True,12,,,True,33.4,19.2,60.0,False,2019
HUL,Renault,19.0,92.588,11.0,262,7.0,HARD,False,12,,,True,33.4,19.2,60.0,False,2019
PER,Racing Point,19.0,115.542,12.0,263,1.0,HARD,True,12,,0 days 01:01:34.281000,False,33.4,19.2,60.0,False,2019
KVY,Toro Rosso,19.0,93.027,13.0,263,7.0,MEDIUM,True,12,,,True,33.4,19.2,60.0,False,2019
RUS,Williams,19.0,95.063,14.0,263,19.0,MEDIUM,True,12,,,True,33.4,19.2,60.0,False,2019
RAI,Alfa Romeo Racing,19.0,94.478,15.0,264,2.0,HARD,True,12,,,True,33.4,19.2,60.0,False,2019
STR,Racing Point,19.0,93.095,16.0,264,6.0,HARD,True,12,,,True,33.4,19.2,60.0,False,2019
KUB,Williams,19.0,94.342,17.0,264,19.0,MEDIUM,True,12,,,True,33.4,19.2,60.0,False,2019
HAM,Mercedes,20.0,97.561,1.0,264,24.0,MEDIUM,False,124,0 days 01:03:34.775000,,False,33.4,19.6,58.7,False,2019
VET,Ferrari,20.0,104.337,2.0,265,23.0,SOFT,False,124,0 days 01:03:57.020000,,False,33.4,19.6,58.7,False,2019
BOT,Mercedes,20.0,107.865,3.0,266,4.0,MEDIUM,True,124,,,False,33.4,19.6,58.7,False,2019
VER,Red Bull Racing,20.0,111.639,4.0,266,7.0,MEDIUM,True,124,0 days 01:04:20.950000,,False,34.5,19.8,58.1,False,2019
LEC,Ferrari,20.0,113.443,5.0,266,10.0,MEDIUM,False,124,,,False,34.5,19.8,58.1,False,2019
SAI,McLaren,20.0,113.334,6.0,266,20.0,MEDIUM,True,124,0 days 01:04:27.783000,,False,34.5,19.8,58.1,False,2019
GAS,Red Bull Racing,20.0,117.329,7.0,267,8.0,HARD,True,124,,,False,34.5,19.8,58.1,False,2019
RIC,Renault,20.0,117.69,8.0,268,8.0,MEDIUM,True,24,0 days 01:04:42.993000,,False,34.5,19.8,58.1,False,2019
NOR,McLaren,20.0,123.482,9.0,269,7.0,MEDIUM,True,24,,,False,34.5,19.8,58.1,False,2019
ALB,Toro Rosso,20.0,125.106,10.0,270,7.0,MEDIUM,True,24,,,False,34.5,19.8,58.1,False,2019
HUL,Renault,20.0,125.204,11.0,270,8.0,HARD,False,24,,,False,34.5,19.8,58.1,False,2019
PER,Racing Point,20.0,125.102,12.0,271,2.0,HARD,True,24,,,False,34.5,19.8,58.1,False,2019
KVY,Toro Rosso,20.0,126.997,13.0,271,8.0,MEDIUM,True,24,,,False,34.5,19.8,58.1,False,2019
RAI,Alfa Romeo Racing,20.0,127.615,14.0,272,3.0,HARD,True,24,,,False,34.5,19.8,58.1,False,2019
RUS,Williams,20.0,128.167,15.0,272,20.0,MEDIUM,True,24,,,False,34.5,19.8,58.1,False,2019
STR,Racing Point,20.0,129.397,16.0,273,7.0,HARD,True,24,,,False,34.5,19.8,58.1,False,2019
KUB,Williams,20.0,128.267,17.0,273,20.0,MEDIUM,True,24,0 days 01:05:16.268000,,False,34.5,19.8,58.1,False,2019
BOT,Mercedes,21.0,142.673,2.0,274,5.0,MEDIUM,True,4,,,False,35.6,19.9,57.9,False,2019
VET,Ferrari,21.0,149.502,3.0,275,1.0,HARD,False,4,,0 days 01:04:25.022000,False,35.6,19.9,57.9,False,2019
LEC,Ferrari,21.0,127.379,4.0,275,11.0,MEDIUM,False,4,0 days 01:06:29.556000,,False,35.6,19.9,57.9,False,2019
GAS,Red Bull Racing,21.0,128.598,5.0,276,9.0,HARD,True,4,,,False,35.6,19.9,57.9,False,2019
VER,Red Bull Racing,21.0,144.124,6.0,277,1.0,HARD,True,4,,0 days 01:04:48.952000,False,35.6,19.9,57.9,False,2019
SAI,McLaren,21.0,144.703,7.0,278,1.0,HARD,True,4,,0 days 01:04:55.161000,False,35.6,19.9,57.9,False,2019
NOR,McLaren,21.0,127.675,8.0,278,8.0,MEDIUM,True,4,,,False,35.6,19.9,57.9,False,2019
ALB,Toro Rosso,21.0,129.724,9.0,279,8.0,MEDIUM,True,4,,,False,35.6,19.9,57.9,False,2019
HUL,Renault,21.0,128.209,10.0,279,9.0,HARD,False,4,,,False,35.6,19.9,57.9,False,2019
RIC,Renault,21.0,146.118,11.0,280,1.0,HARD,True,4,,0 days 01:05:11.385000,False,35.6,19.9,57.9,False,2019
KVY,Toro Rosso,21.0,126.018,12.0,280,9.0,MEDIUM,True,4,0 days 01:07:13.501000,,False,35.6,19.9,57.9,False,2019
PER,Racing Point,21.0,130.176,13.0,281,3.0,HARD,True,4,,,False,35.6,19.9,57.9,False,2019
RUS,Williams,21.0,126.769,14.0,281,21.0,MEDIUM,True,4,0 days 01:07:17.573000,,False,35.6,19.9,57.9,False,2019
RAI,Alfa Romeo Racing,21.0,128.462,15.0,282,4.0,HARD,True,4,,,False,35.6,19.9,57.9,False,2019
STR,Racing Point,21.0,128.395,16.0,282,8.0,HARD,True,4,,,False,35.2,20.0,58.3,False,2019
KUB,Williams,21.0,143.526,17.0,283,1.0,HARD,True,4,,0 days 01:05:45.018000,False,35.2,20.0,58.3,False,2019
HAM,Mercedes,22.0,140.041,1.0,283,2.0,HARD,True,4,,,False,33.6,19.9,57.3,False,2019
BOT,Mercedes,22.0,140.905,2.0,283,6.0,MEDIUM,True,4,,,False,33.6,19.9,57.3,False,2019
VET,Ferrari,22.0,140.887,3.0,284,2.0,HARD,False,4,,,False,33.6,19.9,57.3,False,2019
GAS,Red Bull Racing,22.0,128.134,4.0,284,10.0,HARD,True,4,,,False,33.6,19.9,57.3,False,2019
VER,Red Bull Racing,22.0,124.472,5.0,285,2.0,HARD,True,4,,,False,33.6,19.9,57.3,False,2019
LEC,Ferrari,22.0,140.835,6.0,286,1.0,HARD,False,4,,0 days 01:06:57.839000,False,33.6,19.9,57.3,False,2019
SAI,McLaren,22.0,119.626,7.0,286,2.0,HARD,True,4,,,False,33.6,19.9,57.3,False,2019
NOR,McLaren,22.0,113.688,8.0,286,9.0,MEDIUM,True,4,,,False,33.6,19.9,57.3,False,2019
ALB,Toro Rosso,22.0,107.851,9.0,287,9.0,MEDIUM,True,4,,,False,33.6,19.9,57.3,False,2019
HUL,Renault,22.0,108.537,10.0,287,10.0,HARD,False,4,,,False,33.6,19.9,57.3,False,2019
RIC,Renault,22.0,108.018,11.0,288,2.0,HARD,True,4,,,False,33.6,19.9,57.3,False,2019
PER,Racing Point,22.0,104.256,12.0,288,4.0,HARD,True,4,,,False,33.6,19.9,57.3,False,2019
RAI,Alfa Romeo Racing,22.0,102.584,13.0,288,5.0,HARD,True,4,,,False,33.6,19.9,57.3,False,2019
STR,Racing Point,22.0,102.008,14.0,288,9.0,HARD,True,4,,,False,33.6,19.9,57.3,False,2019
KVY,Toro Rosso,22.0,116.846,15.0,289,1.0,HARD,False,4,,0 days 01:07:42.299000,False,33.6,19.9,57.3,False,2019
RUS,Williams,22.0,123.122,16.0,290,1.0,HARD,True,4,,0 days 01:07:46.573000,False,34.0,20.0,58.2,False,2019
KUB,Williams,22.0,101.215,17.0,290,2.0,HARD,True,4,,,False,34.0,20.0,58.2,False,2019
HAM,Mercedes,23.0,141.237,1.0,290,3.0,HARD,True,41,,,False,33.6,19.9,58.5,False,2019
BOT,Mercedes,23.0,140.43,2.0,290,7.0,MEDIUM,True,41,,,False,33.6,19.9,58.5,False,2019
VET,Ferrari,23.0,140.146,3.0,291,3.0,HARD,False,41,,,False,33.6,19.9,58.5,False,2019
GAS,Red Bull Racing,23.0,139.705,4.0,291,11.0,HARD,True,41,,,False,33.6,19.9,58.5,False,2019
VER,Red Bull Racing,23.0,138.979,5.0,292,3.0,HARD,True,41,,,False,33.6,19.9,58.5,False,2019
LEC,Ferrari,23.0,138.618,6.0,293,2.0,HARD,False,41,,,False,33.6,19.9,58.5,False,2019
SAI,McLaren,23.0,137.815,7.0,293,3.0,HARD,True,41,,,False,33.6,19.9,58.5,False,2019
NOR,McLaren,23.0,136.583,8.0,293,10.0,MEDIUM,True,41,,,False,33.6,19.9,58.5,False,2019
ALB,Toro Rosso,23.0,135.467,9.0,294,10.0,MEDIUM,True,41,,,False,33.6,19.9,58.5,False,2019
HUL,Renault,23.0,134.712,10.0,294,11.0,HARD,False,41,,,False,33.6,19.9,58.5,False,2019
RIC,Renault,23.0,133.275,11.0,295,3.0,HARD,True,41,,,False,33.6,19.9,58.5,False,2019
PER,Racing Point,23.0,131.855,12.0,295,5.0,HARD,True,41,,,False,33.6,19.9,58.5,False,2019
RAI,Alfa Romeo Racing,23.0,130.914,13.0,295,6.0,HARD,True,41,,,False,33.6,19.9,58.5,False,2019
STR,Racing Point,23.0,129.784,14.0,295,10.0,HARD,True,41,,,False,33.6,19.9,58.5,False,2019
KVY,Toro Rosso,23.0,121.702,15.0,296,2.0,HARD,False,41,,,False,33.6,19.9,58.5,False,2019
RUS,Williams,23.0,113.238,16.0,297,2.0,HARD,True,41,,,False,33.6,19.9,58.5,False,2019
KUB,Williams,23.0,112.064,17.0,297,3.0,HARD,True,41,,,False,33.6,19.9,58.5,False,2019
HAM,Mercedes,24.0,89.973,1.0,297,4.0,HARD,True,1,,,True,33.3,20.1,57.7,False,2019
BOT,Mercedes,24.0,90.318,2.0,297,8.0,MEDIUM,True,1,,,True,33.3,20.1,57.7,False,2019
VET,Ferrari,24.0,92.651,3.0,298,4.0,HARD,False,1,,,True,33.3,20.1,57.7,False,2019
GAS,Red Bull Racing,24.0,93.192,4.0,298,12.0,HARD,True,1,,,True,33.3,20.1,57.7,False,2019
VER,Red Bull Racing,24.0,94.143,5.0,299,4.0,HARD,True,1,,,True,33.3,20.1,57.7,False,2019
LEC,Ferrari,24.0,93.675,6.0,300,3.0,HARD,False,1,,,True,33.3,20.1,57.7,False,2019
SAI,McLaren,24.0,93.689,7.0,300,4.0,HARD,True,1,,,True,33.3,20.1,57.7,False,2019
NOR,McLaren,24.0,94.374,8.0,300,11.0,MEDIUM,True,1,,,True,33.3,20.1,57.7,False,2019
ALB,Toro Rosso,24.0,94.712,9.0,301,11.0,MEDIUM,True,1,,,True,33.3,20.1,57.7,False,2019
RIC,Renault,24.0,94.373,10.0,302,4.0,HARD,True,1,,,True,33.3,20.1,57.7,False,2019
RAI,Alfa Romeo Racing,24.0,94.221,11.0,302,7.0,HARD,True,1,,,True,33.3,20.1,57.7,False,2019
HUL,Renault,24.0,96.038,12.0,302,12.0,HARD,False,1,,,True,33.3,20.1,57.7,False,2019
STR,Racing Point,24.0,94.855,13.0,303,11.0,HARD,True,1,,,True,33.3,20.1,57.7,False,2019
KVY,Toro Rosso,24.0,94.839,14.0,304,3.0,HARD,False,1,,,True,33.3,20.1,57.7,False,2019
RUS,Williams,24.0,95.743,15.0,305,3.0,HARD,True,1,,,True,33.3,20.1,57.7,False,2019
KUB,Williams,24.0,96.611,16.0,305,4.0,HARD,True,1,,,True,33.3,20.1,57.7,False,2019
PER,Racing Point,24.0,106.538,17.0,305,6.0,HARD,True,1,0 days 01:12:57.371000,,False,33.3,20.1,57.7,False,2019
HAM,Mercedes,25.0,90.009,1.0,306,5.0,HARD,True,1,,,True,33.3,20.1,58.4,False,2019
BOT,Mercedes,25.0,90.071,2.0,306,9.0,MEDIUM,True,1,,,True,33.3,20.1,58.4,False,2019
VET,Ferrari,25.0,90.981,3.0,307,5.0,HARD,False,1,,,True,33.3,20.1,58.4,False,2019
GAS,Red Bull Racing,25.0,91.381,4.0,307,13.0,HARD,True,1,,,True,33.3,20.1,58.4,False,2019
VER,Red Bull Racing,25.0,90.74,5.0,308,5.0,HARD,True,1,,,True,33.3,20.1,58.4,False,2019
LEC,Ferrari,25.0,92.406,6.0,309,4.0,HARD,False,1,,,True,33.3,20.1,58.4,False,2019
SAI,McLaren,25.0,93.248,7.0,309,5.0,HARD,True,1,,,True,33.3,20.1,58.4,False,2019
NOR,McLaren,25.0,93.239,8.0,309,12.0,MEDIUM,True,1,,,True,33.3,20.1,58.4,False,2019
RIC,Renault,25.0,92.79,9.0,310,5.0,HARD,True,1,,,True,33.3,20.1,58.4,False,2019
ALB,Toro Rosso,25.0,93.768,10.0,310,12.0,MEDIUM,True,1,,,True,33.3,20.1,58.4,False,2019
RAI,Alfa Romeo Racing,25.0,93.206,11.0,311,8.0,HARD,True,1,,,True,34.2,20.2,58.2,False,2019
HUL,Renault,25.0,94.011,12.0,311,13.0,HARD,False,1,,,True,34.2,20.2,58.2,False,2019
STR,Racing Point,25.0,93.66,13.0,312,12.0,HARD,True,1,,,True,34.2,20.2,58.2,False,2019
KVY,Toro Rosso,25.0,93.389,14.0,313,4.0,HARD,False,1,,,True,34.2,20.2,58.2,False,2019
RUS,Williams,25.0,94.217,15.0,314,4.0,HARD,True,1,,,True,34.2,20.2,58.2,False,2019
KUB,Williams,25.0,94.981,16.0,314,5.0,HARD,True,1,,,True,34.2,20.2,58.2,False,2019
PER,Racing Point,25.0,123.438,17.0,315,1.0,SOFT,True,1,,0 days 01:13:35.638000,False,34.2,20.2,58.2,False,2019
HAM,Mercedes,26.0,89.99,1.0,315,6.0,HARD,True,1,,,True,34.2,20.1,57.7,False,2019
BOT,Mercedes,26.0,89.958,2.0,315,10.0,MEDIUM,True,12,,,True,34.2,20.1,57.7,False,2019
VET,Ferrari,26.0,90.438,3.0,316,6.0,HARD,False,12,,,True,34.2,20.1,57.7,False,2019
GAS,Red Bull Racing,26.0,90.844,4.0,316,14.0,HARD,True,12,,,True,34.2,20.1,57.7,False,2019
VER,Red Bull Racing,26.0,90.983,5.0,317,6.0,HARD,True,12,,,True,34.2,20.1,57.7,False,2019
LEC,Ferrari,26.0,90.581,6.0,318,5.0,HARD,False,12,,,True,34.2,20.1,57.7,False,2019
SAI,McLaren,26.0,91.516,7.0,318,6.0,HARD,True,12,,,True,34.2,20.1,57.7,False,2019
NOR,McLaren,26.0,91.627,8.0,318,13.0,MEDIUM,True,12,,,True,34.2,20.1,57.7,False,2019
RIC,Renault,26.0,91.725,9.0,319,6.0,HARD,True,12,,,True,34.2,20.1,57.7,False,2019
ALB,Toro Rosso,26.0,91.906,10.0,319,13.0,MEDIUM,True,12,,,True,34.2,20.1,57.7,False,2019
RAI,Alfa Romeo Racing,26.0,92.054,11.0,320,9.0,HARD,True,12,,,True,34.2,20.1,57.7,False,2019
HUL,Renault,26.0,92.057,12.0,320,14.0,HARD,False,12,,,True,34.2,20.1,57.7,False,2019
STR,Racing Point,26.0,92.749,13.0,321,13.0,HARD,True,12,,,True,34.2,20.1,57.7,False,2019
KVY,Toro Rosso,26.0,92.89,14.0,322,5.0,HARD,False,12,,,True,34.2,20.1,57.7,False,2019
RUS,Williams,26.0,93.235,15.0,323,5.0,HARD,True,12,,,True,34.2,20.1,57.7,False,2019
KUB,Williams,26.0,93.877,16.0,323,6.0,HARD,True,12,,,True,34.2,20.1,57.7,False,2019
PER,Racing Point,26.0,93.261,17.0,324,2.0,SOFT,True,12,,,True,32.9,19.9,58.4,False,2019
HAM,Mercedes,27.0,89.601,1.0,324,7.0,HARD,True,12,,,True,32.9,19.9,58.4,False,2019
BOT,Mercedes,27.0,89.849,2.0,324,11.0,MEDIUM,True,21,,,True,32.9,19.9,58.4,False,2019
VET,Ferrari,27.0,90.484,3.0,325,7.0,HARD,False,21,,,True,32.9,19.9,58.4,False,2019
VER,Red Bull Racing,27.0,89.939,4.0,326,7.0,HARD,True,21,,,True,32.9,19.9,58.4,False,2019
GAS,Red Bull Racing,27.0,91.765,5.0,326,15.0,HARD,True,21,,,True,32.9,19.9,58.4,False,2019
LEC,Ferrari,27.0,90.467,6.0,327,6.0,HARD,False,21,,,True,32.9,19.9,58.4,False,2019
SAI,McLaren,27.0,91.422,7.0,327,7.0,HARD,True,21,,,True,32.2,19.7,58.9,False,2019
NOR,McLaren,27.0,91.342,8.0,327,14.0,MEDIUM,True,21,,,True,32.2,19.7,58.9,False,2019
RIC,Renault,27.0,91.37,9.0,328,7.0,HARD,True,21,,,True,32.2,19.7,58.9,False,2019
ALB,Toro Rosso,27.0,91.765,10.0,328,14.0,MEDIUM,True,21,,,True,32.2,19.7,58.9,False,2019
RAI,Alfa Romeo Racing,27.0,91.953,11.0,329,10.0,HARD,True,21,,,True,32.2,19.7,58.9,False,2019
HUL,Renault,27.0,91.915,12.0,329,15.0,HARD,False,21,,,True,32.2,19.7,58.9,False,2019
STR,Racing Point,27.0,92.058,13.0,330,14.0,HARD,True,21,,,True,32.2,19.7,58.9,False,2019
KVY,Toro Rosso,27.0,92.098,14.0,331,6.0,HARD,False,21,,,True,32.2,19.7,58.9,False,2019
RUS,Williams,27.0,92.96,15.0,332,6.0,HARD,True,21,,,True,32.2,19.7,58.9,False,2019
KUB,Williams,27.0,93.462,16.0,332,7.0,HARD,True,21,,,True,32.2,19.7,58.9,False,2019
PER,Racing Point,27.0,92.59,17.0,333,3.0,SOFT,True,1,,,True,32.2,19.7,58.9,False,2019
HAM,Mercedes,28.0,89.504,1.0,333,8.0,HARD,True,1,,,True,31.4,19.6,59.1,False,2019
BOT,Mercedes,28.0,89.649,2.0,333,12.0,MEDIUM,True,1,,,True,31.4,19.6,59.1,False,2019
VET,Ferrari,28.0,90.253,3.0,334,8.0,HARD,False,1,,,True,31.4,19.6,59.1,False,2019
VER,Red Bull Racing,28.0,89.825,4.0,335,8.0,HARD,True,1,,,True,31.4,19.6,59.1,False,2019
GAS,Red Bull Racing,28.0,90.482,5.0,335,16.0,HARD,True,1,,,True,31.4,19.6,59.1,False,2019
LEC,Ferrari,28.0,90.305,6.0,336,7.0,HARD,False,1,,,True,31.4,19.6,59.1,False,2019
SAI,McLaren,28.0,91.476,7.0,336,8.0,HARD,True,1,,,True,31.4,19.6,59.1,False,2019
NOR,McLaren,28.0,91.609,8.0,336,15.0,MEDIUM,True,1,,,True,31.4,19.6,59.1,False,2019
RIC,Renault,28.0,91.474,9.0,337,8.0,HARD,True,1,,,True,31.4,19.6,59.1,False,2019
ALB,Toro Rosso,28.0,91.447,10.0,337,15.0,MEDIUM,True,1,,,True,31.4,19.6,59.1,False,2019
RAI,Alfa Romeo Racing,28.0,92.006,11.0,338,11.0,HARD,True,1,,,True,31.4,19.6,59.1,False,2019
HUL,Renault,28.0,91.674,12.0,338,16.0,HARD,False,1,,,True,31.4,19.6,59.1,False,2019
STR,Racing Point,28.0,91.911,13.0,339,15.0,HARD,True,1,,,True,31.4,19.6,59.1,False,2019
KVY,Toro Rosso,28.0,92.015,14.0,340,7.0,HARD,False,1,,,True,31.4,19.6,59.1,False,2019
RUS,Williams,28.0,93.143,15.0,341,7.0,HARD,True,1,,,True,31.4,19.6,59.1,False,2019
KUB,Williams,28.0,93.264,16.0,341,8.0,HARD,True,1,,,True,31.4,19.6,59.1,False,2019
PER,Racing Point,28.0,91.815,17.0,342,4.0,SOFT,True,1,,,True,31.4,19.6,59.0,False,2019
HAM,Mercedes,29.0,89.19,1.0,342,9.0,HARD,True,1,,,True,31.4,19.6,59.0,False,2019
BOT,Mercedes,29.0,89.42,2.0,342,13.0,MEDIUM,True,1,,,True,31.4,19.6,59.0,False,2019
VET,Ferrari,29.0,90.387,3.0,343,9.0,HARD,False,1,,,True,31.4,19.6,59.0,False,2019
VER,Red Bull Racing,29.0,90.028,4.0,344,9.0,HARD,True,1,,,True,31.4,19.6,59.0,False,2019
GAS,Red Bull Racing,29.0,90.617,5.0,344,17.0,HARD,True,1,,,True,31.4,19.6,59.0,False,2019
LEC,Ferrari,29.0,90.575,6.0,345,8.0,HARD,False,1,,,True,31.4,19.6,59.0,False,2019
SAI,McLaren,29.0,91.31,7.0,345,9.0,HARD,True,1,,,True,31.3,19.5,59.2,False,2019
NOR,McLaren,29.0,91.544,8.0,345,16.0,MEDIUM,True,1,,,True,31.3,19.5,59.2,False,2019
RIC,Renault,29.0,91.581,9.0,346,9.0,HARD,True,1,,,True,31.3,19.5,59.2,False,2019
ALB,Toro Rosso,29.0,91.784,10.0,346,16.0,MEDIUM,True,1,,,True,31.3,19.5,59.2,False,2019
RAI,Alfa Romeo Racing,29.0,91.859,11.0,347,12.0,HARD,True,1,,,True,31.3,19.5,59.2,False,2019
HUL,Renault,29.0,91.748,12.0,347,17.0,HARD,False,1,,,True,31.3,19.5,59.2,False,2019
STR,Racing Point,29.0,91.578,13.0,348,16.0,HARD,True,1,,,True,31.3,19.5,59.2,False,2019
KVY,Toro Rosso,29.0,91.926,14.0,349,8.0,HARD,False,1,,,True,31.3,19.5,59.2,False,2019
RUS,Williams,29.0,93.074,15.0,350,8.0,HARD,True,1,,,True,31.3,19.5,59.2,False,2019
KUB,Williams,29.0,92.883,16.0,350,9.0,HARD,True,1,,,True,31.3,19.5,59.2,False,2019
PER,Racing Point,29.0,92.086,17.0,351,5.0,SOFT,True,1,,,True,31.3,19.5,59.2,False,2019
HAM,Mercedes,30.0,89.759,1.0,351,10.0,HARD,True,1,,,True,30.8,19.5,58.9,False,2019
BOT,Mercedes,30.0,89.536,2.0,351,14.0,MEDIUM,True,1,,,True,30.8,19.5,58.9,False,2019
VET,Ferrari,30.0,90.008,3.0,352,10.0,HARD,False,1,,,True,30.8,19.5,58.9,False,2019
VER,Red Bull Racing,30.0,89.857,4.0,353,10.0,HARD,True,1,,,True,30.8,19.5,58.9,False,2019
GAS,Red Bull Racing,30.0,90.188,5.0,353,18.0,HARD,True,1,,,True,30.8,19.5,58.9,False,2019
LEC,Ferrari,30.0,90.285,6.0,354,9.0,HARD,False,1,,,True,30.8,19.5,58.9,False,2019
SAI,McLaren,30.0,91.008,7.0,354,10.0,HARD,True,1,,,True,30.8,19.5,58.9,False,2019
NOR,McLaren,30.0,91.503,8.0,354,17.0,MEDIUM,True,1,,,True,30.8,19.5,58.9,False,2019
RIC,Renault,30.0,91.412,9.0,355,10.0,HARD,True,1,,,True,30.8,19.5,58.9,False,2019
ALB,Toro Rosso,30.0,91.745,10.0,355,17.0,MEDIUM,True,1,,,True,30.8,19.5,58.9,False,2019
RAI,Alfa Romeo Racing,30.0,91.362,11.0,356,13.0,HARD,True,1,,,True,30.8,19.5,58.9,False,2019
HUL,Renault,30.0,91.257,12.0,356,18.0,HARD,False,1,,,True,30.8,19.5,58.9,False,2019
STR,Racing Point,30.0,91.59,13.0,357,17.0,HARD,True,1,,,True,30.8,19.5,58.9,False,2019
KVY,Toro Rosso,30.0,91.78,14.0,358,9.0,HARD,False,1,,,True,30.8,19.5,58.9,False,2019
RUS,Williams,30.0,92.975,15.0,359,9.0,HARD,True,1,,,True,30.8,19.5,58.9,False,2019
KUB,Williams,30.0,92.723,16.0,359,10.0,HARD,True,1,,,True,30.8,19.5,58.9,False,2019
PER,Racing Point,30.0,91.324,17.0,360,6.0,SOFT,True,1,,,True,30.7,19.5,59.3,False,2019
HAM,Mercedes,31.0,89.263,1.0,360,11.0,HARD,True,1,,,True,30.7,19.5,59.3,False,2019
BOT,Mercedes,31.0,89.727,2.0,360,15.0,MEDIUM,True,1,,,True,30.7,19.5,59.3,False,2019
VET,Ferrari,31.0,89.777,3.0,361,11.0,HARD,False,1,,,True,30.7,19.5,59.3,False,2019
VER,Red Bull Racing,31.0,90.081,4.0,362,11.0,HARD,True,1,,,True,30.7,19.5,59.3,False,2019
GAS,Red Bull Racing,31.0,90.201,5.0,362,19.0,HARD,True,1,,,True,30.7,19.5,59.3,False,2019
LEC,Ferrari,31.0,90.071,6.0,363,10.0,HARD,False,1,,,True,30.7,19.5,59.3,False,2019
SAI,McLaren,31.0,91.248,7.0,363,11.0,HARD,True,1,,,True,30.6,19.5,58.8,False,2019
NOR,McLaren,31.0,91.723,8.0,363,18.0,MEDIUM,True,1,,,True,30.6,19.5,58.8,False,2019
RIC,Renault,31.0,91.827,9.0,364,11.0,HARD,True,1,,,True,30.6,19.5,58.8,False,2019
ALB,Toro Rosso,31.0,91.687,10.0,364,18.0,MEDIUM,True,1,,,True,30.6,19.5,58.8,False,2019
RAI,Alfa Romeo Racing,31.0,91.481,11.0,365,14.0,HARD,True,1,,,True,30.6,19.5,58.8,False,2019
HUL,Renault,31.0,91.42,12.0,365,19.0,HARD,False,1,,,True,30.6,19.5,58.8,False,2019
STR,Racing Point,31.0,91.523,13.0,366,18.0,HARD,True,1,,,True,30.6,19.5,58.8,False,2019
KVY,Toro Rosso,31.0,91.74,14.0,367,10.0,HARD,False,1,,,True,30.6,19.5,58.8,False,2019
RUS,Williams,31.0,92.914,15.0,368,10.0,HARD,True,1,,,True,30.6,19.5,58.8,False,2019
KUB,Williams,31.0,92.97,16.0,368,11.0,HARD,True,1,,,True,30.6,19.5,58.8,False,2019
PER,Racing Point,31.0,91.367,17.0,369,7.0,SOFT,True,1,,,True,30.6,19.5,58.8,False,2019
HAM,Mercedes,32.0,89.509,1.0,369,12.0,HARD,True,1,,,True,30.5,19.5,58.8,False,2019
BOT,Mercedes,32.0,89.701,2.0,369,16.0,MEDIUM,True,1,,,True,30.5,19.5,58.8,False,2019
VET,Ferrari,32.0,89.964,3.0,370,12.0,HARD,False,1,,,True,30.5,19.5,58.8,False,2019
VER,Red Bull Racing,32.0,89.695,4.0,371,12.0,HARD,True,1,,,True,30.5,19.5,58.8,False,2019
GAS,Red Bull Racing,32.0,90.024,5.0,371,20.0,HARD,True,1,,,True,30.5,19.5,58.8,False,2019
LEC,Ferrari,32.0,90.157,6.0,372,11.0,HARD,False,1,,,True,30.5,19.5,58.8,False,2019
SAI,McLaren,32.0,91.183,7.0,372,12.0,HARD,True,1,,,True,30.5,19.5,58.8,False,2019
NOR,McLaren,32.0,91.119,8.0,372,19.0,MEDIUM,True,1,,,True,30.5,19.5,58.8,False,2019
RIC,Renault,32.0,91.312,9.0,373,12.0,HARD,True,1,,,True,30.5,19.5,58.8,False,2019
ALB,Toro Rosso,32.0,91.632,10.0,373,19.0,MEDIUM,True,1,,,True,30.5,19.5,58.8,False,2019
RAI,Alfa Romeo Racing,32.0,91.352,11.0,374,15.0,HARD,True,1,,,True,30.5,19.5,58.8,False,2019
HUL,Renault,32.0,91.423,12.0,374,20.0,HARD,False,1,,,True,30.5,19.5,58.8,False,2019
STR,Racing Point,32.0,91.314,13.0,375,19.0,HARD,True,1,,,True,30.5,19.5,58.8,False,2019
KVY,Toro Rosso,32.0,91.704,14.0,376,11.0,HARD,False,1,,,True,30.5,19.5,58.8,False,2019
RUS,Williams,32.0,92.84,15.0,377,11.0,HARD,True,1,,,True,30.5,19.5,58.8,False,2019
KUB,Williams,32.0,92.917,16.0,377,12.0,HARD,True,1,,,True,30.5,19.5,58.8,False,2019
PER,Racing Point,32.0,90.986,17.0,378,8.0,SOFT,True,1,,,True,30.4,19.5,58.2,False,2019
HAM,Mercedes,33.0,89.529,1.0,378,13.0,HARD,True,1,,,True,30.4,19.5,58.2,False,2019
BOT,Mercedes,33.0,89.333,2.0,378,17.0,MEDIUM,True,1,,,True,30.4,19.5,58.2,False,2019
VET,Ferrari,33.0,89.89,3.0,379,13.0,HARD,False,1,,,True,30.4,19.5,58.2,False,2019
VER,Red Bull Racing,33.0,89.68,4.0,380,13.0,HARD,True,1,,,True,30.4,19.5,58.2,False,2019
GAS,Red Bull Racing,33.0,89.941,5.0,380,21.0,HARD,True,1,,,True,30.4,19.5,58.2,False,2019
LEC,Ferrari,33.0,89.841,6.0,381,12.0,HARD,False,1,,,True,30.4,19.5,58.2,False,2019
SAI,McLaren,33.0,91.102,7.0,381,13.0,HARD,True,1,,,True,30.5,19.5,57.8,False,2019
NOR,McLaren,33.0,91.083,8.0,381,20.0,MEDIUM,True,1,,,True,30.5,19.5,57.8,False,2019
RIC,Renault,33.0,90.995,9.0,382,13.0,HARD,True,1,,,True,30.5,19.5,57.8,False,2019
ALB,Toro Rosso,33.0,91.529,10.0,382,20.0,MEDIUM,True,1,,,True,30.5,19.5,57.8,False,2019
RAI,Alfa Romeo Racing,33.0,91.448,11.0,383,16.0,HARD,True,1,,,True,30.5,19.5,57.8,False,2019
HUL,Renault,33.0,91.492,12.0,383,21.0,HARD,False,1,,,True,30.5,19.5,57.8,False,2019
STR,Racing Point,33.0,91.45,13.0,384,20.0,HARD,True,1,,,True,30.5,19.5,57.8,False,2019
KVY,Toro Rosso,33.0,91.311,14.0,385,12.0,HARD,False,1,,,True,30.5,19.5,57.8,False,2019
RUS,Williams,33.0,92.791,15.0,386,12.0,HARD,True,1,,,True,30.5,19.5,57.8,False,2019
KUB,Williams,33.0,92.872,16.0,386,13.0,HARD,True,1,,,True,30.5,19.5,57.8,False,2019
PER,Racing Point,33.0,90.714,17.0,387,9.0,SOFT,True,1,,,True,30.5,19.5,57.8,False,2019
HAM,Mercedes,34.0,89.16,1.0,387,14.0,HARD,True,1,,,True,30.2,19.6,57.2,False,2019
BOT,Mercedes,34.0,89.219,2.0,387,18.0,MEDIUM,True,1,,,True,30.2,19.6,57.2,False,2019
VET,Ferrari,34.0,89.63,3.0,388,14.0,HARD,False,1,,,True,30.2,19.6,57.2,False,2019
VER,Red Bull Racing,34.0,89.45,4.0,389,14.0,HARD,True,1,,,True,30.2,19.6,57.2,False,2019
GAS,Red Bull Racing,34.0,89.837,5.0,389,22.0,HARD,True,1,,,True,30.2,19.6,57.2,False,2019
LEC,Ferrari,34.0,89.836,6.0,390,13.0,HARD,False,1,,,True,30.2,19.6,57.2,False,2019
SAI,McLaren,34.0,91.126,7.0,390,14.0,HARD,True,1,,,True,30.2,19.6,57.2,False,2019
NOR,McLaren,34.0,90.929,8.0,390,21.0,MEDIUM,True,1,,,True,30.2,19.6,57.2,False,2019
RIC,Renault,34.0,90.881,9.0,391,14.0,HARD,True,1,,,True,30.2,19.6,57.2,False,2019
ALB,Toro Rosso,34.0,91.071,10.0,391,21.0,MEDIUM,True,1,,,True,30.2,19.6,57.2,False,2019
RAI,Alfa Romeo Racing,34.0,91.126,11.0,392,17.0,HARD,True,1,,,True,30.2,19.6,57.2,False,2019
HUL,Renault,34.0,90.973,12.0,392,22.0,HARD,False,1,,,True,30.2,19.6,57.2,False,2019
STR,Racing Point,34.0,91.132,13.0,393,21.0,HARD,True,1,,,True,30.2,19.6,57.2,False,2019
KVY,Toro Rosso,34.0,91.02,14.0,394,13.0,HARD,False,1,,,True,30.2,19.6,57.2,False,2019
RUS,Williams,34.0,92.053,15.0,395,13.0,HARD,True,1,,,True,29.8,19.5,57.8,False,2019
KUB,Williams,34.0,92.229,16.0,395,14.0,HARD,True,1,,,True,29.8,19.5,57.8,False,2019
PER,Racing Point,34.0,90.642,17.0,396,10.0,SOFT,True,1,,,True,29.8,19.5,57.8,False,2019
HAM,Mercedes,35.0,89.258,1.0,396,15.0,HARD,True,1,,,True,29.8,19.5,57.8,False,2019
BOT,Mercedes,35.0,89.192,2.0,396,19.0,MEDIUM,True,1,,,True,29.8,19.5,57.8,False,2019
VET,Ferrari,35.0,89.54,3.0,397,15.0,HARD,False,1,,,True,29.8,19.5,57.8,False,2019
VER,Red Bull Racing,35.0,89.524,4.0,398,15.0,HARD,True,1,,,True,29.8,19.5,57.8,False,2019
GAS,Red Bull Racing,35.0,89.743,5.0,398,23.0,HARD,True,1,,,True,29.8,19.5,57.8,False,2019
LEC,Ferrari,35.0,89.574,6.0,399,14.0,HARD,False,1,,,True,29.8,19.5,57.8,False,2019
SAI,McLaren,35.0,90.73,7.0,399,15.0,HARD,True,1,,,True,29.8,19.6,57.9,False,2019
NOR,McLaren,35.0,90.565,8.0,399,22.0,MEDIUM,True,1,0 days 01:29:30.184000,,False,29.8,19.6,57.9,False,2019
RIC,Renault,35.0,90.504,9.0,400,15.0,HARD,True,1,,,True,29.8,19.6,57.9,False,2019
ALB,Toro Rosso,35.0,91.182,10.0,400,22.0,MEDIUM,True,1,,,True,29.8,19.6,57.9,False,2019
RAI,Alfa Romeo Racing,35.0,91.157,11.0,401,18.0,HARD,True,1,,,True,29.8,19.6,57.9,False,2019
HUL,Renault,35.0,91.028,12.0,401,23.0,HARD,False,1,,,True,29.8,19.6,57.9,False,2019
STR,Racing Point,35.0,91.091,13.0,402,22.0,HARD,True,1,,,True,29.8,19.6,57.9,False,2019
KVY,Toro Rosso,35.0,90.979,14.0,403,14.0,HARD,False,1,,,True,29.8,19.6,57.9,False,2019
RUS,Williams,35.0,91.988,15.0,404,14.0,HARD,True,1,,,True,29.8,19.6,57.9,False,2019
KUB,Williams,35.0,92.261,16.0,404,15.0,HARD,True,1,,,True,29.8,19.6,57.9,False,2019
PER,Racing Point,35.0,90.202,17.0,405,11.0,SOFT,True,1,,,True,29.8,19.6,57.9,False,2019
HAM,Mercedes,36.0,89.19,1.0,405,16.0,HARD,True,1,,,True,29.6,19.7,57.8,False,2019
BOT,Mercedes,36.0,89.127,2.0,405,20.0,MEDIUM,True,1,,,True,29.6,19.7,57.8,False,2019
VET,Ferrari,36.0,89.615,3.0,406,16.0,HARD,False,1,,,True,29.6,19.7,57.8,False,2019
VER,Red Bull Racing,36.0,89.277,4.0,407,16.0,HARD,True,1,,,True,29.6,19.7,57.8,False,2019
LEC,Ferrari,36.0,89.592,5.0,408,15.0,HARD,False,1,,,True,29.6,19.7,57.8,False,2019
GAS,Red Bull Racing,36.0,91.01,6.0,408,24.0,HARD,True,1,,,True,29.6,19.7,57.8,False,2019
SAI,McLaren,36.0,90.796,7.0,409,16.0,HARD,True,1,,,True,29.6,19.7,57.8,False,2019
RIC,Renault,36.0,90.447,8.0,410,16.0,HARD,True,1,,,True,29.6,19.7,57.8,False,2019
ALB,Toro Rosso,36.0,90.973,9.0,410,23.0,MEDIUM,True,1,,,True,29.6,19.7,57.8,False,2019
RAI,Alfa Romeo Racing,36.0,91.078,10.0,411,19.0,HARD,True,1,,,True,29.6,19.7,57.8,False,2019
HUL,Renault,36.0,91.144,11.0,411,24.0,HARD,False,1,,,True,29.6,19.7,57.8,False,2019
STR,Racing Point,36.0,91.009,12.0,412,23.0,HARD,True,1,,,True,29.6,19.7,57.8,False,2019
KVY,Toro Rosso,36.0,90.935,13.0,413,15.0,HARD,False,1,,,True,29.6,19.7,57.8,False,2019
NOR,McLaren,36.0,111.417,14.0,414,1.0,HARD,True,1,,0 days 01:29:57.983000,False,29.6,19.8,57.2,False,2019
RUS,Williams,36.0,92.994,15.0,414,15.0,HARD,True,1,,,True,29.6,19.8,57.2,False,2019
KUB,Williams,36.0,92.55,16.0,414,16.0,HARD,True,1,,,True,29.6,19.8,57.2,False,2019
PER,Racing Point,36.0,90.458,17.0,415,12.0,SOFT,True,1,,,True,29.6,19.8,57.2,False,2019
HAM,Mercedes,37.0,89.656,1.0,415,17.0,HARD,True,1,,,True,29.6,19.8,57.2,False,2019
BOT,Mercedes,37.0,89.473,2.0,415,21.0,MEDIUM,True,1,,,True,29.6,19.8,57.2,False,2019
LEC,Ferrari,37.0,90.806,3.0,416,16.0,HARD,False,12,,,True,29.6,19.8,57.2,False,2019
GAS,Red Bull Racing,37.0,90.622,4.0,416,25.0,HARD,True,12,,,True,29.6,19.8,57.2,False,2019
VET,Ferrari,37.0,99.11,5.0,417,17.0,HARD,False,12,,,True,29.6,19.6,58.0,False,2019
VER,Red Bull Racing,37.0,102.905,6.0,418,17.0,HARD,True,12,,,True,29.6,19.6,58.0,False,2019
SAI,McLaren,37.0,91.027,7.0,419,17.0,HARD,True,12,,,True,29.6,19.6,58.0,False,2019
RIC,Renault,37.0,90.826,8.0,420,17.0,HARD,True,12,,,True,29.6,19.6,58.0,False,2019
ALB,Toro Rosso,37.0,91.338,9.0,420,24.0,MEDIUM,True,12,,,True,29.6,19.6,58.0,False,2019
RAI,Alfa Romeo Racing,37.0,91.386,10.0,421,20.0,HARD,True,12,,,True,29.6,19.6,58.0,False,2019
HUL,Renault,37.0,91.495,11.0,421,25.0,HARD,False,12,,,True,29.6,19.6,58.0,False,2019
STR,Racing Point,37.0,91.62,12.0,422,24.0,HARD,True,12,,,True,29.6,19.6,58.0,False,2019
KVY,Toro Rosso,37.0,91.312,13.0,423,16.0,HARD,False,12,,,True,29.6,19.6,58.0,False,2019
NOR,McLaren,37.0,90.596,14.0,424,2.0,HARD,True,12,,,True,29.6,19.6,58.0,False,2019
RUS,Williams,37.0,92.803,15.0,424,16.0,HARD,True,12,,,True,29.6,19.6,58.0,False,2019
KUB,Williams,37.0,92.803,16.0,424,17.0,HARD,True,12,,,True,29.6,19.6,58.0,False,2019
PER,Racing Point,37.0,90.812,17.0,425,13.0,SOFT,True,12,,,True,29.6,19.6,58.0,False,2019
HAM,Mercedes,38.0,89.039,1.0,425,18.0,HARD,True,12,,,True,29.1,19.4,58.6,False,2019
BOT,Mercedes,38.0,89.287,2.0,425,22.0,MEDIUM,True,12,,,True,29.1,19.4,58.6,False,2019
LEC,Ferrari,38.0,90.303,3.0,426,17.0,HARD,False,21,,,True,29.1,19.4,58.6,False,2019
GAS,Red Bull Racing,38.0,90.495,4.0,426,26.0,HARD,True,21,,,True,29.1,19.4,58.6,False,2019
VER,Red Bull Racing,38.0,91.509,5.0,427,18.0,HARD,True,1,,,True,29.1,19.4,58.6,False,2019
SAI,McLaren,38.0,90.861,6.0,428,18.0,HARD,True,1,,,True,29.1,19.4,58.6,False,2019
RIC,Renault,38.0,90.565,7.0,429,18.0,HARD,True,1,,,True,29.1,19.4,58.6,False,2019
ALB,Toro Rosso,38.0,91.353,8.0,429,25.0,MEDIUM,True,1,,,True,29.1,19.4,58.6,False,2019
RAI,Alfa Romeo Racing,38.0,91.293,9.0,430,21.0,HARD,True,1,,,True,29.1,19.4,58.6,False,2019
HUL,Renault,38.0,91.495,10.0,430,26.0,HARD,False,1,,,True,29.1,19.4,58.6,False,2019
STR,Racing Point,38.0,91.832,11.0,431,25.0,HARD,True,1,,,True,29.1,19.4,58.6,False,2019
KVY,Toro Rosso,38.0,91.767,12.0,432,17.0,HARD,False,1,,,True,29.1,19.4,58.6,False,2019
NOR,McLaren,38.0,90.951,13.0,433,3.0,HARD,True,1,,,True,29.0,19.2,59.8,False,2019
VET,Ferrari,38.0,124.456,14.0,433,18.0,HARD,False,1,0 days 01:34:24.711000,,False,29.0,19.2,59.8,False,2019
RUS,Williams,38.0,92.365,15.0,434,17.0,HARD,True,1,,,True,29.0,19.2,59.8,False,2019
KUB,Williams,38.0,92.557,16.0,434,18.0,HARD,True,1,,,True,29.0,19.2,59.8,False,2019
PER,Racing Point,38.0,91.458,17.0,435,14.0,SOFT,True,1,,,True,29.0,19.2,59.8,False,2019
HAM,Mercedes,39.0,89.271,1.0,435,19.0,HARD,True,1,,,True,29.0,19.2,59.8,False,2019
BOT,Mercedes,39.0,89.401,2.0,435,23.0,MEDIUM,True,1,,,True,29.0,19.2,59.8,False,2019
LEC,Ferrari,39.0,89.743,3.0,436,18.0,HARD,False,1,,,True,29.0,19.2,59.8,False,2019
GAS,Red Bull Racing,39.0,90.147,4.0,436,27.0,HARD,True,1,,,True,28.7,19.0,60.4,False,2019
VER,Red Bull Racing,39.0,89.951,5.0,437,19.0,HARD,True,1,,,True,28.7,19.0,60.4,False,2019
SAI,McLaren,39.0,90.828,6.0,438,19.0,HARD,True,1,,,True,28.7,19.0,60.4,False,2019
RIC,Renault,39.0,90.3,7.0,439,19.0,HARD,True,1,,,True,28.7,19.0,60.4,False,2019
ALB,Toro Rosso,39.0,91.317,8.0,439,26.0,MEDIUM,True,1,,,True,28.7,19.0,60.4,False,2019
RAI,Alfa Romeo Racing,39.0,91.499,9.0,440,22.0,HARD,True,1,,,True,28.7,19.0,60.4,False,2019
HUL,Renault,39.0,91.592,10.0,440,27.0,HARD,False,1,,,True,28.7,19.0,60.4,False,2019
KVY,Toro Rosso,39.0,90.448,11.0,441,18.0,HARD,False,1,,,True,28.7,19.0,60.4,False,2019
STR,Racing Point,39.0,91.528,12.0,441,26.0,HARD,True,1,0 days 01:35:42.445000,,False,28.7,19.0,60.4,False,2019
NOR,McLaren,39.0,90.424,13.0,442,4.0,HARD,True,1,,,True,28.7,19.0,60.4,False,2019
RUS,Williams,39.0,92.617,14.0,442,18.0,HARD,True,1,,,True,28.7,19.0,60.4,False,2019
KUB,Williams,39.0,92.596,15.0,442,19.0,HARD,True,1,,,True,28.7,19.0,60.4,False,2019
PER,Racing Point,39.0,91.008,16.0,443,15.0,SOFT,True,1,,,True,28.5,19.0,60.7,False,2019
VET,Ferrari,39.0,125.448,17.0,444,1.0,MEDIUM,True,1,,0 days 01:35:03.196000,False,28.5,19.0,60.7,False,2019
HAM,Mercedes,40.0,88.985,1.0,444,20.0,HARD,True,1,,,True,28.5,19.0,60.7,False,2019
BOT,Mercedes,40.0,88.971,2.0,444,24.0,MEDIUM,True,1,,,True,28.5,19.0,60.7,False,2019
LEC,Ferrari,40.0,89.796,3.0,445,19.0,HARD,False,1,,,True,28.5,19.0,60.7,False,2019
GAS,Red Bull Racing,40.0,89.905,4.0,445,28.0,HARD,True,1,,,True,28.5,19.0,60.7,False,2019
VER,Red Bull Racing,40.0,89.717,5.0,446,20.0,HARD,True,1,,,True,28.5,19.0,60.7,False,2019
SAI,McLaren,40.0,90.589,6.0,447,20.0,HARD,True,1,,,True,28.5,19.0,60.7,False,2019
RIC,Renault,40.0,90.498,7.0,448,20.0,HARD,True,1,,,True,28.5,19.0,60.7,False,2019
ALB,Toro Rosso,40.0,91.264,8.0,448,27.0,MEDIUM,True,1,,,True,28.5,19.0,60.7,False,2019
RAI,Alfa Romeo Racing,40.0,91.145,9.0,449,23.0,HARD,True,1,,,True,28.5,19.0,60.7,False,2019
HUL,Renault,40.0,91.176,10.0,449,28.0,HARD,False,1,,,True,28.5,19.0,60.7,False,2019
KVY,Toro Rosso,40.0,90.902,11.0,450,19.0,HARD,False,1,,,True,28.5,19.0,60.7,False,2019
NOR,McLaren,40.0,90.41,12.0,451,5.0,HARD,True,1,,,True,28.2,19.0,61.3,False,2019
RUS,Williams,40.0,92.413,13.0,451,19.0,HARD,True,1,,,True,28.2,19.0,61.3,False,2019
STR,Racing Point,40.0,112.524,14.0,452,1.0,SOFT,True,1,,0 days 01:36:11.523000,False,28.2,19.0,61.3,False,2019
KUB,Williams,40.0,93.055,15.0,452,20.0,HARD,True,1,,,True,28.2,19.0,61.3,False,2019
PER,Racing Point,40.0,90.818,16.0,453,16.0,SOFT,True,1,,,True,28.2,19.0,61.3,False,2019
VET,Ferrari,40.0,91.084,17.0,454,2.0,MEDIUM,True,1,,,True,28.2,19.0,61.3,False,2019
HAM,Mercedes,41.0,88.568,1.0,454,21.0,HARD,True,1,,,True,28.2,19.0,61.3,False,2019
BOT,Mercedes,41.0,88.936,2.0,454,25.0,MEDIUM,True,1,,,True,28.2,19.0,61.3,False,2019
LEC,Ferrari,41.0,90.093,3.0,455,20.0,HARD,False,1,,,True,28.2,19.0,61.3,False,2019
GAS,Red Bull Racing,41.0,89.98,4.0,455,29.0,HARD,True,1,,,True,28.2,19.0,61.3,False,2019
VER,Red Bull Racing,41.0,89.653,5.0,456,21.0,HARD,True,1,,,True,28.2,19.1,60.7,False,2019
SAI,McLaren,41.0,90.759,6.0,457,21.0,HARD,True,1,,,True,28.2,19.1,60.7,False,2019
RIC,Renault,41.0,90.553,7.0,458,21.0,HARD,True,1,,,True,28.2,19.1,60.7,False,2019
ALB,Toro Rosso,41.0,91.44,8.0,458,28.0,MEDIUM,True,1,,,True,28.2,19.1,60.7,False,2019
RAI,Alfa Romeo Racing,41.0,91.294,9.0,459,24.0,HARD,True,1,,,True,28.2,19.1,60.7,False,2019
HUL,Renault,41.0,90.914,10.0,459,29.0,HARD,False,1,,,True,28.2,19.1,60.7,False,2019
KVY,Toro Rosso,41.0,90.861,11.0,460,20.0,HARD,False,1,,,True,28.2,19.1,60.7,False,2019
NOR,McLaren,41.0,90.783,12.0,461,6.0,HARD,True,1,,,True,28.2,19.1,60.7,False,2019
STR,Racing Point,41.0,91.028,13.0,462,2.0,SOFT,True,1,,,True,28.2,19.1,60.7,False,2019
RUS,Williams,41.0,93.586,14.0,462,20.0,HARD,True,1,,,True,28.2,19.1,60.7,False,2019
KUB,Williams,41.0,93.068,15.0,462,21.0,HARD,True,1,,,True,28.2,19.1,60.7,False,2019
PER,Racing Point,41.0,90.915,16.0,463,17.0,SOFT,True,1,,,True,28.2,19.0,61.5,False,2019
VET,Ferrari,41.0,91.068,17.0,464,3.0,MEDIUM,True,1,,,True,28.2,19.0,61.5,False,2019
HAM,Mercedes,42.0,88.634,1.0,464,22.0,HARD,True,1,,,True,28.2,19.0,61.5,False,2019
BOT,Mercedes,42.0,88.784,2.0,464,26.0,MEDIUM,True,1,,,True,28.2,19.0,61.5,False,2019
LEC,Ferrari,42.0,89.581,3.0,465,21.0,HARD,False,1,,,True,28.2,19.0,61.5,False,2019
GAS,Red Bull Racing,42.0,89.872,4.0,465,30.0,HARD,True,1,,,True,28.2,19.0,61.5,False,2019
VER,Red Bull Racing,42.0,89.775,5.0,466,22.0,HARD,True,1,,,True,28.2,19.0,61.5,False,2019
SAI,McLaren,42.0,90.634,6.0,467,22.0,HARD,True,1,,,True,28.2,19.0,61.5,False,2019
RIC,Renault,42.0,90.692,7.0,468,22.0,HARD,True,1,,,True,28.2,19.0,61.5,False,2019
ALB,Toro Rosso,42.0,91.335,8.0,468,29.0,MEDIUM,True,1,,,True,28.2,19.0,61.5,False,2019
RAI,Alfa Romeo Racing,42.0,91.217,9.0,469,25.0,HARD,True,1,,,True,28.2,19.0,61.5,False,2019
HUL,Renault,42.0,91.188,10.0,469,30.0,HARD,False,1,,,True,28.2,19.0,61.5,False,2019
KVY,Toro Rosso,42.0,90.632,11.0,470,21.0,HARD,False,1,,,True,28.2,19.0,61.5,False,2019
NOR,McLaren,42.0,90.424,12.0,471,7.0,HARD,True,1,,,True,28.1,19.0,61.8,False,2019
STR,Racing Point,42.0,90.133,13.0,472,3.0,SOFT,True,1,,,True,28.1,19.0,61.8,False,2019
RUS,Williams,42.0,92.062,14.0,472,21.0,HARD,True,1,,,True,28.1,19.0,61.8,False,2019
KUB,Williams,42.0,92.508,15.0,472,22.0,HARD,True,1,,,True,28.1,19.0,61.8,False,2019
PER,Racing Point,42.0,92.42,16.0,473,18.0,SOFT,True,1,,,True,28.1,19.0,61.8,False,2019
VET,Ferrari,42.0,90.884,17.0,474,4.0,MEDIUM,True,1,,,True,28.1,19.0,61.8,False,2019
HAM,Mercedes,43.0,88.622,1.0,474,23.0,HARD,True,1,,,True,28.1,19.0,61.8,False,2019
BOT,Mercedes,43.0,89.001,2.0,474,27.0,MEDIUM,True,1,,,True,28.1,19.0,61.8,False,2019
LEC,Ferrari,43.0,89.783,3.0,475,22.0,HARD,False,1,,,True,28.1,19.0,61.8,False,2019
GAS,Red Bull Racing,43.0,89.795,4.0,475,31.0,HARD,True,1,,,True,28.1,19.0,61.8,False,2019
VER,Red Bull Racing,43.0,89.409,5.0,476,23.0,HARD,True,1,,,True,27.7,18.8,61.9,False,2019
SAI,McLaren,43.0,90.507,6.0,477,23.0,HARD,True,1,,,True,27.7,18.8,61.9,False,2019
RIC,Renault,43.0,90.473,7.0,478,23.0,HARD,True,1,,,True,27.7,18.8,61.9,False,2019
RAI,Alfa Romeo Racing,43.0,90.299,8.0,478,26.0,HARD,True,1,,,True,27.7,18.8,61.9,False,2019
ALB,Toro Rosso,43.0,91.625,9.0,478,30.0,MEDIUM,True,1,,,True,27.7,18.8,61.9,False,2019
KVY,Toro Rosso,43.0,91.086,10.0,479,22.0,HARD,False,1,,,True,27.7,18.8,61.9,False,2019
HUL,Renault,43.0,95.688,11.0,479,31.0,HARD,False,1,,,True,27.7,18.8,61.9,False,2019
NOR,McLaren,43.0,90.491,12.0,480,8.0,HARD,True,1,,,True,27.7,18.8,61.9,False,2019
STR,Racing Point,43.0,89.851,13.0,481,4.0,SOFT,True,1,,,True,27.7,18.8,61.9,False,2019
RUS,Williams,43.0,91.997,14.0,481,22.0,HARD,True,1,,,True,27.7,18.8,61.9,False,2019
KUB,Williams,43.0,92.668,15.0,481,23.0,HARD,True,1,,,True,27.7,18.8,61.9,False,2019
PER,Racing Point,43.0,92.35,16.0,482,19.0,SOFT,True,1,,,True,27.7,18.7,62.3,False,2019
VET,Ferrari,43.0,89.405,17.0,483,5.0,MEDIUM,True,1,,,True,27.7,18.7,62.3,False,2019
HAM,Mercedes,44.0,88.827,1.0,483,24.0,HARD,True,1,,,True,27.7,18.7,62.3,False,2019
BOT,Mercedes,44.0,89.016,2.0,483,28.0,MEDIUM,True,1,,,True,27.7,18.7,62.3,False,2019
LEC,Ferrari,44.0,89.353,3.0,484,23.0,HARD,False,1,,,True,27.7,18.7,62.3,False,2019
GAS,Red Bull Racing,44.0,89.814,4.0,484,32.0,HARD,True,1,,,True,27.7,18.7,62.3,False,2019
VER,Red Bull Racing,44.0,89.532,5.0,485,24.0,HARD,True,1,,,True,27.7,18.7,62.3,False,2019
SAI,McLaren,44.0,90.104,6.0,486,24.0,HARD,True,1,,,True,27.7,18.7,62.3,False,2019
RIC,Renault,44.0,90.281,7.0,487,24.0,HARD,True,1,,,True,27.7,18.7,62.3,False,2019
RAI,Alfa Romeo Racing,44.0,90.395,8.0,487,27.0,HARD,True,1,,,True,27.7,18.7,62.3,False,2019
ALB,Toro Rosso,44.0,90.878,9.0,487,31.0,MEDIUM,True,1,,,True,27.7,18.7,62.3,False,2019
KVY,Toro Rosso,44.0,90.429,10.0,488,23.0,HARD,False,1,,,True,27.7,18.7,62.3,False,2019
HUL,Renault,44.0,91.343,11.0,488,32.0,HARD,False,1,,,True,27.6,18.7,62.7,False,2019
NOR,McLaren,44.0,90.263,12.0,489,9.0,HARD,True,1,,,True,27.6,18.7,62.7,False,2019
STR,Racing Point,44.0,89.729,13.0,490,5.0,SOFT,True,1,,,True,27.6,18.7,62.7,False,2019
RUS,Williams,44.0,91.758,14.0,490,23.0,HARD,True,1,,,True,27.6,18.7,62.7,False,2019
KUB,Williams,44.0,92.543,15.0,490,24.0,HARD,True,1,,,True,27.6,18.7,62.7,False,2019
PER,Racing Point,44.0,90.781,16.0,491,20.0,SOFT,True,1,,,True,27.6,18.7,62.7,False,2019
VET,Ferrari,44.0,89.081,17.0,492,6.0,MEDIUM,True,1,,,True,27.6,18.7,62.7,False,2019
HAM,Mercedes,45.0,88.841,1.0,492,25.0,HARD,True,1,,,True,27.6,18.7,62.7,False,2019
BOT,Mercedes,45.0,88.545,2.0,492,29.0,MEDIUM,True,1,0 days 01:43:53.095000,,False,27.6,18.7,62.7,False,2019
LEC,Ferrari,45.0,89.426,3.0,493,24.0,HARD,False,1,,,True,27.6,18.7,62.7,False,2019
GAS,Red Bull Racing,45.0,89.875,4.0,493,33.0,HARD,True,1,,,True,27.6,18.7,62.7,False,2019
VER,Red Bull Racing,45.0,89.272,5.0,494,25.0,HARD,True,1,,,True,27.7,18.8,62.5,False,2019
SAI,McLaren,45.0,90.047,6.0,495,25.0,HARD,True,1,,,True,27.7,18.8,62.5,False,2019
RIC,Renault,45.0,89.929,7.0,496,25.0,HARD,True,1,,,True,27.7,18.8,62.5,False,2019
RAI,Alfa Romeo Racing,45.0,90.515,8.0,496,28.0,HARD,True,1,,,True,27.7,18.8,62.5,False,2019
KVY,Toro Rosso,45.0,90.052,9.0,497,24.0,HARD,False,1,,,True,27.7,18.8,62.5,False,2019
ALB,Toro Rosso,45.0,92.039,10.0,497,32.0,MEDIUM,True,1,,,True,27.7,18.8,62.5,False,2019
HUL,Renault,45.0,90.691,11.0,497,33.0,HARD,False,1,,,True,27.7,18.8,62.5,False,2019
NOR,McLaren,45.0,89.932,12.0,498,10.0,HARD,True,1,,,True,27.7,18.8,62.5,False,2019
STR,Racing Point,45.0,89.687,13.0,499,6.0,SOFT,True,1,,,True,27.7,18.8,62.5,False,2019
RUS,Williams,45.0,91.737,14.0,499,24.0,HARD,True,1,,,True,27.7,18.8,62.5,False,2019
KUB,Williams,45.0,94.006,15.0,499,25.0,HARD,True,1,,,True,27.7,18.8,62.7,False,2019
PER,Racing Point,45.0,90.673,16.0,500,21.0,SOFT,True,1,,,True,27.7,18.8,62.7,False,2019
VET,Ferrari,45.0,89.876,17.0,501,7.0,MEDIUM,True,1,,,True,27.7,18.8,62.7,False,2019
HAM,Mercedes,46.0,88.91,1.0,501,26.0,HARD,True,1,,,True,27.7,18.8,62.7,False,2019
BOT,Mercedes,46.0,108.864,2.0,502,4.0,SOFT,False,1,,0 days 01:44:21.253000,False,27.7,18.8,62.7,False,2019
LEC,Ferrari,46.0,89.491,3.0,502,25.0,HARD,False,1,,,True,27.7,18.8,62.7,False,2019
GAS,Red Bull Racing,46.0,89.682,4.0,502,34.0,HARD,True,1,,,True,27.7,18.8,62.7,False,2019
VER,Red Bull Racing,46.0,89.343,5.0,503,26.0,HARD,True,1,,,True,27.7,18.8,62.7,False,2019
SAI,McLaren,46.0,90.793,6.0,504,26.0,HARD,True,1,,,True,27.7,18.8,62.7,False,2019
RIC,Renault,46.0,90.609,7.0,505,26.0,HARD,True,1,,,True,27.7,18.8,62.7,False,2019
RAI,Alfa Romeo Racing,46.0,90.594,8.0,505,29.0,HARD,True,1,,,True,27.7,18.8,62.7,False,2019
KVY,Toro Rosso,46.0,90.57,9.0,506,25.0,HARD,False,1,,,True,27.7,18.8,62.7,False,2019
ALB,Toro Rosso,46.0,90.872,10.0,506,33.0,MEDIUM,True,1,,,True,27.7,18.8,62.7,False,2019
HUL,Renault,46.0,90.578,11.0,506,34.0,HARD,False,1,,,True,27.6,18.7,62.8,False,2019
NOR,McLaren,46.0,90.237,12.0,507,11.0,HARD,True,1,,,True,27.6,18.7,62.8,False,2019
STR,Racing Point,46.0,89.635,13.0,508,7.0,SOFT,True,1,,,True,27.6,18.7,62.8,False,2019
RUS,Williams,46.0,92.267,14.0,508,25.0,HARD,True,1,,,True,27.6,18.7,62.8,False,2019
KUB,Williams,46.0,92.734,15.0,508,26.0,HARD,True,1,,,True,27.6,18.7,62.8,False,2019
PER,Racing Point,46.0,90.531,16.0,509,22.0,SOFT,True,1,0 days 01:46:58.189000,,False,27.6,18.7,62.8,False,2019
VET,Ferrari,46.0,88.733,17.0,510,8.0,MEDIUM,True,1,,,True,27.6,18.7,62.8,False,2019
HAM,Mercedes,47.0,89.063,1.0,510,27.0,HARD,True,1,,,True,27.6,18.7,62.8,False,2019
BOT,Mercedes,47.0,87.406,2.0,511,5.0,SOFT,False,1,,,True,27.6,18.7,62.8,False,2019
LEC,Ferrari,47.0,89.313,3.0,511,26.0,HARD,False,1,,,True,27.6,18.7,62.8,False,2019
GAS,Red Bull Racing,47.0,89.579,4.0,511,35.0,HARD,True,1,,,True,27.6,18.7,62.8,False,2019
VER,Red Bull Racing,47.0,89.291,5.0,512,27.0,HARD,True,1,,,True,27.5,18.6,63.8,False,2019
SAI,McLaren,47.0,90.417,6.0,513,27.0,HARD,True,1,,,True,27.5,18.6,63.8,False,2019
RIC,Renault,47.0,90.53,7.0,514,27.0,HARD,True,1,,,True,27.5,18.6,63.8,False,2019
RAI,Alfa Romeo Racing,47.0,90.579,8.0,514,30.0,HARD,True,1,,,True,27.5,18.6,63.8,False,2019
KVY,Toro Rosso,47.0,90.361,9.0,515,26.0,HARD,False,1,,,True,27.5,18.6,63.8,False,2019
ALB,Toro Rosso,47.0,91.308,10.0,515,34.0,MEDIUM,True,1,,,True,27.5,18.6,63.8,False,2019
HUL,Renault,47.0,90.647,11.0,515,35.0,HARD,False,1,,,True,27.5,18.6,63.8,False,2019
NOR,McLaren,47.0,89.854,12.0,516,12.0,HARD,True,1,,,True,27.5,18.6,63.8,False,2019
STR,Racing Point,47.0,89.591,13.0,517,8.0,SOFT,True,1,,,True,27.5,18.6,63.8,False,2019
RUS,Williams,47.0,93.14,14.0,517,26.0,HARD,True,1,,,True,27.5,18.6,63.8,False,2019
KUB,Williams,47.0,92.087,15.0,517,27.0,HARD,True,1,,,True,27.5,18.6,63.8,False,2019
VET,Ferrari,47.0,90.786,16.0,518,9.0,MEDIUM,True,1,,,True,27.5,18.6,63.8,False,2019
PER,Racing Point,47.0,111.063,17.0,519,4.0,SOFT,False,1,,0 days 01:47:26.861000,False,27.5,18.6,63.8,False,2019
HAM,Mercedes,48.0,88.698,1.0,519,28.0,HARD,True,1,,,True,27.5,18.6,63.8,False,2019
BOT,Mercedes,48.0,88.68,2.0,520,6.0,SOFT,False,1,,,True,27.5,18.6,63.8,False,2019
LEC,Ferrari,48.0,89.72,3.0,520,27.0,HARD,False,1,,,True,27.5,18.6,63.8,False,2019
GAS,Red Bull Racing,48.0,89.544,4.0,520,36.0,HARD,True,1,,,True,27.5,18.6,63.8,False,2019
VER,Red Bull Racing,48.0,89.734,5.0,521,28.0,HARD,True,1,,,True,27.5,18.6,63.8,False,2019
SAI,McLaren,48.0,90.188,6.0,522,28.0,HARD,True,1,,,True,27.5,18.6,63.8,False,2019
RIC,Renault,48.0,90.173,7.0,523,28.0,HARD,True,1,,,True,27.5,18.6,63.8,False,2019
RAI,Alfa Romeo Racing,48.0,90.394,8.0,523,31.0,HARD,True,1,,,True,27.5,18.6,63.8,False,2019
KVY,Toro Rosso,48.0,90.336,9.0,524,27.0,HARD,False,1,,,True,27.5,18.6,63.8,False,2019
ALB,Toro Rosso,48.0,91.109,10.0,524,35.0,MEDIUM,True,1,,,True,27.5,18.7,63.6,False,2019
HUL,Renault,48.0,90.649,11.0,524,36.0,HARD,False,1,,,True,27.5,18.7,63.6,False,2019
NOR,McLaren,48.0,89.74,12.0,525,13.0,HARD,True,1,,,True,27.5,18.7,63.6,False,2019
STR,Racing Point,48.0,89.404,13.0,526,9.0,SOFT,True,1,,,True,27.5,18.7,63.6,False,2019
RUS,Williams,48.0,91.834,14.0,526,27.0,HARD,True,1,,,True,27.5,18.7,63.6,False,2019
KUB,Williams,48.0,92.01,15.0,526,28.0,HARD,True,1,,,True,27.5,18.7,63.6,False,2019
VET,Ferrari,48.0,88.76,16.0,527,10.0,MEDIUM,True,1,,,True,27.5,18.7,63.6,False,2019
PER,Racing Point,48.0,89.747,17.0,528,5.0,SOFT,False,1,,,True,27.5,18.7,62.7,False,2019
HAM,Mercedes,49.0,88.676,1.0,528,29.0,HARD,True,1,,,True,27.5,18.7,63.6,False,2019
BOT,Mercedes,49.0,88.399,2.0,529,7.0,SOFT,False,1,,,True,27.5,18.7,63.6,False,2019
LEC,Ferrari,49.0,89.414,3.0,529,28.0,HARD,False,1,,,True,27.5,18.7,63.6,False,2019
GAS,Red Bull Racing,49.0,89.83,4.0,529,37.0,HARD,True,1,,,True,27.5,18.7,63.6,False,2019
VER,Red Bull Racing,49.0,89.903,5.0,530,29.0,HARD,True,1,,,True,27.5,18.7,62.7,False,2019
SAI,McLaren,49.0,89.766,6.0,531,29.0,HARD,True,1,,,True,27.5,18.7,62.7,False,2019
RIC,Renault,49.0,89.9,7.0,532,29.0,HARD,True,1,,,True,27.5,18.7,62.7,False,2019
RAI,Alfa Romeo Racing,49.0,90.468,8.0,532,32.0,HARD,True,1,,,True,27.5,18.7,62.7,False,2019
KVY,Toro Rosso,49.0,90.406,9.0,533,28.0,HARD,False,1,,,True,27.5,18.7,62.7,False,2019
ALB,Toro Rosso,49.0,91.14,10.0,533,36.0,MEDIUM,True,1,,,True,27.5,18.7,62.7,False,2019
HUL,Renault,49.0,90.31,11.0,533,37.0,HARD,False,1,,,True,27.5,18.7,62.7,False,2019
NOR,McLaren,49.0,89.774,12.0,534,14.0,HARD,True,1,,,True,27.5,18.7,62.7,False,2019
STR,Racing Point,49.0,89.39,13.0,535,10.0,SOFT,True,1,,,True,27.5,18.7,62.7,False,2019
RUS,Williams,49.0,91.683,14.0,535,28.0,HARD,True,1,,,True,27.6,18.7,62.3,False,2019
VET,Ferrari,49.0,90.191,15.0,536,11.0,MEDIUM,True,1,,,True,27.6,18.7,62.3,False,2019
KUB,Williams,49.0,93.164,16.0,536,29.0,HARD,True,1,,,True,27.6,18.7,62.3,False,2019
PER,Racing Point,49.0,89.84,17.0,537,6.0,SOFT,False,1,,,True,27.6,18.7,62.3,False,2019
HAM,Mercedes,50.0,88.908,1.0,537,30.0,HARD,True,1,,,True,27.5,18.7,62.7,False,2019
BOT,Mercedes,50.0,89.243,2.0,538,8.0,SOFT,False,1,,,True,27.6,18.7,62.3,False,2019
LEC,Ferrari,50.0,89.435,3.0,538,29.0,HARD,False,1,,,True,27.6,18.7,62.3,False,2019
GAS,Red Bull Racing,50.0,89.692,4.0,538,38.0,HARD,True,1,,,True,27.6,18.7,62.3,False,2019
VER,Red Bull Racing,50.0,89.716,5.0,539,30.0,HARD,True,1,,,True,27.6,18.7,62.3,False,2019
SAI,McLaren,50.0,89.757,6.0,540,30.0,HARD,True,1,,,True,27.6,18.7,62.3,False,2019
RIC,Renault,50.0,89.624,7.0,541,30.0,HARD,True,1,,,True,27.6,18.7,62.3,False,2019
RAI,Alfa Romeo Racing,50.0,90.434,8.0,541,33.0,HARD,True,1,,,True,27.6,18.7,62.3,False,2019
KVY,Toro Rosso,50.0,90.088,9.0,542,29.0,HARD,False,1,,,True,27.6,18.7,62.3,False,2019
ALB,Toro Rosso,50.0,91.195,10.0,542,37.0,MEDIUM,True,1,,,True,27.8,18.7,61.9,False,2019
HUL,Renault,50.0,90.132,11.0,542,38.0,HARD,False,1,,,True,27.8,18.7,61.9,False,2019
NOR,McLaren,50.0,89.636,12.0,543,15.0,HARD,True,1,,,True,27.8,18.7,61.9,False,2019
STR,Racing Point,50.0,89.467,13.0,544,11.0,SOFT,True,1,,,True,27.8,18.7,61.9,False,2019
RUS,Williams,50.0,91.013,14.0,544,29.0,HARD,True,1,,,True,27.8,18.7,61.9,False,2019
VET,Ferrari,50.0,89.107,15.0,545,12.0,MEDIUM,True,1,,,True,27.8,18.7,61.9,False,2019
KUB,Williams,50.0,91.509,16.0,545,30.0,HARD,True,1,,,True,27.8,18.7,61.9,False,2019
PER,Racing Point,50.0,89.456,17.0,546,7.0,SOFT,False,1,,,True,27.8,18.7,61.9,False,2019
HAM,Mercedes,51.0,89.711,1.0,546,31.0,HARD,True,1,,,True,27.8,18.7,61.9,False,2019
BOT,Mercedes,51.0,89.796,2.0,547,9.0,SOFT,False,1,,,True,27.8,18.7,61.9,False,2019
LEC,Ferrari,51.0,89.449,3.0,547,30.0,HARD,False,1,,,True,27.8,18.7,61.9,False,2019
GAS,Red Bull Racing,51.0,90.009,4.0,547,39.0,HARD,True,1,,,True,27.8,18.7,61.9,False,2019
VER,Red Bull Racing,51.0,89.595,5.0,548,31.0,HARD,True,1,,,True,27.8,18.9,62.1,False,2019
SAI,McLaren,51.0,89.863,6.0,549,31.0,HARD,True,1,,,True,27.8,18.9,62.1,False,2019
RIC,Renault,51.0,89.911,7.0,550,31.0,HARD,True,1,,,True,27.8,18.9,62.1,False,2019
RAI,Alfa Romeo Racing,51.0,90.034,8.0,550,34.0,HARD,True,1,,,True,27.8,18.9,62.1,False,2019
KVY,Toro Rosso,51.0,89.91,9.0,551,30.0,HARD,False,1,,,True,27.8,18.9,62.1,False,2019
HUL,Renault,51.0,89.949,10.0,551,39.0,HARD,False,1,,,True,27.8,18.9,62.1,False,2019
ALB,Toro Rosso,51.0,91.945,11.0,552,38.0,MEDIUM,True,1,,,True,27.8,18.9,62.1,False,2019
NOR,McLaren,51.0,90.163,12.0,553,16.0,HARD,True,1,,,True,27.8,18.9,62.1,False,2019
STR,Racing Point,51.0,89.531,13.0,554,12.0,SOFT,True,1,,,True,27.8,18.9,62.1,False,2019
RUS,Williams,51.0,91.95,14.0,554,30.0,HARD,True,1,,,True,27.9,19.0,61.4,False,2019
VET,Ferrari,51.0,88.758,15.0,555,13.0,MEDIUM,True,1,,,True,27.9,19.0,61.4,False,2019
KUB,Williams,51.0,93.637,16.0,555,31.0,HARD,True,1,,,True,27.9,19.0,61.4,False,2019
PER,Racing Point,51.0,89.54,17.0,556,8.0,SOFT,False,1,,,True,27.9,19.0,61.4,False,2019
HAM,Mercedes,52.0,87.369,1.0,556,32.0,HARD,True,1,,,True,27.8,18.9,62.1,False,2019
BOT,Mercedes,52.0,90.849,2.0,557,10.0,SOFT,False,1,,,True,27.9,19.0,61.4,False,2019
LEC,Ferrari,52.0,89.449,3.0,557,31.0,HARD,False,1,,,True,27.9,19.0,61.4,False,2019
GAS,Red Bull Racing,52.0,89.975,4.0,557,40.0,HARD,True,1,,,True,27.9,19.0,61.4,False,2019
VER,Red Bull Racing,52.0,89.855,5.0,558,32.0,HARD,True,1,,,True,27.9,19.0,61.4,False,2019
SAI,McLaren,52.0,89.867,6.0,559,32.0,HARD,True,1,,,True,27.9,19.0,61.4,False,2019
RIC,Renault,52.0,89.903,7.0,560,32.0,HARD,True,1,,,True,27.9,19.0,61.4,False,2019
RAI,Alfa Romeo Racing,52.0,90.036,8.0,560,35.0,HARD,True,1,,,True,27.9,19.0,61.4,False,2019
KVY,Toro Rosso,52.0,90.261,9.0,561,31.0,HARD,False,1,,,True,27.9,19.0,61.4,False,2019
HUL,Renault,52.0,90.287,10.0,561,40.0,HARD,False,1,,,True,28.0,19.0,61.1,False,2019
NOR,McLaren,52.0,90.612,11.0,562,17.0,HARD,True,1,,,True,28.0,19.0,61.1,False,2019
ALB,Toro Rosso,52.0,92.215,12.0,562,39.0,MEDIUM,True,1,,,True,28.0,19.0,61.1,False,2019
STR,Racing Point,52.0,90.106,13.0,563,13.0,SOFT,True,1,,,True,28.0,19.0,61.1,False,2019
BOT,Mercedes,1.0,92.846,1.0,1,4.0,MEDIUM,False,12,,,False,42.0,24.2,61.7,False,2020
HAM,Mercedes,1.0,93.847,2.0,2,4.0,MEDIUM,False,12,,,False,42.0,24.2,61.7,False,2020
VER,Red Bull Racing,1.0,95.298,3.0,3,4.0,HARD,False,12,,,False,42.0,24.2,61.7,False,2020
HUL,Racing Point,1.0,96.138,4.0,4,4.0,MEDIUM,False,12,,,False,42.0,24.2,61.7,False,2020
STR,Racing Point,1.0,96.874,5.0,5,4.0,MEDIUM,False,12,,,False,42.0,24.2,61.7,False,2020
RIC,Renault,1.0,97.686,6.0,6,4.0,MEDIUM,False,12,,,False,42.0,24.2,61.7,False,2020
GAS,AlphaTauri,1.0,98.443,7.0,7,4.0,MEDIUM,False,12,,,False,42.0,24.2,61.7,False,2020
NOR,McLaren,1.0,99.451,8.0,8,4.0,MEDIUM,False,12,,,False,42.0,24.2,61.7,False,2020
ALB,Red Bull Racing,1.0,99.919,9.0,9,4.0,MEDIUM,False,12,,,False,42.0,24.2,61.7,False,2020
LEC,Ferrari,1.0,100.456,10.0,10,4.0,MEDIUM,False,12,,,False,42.0,24.2,61.7,False,2020
SAI,McLaren,1.0,100.996,11.0,11,1.0,HARD,True,12,,,False,42.0,24.2,61.7,False,2020
OCO,Renault,1.0,101.495,12.0,12,1.0,MEDIUM,True,12,,,False,42.0,24.2,61.7,False,2020
MAG,Haas F1 Team,1.0,101.958,13.0,13,1.0,MEDIUM,True,12,,,False,42.0,24.2,61.7,False,2020
KVY,AlphaTauri,1.0,102.608,14.0,14,1.0,HARD,True,12,,,False,42.0,24.2,61.7,False,2020
GIO,Alfa Romeo Racing,1.0,103.606,15.0,15,1.0,MEDIUM,True,12,,,False,42.0,24.2,61.7,False,2020
GRO,Haas F1 Team,1.0,103.776,16.0,15,4.0,MEDIUM,False,12,,,False,42.0,24.2,61.7,False,2020
RUS,Williams,1.0,104.029,17.0,16,1.0,MEDIUM,True,12,,,False,42.0,24.2,61.7,False,2020
LAT,Williams,1.0,104.999,18.0,17,1.0,MEDIUM,True,12,,,False,42.0,24.2,61.7,False,2020
RAI,Alfa Romeo Racing,1.0,105.241,19.0,18,1.0,HARD,False,12,,,False,42.0,24.2,61.7,False,2020
VET,Ferrari,1.0,105.844,20.0,18,2.0,HARD,False,12,,,False,42.0,24.2,61.7,False,2020
BOT,Mercedes,2.0,91.384,1.0,18,5.0,MEDIUM,False,1,,,True,42.6,24.5,61.2,False,2020
HAM,Mercedes,2.0,91.44,2.0,19,5.0,MEDIUM,False,1,,,True,42.6,24.5,61.2,False,2020
VER,Red Bull Racing,2.0,91.968,3.0,20,5.0,HARD,False,1,,,True,42.6,24.5,61.2,False,2020
HUL,Racing Point,2.0,92.833,4.0,21,5.0,MEDIUM,False,1,,,True,42.6,24.5,61.2,False,2020
STR,Racing Point,2.0,93.22,5.0,22,5.0,MEDIUM,False,1,,,True,42.6,24.5,61.2,False,2020
RIC,Renault,2.0,93.776,6.0,23,5.0,MEDIUM,False,1,,,True,42.6,24.5,61.2,False,2020
GAS,AlphaTauri,2.0,93.873,7.0,24,5.0,MEDIUM,False,1,,,True,42.6,24.5,61.2,False,2020
NOR,McLaren,2.0,93.816,8.0,25,5.0,MEDIUM,False,1,,,True,42.6,24.5,61.2,False,2020
ALB,Red Bull Racing,2.0,94.083,9.0,26,5.0,MEDIUM,False,1,,,True,42.8,24.9,59.9,False,2020
LEC,Ferrari,2.0,94.324,10.0,27,5.0,MEDIUM,False,1,,,True,42.8,24.9,59.9,False,2020
SAI,McLaren,2.0,94.759,11.0,28,2.0,HARD,True,1,,,True,42.8,24.9,59.9,False,2020
OCO,Renault,2.0,95.198,12.0,29,2.0,MEDIUM,True,1,,,True,42.8,24.9,59.9,False,2020
MAG,Haas F1 Team,2.0,95.587,13.0,30,2.0,MEDIUM,True,1,,,True,42.8,24.9,59.9,False,2020
KVY,AlphaTauri,2.0,95.284,14.0,31,2.0,HARD,True,1,,,True,42.8,24.9,59.9,False,2020
GIO,Alfa Romeo Racing,2.0,95.129,15.0,32,2.0,MEDIUM,True,1,,,True,42.8,24.9,59.9,False,2020
GRO,Haas F1 Team,2.0,95.593,16.0,32,5.0,MEDIUM,False,1,,,True,42.8,24.9,59.9,False,2020
RUS,Williams,2.0,95.891,17.0,33,2.0,MEDIUM,True,1,,,True,42.8,24.9,59.9,False,2020
RAI,Alfa Romeo Racing,2.0,95.215,18.0,34,2.0,HARD,False,1,,,True,42.8,24.9,59.9,False,2020
VET,Ferrari,2.0,95.237,19.0,34,3.0,HARD,False,1,,,True,42.8,24.9,59.9,False,2020
LAT,Williams,2.0,97.405,20.0,35,2.0,MEDIUM,True,1,,,True,42.8,24.9,59.9,False,2020
BOT,Mercedes,3.0,91.656,1.0,35,6.0,MEDIUM,False,1,,,True,43.0,24.9,59.9,False,2020
HAM,Mercedes,3.0,91.448,2.0,36,6.0,MEDIUM,False,1,,,True,43.0,24.9,59.9,False,2020
VER,Red Bull Racing,3.0,91.972,3.0,37,6.0,HARD,False,1,,,True,43.0,24.9,59.9,False,2020
HUL,Racing Point,3.0,92.482,4.0,38,6.0,MEDIUM,False,1,,,True,43.0,24.9,59.9,False,2020
STR,Racing Point,3.0,92.868,5.0,39,6.0,MEDIUM,False,1,,,True,43.0,24.9,59.9,False,2020
RIC,Renault,3.0,93.179,6.0,40,6.0,MEDIUM,False,1,,,True,43.0,24.9,59.9,False,2020
GAS,AlphaTauri,3.0,93.235,7.0,41,6.0,MEDIUM,False,1,,,True,43.0,24.9,59.9,False,2020
NOR,McLaren,3.0,93.862,8.0,42,6.0,MEDIUM,False,1,,,True,43.0,24.9,59.9,False,2020
ALB,Red Bull Racing,3.0,93.802,9.0,43,6.0,MEDIUM,False,1,,,True,43.0,24.9,59.9,False,2020
LEC,Ferrari,3.0,93.93,10.0,44,6.0,MEDIUM,False,1,,,True,43.0,24.9,59.9,False,2020
SAI,McLaren,3.0,94.115,11.0,45,3.0,HARD,True,1,,,True,43.0,24.9,59.9,False,2020
OCO,Renault,3.0,94.245,12.0,46,3.0,MEDIUM,True,1,,,True,43.0,24.9,59.9,False,2020
KVY,AlphaTauri,3.0,95.3,13.0,47,3.0,HARD,True,1,,,True,43.0,24.9,59.9,False,2020
MAG,Haas F1 Team,3.0,96.36,14.0,48,3.0,MEDIUM,True,1,,,True,43.0,24.9,59.9,False,2020
GIO,Alfa Romeo Racing,3.0,95.541,15.0,49,3.0,MEDIUM,True,1,,,True,43.0,24.9,59.9,False,2020
GRO,Haas F1 Team,3.0,95.375,16.0,49,6.0,MEDIUM,False,1,,,True,43.0,24.9,59.9,False,2020
RUS,Williams,3.0,95.156,17.0,50,3.0,MEDIUM,True,1,,,True,43.0,24.9,59.9,False,2020
RAI,Alfa Romeo Racing,3.0,95.089,18.0,51,3.0,HARD,False,1,,,True,43.0,24.9,59.9,False,2020
VET,Ferrari,3.0,95.024,19.0,51,4.0,HARD,False,1,,,True,43.0,24.9,59.9,False,2020
LAT,Williams,3.0,94.869,20.0,52,3.0,MEDIUM,True,1,,,True,43.0,24.9,59.9,False,2020
BOT,Mercedes,4.0,91.562,1.0,52,7.0,MEDIUM,False,1,,,True,43.1,24.9,59.4,False,2020
HAM,Mercedes,4.0,91.859,2.0,53,7.0,MEDIUM,False,1,,,True,43.1,24.9,59.4,False,2020
VER,Red Bull Racing,4.0,92.125,3.0,54,7.0,HARD,False,1,,,True,43.1,24.9,59.4,False,2020
HUL,Racing Point,4.0,93.226,4.0,55,7.0,MEDIUM,False,1,,,True,43.0,24.9,59.8,False,2020
STR,Racing Point,4.0,93.207,5.0,56,7.0,MEDIUM,False,1,,,True,43.0,24.9,59.8,False,2020
RIC,Renault,4.0,93.44,6.0,57,7.0,MEDIUM,False,1,,,True,43.0,24.9,59.8,False,2020
GAS,AlphaTauri,4.0,93.557,7.0,58,7.0,MEDIUM,False,1,,,True,43.0,24.9,59.8,False,2020
NOR,McLaren,4.0,93.357,8.0,59,7.0,MEDIUM,False,1,,,True,43.0,24.9,59.8,False,2020
ALB,Red Bull Racing,4.0,93.617,9.0,60,7.0,MEDIUM,False,1,,,True,43.0,24.9,59.8,False,2020
LEC,Ferrari,4.0,93.672,10.0,61,7.0,MEDIUM,False,1,,,True,43.0,24.9,59.8,False,2020
SAI,McLaren,4.0,94.083,11.0,62,4.0,HARD,True,1,,,True,43.0,24.9,59.8,False,2020
OCO,Renault,4.0,94.268,12.0,63,4.0,MEDIUM,True,1,,,True,43.0,24.9,59.8,False,2020
KVY,AlphaTauri,4.0,93.918,13.0,64,4.0,HARD,True,1,,,True,43.0,24.9,59.8,False,2020
MAG,Haas F1 Team,4.0,94.897,14.0,65,4.0,MEDIUM,True,1,,,True,43.0,24.9,59.8,False,2020
GIO,Alfa Romeo Racing,4.0,95.236,15.0,66,4.0,MEDIUM,True,1,,,True,43.0,24.9,59.8,False,2020
GRO,Haas F1 Team,4.0,95.218,16.0,66,7.0,MEDIUM,False,1,,,True,43.0,24.9,59.8,False,2020
RUS,Williams,4.0,95.938,17.0,67,4.0,MEDIUM,True,1,,,True,43.0,24.9,59.8,False,2020
VET,Ferrari,4.0,95.343,18.0,67,5.0,HARD,False,1,,,True,43.0,24.9,59.8,False,2020
RAI,Alfa Romeo Racing,4.0,96.911,19.0,68,4.0,HARD,False,1,,,True,43.0,24.9,59.8,False,2020
LAT,Williams,4.0,96.001,20.0,69,4.0,MEDIUM,True,1,,,True,43.0,24.9,59.8,False,2020
BOT,Mercedes,5.0,92.275,1.0,69,8.0,MEDIUM,False,1,,,True,43.0,25.0,59.4,False,2020
HAM,Mercedes,5.0,92.698,2.0,70,8.0,MEDIUM,False,1,,,True,43.0,25.0,59.4,False,2020
VER,Red Bull Racing,5.0,92.251,3.0,71,8.0,HARD,False,1,,,True,43.0,25.0,59.4,False,2020
HUL,Racing Point,5.0,92.868,4.0,72,8.0,MEDIUM,False,1,,,True,43.0,25.0,59.4,False,2020
STR,Racing Point,5.0,93.187,5.0,73,8.0,MEDIUM,False,1,,,True,43.0,25.0,59.4,False,2020
RIC,Renault,5.0,93.418,6.0,74,8.0,MEDIUM,False,1,,,True,43.0,25.0,59.4,False,2020
GAS,AlphaTauri,5.0,93.683,7.0,75,8.0,MEDIUM,False,1,,,True,43.0,25.0,59.4,False,2020
NOR,McLaren,5.0,93.901,8.0,76,8.0,MEDIUM,False,1,,,True,43.0,25.0,59.4,False,2020
ALB,Red Bull Racing,5.0,93.703,9.0,77,8.0,MEDIUM,False,1,,,True,43.0,25.0,59.4,False,2020
LEC,Ferrari,5.0,93.703,10.0,78,8.0,MEDIUM,False,1,,,True,43.0,25.0,59.4,False,2020
SAI,McLaren,5.0,94.135,11.0,79,5.0,HARD,True,1,,,True,43.0,25.0,59.4,False,2020
OCO,Renault,5.0,94.234,12.0,80,5.0,MEDIUM,True,1,,,True,43.0,25.0,59.4,False,2020
KVY,AlphaTauri,5.0,94.293,13.0,81,5.0,HARD,True,1,,,True,43.0,25.0,59.4,False,2020
MAG,Haas F1 Team,5.0,94.648,14.0,82,5.0,MEDIUM,True,1,,,True,43.0,25.0,59.4,False,2020
GIO,Alfa Romeo Racing,5.0,94.694,15.0,83,5.0,MEDIUM,True,1,,,True,43.0,25.0,59.4,False,2020
GRO,Haas F1 Team,5.0,94.982,16.0,83,8.0,MEDIUM,False,1,,,True,43.0,25.0,59.4,False,2020
RUS,Williams,5.0,94.546,17.0,84,5.0,MEDIUM,True,1,,,True,43.0,25.0,59.4,False,2020
VET,Ferrari,5.0,94.811,18.0,84,6.0,HARD,False,1,,,True,43.0,25.0,59.4,False,2020
RAI,Alfa Romeo Racing,5.0,94.655,19.0,85,5.0,HARD,False,1,,,True,43.0,25.0,59.4,False,2020
LAT,Williams,5.0,94.864,20.0,86,5.0,MEDIUM,True,1,,,True,43.0,25.0,59.4,False,2020
BOT,Mercedes,6.0,92.752,1.0,86,9.0,MEDIUM,False,1,,,True,43.3,25.1,58.7,False,2020
HAM,Mercedes,6.0,92.401,2.0,87,9.0,MEDIUM,False,1,,,True,43.1,25.2,58.7,False,2020
VER,Red Bull Racing,6.0,92.045,3.0,88,9.0,HARD,False,1,,,True,43.1,25.2,58.7,False,2020
HUL,Racing Point,6.0,92.989,4.0,89,9.0,MEDIUM,False,1,,,True,43.1,25.2,58.7,False,2020
STR,Racing Point,6.0,93.881,5.0,90,9.0,MEDIUM,False,1,,,True,43.1,25.2,58.7,False,2020
RIC,Renault,6.0,93.29,6.0,91,9.0,MEDIUM,False,1,,,True,43.1,25.2,58.7,False,2020
GAS,AlphaTauri,6.0,93.544,7.0,92,9.0,MEDIUM,False,1,,,True,43.1,25.2,58.7,False,2020
NOR,McLaren,6.0,93.435,8.0,93,9.0,MEDIUM,False,1,,,True,43.1,25.2,58.7,False,2020
ALB,Red Bull Racing,6.0,93.049,9.0,94,9.0,MEDIUM,False,1,0 days 00:42:39.598000,,False,43.1,25.2,58.7,False,2020
LEC,Ferrari,6.0,93.392,10.0,95,9.0,MEDIUM,False,1,,,True,43.1,25.2,58.7,False,2020
SAI,McLaren,6.0,93.699,11.0,96,6.0,HARD,True,1,,,True,43.1,25.2,58.7,False,2020
OCO,Renault,6.0,94.355,12.0,97,6.0,MEDIUM,True,1,,,True,43.1,25.2,58.7,False,2020
KVY,AlphaTauri,6.0,94.254,13.0,98,6.0,HARD,True,1,,,True,43.1,25.2,58.7,False,2020
MAG,Haas F1 Team,6.0,94.64,14.0,99,6.0,MEDIUM,True,1,,,True,43.1,25.2,58.7,False,2020
GIO,Alfa Romeo Racing,6.0,94.612,15.0,100,6.0,MEDIUM,True,1,,,True,43.1,25.2,58.7,False,2020
GRO,Haas F1 Team,6.0,94.547,16.0,100,9.0,MEDIUM,False,1,,,True,43.1,25.2,58.7,False,2020
RUS,Williams,6.0,94.665,17.0,101,6.0,MEDIUM,True,1,,,True,43.1,25.2,58.7,False,2020
VET,Ferrari,6.0,94.296,18.0,101,7.0,HARD,False,1,,,True,43.1,25.2,58.7,False,2020
RAI,Alfa Romeo Racing,6.0,94.12,19.0,102,6.0,HARD,False,1,,,True,43.1,25.2,58.7,False,2020
LAT,Williams,6.0,93.9,20.0,103,6.0,MEDIUM,True,1,,,True,43.1,25.2,58.7,False,2020
BOT,Mercedes,7.0,92.153,1.0,103,10.0,MEDIUM,False,1,,,True,43.1,25.1,58.3,False,2020
HAM,Mercedes,7.0,92.352,2.0,104,10.0,MEDIUM,False,1,,,True,43.1,25.1,58.3,False,2020
VER,Red Bull Racing,7.0,92.159,3.0,105,10.0,HARD,False,1,,,True,43.1,25.1,58.3,False,2020
HUL,Racing Point,7.0,93.492,4.0,106,10.0,MEDIUM,False,1,,,True,43.1,25.1,58.3,False,2020
STR,Racing Point,7.0,93.24,5.0,107,10.0,MEDIUM,False,1,,,True,43.1,25.1,58.3,False,2020
RIC,Renault,7.0,93.365,6.0,108,10.0,MEDIUM,False,1,,,True,43.1,25.1,58.3,False,2020
GAS,AlphaTauri,7.0,92.447,7.0,109,10.0,MEDIUM,False,1,0 days 00:44:10.185000,,False,43.1,25.1,58.3,False,2020
NOR,McLaren,7.0,93.758,8.0,110,10.0,MEDIUM,False,1,,,True,43.1,25.1,58.3,False,2020
LEC,Ferrari,7.0,93.191,9.0,111,10.0,MEDIUM,False,1,,,True,43.1,25.1,58.3,False,2020
SAI,McLaren,7.0,94.015,10.0,112,7.0,HARD,True,1,,,True,43.1,25.1,58.3,False,2020
OCO,Renault,7.0,94.129,11.0,113,7.0,MEDIUM,True,1,,,True,43.1,25.1,58.3,False,2020
KVY,AlphaTauri,7.0,94.048,12.0,114,7.0,HARD,True,1,,,True,43.1,25.1,58.3,False,2020
MAG,Haas F1 Team,7.0,94.452,13.0,115,7.0,MEDIUM,True,1,,,True,43.1,25.1,58.3,False,2020
GIO,Alfa Romeo Racing,7.0,94.067,14.0,116,7.0,MEDIUM,True,1,0 days 00:44:25.214000,,False,43.1,25.1,58.4,False,2020
GRO,Haas F1 Team,7.0,94.402,15.0,116,10.0,MEDIUM,False,1,,,True,43.1,25.1,58.4,False,2020
RUS,Williams,7.0,94.445,16.0,117,7.0,MEDIUM,True,1,,,True,43.1,25.1,58.4,False,2020
VET,Ferrari,7.0,94.683,17.0,117,8.0,HARD,False,1,,,True,43.1,25.1,58.4,False,2020
RAI,Alfa Romeo Racing,7.0,94.692,18.0,118,7.0,HARD,False,1,,,True,43.1,25.1,58.4,False,2020
LAT,Williams,7.0,94.722,19.0,119,7.0,MEDIUM,True,1,,,True,43.1,25.1,58.4,False,2020
ALB,Red Bull Racing,7.0,112.422,20.0,120,1.0,HARD,True,1,,0 days 00:43:07.968000,False,43.1,25.1,58.4,False,2020
BOT,Mercedes,8.0,92.574,1.0,120,11.0,MEDIUM,False,1,,,True,43.6,25.3,58.2,False,2020
HAM,Mercedes,8.0,92.481,2.0,121,11.0,MEDIUM,False,1,,,True,43.6,25.3,58.2,False,2020
VER,Red Bull Racing,8.0,92.17,3.0,122,11.0,HARD,False,1,,,True,43.6,25.3,58.2,False,2020
HUL,Racing Point,8.0,93.277,4.0,123,11.0,MEDIUM,False,1,,,True,43.6,25.3,58.2,False,2020
STR,Racing Point,8.0,93.161,5.0,124,11.0,MEDIUM,False,1,,,True,43.6,25.3,58.2,False,2020
RIC,Renault,8.0,93.413,6.0,125,11.0,MEDIUM,False,1,,,True,43.6,25.3,58.2,False,2020
NOR,McLaren,8.0,93.181,7.0,126,11.0,MEDIUM,False,1,,,True,43.6,25.3,58.2,False,2020
LEC,Ferrari,8.0,93.057,8.0,127,11.0,MEDIUM,False,1,,,True,43.6,25.3,58.2,False,2020
SAI,McLaren,8.0,93.367,9.0,128,8.0,HARD,True,1,,,True,43.6,25.3,58.2,False,2020
OCO,Renault,8.0,94.225,10.0,129,8.0,MEDIUM,True,1,,,True,43.6,25.3,58.2,False,2020
KVY,AlphaTauri,8.0,94.369,11.0,130,8.0,HARD,True,1,,,True,43.6,25.3,58.2,False,2020
MAG,Haas F1 Team,8.0,94.36,12.0,131,8.0,MEDIUM,True,1,,,True,43.6,25.3,58.2,False,2020
GRO,Haas F1 Team,8.0,93.97,13.0,131,11.0,MEDIUM,False,1,,,True,43.6,25.3,58.2,False,2020
RUS,Williams,8.0,93.267,14.0,132,8.0,MEDIUM,True,1,0 days 00:45:59.369000,,False,43.6,25.3,58.2,False,2020
VET,Ferrari,8.0,93.913,15.0,132,9.0,HARD,False,1,,,True,43.6,25.3,58.2,False,2020
RAI,Alfa Romeo Racing,8.0,94.112,16.0,133,8.0,HARD,False,1,,,True,43.6,25.3,58.2,False,2020
LAT,Williams,8.0,94.068,17.0,134,8.0,MEDIUM,True,1,,,True,43.6,25.3,58.2,False,2020
GAS,AlphaTauri,8.0,112.813,18.0,135,1.0,HARD,True,1,,0 days 00:44:38.545000,False,43.6,25.3,58.2,False,2020
ALB,Red Bull Racing,8.0,91.989,19.0,135,2.0,HARD,True,1,,,True,43.6,25.3,58.2,False,2020
GIO,Alfa Romeo Racing,8.0,112.5,20.0,136,1.0,HARD,True,1,,0 days 00:44:52.201000,False,43.6,25.3,58.2,False,2020
BOT,Mercedes,9.0,92.636,1.0,136,12.0,MEDIUM,False,1,,,True,43.4,25.4,57.8,False,2020
HAM,Mercedes,9.0,92.685,2.0,137,12.0,MEDIUM,False,1,,,True,43.4,25.4,57.8,False,2020
VER,Red Bull Racing,9.0,92.449,3.0,138,12.0,HARD,False,1,,,True,43.4,25.4,57.8,False,2020
HUL,Racing Point,9.0,93.05,4.0,139,12.0,MEDIUM,False,1,,,True,43.4,25.4,57.8,False,2020
STR,Racing Point,9.0,93.154,5.0,140,12.0,MEDIUM,False,1,,,True,43.4,25.4,57.8,False,2020
RIC,Renault,9.0,93.003,6.0,141,12.0,MEDIUM,False,1,,,True,43.4,25.4,57.8,False,2020
NOR,McLaren,9.0,92.752,7.0,142,12.0,MEDIUM,False,1,,,True,43.4,25.4,57.8,False,2020
LEC,Ferrari,9.0,92.831,8.0,143,12.0,MEDIUM,False,1,,,True,43.4,25.4,57.8,False,2020
SAI,McLaren,9.0,93.154,9.0,144,9.0,HARD,True,1,,,True,43.4,25.4,57.8,False,2020
OCO,Renault,9.0,94.0,10.0,145,9.0,MEDIUM,True,1,,,True,43.8,25.5,58.3,False,2020
KVY,AlphaTauri,9.0,94.013,11.0,146,9.0,HARD,True,1,,,True,43.8,25.5,58.3,False,2020
MAG,Haas F1 Team,9.0,93.626,12.0,147,9.0,MEDIUM,True,1,0 days 00:47:32.162000,,False,43.8,25.5,58.3,False,2020
GRO,Haas F1 Team,9.0,93.996,13.0,147,12.0,MEDIUM,False,1,,,True,43.8,25.5,58.3,False,2020
VET,Ferrari,9.0,93.687,14.0,148,10.0,HARD,False,1,,,True,43.8,25.5,58.3,False,2020
LAT,Williams,9.0,93.133,15.0,149,9.0,MEDIUM,True,1,0 days 00:47:35.388000,,False,43.8,25.5,58.3,False,2020
RAI,Alfa Romeo Racing,9.0,94.153,16.0,150,9.0,HARD,False,1,,,True,43.8,25.5,58.3,False,2020
GAS,AlphaTauri,9.0,93.844,17.0,151,2.0,HARD,True,1,,,True,43.8,25.5,58.3,False,2020
ALB,Red Bull Racing,9.0,93.411,18.0,151,3.0,HARD,True,1,,,True,43.8,25.5,58.3,False,2020
GIO,Alfa Romeo Racing,9.0,92.892,19.0,152,2.0,HARD,True,1,,,True,43.8,25.5,58.3,False,2020
RUS,Williams,9.0,111.729,20.0,153,1.0,HARD,True,1,,0 days 00:46:27.748000,False,43.8,25.5,58.3,False,2020
BOT,Mercedes,10.0,92.583,1.0,153,13.0,MEDIUM,False,1,,,True,43.8,25.4,58.1,False,2020
HAM,Mercedes,10.0,92.615,2.0,154,13.0,MEDIUM,False,1,,,True,43.8,25.4,58.1,False,2020
VER,Red Bull Racing,10.0,92.36,3.0,155,13.0,HARD,False,1,,,True,43.8,25.4,58.1,False,2020
HUL,Racing Point,10.0,92.848,4.0,156,13.0,MEDIUM,False,1,,,True,43.8,25.4,58.1,False,2020
STR,Racing Point,10.0,92.657,5.0,157,13.0,MEDIUM,False,1,,,True,43.8,25.4,58.1,False,2020
RIC,Renault,10.0,92.744,6.0,158,13.0,MEDIUM,False,1,,,True,43.8,25.4,58.1,False,2020
NOR,McLaren,10.0,93.128,7.0,159,13.0,MEDIUM,False,1,,,True,43.8,25.4,58.1,False,2020
LEC,Ferrari,10.0,93.132,8.0,160,13.0,MEDIUM,False,1,,,True,43.8,25.4,58.1,False,2020
SAI,McLaren,10.0,93.163,9.0,161,10.0,HARD,True,1,,,True,43.8,25.4,58.1,False,2020
OCO,Renault,10.0,93.892,10.0,162,10.0,MEDIUM,True,1,,,True,43.8,25.4,58.1,False,2020
KVY,AlphaTauri,10.0,93.73,11.0,163,10.0,HARD,True,1,,,True,43.8,25.4,58.1,False,2020
GRO,Haas F1 Team,10.0,93.802,12.0,163,13.0,MEDIUM,False,1,,,True,43.8,25.4,58.1,False,2020
VET,Ferrari,10.0,93.588,13.0,164,11.0,HARD,False,1,,,True,43.8,25.4,58.1,False,2020
GAS,AlphaTauri,10.0,93.188,14.0,165,3.0,HARD,True,1,,,True,43.8,25.4,58.1,False,2020
RAI,Alfa Romeo Racing,10.0,94.758,15.0,165,10.0,HARD,False,1,,,True,43.8,25.4,58.1,False,2020
ALB,Red Bull Racing,10.0,94.107,16.0,166,4.0,HARD,True,1,,,True,43.8,25.4,58.1,False,2020
GIO,Alfa Romeo Racing,10.0,92.838,17.0,167,3.0,HARD,True,1,,,True,43.8,25.4,58.1,False,2020
RUS,Williams,10.0,92.534,18.0,168,2.0,HARD,True,1,,,True,43.8,25.4,58.1,False,2020
MAG,Haas F1 Team,10.0,114.192,19.0,169,2.0,HARD,False,1,,0 days 00:48:00.867000,False,44.0,25.5,58.5,False,2020
LAT,Williams,10.0,112.534,20.0,170,1.0,HARD,True,1,,0 days 00:48:04.058000,False,44.0,25.5,58.5,False,2020
BOT,Mercedes,11.0,92.673,1.0,170,14.0,MEDIUM,False,1,,,True,44.0,25.5,58.5,False,2020
HAM,Mercedes,11.0,92.752,2.0,171,14.0,MEDIUM,False,1,,,True,44.0,25.5,58.5,False,2020
VER,Red Bull Racing,11.0,92.56,3.0,172,14.0,HARD,False,1,,,True,44.0,25.5,58.5,False,2020
HUL,Racing Point,11.0,92.493,4.0,173,14.0,MEDIUM,False,1,,,True,44.0,25.5,58.5,False,2020
STR,Racing Point,11.0,92.728,5.0,174,14.0,MEDIUM,False,1,,,True,44.0,25.5,58.5,False,2020
RIC,Renault,11.0,92.746,6.0,175,14.0,MEDIUM,False,1,,,True,44.0,25.5,58.5,False,2020
NOR,McLaren,11.0,92.827,7.0,176,14.0,MEDIUM,False,1,,,True,44.0,25.7,57.3,False,2020
LEC,Ferrari,11.0,92.946,8.0,177,14.0,MEDIUM,False,1,,,True,44.0,25.7,57.3,False,2020
SAI,McLaren,11.0,93.097,9.0,178,11.0,HARD,True,1,,,True,44.0,25.7,57.3,False,2020
OCO,Renault,11.0,93.853,10.0,179,11.0,MEDIUM,True,1,,,True,44.0,25.7,57.3,False,2020
KVY,AlphaTauri,11.0,93.594,11.0,180,11.0,HARD,True,1,,,True,44.0,25.7,57.3,False,2020
GRO,Haas F1 Team,11.0,93.576,12.0,180,14.0,MEDIUM,False,1,,,True,44.0,25.7,57.3,False,2020
VET,Ferrari,11.0,93.524,13.0,181,12.0,HARD,False,1,,,True,44.0,25.7,57.3,False,2020
GAS,AlphaTauri,11.0,93.52,14.0,182,4.0,HARD,True,1,,,True,44.0,25.7,57.3,False,2020
RAI,Alfa Romeo Racing,11.0,94.428,15.0,182,11.0,HARD,False,1,,,True,44.0,25.7,57.3,False,2020
ALB,Red Bull Racing,11.0,93.877,16.0,183,5.0,HARD,True,1,,,True,44.0,25.7,57.3,False,2020
GIO,Alfa Romeo Racing,11.0,93.193,17.0,184,4.0,HARD,True,1,,,True,44.0,25.7,57.3,False,2020
RUS,Williams,11.0,92.876,18.0,185,3.0,HARD,True,1,,,True,44.0,25.7,57.3,False,2020
MAG,Haas F1 Team,11.0,92.94,19.0,186,3.0,HARD,False,1,,,True,44.0,25.7,57.3,False,2020
LAT,Williams,11.0,92.79,20.0,187,2.0,HARD,True,1,,,True,44.0,25.7,57.3,False,2020
BOT,Mercedes,12.0,92.503,1.0,187,15.0,MEDIUM,False,1,,,True,44.0,25.7,57.2,False,2020
HAM,Mercedes,12.0,92.891,2.0,188,15.0,MEDIUM,False,1,,,True,44.0,25.7,57.2,False,2020
VER,Red Bull Racing,12.0,92.942,3.0,189,15.0,HARD,False,1,,,True,44.0,25.7,57.2,False,2020
HUL,Racing Point,12.0,92.962,4.0,190,15.0,MEDIUM,False,1,,,True,44.0,25.7,57.2,False,2020
STR,Racing Point,12.0,92.949,5.0,191,15.0,MEDIUM,False,1,,,True,44.0,25.7,57.2,False,2020
RIC,Renault,12.0,92.955,6.0,192,15.0,MEDIUM,False,1,,,True,44.0,25.7,57.2,False,2020
NOR,McLaren,12.0,92.315,7.0,193,15.0,MEDIUM,False,1,0 days 00:51:57.239000,,False,44.0,25.7,57.2,False,2020
LEC,Ferrari,12.0,92.915,8.0,194,15.0,MEDIUM,False,1,,,True,44.0,25.7,57.2,False,2020
SAI,McLaren,12.0,93.182,9.0,195,12.0,HARD,True,1,,,True,44.0,25.7,57.2,False,2020
OCO,Renault,12.0,93.863,10.0,196,12.0,MEDIUM,True,1,,,True,44.0,25.7,57.2,False,2020
KVY,AlphaTauri,12.0,93.394,11.0,197,12.0,HARD,True,1,,,True,44.0,25.7,57.2,False,2020
GRO,Haas F1 Team,12.0,92.947,12.0,197,15.0,MEDIUM,False,1,,,True,44.0,25.7,57.2,False,2020
VET,Ferrari,12.0,93.034,13.0,198,13.0,HARD,False,1,,,True,44.0,25.7,57.2,False,2020
GAS,AlphaTauri,12.0,93.408,14.0,199,5.0,HARD,True,1,,,True,44.0,25.7,57.2,False,2020
RAI,Alfa Romeo Racing,12.0,94.118,15.0,199,12.0,HARD,False,1,,,True,44.0,25.7,57.2,False,2020
ALB,Red Bull Racing,12.0,94.029,16.0,200,6.0,HARD,True,1,,,True,44.0,25.7,57.2,False,2020
GIO,Alfa Romeo Racing,12.0,93.397,17.0,201,5.0,HARD,True,1,,,True,43.5,25.7,56.8,False,2020
RUS,Williams,12.0,93.409,18.0,202,4.0,HARD,True,1,,,True,43.5,25.7,56.8,False,2020
MAG,Haas F1 Team,12.0,93.15,19.0,203,4.0,HARD,False,1,,,True,43.5,25.7,56.8,False,2020
LAT,Williams,12.0,92.526,20.0,204,3.0,HARD,True,1,,,True,43.5,25.7,56.8,False,2020
BOT,Mercedes,13.0,91.947,1.0,204,16.0,MEDIUM,False,1,0 days 00:53:10.876000,,False,43.5,25.7,56.8,False,2020
HAM,Mercedes,13.0,92.782,2.0,205,16.0,MEDIUM,False,1,,,True,43.5,25.7,56.8,False,2020
VER,Red Bull Racing,13.0,92.588,3.0,206,16.0,HARD,False,1,,,True,43.5,25.7,56.8,False,2020
HUL,Racing Point,13.0,92.548,4.0,207,16.0,MEDIUM,False,1,,,True,43.5,25.7,56.8,False,2020
STR,Racing Point,13.0,92.626,5.0,208,16.0,MEDIUM,False,1,,,True,42.9,25.5,57.4,False,2020
RIC,Renault,13.0,92.743,6.0,209,16.0,MEDIUM,False,1,,,True,42.9,25.5,57.4,False,2020
LEC,Ferrari,13.0,92.429,7.0,210,16.0,MEDIUM,False,1,,,True,42.9,25.5,57.4,False,2020
SAI,McLaren,13.0,93.204,8.0,211,13.0,HARD,True,1,,,True,42.9,25.5,57.4,False,2020
OCO,Renault,13.0,93.297,9.0,212,13.0,MEDIUM,True,1,,,True,42.9,25.5,57.4,False,2020
KVY,AlphaTauri,13.0,93.232,10.0,213,13.0,HARD,True,1,,,True,42.9,25.5,57.4,False,2020
GRO,Haas F1 Team,13.0,93.42,11.0,213,16.0,MEDIUM,False,1,,,True,42.9,25.5,57.4,False,2020
VET,Ferrari,13.0,93.15,12.0,214,14.0,HARD,False,1,,,True,42.9,25.5,57.4,False,2020
NOR,McLaren,13.0,112.18,13.0,215,1.0,HARD,True,1,,0 days 00:52:25.173000,False,42.9,25.5,57.4,False,2020
GAS,AlphaTauri,13.0,93.603,14.0,215,6.0,HARD,True,1,,,True,42.9,25.5,57.4,False,2020
ALB,Red Bull Racing,13.0,94.436,15.0,215,7.0,HARD,True,1,,,True,42.9,25.5,57.4,False,2020
RAI,Alfa Romeo Racing,13.0,95.941,16.0,215,13.0,HARD,False,1,,,True,42.9,25.5,57.4,False,2020
GIO,Alfa Romeo Racing,13.0,93.271,17.0,216,6.0,HARD,True,1,,,True,42.9,25.5,57.4,False,2020
RUS,Williams,13.0,93.296,18.0,217,5.0,HARD,True,1,,,True,42.9,25.5,57.4,False,2020
MAG,Haas F1 Team,13.0,93.203,19.0,218,5.0,HARD,False,1,,,True,42.9,25.5,57.4,False,2020
LAT,Williams,13.0,93.288,20.0,219,4.0,HARD,True,1,,,True,42.9,25.5,57.4,False,2020
HAM,Mercedes,14.0,91.888,1.0,219,17.0,MEDIUM,False,1,0 days 00:54:45.554000,,False,42.9,25.4,57.9,False,2020
VER,Red Bull Racing,14.0,92.234,2.0,220,17.0,HARD,False,1,,,True,42.9,25.4,57.9,False,2020
HUL,Racing Point,14.0,92.339,3.0,221,17.0,MEDIUM,False,1,,,True,42.9,25.4,57.9,False,2020
STR,Racing Point,14.0,92.457,4.0,222,17.0,MEDIUM,False,1,,,True,42.9,25.4,57.9,False,2020
RIC,Renault,14.0,91.966,5.0,223,17.0,MEDIUM,False,1,0 days 00:54:59.177000,,False,42.9,25.4,57.9,False,2020
BOT,Mercedes,14.0,111.03,6.0,224,1.0,HARD,True,1,,0 days 00:53:39.314000,False,42.9,25.4,57.9,False,2020
LEC,Ferrari,14.0,92.68,7.0,224,17.0,MEDIUM,False,1,,,True,42.9,25.4,57.9,False,2020
SAI,McLaren,14.0,92.968,8.0,225,14.0,HARD,True,1,,,True,42.9,25.4,57.9,False,2020
OCO,Renault,14.0,93.04,9.0,226,14.0,MEDIUM,True,1,,,True,42.9,25.4,57.9,False,2020
KVY,AlphaTauri,14.0,92.937,10.0,227,14.0,HARD,True,1,,,True,42.9,25.4,57.9,False,2020
GRO,Haas F1 Team,14.0,93.107,11.0,227,17.0,MEDIUM,False,1,,,True,42.9,25.4,57.9,False,2020
VET,Ferrari,14.0,93.103,12.0,228,15.0,HARD,False,1,,,True,42.9,25.4,57.9,False,2020
NOR,McLaren,14.0,92.347,13.0,229,2.0,HARD,True,1,,,True,42.9,25.4,57.9,False,2020
GAS,AlphaTauri,14.0,93.054,14.0,229,7.0,HARD,True,1,,,True,42.9,25.4,57.9,False,2020
ALB,Red Bull Racing,14.0,92.244,15.0,229,8.0,HARD,True,1,,,True,43.3,25.5,58.3,False,2020
RAI,Alfa Romeo Racing,14.0,94.187,16.0,229,14.0,HARD,False,1,,,True,43.3,25.5,58.3,False,2020
GIO,Alfa Romeo Racing,14.0,93.232,17.0,230,7.0,HARD,True,1,,,True,43.3,25.5,58.3,False,2020
RUS,Williams,14.0,93.238,18.0,231,6.0,HARD,True,1,,,True,43.3,25.5,58.3,False,2020
MAG,Haas F1 Team,14.0,92.992,19.0,232,6.0,HARD,False,1,,,True,43.3,25.5,58.3,False,2020
LAT,Williams,14.0,92.638,20.0,233,5.0,HARD,True,1,,,True,43.3,25.5,58.3,False,2020
VER,Red Bull Racing,15.0,92.096,1.0,233,18.0,HARD,False,1,,,True,43.3,25.5,58.3,False,2020
HUL,Racing Point,15.0,91.718,2.0,234,18.0,MEDIUM,False,1,0 days 00:56:26.686000,,False,43.5,25.4,58.4,False,2020
STR,Racing Point,15.0,91.952,3.0,235,18.0,MEDIUM,False,1,,,True,43.5,25.4,58.4,False,2020
BOT,Mercedes,15.0,90.971,4.0,236,2.0,HARD,True,1,,,True,43.5,25.4,58.4,False,2020
HAM,Mercedes,15.0,110.491,5.0,237,1.0,HARD,True,1,,0 days 00:55:13.932000,False,43.5,25.4,58.4,False,2020
LEC,Ferrari,15.0,93.151,6.0,237,18.0,MEDIUM,False,1,,,True,43.5,25.4,58.4,False,2020
SAI,McLaren,15.0,92.979,7.0,238,15.0,HARD,True,1,,,True,43.5,25.4,58.4,False,2020
OCO,Renault,15.0,93.04,8.0,239,15.0,MEDIUM,True,1,,,True,43.5,25.4,58.4,False,2020
KVY,AlphaTauri,15.0,93.029,9.0,240,15.0,HARD,True,1,,,True,43.5,25.4,58.4,False,2020
RIC,Renault,15.0,112.681,10.0,241,4.0,MEDIUM,False,1,,0 days 00:55:27.756000,False,43.5,25.4,58.4,False,2020
GRO,Haas F1 Team,15.0,93.416,11.0,241,18.0,MEDIUM,False,1,,,True,43.5,25.4,58.4,False,2020
VET,Ferrari,15.0,93.538,12.0,242,16.0,HARD,False,1,,,True,43.5,25.4,58.4,False,2020
NOR,McLaren,15.0,93.051,13.0,243,3.0,HARD,True,1,,,True,43.5,25.4,58.4,False,2020
GAS,AlphaTauri,15.0,93.457,14.0,243,8.0,HARD,True,1,,,True,43.5,25.4,58.4,False,2020
ALB,Red Bull Racing,15.0,92.269,15.0,243,9.0,HARD,True,1,,,True,43.5,25.4,58.4,False,2020
RAI,Alfa Romeo Racing,15.0,93.886,16.0,243,15.0,HARD,False,1,,,True,43.5,25.4,58.4,False,2020
GIO,Alfa Romeo Racing,15.0,93.371,17.0,244,8.0,HARD,True,1,,,True,43.5,25.4,58.4,False,2020
RUS,Williams,15.0,93.543,18.0,245,7.0,HARD,True,1,,,True,43.5,25.4,58.4,False,2020
MAG,Haas F1 Team,15.0,93.246,19.0,246,7.0,HARD,False,1,,,True,43.5,25.4,58.4,False,2020
LAT,Williams,15.0,93.23,20.0,247,6.0,HARD,True,1,,,True,43.5,25.4,58.4,False,2020
VER,Red Bull Racing,16.0,91.913,1.0,247,19.0,HARD,False,1,,,True,43.6,25.4,57.8,False,2020
STR,Racing Point,16.0,91.994,2.0,248,19.0,MEDIUM,False,1,,,True,43.6,25.4,57.8,False,2020
BOT,Mercedes,16.0,90.85,3.0,249,3.0,HARD,True,1,,,True,43.6,25.4,57.8,False,2020
HAM,Mercedes,16.0,91.423,4.0,250,2.0,HARD,True,1,,,True,43.6,25.4,57.8,False,2020
LEC,Ferrari,16.0,92.252,5.0,250,19.0,MEDIUM,False,1,,,True,43.6,25.4,57.8,False,2020
SAI,McLaren,16.0,92.758,6.0,251,16.0,HARD,True,1,,,True,43.6,25.4,57.8,False,2020
HUL,Racing Point,16.0,111.76,7.0,252,1.0,HARD,True,1,,0 days 00:56:55.684000,False,43.6,25.4,57.8,False,2020
OCO,Renault,16.0,93.086,8.0,252,16.0,MEDIUM,True,1,,,True,43.6,25.4,57.8,False,2020
KVY,AlphaTauri,16.0,93.222,9.0,253,16.0,HARD,True,1,,,True,43.6,25.4,57.8,False,2020
RIC,Renault,16.0,93.037,10.0,254,5.0,MEDIUM,False,1,,,True,43.6,25.4,58.5,False,2020
GRO,Haas F1 Team,16.0,93.438,11.0,254,19.0,MEDIUM,False,1,,,True,43.6,25.4,58.5,False,2020
VET,Ferrari,16.0,93.321,12.0,255,17.0,HARD,False,1,,,True,43.6,25.4,58.5,False,2020
NOR,McLaren,16.0,93.572,13.0,256,4.0,HARD,True,1,,,True,43.6,25.4,58.5,False,2020
GAS,AlphaTauri,16.0,93.246,14.0,256,9.0,HARD,True,1,,,True,43.6,25.4,58.5,False,2020
ALB,Red Bull Racing,16.0,92.74,15.0,256,10.0,HARD,True,1,,,True,43.6,25.4,58.5,False,2020
RAI,Alfa Romeo Racing,16.0,93.576,16.0,256,16.0,HARD,False,1,,,True,43.6,25.4,58.5,False,2020
GIO,Alfa Romeo Racing,16.0,93.687,17.0,257,9.0,HARD,True,1,,,True,43.6,25.4,58.5,False,2020
RUS,Williams,16.0,93.888,18.0,258,8.0,HARD,True,1,,,True,43.6,25.4,58.5,False,2020
MAG,Haas F1 Team,16.0,93.688,19.0,259,8.0,HARD,False,1,,,True,43.6,25.4,58.5,False,2020
LAT,Williams,16.0,93.686,20.0,260,7.0,HARD,True,1,,,True,43.6,25.4,58.5,False,2020
VER,Red Bull Racing,17.0,91.899,1.0,260,20.0,HARD,False,1,,,True,43.6,25.4,58.5,False,2020
STR,Racing Point,17.0,92.263,2.0,261,20.0,MEDIUM,False,1,,,True,43.6,25.2,59.1,False,2020
BOT,Mercedes,17.0,91.761,3.0,262,4.0,HARD,True,1,,,True,43.6,25.2,59.1,False,2020
HAM,Mercedes,17.0,91.441,4.0,263,3.0,HARD,True,1,,,True,43.6,25.2,59.1,False,2020
LEC,Ferrari,17.0,92.711,5.0,263,20.0,MEDIUM,False,1,,,True,43.6,25.2,59.1,False,2020
SAI,McLaren,17.0,92.854,6.0,264,17.0,HARD,True,1,,,True,43.6,25.2,59.1,False,2020
HUL,Racing Point,17.0,91.99,7.0,265,2.0,HARD,True,1,,,True,43.6,25.2,59.1,False,2020
OCO,Renault,17.0,92.953,8.0,265,17.0,MEDIUM,True,1,,,True,43.6,25.2,59.1,False,2020
KVY,AlphaTauri,17.0,92.977,9.0,266,17.0,HARD,True,1,,,True,43.6,25.2,59.1,False,2020
RIC,Renault,17.0,92.725,10.0,267,6.0,MEDIUM,False,1,,,True,43.6,25.2,59.1,False,2020
VET,Ferrari,17.0,92.591,11.0,267,18.0,HARD,False,1,,,True,43.6,25.2,59.1,False,2020
GRO,Haas F1 Team,17.0,94.198,12.0,267,20.0,MEDIUM,False,1,0 days 01:00:01.496000,,False,43.6,25.2,59.1,False,2020
NOR,McLaren,17.0,93.245,13.0,268,5.0,HARD,True,1,,,True,43.6,25.2,59.1,False,2020
GAS,AlphaTauri,17.0,93.758,14.0,268,10.0,HARD,True,1,,,True,43.6,25.2,59.1,False,2020
ALB,Red Bull Racing,17.0,93.676,15.0,268,11.0,HARD,True,1,,,True,43.6,25.2,59.1,False,2020
RAI,Alfa Romeo Racing,17.0,93.688,16.0,268,17.0,HARD,False,1,,,True,43.6,25.2,59.1,False,2020
GIO,Alfa Romeo Racing,17.0,93.816,17.0,269,10.0,HARD,True,1,,,True,43.6,25.2,59.1,False,2020
RUS,Williams,17.0,93.569,18.0,270,9.0,HARD,True,1,,,True,43.6,25.2,59.1,False,2020
MAG,Haas F1 Team,17.0,93.976,19.0,271,9.0,HARD,False,1,,,True,43.6,25.2,59.1,False,2020
LAT,Williams,17.0,93.733,20.0,272,8.0,HARD,True,1,,,True,43.6,25.2,59.1,False,2020
VER,Red Bull Racing,18.0,91.759,1.0,272,21.0,HARD,False,1,,,True,44.0,25.4,58.3,False,2020
STR,Racing Point,18.0,91.536,2.0,273,21.0,MEDIUM,False,1,0 days 01:01:05.330000,,False,44.0,25.4,58.3,False,2020
BOT,Mercedes,18.0,91.558,3.0,274,5.0,HARD,True,1,,,True,44.0,25.4,58.3,False,2020
HAM,Mercedes,18.0,91.595,4.0,275,4.0,HARD,True,1,,,True,44.0,25.4,58.3,False,2020
LEC,Ferrari,18.0,91.751,5.0,275,21.0,MEDIUM,False,1,0 days 01:01:13.903000,,False,44.0,25.4,58.3,False,2020
SAI,McLaren,18.0,92.582,6.0,276,18.0,HARD,True,1,,,True,44.0,25.4,58.3,False,2020
HUL,Racing Point,18.0,91.996,7.0,277,3.0,HARD,True,1,,,True,44.0,25.4,58.3,False,2020
OCO,Renault,18.0,92.832,8.0,277,18.0,MEDIUM,True,1,,,True,43.9,25.5,58.4,False,2020
KVY,AlphaTauri,18.0,92.86,9.0,278,18.0,HARD,True,1,,,True,43.9,25.5,58.4,False,2020
RIC,Renault,18.0,92.268,10.0,279,7.0,MEDIUM,False,1,,,True,43.9,25.5,58.4,False,2020
VET,Ferrari,18.0,92.595,11.0,279,19.0,HARD,False,1,,,True,43.9,25.5,58.4,False,2020
NOR,McLaren,18.0,92.43,12.0,280,6.0,HARD,True,1,,,True,43.9,25.5,58.4,False,2020
GAS,AlphaTauri,18.0,93.612,13.0,280,11.0,HARD,True,1,,,True,43.9,25.5,58.4,False,2020
ALB,Red Bull Racing,18.0,93.557,14.0,280,12.0,HARD,True,1,,,True,43.9,25.5,58.4,False,2020
RAI,Alfa Romeo Racing,18.0,93.519,15.0,280,18.0,HARD,False,1,,,True,43.9,25.5,58.4,False,2020
GIO,Alfa Romeo Racing,18.0,93.397,16.0,281,11.0,HARD,True,1,,,True,43.9,25.5,58.4,False,2020
RUS,Williams,18.0,93.183,17.0,282,10.0,HARD,True,1,,,True,43.9,25.5,58.4,False,2020
MAG,Haas F1 Team,18.0,94.172,18.0,283,10.0,HARD,False,1,,,True,43.9,25.5,58.4,False,2020
LAT,Williams,18.0,94.067,19.0,284,9.0,HARD,True,1,,,True,43.9,25.5,58.4,False,2020
GRO,Haas F1 Team,18.0,114.044,20.0,285,2.0,HARD,False,1,,0 days 01:00:30.541000,False,43.9,25.5,58.4,False,2020
VER,Red Bull Racing,19.0,91.694,1.0,285,22.0,HARD,False,1,,,True,43.6,25.4,58.9,False,2020
BOT,Mercedes,19.0,92.038,2.0,286,6.0,HARD,True,1,,,True,43.6,25.4,58.9,False,2020
HAM,Mercedes,19.0,91.602,3.0,287,5.0,HARD,True,1,,,True,43.6,25.4,58.9,False,2020
SAI,McLaren,19.0,92.826,4.0,287,19.0,HARD,True,1,,,True,43.6,25.4,58.9,False,2020
HUL,Racing Point,19.0,92.311,5.0,288,4.0,HARD,True,1,,,True,43.6,25.4,58.9,False,2020
STR,Racing Point,19.0,111.312,6.0,289,1.0,HARD,True,1,,0 days 01:01:33.469000,False,43.6,25.4,58.9,False,2020
OCO,Renault,19.0,92.621,7.0,289,19.0,MEDIUM,True,1,,,True,43.6,25.4,58.9,False,2020
KVY,AlphaTauri,19.0,92.191,8.0,290,19.0,HARD,True,1,0 days 01:03:03.548000,,False,43.6,25.4,58.9,False,2020
RIC,Renault,19.0,92.454,9.0,291,8.0,MEDIUM,False,1,,,True,43.6,25.4,58.9,False,2020
VET,Ferrari,19.0,92.565,10.0,291,20.0,HARD,False,1,,,True,43.6,25.4,58.9,False,2020
NOR,McLaren,19.0,93.188,11.0,292,7.0,HARD,True,1,,,True,43.6,25.4,58.9,False,2020
LEC,Ferrari,19.0,113.869,12.0,293,1.0,HARD,True,1,,0 days 01:01:43.358000,False,43.6,25.4,58.9,False,2020
GAS,AlphaTauri,19.0,94.128,13.0,293,12.0,HARD,True,1,,,True,43.6,25.4,58.9,False,2020
ALB,Red Bull Racing,19.0,94.195,14.0,293,13.0,HARD,True,1,,,True,43.6,25.4,58.9,False,2020
RAI,Alfa Romeo Racing,19.0,93.65,15.0,293,19.0,HARD,False,1,,,True,43.6,25.4,58.9,False,2020
GIO,Alfa Romeo Racing,19.0,93.572,16.0,294,12.0,HARD,True,1,,,True,43.6,25.4,58.9,False,2020
RUS,Williams,19.0,93.529,17.0,295,11.0,HARD,True,1,,,True,43.6,25.4,58.9,False,2020
MAG,Haas F1 Team,19.0,94.015,18.0,296,11.0,HARD,False,1,,,True,43.6,25.5,57.8,False,2020
LAT,Williams,19.0,94.316,19.0,297,10.0,HARD,True,1,,,True,43.6,25.5,57.8,False,2020
GRO,Haas F1 Team,19.0,93.584,20.0,298,3.0,HARD,False,1,,,True,43.6,25.5,57.8,False,2020
VER,Red Bull Racing,20.0,91.577,1.0,298,23.0,HARD,False,1,,,True,43.6,25.5,57.8,False,2020
BOT,Mercedes,20.0,91.909,2.0,299,7.0,HARD,True,1,,,True,43.6,25.5,57.8,False,2020
HAM,Mercedes,20.0,92.118,3.0,300,6.0,HARD,True,1,,,True,43.6,25.5,57.8,False,2020
SAI,McLaren,20.0,92.667,4.0,300,20.0,HARD,True,1,,,True,44.0,25.6,57.9,False,2020
HUL,Racing Point,20.0,92.024,5.0,301,5.0,HARD,True,1,,,True,44.0,25.6,57.9,False,2020
STR,Racing Point,20.0,92.38,6.0,302,2.0,HARD,True,1,,,True,44.0,25.6,57.9,False,2020
OCO,Renault,20.0,92.607,7.0,302,20.0,MEDIUM,True,1,,,True,44.0,25.6,57.9,False,2020
RIC,Renault,20.0,92.268,8.0,303,9.0,MEDIUM,False,1,,,True,44.0,25.6,57.9,False,2020
VET,Ferrari,20.0,92.195,9.0,303,21.0,HARD,False,1,,,True,44.0,25.6,57.9,False,2020
LEC,Ferrari,20.0,91.776,10.0,304,2.0,HARD,True,1,,,True,44.0,25.6,57.9,False,2020
NOR,McLaren,20.0,93.661,11.0,304,8.0,HARD,True,1,,,True,44.0,25.6,57.9,False,2020
GAS,AlphaTauri,20.0,93.375,12.0,304,13.0,HARD,True,1,,,True,44.0,25.6,57.9,False,2020
ALB,Red Bull Racing,20.0,93.35,13.0,304,14.0,HARD,True,1,,,True,44.0,25.6,57.9,False,2020
RAI,Alfa Romeo Racing,20.0,93.7,14.0,304,20.0,HARD,False,1,,,True,44.0,25.6,57.9,False,2020
KVY,AlphaTauri,20.0,112.535,15.0,305,1.0,HARD,True,1,,0 days 01:03:28.696000,False,44.0,25.6,57.9,False,2020
GIO,Alfa Romeo Racing,20.0,93.885,16.0,305,13.0,HARD,True,1,,,True,44.0,25.6,57.9,False,2020
RUS,Williams,20.0,93.898,17.0,306,12.0,HARD,True,1,,,True,44.0,25.6,57.9,False,2020
LAT,Williams,20.0,93.809,18.0,307,11.0,HARD,True,1,,,True,44.0,25.6,57.9,False,2020
GRO,Haas F1 Team,20.0,94.435,19.0,308,4.0,HARD,False,1,,,True,44.0,25.6,57.9,False,2020
MAG,Haas F1 Team,20.0,96.049,20.0,308,12.0,HARD,False,1,0 days 01:05:03.559000,,False,44.0,25.6,57.9,False,2020
VER,Red Bull Racing,21.0,91.531,1.0,308,24.0,HARD,False,1,,,True,44.0,25.9,56.8,False,2020
BOT,Mercedes,21.0,92.938,2.0,309,8.0,HARD,True,1,,,True,44.0,25.9,56.8,False,2020
HAM,Mercedes,21.0,92.435,3.0,310,7.0,HARD,True,1,,,True,44.0,25.9,56.8,False,2020
SAI,McLaren,21.0,92.965,4.0,310,21.0,HARD,True,1,,,True,44.0,25.9,56.8,False,2020
HUL,Racing Point,21.0,92.539,5.0,311,6.0,HARD,True,1,,,True,44.0,25.9,56.8,False,2020
STR,Racing Point,21.0,92.392,6.0,312,3.0,HARD,True,1,,,True,44.0,25.9,56.8,False,2020
OCO,Renault,21.0,92.559,7.0,312,21.0,MEDIUM,True,1,,,True,44.0,25.9,56.8,False,2020
RIC,Renault,21.0,92.191,8.0,313,10.0,MEDIUM,False,1,,,True,44.0,25.9,56.8,False,2020
VET,Ferrari,21.0,92.312,9.0,313,22.0,HARD,False,1,,,True,44.0,25.9,56.8,False,2020
LEC,Ferrari,21.0,91.79,10.0,314,3.0,HARD,True,1,,,True,44.0,25.9,56.8,False,2020
NOR,McLaren,21.0,93.209,11.0,314,9.0,HARD,True,1,,,True,44.0,25.9,56.8,False,2020
ALB,Red Bull Racing,21.0,92.358,12.0,314,15.0,HARD,True,1,,,True,44.0,25.9,56.8,False,2020
GAS,AlphaTauri,21.0,94.653,13.0,315,14.0,HARD,True,1,,,True,44.0,25.9,56.8,False,2020
RAI,Alfa Romeo Racing,21.0,93.656,14.0,315,21.0,HARD,False,1,,,True,43.8,25.8,56.8,False,2020
KVY,AlphaTauri,21.0,92.264,15.0,316,2.0,HARD,True,1,,,True,43.8,25.8,56.8,False,2020
GIO,Alfa Romeo Racing,21.0,93.913,16.0,316,14.0,HARD,True,1,,,True,43.8,25.8,56.8,False,2020
RUS,Williams,21.0,94.285,17.0,317,13.0,HARD,True,1,,,True,43.8,25.8,56.8,False,2020
LAT,Williams,21.0,92.823,18.0,318,12.0,HARD,True,1,,,True,43.8,25.8,56.8,False,2020
GRO,Haas F1 Team,21.0,92.879,19.0,319,5.0,HARD,False,1,,,True,43.8,25.8,56.8,False,2020
MAG,Haas F1 Team,21.0,114.658,20.0,320,1.0,HARD,True,1,,0 days 01:05:32.961000,False,43.8,25.8,56.8,False,2020
VER,Red Bull Racing,22.0,91.464,1.0,320,25.0,HARD,False,1,,,True,43.8,25.8,56.8,False,2020
BOT,Mercedes,22.0,92.544,2.0,321,9.0,HARD,True,1,,,True,43.8,25.8,56.8,False,2020
HAM,Mercedes,22.0,92.213,3.0,322,8.0,HARD,True,1,,,True,43.8,25.8,56.8,False,2020
SAI,McLaren,22.0,92.348,4.0,322,22.0,HARD,True,1,0 days 01:07:31.327000,,False,43.8,25.9,56.5,False,2020
HUL,Racing Point,22.0,92.855,5.0,323,7.0,HARD,True,1,,,True,43.8,25.9,56.5,False,2020
STR,Racing Point,22.0,92.395,6.0,324,4.0,HARD,True,1,,,True,43.8,25.9,56.5,False,2020
OCO,Renault,22.0,91.772,7.0,324,22.0,MEDIUM,True,1,0 days 01:07:36.937000,,False,43.8,25.9,56.5,False,2020
RIC,Renault,22.0,91.972,8.0,325,11.0,MEDIUM,False,1,,,True,43.8,25.9,56.5,False,2020
VET,Ferrari,22.0,91.51,9.0,325,23.0,HARD,False,1,0 days 01:07:41.269000,,False,43.8,25.9,56.5,False,2020
LEC,Ferrari,22.0,91.467,10.0,326,4.0,HARD,True,1,,,True,43.8,25.9,56.5,False,2020
NOR,McLaren,22.0,92.553,11.0,326,10.0,HARD,True,1,,,True,43.8,25.9,56.5,False,2020
ALB,Red Bull Racing,22.0,91.785,12.0,326,16.0,HARD,True,1,,,True,43.8,25.9,56.5,False,2020
GAS,AlphaTauri,22.0,93.627,13.0,327,15.0,HARD,True,1,,,True,43.8,25.9,56.5,False,2020
KVY,AlphaTauri,22.0,91.915,14.0,328,3.0,HARD,True,1,,,True,43.8,25.9,56.5,False,2020
RAI,Alfa Romeo Racing,22.0,94.141,15.0,328,22.0,HARD,False,1,,,True,43.8,25.9,56.5,False,2020
GIO,Alfa Romeo Racing,22.0,93.666,16.0,329,15.0,HARD,True,1,,,True,43.8,25.9,56.5,False,2020
RUS,Williams,22.0,93.88,17.0,330,14.0,HARD,True,1,,,True,43.8,25.9,56.5,False,2020
LAT,Williams,22.0,93.069,18.0,331,13.0,HARD,True,1,,,True,43.8,25.9,56.5,False,2020
GRO,Haas F1 Team,22.0,93.439,19.0,332,6.0,HARD,False,1,,,True,43.8,25.9,56.5,False,2020
MAG,Haas F1 Team,22.0,94.879,20.0,333,2.0,HARD,True,1,,,True,44.5,26.3,55.0,False,2020
VER,Red Bull Racing,23.0,91.312,1.0,333,26.0,HARD,False,1,,,True,44.5,26.3,55.0,False,2020
BOT,Mercedes,23.0,92.075,2.0,334,10.0,HARD,True,1,,,True,44.5,26.3,55.0,False,2020
HAM,Mercedes,23.0,92.175,3.0,335,9.0,HARD,True,1,,,True,44.5,26.3,55.0,False,2020
HUL,Racing Point,23.0,92.33,4.0,336,8.0,HARD,True,1,,,True,44.5,26.3,55.0,False,2020
STR,Racing Point,23.0,92.509,5.0,337,5.0,HARD,True,1,,,True,44.5,26.3,55.0,False,2020
RIC,Renault,23.0,91.823,6.0,337,12.0,MEDIUM,False,1,,,True,44.5,26.3,55.0,False,2020
LEC,Ferrari,23.0,91.378,7.0,338,5.0,HARD,True,1,,,True,44.5,26.3,55.0,False,2020
NOR,McLaren,23.0,92.284,8.0,338,11.0,HARD,True,1,,,True,44.5,26.3,55.0,False,2020
ALB,Red Bull Racing,23.0,91.376,9.0,338,17.0,HARD,True,1,,,True,44.5,26.3,55.0,False,2020
GAS,AlphaTauri,23.0,92.386,10.0,339,16.0,HARD,True,1,0 days 01:09:25.871000,,False,44.6,26.4,54.7,False,2020
OCO,Renault,23.0,111.722,11.0,340,1.0,HARD,True,1,,0 days 01:08:05.064000,False,44.6,26.4,54.7,False,2020
KVY,AlphaTauri,23.0,92.43,12.0,340,4.0,HARD,True,1,,,True,44.6,26.4,54.7,False,2020
SAI,McLaren,23.0,119.345,13.0,341,4.0,MEDIUM,False,1,,0 days 01:08:07.159000,False,44.6,26.4,54.7,False,2020
RAI,Alfa Romeo Racing,23.0,93.389,14.0,341,23.0,HARD,False,1,,,True,44.6,26.4,54.7,False,2020
VET,Ferrari,23.0,112.078,15.0,342,1.0,HARD,True,1,,0 days 01:08:09.409000,False,44.6,26.4,54.7,False,2020
GIO,Alfa Romeo Racing,23.0,93.918,16.0,342,16.0,HARD,True,1,,,True,44.6,26.4,54.7,False,2020
RUS,Williams,23.0,93.439,17.0,343,15.0,HARD,True,1,,,True,44.6,26.4,54.7,False,2020
LAT,Williams,23.0,93.007,18.0,344,14.0,HARD,True,1,,,True,44.6,26.4,54.7,False,2020
GRO,Haas F1 Team,23.0,93.058,19.0,345,7.0,HARD,False,1,,,True,44.6,26.4,54.7,False,2020
MAG,Haas F1 Team,23.0,92.772,20.0,346,3.0,HARD,True,1,,,True,44.6,26.4,54.7,False,2020
VER,Red Bull Racing,24.0,91.334,1.0,346,27.0,HARD,False,1,,,True,44.6,26.4,54.7,False,2020
BOT,Mercedes,24.0,91.832,2.0,347,11.0,HARD,True,1,,,True,44.6,26.4,54.7,False,2020
HAM,Mercedes,24.0,93.531,3.0,348,10.0,HARD,True,1,,,True,44.6,26.5,54.6,False,2020
HUL,Racing Point,24.0,91.987,4.0,349,9.0,HARD,True,1,,,True,44.6,26.5,54.6,False,2020
STR,Racing Point,24.0,92.24,5.0,350,6.0,HARD,True,1,,,True,44.6,26.5,54.6,False,2020
RIC,Renault,24.0,92.259,6.0,350,13.0,MEDIUM,False,1,,,True,44.6,26.5,54.6,False,2020
LEC,Ferrari,24.0,91.567,7.0,351,6.0,HARD,True,1,,,True,44.6,26.5,54.6,False,2020
NOR,McLaren,24.0,92.27,8.0,351,12.0,HARD,True,1,,,True,44.6,26.5,54.6,False,2020
ALB,Red Bull Racing,24.0,91.742,9.0,351,18.0,HARD,True,1,,,True,44.6,26.5,54.6,False,2020
OCO,Renault,24.0,92.275,10.0,352,2.0,HARD,True,1,,,True,44.6,26.5,54.6,False,2020
KVY,AlphaTauri,24.0,91.956,11.0,352,5.0,HARD,True,1,,,True,44.6,26.5,54.6,False,2020
SAI,McLaren,24.0,92.299,12.0,353,5.0,MEDIUM,False,1,,,True,44.6,26.5,54.6,False,2020
VET,Ferrari,24.0,92.197,13.0,354,2.0,HARD,True,1,,,True,44.6,26.5,54.6,False,2020
RAI,Alfa Romeo Racing,24.0,94.345,14.0,354,24.0,HARD,False,1,,,True,44.6,26.5,54.6,False,2020
RUS,Williams,24.0,92.492,15.0,355,16.0,HARD,True,1,0 days 01:11:12.144000,,False,44.6,26.5,54.6,False,2020
GIO,Alfa Romeo Racing,24.0,94.03,16.0,355,17.0,HARD,True,1,,,True,44.6,26.5,54.6,False,2020
LAT,Williams,24.0,93.823,17.0,356,15.0,HARD,True,1,,,True,44.6,26.5,54.6,False,2020
GRO,Haas F1 Team,24.0,93.338,18.0,357,8.0,HARD,False,1,,,True,44.6,26.5,54.6,False,2020
GAS,AlphaTauri,24.0,114.397,19.0,358,1.0,HARD,True,1,,0 days 01:09:56.343000,False,44.6,26.5,54.6,False,2020
MAG,Haas F1 Team,24.0,92.957,20.0,358,4.0,HARD,True,1,,,True,44.6,26.6,54.3,False,2020
VER,Red Bull Racing,25.0,91.082,1.0,358,28.0,HARD,False,1,,,True,44.6,26.6,54.3,False,2020
BOT,Mercedes,25.0,92.044,2.0,359,12.0,HARD,True,1,,,True,44.6,26.6,54.3,False,2020
HAM,Mercedes,25.0,92.658,3.0,360,11.0,HARD,True,1,,,True,44.6,26.6,54.3,False,2020
HUL,Racing Point,25.0,92.054,4.0,361,10.0,HARD,True,1,,,True,44.6,26.6,54.3,False,2020
STR,Racing Point,25.0,91.905,5.0,362,7.0,HARD,True,1,,,True,44.6,26.6,54.3,False,2020
RIC,Renault,25.0,92.207,6.0,362,14.0,MEDIUM,False,1,,,True,44.6,26.6,54.3,False,2020
LEC,Ferrari,25.0,91.364,7.0,363,7.0,HARD,True,1,,,True,44.6,26.6,54.3,False,2020
NOR,McLaren,25.0,92.365,8.0,363,13.0,HARD,True,1,,,True,44.6,26.6,54.3,False,2020
ALB,Red Bull Racing,25.0,91.685,9.0,363,19.0,HARD,True,1,,,True,44.8,26.6,54.5,False,2020
OCO,Renault,25.0,92.154,10.0,364,3.0,HARD,True,1,,,True,44.8,26.6,54.5,False,2020
KVY,AlphaTauri,25.0,92.275,11.0,364,6.0,HARD,True,1,,,True,44.8,26.6,54.5,False,2020
SAI,McLaren,25.0,92.515,12.0,365,6.0,MEDIUM,False,1,,,True,44.8,26.6,54.5,False,2020
VET,Ferrari,25.0,91.817,13.0,366,3.0,HARD,True,1,,,True,44.8,26.6,54.5,False,2020
RAI,Alfa Romeo Racing,25.0,93.785,14.0,366,25.0,HARD,False,1,,,True,44.8,26.6,54.5,False,2020
GIO,Alfa Romeo Racing,25.0,94.067,15.0,367,18.0,HARD,True,1,,,True,44.8,26.6,54.5,False,2020
LAT,Williams,25.0,93.162,16.0,368,16.0,HARD,True,1,,,True,44.8,26.6,54.5,False,2020
GRO,Haas F1 Team,25.0,93.506,17.0,369,9.0,HARD,False,1,,,True,44.8,26.6,54.5,False,2020
GAS,AlphaTauri,25.0,93.364,18.0,370,2.0,HARD,True,1,,,True,44.8,26.6,54.5,False,2020
RUS,Williams,25.0,111.343,19.0,371,1.0,HARD,True,1,,0 days 01:11:40.466000,False,44.8,26.6,54.5,False,2020
MAG,Haas F1 Team,25.0,92.867,20.0,371,5.0,HARD,True,1,,,True,44.8,26.6,54.5,False,2020
VER,Red Bull Racing,26.0,90.444,1.0,371,29.0,HARD,False,1,0 days 01:13:04.592000,,False,44.8,26.6,54.5,False,2020
BOT,Mercedes,26.0,92.192,2.0,372,13.0,HARD,True,1,,,True,44.4,26.7,55.0,False,2020
HAM,Mercedes,26.0,92.333,3.0,373,12.0,HARD,True,1,,,True,44.4,26.7,55.0,False,2020
HUL,Racing Point,26.0,92.178,4.0,374,11.0,HARD,True,1,,,True,44.4,26.7,55.0,False,2020
STR,Racing Point,26.0,91.928,5.0,375,8.0,HARD,True,1,,,True,44.4,26.7,55.0,False,2020
RIC,Renault,26.0,92.214,6.0,375,15.0,MEDIUM,False,1,0 days 01:13:47.191000,,False,44.4,26.7,55.0,False,2020
LEC,Ferrari,26.0,91.398,7.0,376,8.0,HARD,True,1,,,True,44.4,26.7,55.0,False,2020
NOR,McLaren,26.0,92.111,8.0,376,14.0,HARD,True,1,,,True,44.4,26.7,55.0,False,2020
ALB,Red Bull Racing,26.0,91.728,9.0,376,20.0,HARD,True,1,,,True,44.4,26.7,55.0,False,2020
OCO,Renault,26.0,92.607,10.0,377,4.0,HARD,True,1,,,True,44.4,26.7,55.0,False,2020
KVY,AlphaTauri,26.0,92.468,11.0,377,7.0,HARD,True,1,,,True,44.4,26.7,55.0,False,2020
SAI,McLaren,26.0,92.52,12.0,378,7.0,MEDIUM,False,1,,,True,44.4,26.7,55.0,False,2020
VET,Ferrari,26.0,91.77,13.0,379,4.0,HARD,True,1,,,True,44.4,26.7,55.0,False,2020
RAI,Alfa Romeo Racing,26.0,92.973,14.0,379,26.0,HARD,False,1,0 days 01:14:13.350000,,False,44.4,26.7,55.0,False,2020
LAT,Williams,26.0,92.436,15.0,380,17.0,HARD,True,1,0 days 01:14:20.322000,,False,44.4,26.7,55.0,False,2020
GIO,Alfa Romeo Racing,26.0,93.828,16.0,380,19.0,HARD,True,1,,,True,44.4,26.7,55.0,False,2020
GRO,Haas F1 Team,26.0,93.548,17.0,381,10.0,HARD,False,1,,,True,44.4,26.7,55.0,False,2020
GAS,AlphaTauri,26.0,92.152,18.0,382,3.0,HARD,True,1,,,True,43.7,26.4,55.4,False,2020
RUS,Williams,26.0,91.957,19.0,383,2.0,HARD,True,1,,,True,43.7,26.4,55.4,False,2020
MAG,Haas F1 Team,26.0,93.238,20.0,383,6.0,HARD,True,1,,,True,43.7,26.4,55.4,False,2020
VER,Red Bull Racing,27.0,111.114,1.0,384,1.0,MEDIUM,True,1,,0 days 01:13:33.730000,False,43.7,26.4,55.4,False,2020
BOT,Mercedes,27.0,92.697,2.0,384,14.0,HARD,True,1,,,True,43.7,26.4,55.4,False,2020
HAM,Mercedes,27.0,92.341,3.0,385,13.0,HARD,True,1,,,True,43.7,26.4,55.4,False,2020
HUL,Racing Point,27.0,91.489,4.0,386,12.0,HARD,True,1,,,True,43.7,26.4,55.4,False,2020
STR,Racing Point,27.0,91.546,5.0,387,9.0,HARD,True,1,,,True,43.7,26.4,55.4,False,2020
LEC,Ferrari,27.0,91.012,6.0,388,9.0,HARD,True,1,,,True,43.7,26.4,55.4,False,2020
NOR,McLaren,27.0,92.327,7.0,388,15.0,HARD,True,1,,,True,43.2,26.2,56.5,False,2020
ALB,Red Bull Racing,27.0,92.17,8.0,388,21.0,HARD,True,1,,,True,43.2,26.2,56.5,False,2020
OCO,Renault,27.0,91.835,9.0,389,5.0,HARD,True,1,,,True,43.2,26.2,56.5,False,2020
KVY,AlphaTauri,27.0,92.148,10.0,389,8.0,HARD,True,1,,,True,43.2,26.2,56.5,False,2020
RIC,Renault,27.0,112.02,11.0,390,1.0,HARD,True,1,,0 days 01:14:15.434000,False,43.2,26.2,56.5,False,2020
SAI,McLaren,27.0,92.087,12.0,390,8.0,MEDIUM,False,1,,,True,43.2,26.2,56.5,False,2020
VET,Ferrari,27.0,91.89,13.0,391,5.0,HARD,True,1,,,True,43.2,26.2,56.5,False,2020
GIO,Alfa Romeo Racing,27.0,93.959,14.0,391,20.0,HARD,True,1,,,True,43.2,26.2,56.5,False,2020
GRO,Haas F1 Team,27.0,93.258,15.0,392,11.0,HARD,False,1,,,True,43.2,26.2,56.5,False,2020
GAS,AlphaTauri,27.0,92.567,16.0,393,4.0,HARD,True,1,,,True,43.2,26.2,56.5,False,2020
RAI,Alfa Romeo Racing,27.0,113.308,17.0,394,1.0,MEDIUM,True,1,,0 days 01:14:42.647000,False,43.2,26.2,56.5,False,2020
RUS,Williams,27.0,92.707,18.0,394,3.0,HARD,True,1,,,True,43.2,26.2,56.5,False,2020
LAT,Williams,27.0,110.648,19.0,395,1.0,HARD,True,1,,0 days 01:14:48.375000,False,43.2,26.2,56.5,False,2020
MAG,Haas F1 Team,27.0,94.025,20.0,395,7.0,HARD,True,1,,,True,43.2,26.2,56.5,False,2020
VER,Red Bull Racing,28.0,91.598,1.0,396,2.0,MEDIUM,True,1,,,True,43.4,26.0,56.4,False,2020
BOT,Mercedes,28.0,92.31,2.0,396,15.0,HARD,True,1,,,True,43.4,26.0,56.4,False,2020
HAM,Mercedes,28.0,91.643,3.0,397,14.0,HARD,True,1,,,True,43.4,26.0,56.4,False,2020
HUL,Racing Point,28.0,91.407,4.0,398,13.0,HARD,True,1,,,True,43.4,26.0,56.4,False,2020
STR,Racing Point,28.0,91.467,5.0,399,10.0,HARD,True,1,,,True,43.4,26.0,56.4,False,2020
LEC,Ferrari,28.0,90.804,6.0,400,10.0,HARD,True,1,,,True,43.4,26.0,56.4,False,2020
NOR,McLaren,28.0,91.796,7.0,400,16.0,HARD,True,1,,,True,43.4,26.0,56.4,False,2020
ALB,Red Bull Racing,28.0,91.826,8.0,400,22.0,HARD,True,1,,,True,43.4,26.0,56.4,False,2020
OCO,Renault,28.0,92.702,9.0,401,6.0,HARD,True,1,,,True,43.4,26.0,56.4,False,2020
KVY,AlphaTauri,28.0,92.417,10.0,401,9.0,HARD,True,1,,,True,43.4,26.0,56.4,False,2020
RIC,Renault,28.0,92.532,11.0,402,2.0,HARD,True,1,,,True,43.4,26.0,56.4,False,2020
SAI,McLaren,28.0,92.554,12.0,402,9.0,MEDIUM,False,1,,,True,43.4,26.0,56.4,False,2020
VET,Ferrari,28.0,92.305,13.0,403,6.0,HARD,True,1,,,True,43.4,26.0,56.4,False,2020
GIO,Alfa Romeo Racing,28.0,93.506,14.0,403,21.0,HARD,True,1,,,True,43.6,25.9,56.8,False,2020
GRO,Haas F1 Team,28.0,92.988,15.0,404,12.0,HARD,False,1,,,True,43.6,25.9,56.8,False,2020
GAS,AlphaTauri,28.0,92.236,16.0,405,5.0,HARD,True,1,,,True,43.6,25.9,56.8,False,2020
RAI,Alfa Romeo Racing,28.0,93.142,17.0,406,2.0,MEDIUM,True,1,,,True,43.6,25.9,56.8,False,2020
RUS,Williams,28.0,92.88,18.0,406,4.0,HARD,True,1,,,True,43.6,25.9,56.8,False,2020
LAT,Williams,28.0,91.114,19.0,407,2.0,HARD,True,1,,,True,43.6,25.9,56.8,False,2020
MAG,Haas F1 Team,28.0,94.36,20.0,407,8.0,HARD,True,1,,,True,43.6,25.9,56.8,False,2020
VER,Red Bull Racing,29.0,91.294,1.0,408,3.0,MEDIUM,True,1,,,True,43.6,25.9,56.8,False,2020
BOT,Mercedes,29.0,90.976,2.0,408,16.0,HARD,True,1,,,True,43.6,25.9,56.8,False,2020
HAM,Mercedes,29.0,91.702,3.0,409,15.0,HARD,True,1,,,True,43.6,25.9,56.8,False,2020
HUL,Racing Point,29.0,91.088,4.0,410,14.0,HARD,True,1,,,True,43.6,25.9,56.8,False,2020
STR,Racing Point,29.0,91.342,5.0,411,11.0,HARD,True,1,,,True,43.6,25.9,56.8,False,2020
LEC,Ferrari,29.0,90.668,6.0,412,11.0,HARD,True,1,,,True,43.6,25.9,56.8,False,2020
ALB,Red Bull Racing,29.0,91.133,7.0,412,23.0,HARD,True,1,,,True,43.6,25.9,56.5,False,2020
NOR,McLaren,29.0,92.554,8.0,413,17.0,HARD,True,1,0 days 01:18:32.469000,,False,43.6,25.9,56.5,False,2020
OCO,Renault,29.0,92.747,9.0,414,7.0,HARD,True,1,,,True,43.6,25.9,56.5,False,2020
KVY,AlphaTauri,29.0,92.647,10.0,414,10.0,HARD,True,1,,,True,43.6,25.9,56.5,False,2020
RIC,Renault,29.0,92.623,11.0,415,3.0,HARD,True,1,,,True,43.6,25.9,56.5,False,2020
SAI,McLaren,29.0,92.541,12.0,415,10.0,MEDIUM,False,1,,,True,43.6,25.9,56.5,False,2020
VET,Ferrari,29.0,92.465,13.0,416,7.0,HARD,True,1,,,True,43.6,25.9,56.5,False,2020
GIO,Alfa Romeo Racing,29.0,93.57,14.0,416,22.0,HARD,True,1,,,True,43.6,25.9,56.5,False,2020
GAS,AlphaTauri,29.0,91.882,15.0,417,6.0,HARD,True,1,,,True,43.6,25.9,56.5,False,2020
GRO,Haas F1 Team,29.0,94.258,16.0,417,13.0,HARD,False,1,,,True,43.6,25.9,56.5,False,2020
RAI,Alfa Romeo Racing,29.0,92.642,17.0,418,3.0,MEDIUM,True,1,,,True,43.6,25.9,56.5,False,2020
RUS,Williams,29.0,92.321,18.0,418,5.0,HARD,True,1,,,True,43.6,25.9,56.5,False,2020
LAT,Williams,29.0,92.214,19.0,419,3.0,HARD,True,1,,,True,43.6,25.9,56.5,False,2020
MAG,Haas F1 Team,29.0,95.025,20.0,419,9.0,HARD,True,1,,,True,43.6,25.7,57.2,False,2020
VER,Red Bull Racing,30.0,90.545,1.0,420,4.0,MEDIUM,True,1,,,True,43.6,25.7,57.2,False,2020
BOT,Mercedes,30.0,90.544,2.0,420,17.0,HARD,True,1,,,True,43.6,25.7,57.2,False,2020
HAM,Mercedes,30.0,91.217,3.0,421,16.0,HARD,True,1,,,True,43.6,25.7,57.2,False,2020
HUL,Racing Point,30.0,90.474,4.0,422,15.0,HARD,True,1,0 days 01:19:45.157000,,False,43.6,25.7,57.2,False,2020
STR,Racing Point,30.0,91.043,5.0,423,12.0,HARD,True,1,,,True,43.6,25.7,57.2,False,2020
LEC,Ferrari,30.0,90.731,6.0,424,12.0,HARD,True,1,,,True,43.6,25.7,57.2,False,2020
ALB,Red Bull Racing,30.0,90.44,7.0,424,24.0,HARD,True,1,0 days 01:20:02.127000,,False,43.6,25.7,57.2,False,2020
OCO,Renault,30.0,93.049,8.0,425,8.0,HARD,True,1,,,True,43.6,25.7,57.2,False,2020
KVY,AlphaTauri,30.0,92.858,9.0,425,11.0,HARD,True,1,,,True,43.6,25.7,57.2,False,2020
RIC,Renault,30.0,92.721,10.0,426,4.0,HARD,True,1,,,True,43.6,25.7,57.2,False,2020
SAI,McLaren,30.0,92.329,11.0,426,11.0,MEDIUM,False,1,,,True,43.6,25.7,57.2,False,2020
VET,Ferrari,30.0,92.36,12.0,427,8.0,HARD,True,1,,,True,43.6,25.7,57.2,False,2020
NOR,McLaren,30.0,114.466,13.0,428,1.0,HARD,True,1,,0 days 01:19:01.289000,False,43.6,25.8,57.1,False,2020
GAS,AlphaTauri,30.0,92.498,14.0,428,7.0,HARD,True,1,,,True,43.6,25.8,57.1,False,2020
GIO,Alfa Romeo Racing,30.0,94.287,15.0,428,23.0,HARD,True,12,,,True,43.6,25.8,57.1,False,2020
GRO,Haas F1 Team,30.0,93.22,16.0,429,14.0,HARD,False,12,,,True,43.6,25.8,57.1,False,2020
RAI,Alfa Romeo Racing,30.0,91.756,17.0,430,4.0,MEDIUM,True,12,,,True,43.6,25.8,57.1,False,2020
RUS,Williams,30.0,91.706,18.0,430,6.0,HARD,True,12,,,True,43.6,25.8,57.1,False,2020
LAT,Williams,30.0,91.924,19.0,431,4.0,HARD,True,12,,,True,43.6,25.8,57.1,False,2020
MAG,Haas F1 Team,30.0,97.141,20.0,431,10.0,HARD,True,12,,,True,43.6,25.8,57.1,False,2020
VER,Red Bull Racing,31.0,90.361,1.0,432,5.0,MEDIUM,True,12,,,True,43.6,25.8,57.1,False,2020
BOT,Mercedes,31.0,90.437,2.0,432,18.0,HARD,True,12,,,True,43.6,25.8,57.1,False,2020
HAM,Mercedes,31.0,91.325,3.0,433,17.0,HARD,True,12,,,True,43.6,25.8,57.1,False,2020
STR,Racing Point,31.0,90.379,4.0,434,13.0,HARD,True,12,0 days 01:21:18.158000,,False,43.6,25.8,57.1,False,2020
LEC,Ferrari,31.0,90.704,5.0,435,13.0,HARD,True,12,,,True,43.6,25.8,57.1,False,2020
HUL,Racing Point,31.0,110.153,6.0,436,1.0,HARD,True,12,,0 days 01:20:13.529000,False,43.6,25.8,57.0,False,2020
KVY,AlphaTauri,31.0,91.837,7.0,436,12.0,HARD,True,12,,,True,43.6,25.8,57.0,False,2020
OCO,Renault,31.0,93.957,8.0,437,9.0,HARD,True,12,,,True,43.6,25.8,57.0,False,2020
SAI,McLaren,31.0,93.227,9.0,437,12.0,MEDIUM,False,12,,,True,43.6,25.8,57.0,False,2020
VET,Ferrari,31.0,93.172,10.0,438,9.0,HARD,True,12,,,True,43.6,25.8,57.0,False,2020
ALB,Red Bull Racing,31.0,111.242,11.0,439,1.0,HARD,True,12,,0 days 01:20:30.221000,False,43.6,25.8,57.0,False,2020
RIC,Renault,31.0,99.84,12.0,439,5.0,HARD,True,12,,,True,43.6,25.8,57.0,False,2020
NOR,McLaren,31.0,93.318,13.0,440,2.0,HARD,True,12,,,True,43.6,25.8,57.0,False,2020
GAS,AlphaTauri,31.0,92.548,14.0,440,8.0,HARD,True,12,,,True,43.6,25.8,57.0,False,2020
GIO,Alfa Romeo Racing,31.0,94.042,15.0,440,24.0,HARD,True,21,,,True,43.6,25.8,57.0,False,2020
GRO,Haas F1 Team,31.0,94.165,16.0,441,15.0,HARD,False,21,,,True,43.6,25.8,57.0,False,2020
RAI,Alfa Romeo Racing,31.0,92.216,17.0,442,5.0,MEDIUM,True,1,,,True,43.6,25.8,57.0,False,2020
RUS,Williams,31.0,92.375,18.0,442,7.0,HARD,True,1,,,True,43.6,25.8,57.0,False,2020
LAT,Williams,31.0,91.986,19.0,443,5.0,HARD,True,1,,,True,43.6,25.8,57.0,False,2020
MAG,Haas F1 Team,31.0,95.791,20.0,443,11.0,HARD,True,1,,,True,43.6,25.5,57.8,False,2020
VER,Red Bull Racing,32.0,89.666,1.0,444,6.0,MEDIUM,True,1,0 days 01:22:29.166000,,False,43.6,25.5,57.8,False,2020
BOT,Mercedes,32.0,90.071,2.0,444,19.0,HARD,True,1,0 days 01:22:31.720000,,False,43.6,25.5,57.8,False,2020
HAM,Mercedes,32.0,90.688,3.0,445,18.0,HARD,True,1,,,True,43.6,25.5,57.8,False,2020
LEC,Ferrari,32.0,90.629,4.0,446,14.0,HARD,True,1,,,True,43.6,25.5,57.8,False,2020
HUL,Racing Point,32.0,90.834,5.0,447,2.0,HARD,True,1,,,True,43.6,25.5,57.8,False,2020
STR,Racing Point,32.0,109.924,6.0,448,1.0,HARD,True,1,,0 days 01:21:46.135000,False,43.6,25.5,57.8,False,2020
KVY,AlphaTauri,32.0,91.944,7.0,448,13.0,HARD,True,1,,,True,43.6,25.5,57.8,False,2020
OCO,Renault,32.0,92.285,8.0,449,10.0,HARD,True,1,,,True,43.6,25.5,57.8,False,2020
SAI,McLaren,32.0,92.4,9.0,449,13.0,MEDIUM,False,1,,,True,43.6,25.5,57.8,False,2020
VET,Ferrari,32.0,92.528,10.0,450,10.0,HARD,True,1,,,True,43.6,25.5,57.8,False,2020
ALB,Red Bull Racing,32.0,91.045,11.0,451,2.0,HARD,True,1,,,True,43.6,25.5,57.8,False,2020
RIC,Renault,32.0,92.263,12.0,451,6.0,HARD,True,1,,,True,43.2,25.6,58.2,False,2020
NOR,McLaren,32.0,92.244,13.0,452,3.0,HARD,True,1,,,True,43.2,25.6,58.2,False,2020
GAS,AlphaTauri,32.0,92.239,14.0,452,9.0,HARD,True,1,,,True,43.2,25.6,58.2,False,2020
GIO,Alfa Romeo Racing,32.0,93.483,15.0,452,25.0,HARD,True,1,,,True,43.2,25.6,58.2,False,2020
GRO,Haas F1 Team,32.0,93.399,16.0,453,16.0,HARD,False,1,,,True,43.2,25.6,58.2,False,2020
RAI,Alfa Romeo Racing,32.0,92.369,17.0,454,6.0,MEDIUM,True,1,,,True,43.2,25.6,58.2,False,2020
RUS,Williams,32.0,92.386,18.0,454,8.0,HARD,True,1,,,True,43.2,25.6,58.2,False,2020
LAT,Williams,32.0,92.354,19.0,455,6.0,HARD,True,1,,,True,43.2,25.6,58.2,False,2020
MAG,Haas F1 Team,32.0,93.326,20.0,455,12.0,HARD,True,1,,,True,43.2,25.6,58.2,False,2020
HAM,Mercedes,33.0,90.705,1.0,455,19.0,HARD,True,1,,,True,43.2,25.6,58.2,False,2020
VER,Red Bull Racing,33.0,111.315,2.0,456,1.0,HARD,True,1,,0 days 01:22:58.174000,False,43.2,25.6,58.2,False,2020
BOT,Mercedes,33.0,110.959,3.0,457,1.0,HARD,True,1,,0 days 01:22:59.850000,False,43.2,25.6,58.2,False,2020
LEC,Ferrari,33.0,91.415,4.0,457,15.0,HARD,True,1,,,True,43.2,25.6,57.7,False,2020
HUL,Racing Point,33.0,91.037,5.0,458,3.0,HARD,True,1,,,True,43.2,25.6,57.7,False,2020
STR,Racing Point,33.0,91.249,6.0,459,2.0,HARD,True,1,,,True,43.2,25.6,57.7,False,2020
KVY,AlphaTauri,33.0,91.727,7.0,459,14.0,HARD,True,1,,,True,43.2,25.6,57.7,False,2020
OCO,Renault,33.0,92.265,8.0,460,11.0,HARD,True,1,,,True,43.2,25.6,57.7,False,2020
SAI,McLaren,33.0,92.204,9.0,460,14.0,MEDIUM,False,1,,,True,43.2,25.6,57.7,False,2020
VET,Ferrari,33.0,91.585,10.0,461,11.0,HARD,True,1,0 days 01:24:55.414000,,False,43.2,25.6,57.7,False,2020
ALB,Red Bull Racing,33.0,91.852,11.0,462,3.0,HARD,True,1,,,True,43.2,25.6,57.7,False,2020
RIC,Renault,33.0,92.928,12.0,462,7.0,HARD,True,1,,,True,43.2,25.6,57.7,False,2020
NOR,McLaren,33.0,92.072,13.0,463,4.0,HARD,True,1,,,True,43.2,25.6,57.7,False,2020
GAS,AlphaTauri,33.0,91.999,14.0,463,10.0,HARD,True,1,,,True,43.2,25.6,57.7,False,2020
GIO,Alfa Romeo Racing,33.0,93.517,15.0,463,26.0,HARD,True,1,0 days 01:25:17.147000,,False,43.2,25.6,57.7,False,2020
GRO,Haas F1 Team,33.0,93.387,16.0,464,17.0,HARD,False,1,,,True,43.2,25.6,57.7,False,2020
RAI,Alfa Romeo Racing,33.0,92.588,17.0,465,7.0,MEDIUM,True,1,,,True,43.2,25.6,57.7,False,2020
RUS,Williams,33.0,92.568,18.0,465,9.0,HARD,True,1,,,True,43.2,25.6,57.7,False,2020
LAT,Williams,33.0,92.792,19.0,466,7.0,HARD,True,1,,,True,43.2,25.6,57.7,False,2020
MAG,Haas F1 Team,33.0,93.404,20.0,466,13.0,HARD,True,1,,,True,43.5,25.7,57.6,False,2020
HAM,Mercedes,34.0,90.701,1.0,466,20.0,HARD,True,1,,,True,43.5,25.7,57.6,False,2020
VER,Red Bull Racing,34.0,90.892,2.0,467,2.0,HARD,True,1,,,True,43.5,25.7,57.6,False,2020
BOT,Mercedes,34.0,90.998,3.0,468,2.0,HARD,True,1,,,True,43.5,25.7,57.6,False,2020
LEC,Ferrari,34.0,91.201,4.0,468,16.0,HARD,True,1,,,True,43.5,25.7,57.6,False,2020
HUL,Racing Point,34.0,91.155,5.0,469,4.0,HARD,True,1,,,True,43.5,25.7,57.6,False,2020
STR,Racing Point,34.0,90.881,6.0,470,3.0,HARD,True,1,,,True,43.5,25.7,57.6,False,2020
KVY,AlphaTauri,34.0,91.575,7.0,470,15.0,HARD,True,1,,,True,43.5,25.7,57.6,False,2020
OCO,Renault,34.0,92.313,8.0,471,12.0,HARD,True,1,,,True,43.7,26.0,56.8,False,2020
SAI,McLaren,34.0,91.686,9.0,471,15.0,MEDIUM,False,1,0 days 01:26:27.047000,,False,43.7,26.0,56.8,False,2020
ALB,Red Bull Racing,34.0,91.993,10.0,472,4.0,HARD,True,1,,,True,43.7,26.0,56.8,False,2020
RIC,Renault,34.0,92.988,11.0,472,8.0,HARD,True,1,,,True,43.7,26.0,56.8,False,2020
NOR,McLaren,34.0,92.021,12.0,473,5.0,HARD,True,1,,,True,43.7,26.0,56.8,False,2020
GAS,AlphaTauri,34.0,92.064,13.0,473,11.0,HARD,True,1,,,True,43.7,26.0,56.8,False,2020
VET,Ferrari,34.0,110.675,14.0,474,4.0,MEDIUM,False,1,,0 days 01:25:23.822000,False,43.7,26.0,56.8,False,2020
GRO,Haas F1 Team,34.0,92.475,15.0,474,18.0,HARD,False,1,,,True,43.7,26.0,56.8,False,2020
RAI,Alfa Romeo Racing,34.0,92.424,16.0,475,8.0,MEDIUM,True,1,,,True,43.7,26.0,56.8,False,2020
RUS,Williams,34.0,92.31,17.0,475,10.0,HARD,True,1,,,True,43.7,26.0,56.8,False,2020
LAT,Williams,34.0,92.08,18.0,476,8.0,HARD,True,1,,,True,43.7,26.0,56.8,False,2020
GIO,Alfa Romeo Racing,34.0,112.24,19.0,477,1.0,MEDIUM,False,1,,0 days 01:25:44.791000,False,43.7,26.0,56.8,False,2020
MAG,Haas F1 Team,34.0,93.285,20.0,477,14.0,HARD,True,1,,,True,43.7,26.0,56.8,False,2020
HAM,Mercedes,35.0,91.101,1.0,477,21.0,HARD,True,1,,,True,43.7,26.0,56.8,False,2020
VER,Red Bull Racing,35.0,90.809,2.0,478,3.0,HARD,True,1,,,True,43.7,26.0,56.8,False,2020
BOT,Mercedes,35.0,90.966,3.0,479,3.0,HARD,True,1,,,True,45.1,26.5,54.8,False,2020
LEC,Ferrari,35.0,90.978,4.0,479,17.0,HARD,True,1,,,True,45.1,26.5,54.8,False,2020
HUL,Racing Point,35.0,90.788,5.0,480,5.0,HARD,True,1,,,True,45.1,26.5,54.8,False,2020
STR,Racing Point,35.0,90.958,6.0,481,4.0,HARD,True,1,,,True,45.1,26.5,54.8,False,2020
KVY,AlphaTauri,35.0,90.998,7.0,481,16.0,HARD,True,1,0 days 01:27:54.624000,,False,45.1,26.5,54.8,False,2020
ALB,Red Bull Racing,35.0,91.103,8.0,482,5.0,HARD,True,1,,,True,45.1,26.5,54.8,False,2020
OCO,Renault,35.0,93.366,9.0,482,13.0,HARD,True,1,,,True,45.1,26.5,54.8,False,2020
RIC,Renault,35.0,92.93,10.0,483,9.0,HARD,True,1,0 days 01:28:08.108000,,False,45.1,26.5,54.8,False,2020
NOR,McLaren,35.0,91.72,11.0,484,6.0,HARD,True,1,,,True,45.1,26.5,54.8,False,2020
GAS,AlphaTauri,35.0,92.106,12.0,484,12.0,HARD,True,1,,,True,45.1,26.5,54.8,False,2020
VET,Ferrari,35.0,91.13,13.0,485,5.0,MEDIUM,False,1,,,True,45.1,26.5,54.8,False,2020
SAI,McLaren,35.0,110.968,14.0,486,1.0,HARD,True,1,,0 days 01:26:55.797000,False,45.1,26.5,54.8,False,2020
GRO,Haas F1 Team,35.0,92.938,15.0,486,19.0,HARD,False,1,,,True,45.1,26.5,54.8,False,2020
RAI,Alfa Romeo Racing,35.0,92.274,16.0,487,9.0,MEDIUM,True,1,,,True,45.0,26.6,55.0,False,2020
RUS,Williams,35.0,92.456,17.0,487,11.0,HARD,True,1,,,True,45.0,26.6,55.0,False,2020
LAT,Williams,35.0,92.474,18.0,488,9.0,HARD,True,1,,,True,45.0,26.6,55.0,False,2020
GIO,Alfa Romeo Racing,35.0,93.64,19.0,489,2.0,MEDIUM,False,1,,,True,45.0,26.6,55.0,False,2020
MAG,Haas F1 Team,35.0,99.507,20.0,489,15.0,HARD,True,1,,,True,45.0,26.6,55.0,False,2020
HAM,Mercedes,36.0,91.118,1.0,489,22.0,HARD,True,1,,,True,45.0,26.6,55.0,False,2020
VER,Red Bull Racing,36.0,90.985,2.0,490,4.0,HARD,True,1,,,True,45.0,26.6,55.0,False,2020
BOT,Mercedes,36.0,90.912,3.0,491,4.0,HARD,True,1,,,True,45.0,26.6,55.0,False,2020
LEC,Ferrari,36.0,90.952,4.0,491,18.0,HARD,True,1,,,True,45.0,26.6,55.0,False,2020
HUL,Racing Point,36.0,91.189,5.0,492,6.0,HARD,True,1,,,True,45.0,26.6,55.0,False,2020
STR,Racing Point,36.0,91.252,6.0,493,5.0,HARD,True,1,,,True,45.0,26.6,55.0,False,2020
ALB,Red Bull Racing,36.0,90.548,7.0,493,6.0,HARD,True,1,,,True,44.3,26.8,54.5,False,2020
OCO,Renault,36.0,93.134,8.0,493,14.0,HARD,True,1,,,True,44.3,26.8,54.5,False,2020
NOR,McLaren,36.0,91.523,9.0,494,7.0,HARD,True,1,,,True,44.3,26.8,54.5,False,2020
KVY,AlphaTauri,36.0,111.685,10.0,495,1.0,MEDIUM,True,1,,0 days 01:28:23.033000,False,44.3,26.8,54.5,False,2020
GAS,AlphaTauri,36.0,91.951,11.0,495,13.0,HARD,True,1,,,True,44.3,26.8,54.5,False,2020
VET,Ferrari,36.0,91.494,12.0,496,6.0,MEDIUM,False,1,,,True,44.3,26.8,54.5,False,2020
SAI,McLaren,36.0,91.287,13.0,497,2.0,HARD,True,1,,,True,44.3,26.8,54.5,False,2020
GRO,Haas F1 Team,36.0,92.449,14.0,497,20.0,HARD,False,1,,,True,44.3,26.8,54.5,False,2020
RAI,Alfa Romeo Racing,36.0,92.724,15.0,498,10.0,MEDIUM,True,1,,,True,44.3,26.8,54.5,False,2020
RIC,Renault,36.0,111.764,16.0,499,3.0,MEDIUM,False,1,,0 days 01:28:36.150000,False,44.3,26.8,54.5,False,2020
RUS,Williams,36.0,93.994,17.0,499,12.0,HARD,True,1,,,True,44.3,26.8,54.5,False,2020
LAT,Williams,36.0,93.815,18.0,500,10.0,HARD,True,1,,,True,44.3,26.8,54.5,False,2020
GIO,Alfa Romeo Racing,36.0,92.26,19.0,501,3.0,MEDIUM,False,1,,,True,44.3,26.8,54.5,False,2020
MAG,Haas F1 Team,36.0,92.986,20.0,501,16.0,HARD,True,1,,,True,44.0,26.6,54.9,False,2020
HAM,Mercedes,37.0,91.045,1.0,501,23.0,HARD,True,1,,,True,44.3,26.8,54.5,False,2020
VER,Red Bull Racing,37.0,90.791,2.0,502,5.0,HARD,True,1,,,True,44.3,26.8,54.5,False,2020
BOT,Mercedes,37.0,90.606,3.0,503,5.0,HARD,True,1,,,True,44.0,26.6,54.9,False,2020
LEC,Ferrari,37.0,90.911,4.0,503,19.0,HARD,True,1,,,True,44.0,26.6,54.9,False,2020
HUL,Racing Point,37.0,91.643,5.0,504,7.0,HARD,True,1,,,True,44.0,26.6,54.9,False,2020
STR,Racing Point,37.0,91.304,6.0,505,6.0,HARD,True,1,,,True,44.0,26.6,54.9,False,2020
ALB,Red Bull Racing,37.0,90.103,7.0,505,7.0,HARD,True,1,,,True,44.0,26.6,54.9,False,2020
OCO,Renault,37.0,92.582,8.0,505,15.0,HARD,True,1,,,True,44.0,26.6,54.9,False,2020
NOR,McLaren,37.0,91.315,9.0,506,8.0,HARD,True,1,,,True,44.0,26.6,54.9,False,2020
KVY,AlphaTauri,37.0,90.998,10.0,507,2.0,MEDIUM,True,1,,,True,44.0,26.6,54.9,False,2020
GAS,AlphaTauri,37.0,91.907,11.0,507,14.0,HARD,True,1,,,True,44.0,26.6,54.9,False,2020
VET,Ferrari,37.0,91.864,12.0,508,7.0,MEDIUM,False,1,,,True,44.0,26.6,54.9,False,2020
SAI,McLaren,37.0,91.86,13.0,509,3.0,HARD,True,1,,,True,44.0,26.6,54.9,False,2020
GRO,Haas F1 Team,37.0,92.593,14.0,509,21.0,HARD,False,1,,,True,43.7,26.5,55.4,False,2020
RAI,Alfa Romeo Racing,37.0,92.514,15.0,510,11.0,MEDIUM,True,1,,,True,43.7,26.5,55.4,False,2020
RIC,Renault,37.0,92.028,16.0,511,4.0,MEDIUM,False,1,,,True,43.7,26.5,55.4,False,2020
RUS,Williams,37.0,92.499,17.0,511,13.0,HARD,True,1,,,True,43.7,26.5,55.4,False,2020
LAT,Williams,37.0,92.714,18.0,512,11.0,HARD,True,1,,,True,43.7,26.5,55.4,False,2020
GIO,Alfa Romeo Racing,37.0,91.826,19.0,513,4.0,MEDIUM,False,1,,,True,43.7,26.5,55.4,False,2020
MAG,Haas F1 Team,37.0,92.391,20.0,513,17.0,HARD,True,1,,,True,43.7,26.5,55.4,False,2020
HAM,Mercedes,38.0,90.785,1.0,513,24.0,HARD,True,1,,,True,43.7,26.5,55.4,False,2020
VER,Red Bull Racing,38.0,90.471,2.0,514,6.0,HARD,True,1,,,True,43.7,26.5,55.4,False,2020
BOT,Mercedes,38.0,91.014,3.0,515,6.0,HARD,True,1,,,True,43.7,26.5,55.4,False,2020
LEC,Ferrari,38.0,90.638,4.0,515,20.0,HARD,True,1,,,True,43.7,26.5,55.4,False,2020
HUL,Racing Point,38.0,91.492,5.0,516,8.0,HARD,True,1,,,True,43.7,26.5,55.4,False,2020
STR,Racing Point,38.0,91.501,6.0,517,7.0,HARD,True,1,,,True,43.7,26.5,55.4,False,2020
ALB,Red Bull Racing,38.0,90.154,7.0,517,8.0,HARD,True,1,,,True,43.7,26.4,55.3,False,2020
OCO,Renault,38.0,92.425,8.0,517,16.0,HARD,True,1,,,True,43.7,26.4,55.3,False,2020
NOR,McLaren,38.0,91.396,9.0,518,9.0,HARD,True,1,,,True,43.7,26.4,55.3,False,2020
KVY,AlphaTauri,38.0,91.318,10.0,519,3.0,MEDIUM,True,1,,,True,43.7,26.4,55.3,False,2020
GAS,AlphaTauri,38.0,91.547,11.0,519,15.0,HARD,True,1,,,True,43.7,26.4,55.3,False,2020
VET,Ferrari,38.0,91.726,12.0,520,8.0,MEDIUM,False,1,,,True,43.7,26.4,55.3,False,2020
SAI,McLaren,38.0,91.778,13.0,521,4.0,HARD,True,1,,,True,43.7,26.4,55.3,False,2020
GRO,Haas F1 Team,38.0,92.097,14.0,521,22.0,HARD,False,1,0 days 01:33:00.219000,,False,43.7,26.4,55.3,False,2020
RAI,Alfa Romeo Racing,38.0,92.655,15.0,522,12.0,MEDIUM,True,1,,,True,43.7,26.4,55.3,False,2020
RIC,Renault,38.0,92.306,16.0,523,5.0,MEDIUM,False,1,,,True,43.7,26.4,55.3,False,2020
RUS,Williams,38.0,93.077,17.0,523,14.0,HARD,True,1,,,True,43.7,26.4,55.3,False,2020
LAT,Williams,38.0,93.18,18.0,524,12.0,HARD,True,1,,,True,43.7,26.4,55.3,False,2020
GIO,Alfa Romeo Racing,38.0,92.203,19.0,525,5.0,MEDIUM,False,1,,,True,43.7,26.4,55.3,False,2020
MAG,Haas F1 Team,38.0,92.298,20.0,525,18.0,HARD,True,1,,,True,43.8,26.5,55.1,False,2020
HAM,Mercedes,39.0,91.077,1.0,525,25.0,HARD,True,1,,,True,43.7,26.4,55.3,False,2020
VER,Red Bull Racing,39.0,90.682,2.0,526,7.0,HARD,True,1,,,True,43.8,26.5,55.1,False,2020
BOT,Mercedes,39.0,90.997,3.0,527,7.0,HARD,True,1,,,True,43.8,26.5,55.1,False,2020
LEC,Ferrari,39.0,90.552,4.0,527,21.0,HARD,True,1,,,True,43.8,26.5,55.1,False,2020
HUL,Racing Point,39.0,91.179,5.0,528,9.0,HARD,True,1,,,True,43.8,26.5,55.1,False,2020
STR,Racing Point,39.0,91.406,6.0,529,8.0,HARD,True,1,,,True,43.8,26.5,55.1,False,2020
ALB,Red Bull Racing,39.0,90.36,7.0,529,9.0,HARD,True,1,,,True,43.8,26.5,55.1,False,2020
OCO,Renault,39.0,92.419,8.0,529,17.0,HARD,True,1,,,True,43.8,26.5,55.1,False,2020
NOR,McLaren,39.0,90.991,9.0,530,10.0,HARD,True,1,,,True,43.8,26.5,55.1,False,2020
KVY,AlphaTauri,39.0,91.339,10.0,531,4.0,MEDIUM,True,1,,,True,43.8,26.5,55.1,False,2020
GAS,AlphaTauri,39.0,91.685,11.0,531,16.0,HARD,True,1,,,True,43.8,26.5,55.1,False,2020
VET,Ferrari,39.0,91.616,12.0,532,9.0,MEDIUM,False,1,,,True,43.8,26.5,55.1,False,2020
SAI,McLaren,39.0,91.739,13.0,533,5.0,HARD,True,1,,,True,43.6,26.2,56.2,False,2020
RIC,Renault,39.0,91.168,14.0,533,6.0,MEDIUM,False,1,,,True,43.6,26.2,56.2,False,2020
RAI,Alfa Romeo Racing,39.0,93.183,15.0,533,13.0,MEDIUM,True,1,,,True,43.6,26.2,56.2,False,2020
RUS,Williams,39.0,93.123,16.0,533,15.0,HARD,True,1,0 days 01:34:41.237000,,False,43.6,26.2,56.2,False,2020
LAT,Williams,39.0,93.804,17.0,534,13.0,HARD,True,1,,,True,43.6,26.2,56.2,False,2020
GIO,Alfa Romeo Racing,39.0,92.135,18.0,535,6.0,MEDIUM,False,1,,,True,43.6,26.2,56.2,False,2020
GRO,Haas F1 Team,39.0,116.257,19.0,536,1.0,HARD,True,1,,0 days 01:33:30.014000,False,43.6,26.2,56.2,False,2020
MAG,Haas F1 Team,39.0,91.83,20.0,536,19.0,HARD,True,1,,,True,43.6,26.2,56.2,False,2020
HAM,Mercedes,40.0,91.348,1.0,536,26.0,HARD,True,1,,,True,43.6,26.2,56.2,False,2020
VER,Red Bull Racing,40.0,90.174,2.0,537,8.0,HARD,True,1,,,True,43.6,26.2,56.2,False,2020
BOT,Mercedes,40.0,90.612,3.0,538,8.0,HARD,True,1,,,True,43.6,26.2,56.2,False,2020
LEC,Ferrari,40.0,90.753,4.0,538,22.0,HARD,True,1,,,True,43.6,26.2,56.2,False,2020
HUL,Racing Point,40.0,90.939,5.0,539,10.0,HARD,True,1,,,True,43.6,26.2,56.2,False,2020
STR,Racing Point,40.0,91.122,6.0,540,9.0,HARD,True,1,,,True,43.6,26.2,56.2,False,2020
ALB,Red Bull Racing,40.0,90.245,7.0,540,10.0,HARD,True,1,,,True,43.7,26.3,55.7,False,2020
OCO,Renault,40.0,91.76,8.0,540,18.0,HARD,True,1,,,True,43.7,26.3,55.7,False,2020
NOR,McLaren,40.0,91.017,9.0,541,11.0,HARD,True,1,,,True,43.7,26.3,55.7,False,2020
KVY,AlphaTauri,40.0,91.096,10.0,542,5.0,MEDIUM,True,1,,,True,43.7,26.3,55.7,False,2020
GAS,AlphaTauri,40.0,91.324,11.0,542,17.0,HARD,True,1,,,True,43.7,26.3,55.7,False,2020
VET,Ferrari,40.0,91.473,12.0,543,10.0,MEDIUM,False,1,,,True,43.7,26.3,55.7,False,2020
SAI,McLaren,40.0,91.939,13.0,544,6.0,HARD,True,1,,,True,43.7,26.3,55.7,False,2020
RIC,Renault,40.0,91.29,14.0,544,7.0,MEDIUM,False,1,,,True,43.7,26.3,55.7,False,2020
RAI,Alfa Romeo Racing,40.0,93.598,15.0,544,14.0,MEDIUM,True,1,,,True,43.7,26.3,55.7,False,2020
LAT,Williams,40.0,92.722,16.0,545,14.0,HARD,True,1,,,True,43.7,26.3,55.7,False,2020
GIO,Alfa Romeo Racing,40.0,92.15,17.0,546,7.0,MEDIUM,False,1,,,True,43.7,26.3,55.7,False,2020
GRO,Haas F1 Team,40.0,91.217,18.0,547,2.0,HARD,True,1,,,True,43.9,26.4,55.4,False,2020
RUS,Williams,40.0,113.03,19.0,547,6.0,MEDIUM,False,1,,0 days 01:35:08.495000,False,43.9,26.4,55.4,False,2020
MAG,Haas F1 Team,40.0,92.133,20.0,547,20.0,HARD,True,1,,,True,43.9,26.4,55.4,False,2020
HAM,Mercedes,41.0,91.236,1.0,547,27.0,HARD,True,1,0 days 01:36:16.990000,,False,43.7,26.3,55.7,False,2020
VER,Red Bull Racing,41.0,90.153,2.0,548,9.0,HARD,True,1,,,True,43.9,26.4,55.4,False,2020
BOT,Mercedes,41.0,90.627,3.0,549,9.0,HARD,True,1,,,True,43.9,26.4,55.4,False,2020
LEC,Ferrari,41.0,91.054,4.0,549,23.0,HARD,True,1,,,True,43.9,26.4,55.4,False,2020
HUL,Racing Point,41.0,91.485,5.0,550,11.0,HARD,True,1,,,True,43.9,26.4,55.4,False,2020
STR,Racing Point,41.0,91.43,6.0,551,10.0,HARD,True,1,,,True,43.9,26.4,55.4,False,2020
ALB,Red Bull Racing,41.0,89.899,7.0,551,11.0,HARD,True,1,,,True,43.9,26.4,55.4,False,2020
OCO,Renault,41.0,92.199,8.0,551,19.0,HARD,True,1,,,True,43.9,26.4,55.4,False,2020
NOR,McLaren,41.0,91.546,9.0,552,12.0,HARD,True,1,,,True,43.9,26.4,55.4,False,2020
KVY,AlphaTauri,41.0,91.316,10.0,553,6.0,MEDIUM,True,1,,,True,43.9,26.4,55.4,False,2020
GAS,AlphaTauri,41.0,91.29,11.0,553,18.0,HARD,True,1,,,True,43.7,26.4,56.1,False,2020
VET,Ferrari,41.0,91.156,12.0,554,11.0,MEDIUM,False,1,,,True,43.7,26.4,56.1,False,2020
SAI,McLaren,41.0,91.474,13.0,555,7.0,HARD,True,1,,,True,43.7,26.4,56.1,False,2020
RIC,Renault,41.0,91.91,14.0,555,8.0,MEDIUM,False,1,,,True,43.7,26.4,56.1,False,2020
RAI,Alfa Romeo Racing,41.0,93.222,15.0,555,15.0,MEDIUM,True,1,,,True,43.7,26.4,56.1,False,2020
LAT,Williams,41.0,92.964,16.0,556,15.0,HARD,True,1,,,True,43.7,26.4,56.1,False,2020
GIO,Alfa Romeo Racing,41.0,93.817,17.0,557,8.0,MEDIUM,False,1,,,True,43.7,26.4,56.1,False,2020
GRO,Haas F1 Team,41.0,93.192,18.0,558,3.0,HARD,True,1,,,True,43.7,26.4,56.1,False,2020
RUS,Williams,41.0,91.837,19.0,558,7.0,MEDIUM,False,1,,,True,43.7,26.4,56.1,False,2020
MAG,Haas F1 Team,41.0,92.755,20.0,558,21.0,HARD,True,1,,,True,43.7,26.4,56.1,False,2020
VER,Red Bull Racing,42.0,90.102,1.0,559,10.0,HARD,True,1,,,True,43.7,26.4,56.1,False,2020
BOT,Mercedes,42.0,90.477,2.0,560,10.0,HARD,True,1,,,True,43.7,26.4,56.1,False,2020
LEC,Ferrari,42.0,91.212,3.0,560,24.0,HARD,True,1,,,True,43.7,26.4,56.1,False,2020
HAM,Mercedes,42.0,109.543,4.0,561,1.0,HARD,True,1,,0 days 01:36:46.577000,False,43.7,26.4,56.1,False,2020
HUL,Racing Point,42.0,91.889,5.0,561,12.0,HARD,True,1,,,True,43.7,26.4,56.1,False,2020
STR,Racing Point,42.0,91.52,6.0,562,11.0,HARD,True,1,,,True,43.7,26.4,56.1,False,2020
ALB,Red Bull Racing,42.0,89.986,7.0,562,12.0,HARD,True,1,,,True,44.1,26.2,56.5,False,2020
OCO,Renault,42.0,91.609,8.0,562,20.0,HARD,True,1,,,True,44.1,26.2,56.5,False,2020
NOR,McLaren,42.0,91.417,9.0,563,13.0,HARD,True,1,,,True,44.1,26.2,56.5,False,2020
KVY,AlphaTauri,42.0,91.082,10.0,564,7.0,MEDIUM,True,1,,,True,44.1,26.2,56.5,False,2020
GAS,AlphaTauri,42.0,91.271,11.0,564,19.0,HARD,True,1,,,True,44.1,26.2,56.5,False,2020
VET,Ferrari,42.0,91.326,12.0,565,12.0,MEDIUM,False,1,,,True,44.1,26.2,56.5,False,2020
SAI,McLaren,42.0,91.186,13.0,566,8.0,HARD,True,1,,,True,44.1,26.2,56.5,False,2020
RIC,Renault,42.0,91.817,14.0,566,9.0,MEDIUM,False,1,,,True,44.1,26.2,56.5,False,2020
RAI,Alfa Romeo Racing,42.0,93.456,15.0,566,16.0,MEDIUM,True,1,,,True,44.1,26.2,56.5,False,2020
LAT,Williams,42.0,92.692,16.0,567,16.0,HARD,True,1,,,True,44.1,26.2,56.5,False,2020
GIO,Alfa Romeo Racing,42.0,93.704,17.0,568,9.0,MEDIUM,False,1,,,True,44.1,26.3,56.6,False,2020
GRO,Haas F1 Team,42.0,94.229,18.0,569,4.0,HARD,True,1,,,True,44.1,26.3,56.6,False,2020
RUS,Williams,42.0,92.817,19.0,569,8.0,MEDIUM,False,1,,,True,44.1,26.3,56.6,False,2020
MAG,Haas F1 Team,42.0,93.623,20.0,569,22.0,HARD,True,1,,,True,44.1,26.3,56.6,False,2020
VER,Red Bull Racing,43.0,90.16,1.0,570,11.0,HARD,True,1,,,True,44.1,26.3,56.6,False,2020
BOT,Mercedes,43.0,90.672,2.0,571,11.0,HARD,True,1,,,True,44.1,26.3,56.6,False,2020
LEC,Ferrari,43.0,91.122,3.0,571,25.0,HARD,True,1,,,True,44.1,26.3,56.6,False,2020
HAM,Mercedes,43.0,88.451,4.0,572,2.0,HARD,True,1,,,True,44.1,26.3,56.6,False,2020
HUL,Racing Point,43.0,91.363,5.0,572,13.0,HARD,True,1,,,True,44.1,26.3,56.6,False,2020
STR,Racing Point,43.0,91.686,6.0,573,12.0,HARD,True,1,,,True,44.1,26.3,56.6,False,2020
ALB,Red Bull Racing,43.0,89.719,7.0,573,13.0,HARD,True,1,,,True,44.1,26.3,56.6,False,2020
OCO,Renault,43.0,91.118,8.0,573,21.0,HARD,True,1,,,True,44.1,26.3,56.6,False,2020
NOR,McLaren,43.0,90.976,9.0,574,14.0,HARD,True,1,,,True,44.1,26.3,56.6,False,2020
KVY,AlphaTauri,43.0,90.761,10.0,575,8.0,MEDIUM,True,1,,,True,44.1,26.3,56.6,False,2020
GAS,AlphaTauri,43.0,90.955,11.0,575,20.0,HARD,True,1,,,True,44.3,26.4,55.2,False,2020
VET,Ferrari,43.0,90.95,12.0,576,13.0,MEDIUM,False,1,,,True,44.3,26.4,55.2,False,2020
SAI,McLaren,43.0,90.999,13.0,577,9.0,HARD,True,1,,,True,44.3,26.4,55.2,False,2020
RIC,Renault,43.0,92.314,14.0,577,10.0,MEDIUM,False,1,,,True,44.3,26.4,55.2,False,2020
RAI,Alfa Romeo Racing,43.0,93.128,15.0,577,17.0,MEDIUM,True,1,,,True,44.3,26.4,55.2,False,2020
LAT,Williams,43.0,92.87,16.0,578,17.0,HARD,True,1,,,True,44.3,26.4,55.2,False,2020
GIO,Alfa Romeo Racing,43.0,92.134,17.0,579,10.0,MEDIUM,False,1,,,True,44.3,26.4,55.2,False,2020
GRO,Haas F1 Team,43.0,91.865,18.0,580,5.0,HARD,True,1,,,True,44.3,26.4,55.2,False,2020
RUS,Williams,43.0,92.364,19.0,580,9.0,MEDIUM,False,1,,,True,44.3,26.4,55.2,False,2020
MAG,Haas F1 Team,43.0,97.962,20.0,580,23.0,HARD,True,1,0 days 01:41:26.641000,,False,44.3,26.2,56.6,False,2020
VER,Red Bull Racing,44.0,89.54,1.0,581,12.0,HARD,True,1,,,True,44.3,26.4,55.2,False,2020
BOT,Mercedes,44.0,89.765,2.0,582,12.0,HARD,True,1,,,True,44.3,26.4,55.2,False,2020
LEC,Ferrari,44.0,90.832,3.0,582,26.0,HARD,True,1,,,True,44.3,26.4,55.2,False,2020
HAM,Mercedes,44.0,89.625,4.0,583,3.0,HARD,True,1,,,True,44.3,26.4,55.2,False,2020
HUL,Racing Point,44.0,91.426,5.0,583,14.0,HARD,True,1,0 days 01:41:21.720000,,False,44.3,26.4,55.2,False,2020
STR,Racing Point,44.0,91.67,6.0,584,13.0,HARD,True,1,,,True,44.3,26.4,55.2,False,2020
ALB,Red Bull Racing,44.0,89.91,7.0,584,14.0,HARD,True,1,,,True,44.3,26.2,56.6,False,2020
OCO,Renault,44.0,91.397,8.0,584,22.0,HARD,True,1,,,True,44.3,26.2,56.6,False,2020
NOR,McLaren,44.0,91.269,9.0,585,15.0,HARD,True,1,,,True,44.3,26.2,56.6,False,2020
KVY,AlphaTauri,44.0,90.799,10.0,586,9.0,MEDIUM,True,1,,,True,44.3,26.2,56.6,False,2020
GAS,AlphaTauri,44.0,91.075,11.0,586,21.0,HARD,True,1,,,True,44.3,26.2,56.6,False,2020
VET,Ferrari,44.0,91.002,12.0,587,14.0,MEDIUM,False,1,,,True,44.3,26.2,56.6,False,2020
SAI,McLaren,44.0,90.942,13.0,588,10.0,HARD,True,1,,,True,44.3,26.2,56.6,False,2020
RIC,Renault,44.0,91.725,14.0,588,11.0,MEDIUM,False,1,,,True,44.3,26.2,56.6,False,2020
RAI,Alfa Romeo Racing,44.0,92.827,15.0,588,18.0,MEDIUM,True,1,,,True,44.3,26.2,56.6,False,2020
LAT,Williams,44.0,93.531,16.0,589,18.0,HARD,True,1,,,True,44.1,26.4,55.9,False,2020
GIO,Alfa Romeo Racing,44.0,94.427,17.0,590,11.0,MEDIUM,False,1,,,True,44.1,26.4,55.9,False,2020
GRO,Haas F1 Team,44.0,91.539,18.0,591,6.0,HARD,True,1,,,True,44.1,26.4,55.9,False,2020
RUS,Williams,44.0,91.891,19.0,591,10.0,MEDIUM,False,1,,,True,44.1,26.4,55.9,False,2020
VER,Red Bull Racing,45.0,89.822,1.0,591,13.0,HARD,True,1,,,True,44.1,26.4,55.9,False,2020
BOT,Mercedes,45.0,89.814,2.0,592,13.0,HARD,True,1,,,True,44.1,26.4,55.9,False,2020
HAM,Mercedes,45.0,89.997,3.0,593,4.0,HARD,True,1,,,True,44.1,26.4,55.9,False,2020
LEC,Ferrari,45.0,91.719,4.0,593,27.0,HARD,True,1,,,True,44.1,26.4,55.9,False,2020
STR,Racing Point,45.0,90.877,5.0,594,14.0,HARD,True,1,,,True,44.1,26.4,55.9,False,2020
ALB,Red Bull Racing,45.0,90.004,6.0,594,15.0,HARD,True,1,,,True,44.1,26.4,55.9,False,2020
HUL,Racing Point,45.0,110.849,7.0,595,3.0,SOFT,False,1,,0 days 01:41:50.447000,False,44.1,26.4,55.9,False,2020
OCO,Renault,45.0,91.041,8.0,595,23.0,HARD,True,1,,,True,44.1,26.4,55.9,False,2020
NOR,McLaren,45.0,91.392,9.0,596,16.0,HARD,True,1,,,True,44.1,26.4,55.9,False,2020
KVY,AlphaTauri,45.0,91.097,10.0,597,10.0,MEDIUM,True,1,,,True,43.9,26.6,55.6,False,2020
GAS,AlphaTauri,45.0,90.835,11.0,597,22.0,HARD,True,1,,,True,43.9,26.6,55.6,False,2020
VET,Ferrari,45.0,91.029,12.0,598,15.0,MEDIUM,False,1,,,True,43.9,26.6,55.6,False,2020
SAI,McLaren,45.0,90.847,13.0,599,11.0,HARD,True,1,,,True,43.9,26.6,55.6,False,2020
RIC,Renault,45.0,91.716,14.0,599,12.0,MEDIUM,False,1,,,True,43.9,26.6,55.6,False,2020
RAI,Alfa Romeo Racing,45.0,93.76,15.0,599,19.0,MEDIUM,True,1,,,True,43.9,26.6,55.6,False,2020
LAT,Williams,45.0,92.579,16.0,600,19.0,HARD,True,1,,,True,43.9,26.6,55.6,False,2020
GIO,Alfa Romeo Racing,45.0,92.108,17.0,601,12.0,MEDIUM,False,1,,,True,43.9,26.6,55.6,False,2020
GRO,Haas F1 Team,45.0,91.918,18.0,602,7.0,HARD,True,1,,,True,43.9,26.6,55.6,False,2020
RUS,Williams,45.0,91.78,19.0,602,11.0,MEDIUM,False,1,,,True,43.9,26.6,55.6,False,2020
VER,Red Bull Racing,46.0,89.465,1.0,602,14.0,HARD,True,1,,,True,43.9,26.6,55.6,False,2020
BOT,Mercedes,46.0,89.944,2.0,603,14.0,HARD,True,1,,,True,43.9,26.6,55.6,False,2020
HAM,Mercedes,46.0,88.599,3.0,604,5.0,HARD,True,1,,,True,43.9,26.6,55.6,False,2020
LEC,Ferrari,46.0,91.513,4.0,604,28.0,HARD,True,1,,,True,43.9,26.6,55.6,False,2020
STR,Racing Point,46.0,90.948,5.0,605,15.0,HARD,True,1,,,True,43.9,26.8,54.3,False,2020
ALB,Red Bull Racing,46.0,89.477,6.0,605,16.0,HARD,True,1,,,True,43.9,26.8,54.3,False,2020
HUL,Racing Point,46.0,90.893,7.0,606,4.0,SOFT,False,1,,,True,43.9,26.8,54.3,False,2020
OCO,Renault,46.0,91.29,8.0,606,24.0,HARD,True,1,,,True,43.9,26.8,54.3,False,2020
NOR,McLaren,46.0,91.663,9.0,607,17.0,HARD,True,1,,,True,43.9,26.8,54.3,False,2020
KVY,AlphaTauri,46.0,90.987,10.0,608,11.0,MEDIUM,True,1,,,True,43.9,26.8,54.3,False,2020
GAS,AlphaTauri,46.0,90.935,11.0,608,23.0,HARD,True,1,,,True,43.9,26.8,54.3,False,2020
VET,Ferrari,46.0,90.866,12.0,609,16.0,MEDIUM,False,1,,,True,43.9,26.8,54.3,False,2020
SAI,McLaren,46.0,90.739,13.0,610,12.0,HARD,True,1,,,True,43.9,26.8,54.3,False,2020
RIC,Renault,46.0,91.63,14.0,610,13.0,MEDIUM,False,1,,,True,43.9,26.8,54.3,False,2020
RAI,Alfa Romeo Racing,46.0,92.709,15.0,610,20.0,MEDIUM,True,1,,,True,43.7,26.3,56.0,False,2020
LAT,Williams,46.0,93.483,16.0,611,20.0,HARD,True,1,0 days 01:45:32.152000,,False,43.7,26.3,56.0,False,2020
GRO,Haas F1 Team,46.0,91.647,17.0,612,8.0,HARD,True,1,,,True,43.7,26.3,56.0,False,2020
GIO,Alfa Romeo Racing,46.0,92.892,18.0,612,13.0,MEDIUM,False,1,,,True,43.7,26.3,56.0,False,2020
RUS,Williams,46.0,91.934,19.0,613,12.0,MEDIUM,False,1,,,True,43.7,26.3,56.0,False,2020
VER,Red Bull Racing,47.0,89.578,1.0,613,15.0,HARD,True,1,,,True,43.9,26.8,54.3,False,2020
BOT,Mercedes,47.0,90.929,2.0,614,15.0,HARD,True,1,,,True,43.7,26.3,56.0,False,2020
HAM,Mercedes,47.0,89.363,3.0,615,6.0,HARD,True,1,,,True,43.7,26.3,56.0,False,2020
LEC,Ferrari,47.0,91.373,4.0,615,29.0,HARD,True,1,,,True,43.7,26.3,56.0,False,2020
STR,Racing Point,47.0,90.962,5.0,616,16.0,HARD,True,1,,,True,43.7,26.3,56.0,False,2020
ALB,Red Bull Racing,47.0,89.877,6.0,616,17.0,HARD,True,1,,,True,43.7,26.3,56.0,False,2020
HUL,Racing Point,47.0,91.083,7.0,617,5.0,SOFT,False,1,,,True,43.7,26.3,56.0,False,2020
OCO,Renault,47.0,91.412,8.0,617,25.0,HARD,True,1,,,True,43.7,26.3,56.0,False,2020
NOR,McLaren,47.0,91.562,9.0,618,18.0,HARD,True,1,,,True,43.7,26.3,56.0,False,2020
KVY,AlphaTauri,47.0,91.12,10.0,619,12.0,MEDIUM,True,1,,,True,43.7,26.1,57.0,False,2020
GAS,AlphaTauri,47.0,90.983,11.0,619,24.0,HARD,True,1,,,True,43.7,26.1,57.0,False,2020
VET,Ferrari,47.0,90.872,12.0,620,17.0,MEDIUM,False,1,,,True,43.7,26.1,57.0,False,2020
SAI,McLaren,47.0,90.791,13.0,621,13.0,HARD,True,1,,,True,43.7,26.1,57.0,False,2020
RIC,Renault,47.0,91.658,14.0,621,14.0,MEDIUM,False,1,,,True,43.7,26.1,57.0,False,2020
RAI,Alfa Romeo Racing,47.0,95.129,15.0,621,21.0,MEDIUM,True,1,,,True,43.7,26.1,57.0,False,2020
GRO,Haas F1 Team,47.0,91.277,16.0,622,9.0,HARD,True,1,,,True,43.7,26.1,57.0,False,2020
GIO,Alfa Romeo Racing,47.0,92.758,17.0,622,14.0,MEDIUM,False,1,,,True,43.7,26.1,57.0,False,2020
RUS,Williams,47.0,92.144,18.0,623,13.0,MEDIUM,False,1,,,True,43.7,26.1,57.0,False,2020
LAT,Williams,47.0,110.327,19.0,624,1.0,MEDIUM,True,1,,0 days 01:46:01.210000,False,43.7,26.1,57.0,False,2020
VER,Red Bull Racing,48.0,89.54,1.0,624,16.0,HARD,True,1,,,True,43.7,26.1,57.0,False,2020
BOT,Mercedes,48.0,90.026,2.0,625,16.0,HARD,True,1,,,True,43.7,26.1,57.0,False,2020
HAM,Mercedes,48.0,88.882,3.0,626,7.0,HARD,True,1,,,True,43.7,26.1,57.0,False,2020
LEC,Ferrari,48.0,91.602,4.0,626,30.0,HARD,True,1,,,True,43.7,26.1,57.0,False,2020
STR,Racing Point,48.0,91.128,5.0,627,17.0,HARD,True,1,,,True,43.8,26.2,56.4,False,2020
ALB,Red Bull Racing,48.0,89.949,6.0,627,18.0,HARD,True,1,,,True,43.8,26.2,56.4,False,2020
HUL,Racing Point,48.0,90.627,7.0,628,6.0,SOFT,False,1,,,True,43.8,26.2,56.4,False,2020
OCO,Renault,48.0,91.206,8.0,628,26.0,HARD,True,1,,,True,43.8,26.2,56.4,False,2020
NOR,McLaren,48.0,91.075,9.0,629,19.0,HARD,True,1,,,True,43.8,26.2,56.4,False,2020
KVY,AlphaTauri,48.0,90.852,10.0,630,13.0,MEDIUM,True,1,,,True,43.8,26.2,56.4,False,2020
GAS,AlphaTauri,48.0,90.747,11.0,630,25.0,HARD,True,1,,,True,43.8,26.2,56.4,False,2020
VET,Ferrari,48.0,90.914,12.0,631,18.0,MEDIUM,False,1,,,True,43.8,26.2,56.4,False,2020
SAI,McLaren,48.0,90.864,13.0,632,14.0,HARD,True,1,,,True,43.8,26.2,56.4,False,2020
RIC,Renault,48.0,91.517,14.0,632,15.0,MEDIUM,False,1,,,True,43.8,26.2,56.4,False,2020
RAI,Alfa Romeo Racing,48.0,92.499,15.0,632,22.0,MEDIUM,True,1,,,True,43.6,26.0,56.5,False,2020
GRO,Haas F1 Team,48.0,91.078,16.0,633,10.0,HARD,True,1,,,True,43.6,26.0,56.5,False,2020
GIO,Alfa Romeo Racing,48.0,92.251,17.0,633,15.0,MEDIUM,False,1,,,True,43.6,26.0,56.5,False,2020
RUS,Williams,48.0,92.526,18.0,634,14.0,MEDIUM,False,1,,,True,43.6,26.0,56.5,False,2020
LAT,Williams,48.0,89.95,19.0,635,2.0,MEDIUM,True,1,,,True,43.6,26.0,56.5,False,2020
VER,Red Bull Racing,49.0,89.523,1.0,635,17.0,HARD,True,1,,,True,43.8,26.2,56.4,False,2020
BOT,Mercedes,49.0,90.554,2.0,636,17.0,HARD,True,1,,,True,43.6,26.0,56.5,False,2020
HAM,Mercedes,49.0,89.887,3.0,637,8.0,HARD,True,1,,,True,43.6,26.0,56.5,False,2020
LEC,Ferrari,49.0,92.063,4.0,637,31.0,HARD,True,1,,,True,43.6,26.0,56.5,False,2020
STR,Racing Point,49.0,91.094,5.0,638,18.0,HARD,True,1,,,True,43.6,26.0,56.5,False,2020
ALB,Red Bull Racing,49.0,90.255,6.0,638,19.0,HARD,True,1,,,True,43.6,26.0,56.5,False,2020
HUL,Racing Point,49.0,90.785,7.0,639,7.0,SOFT,False,1,,,True,43.6,26.0,56.5,False,2020
OCO,Renault,49.0,90.877,8.0,639,27.0,HARD,True,1,,,True,43.2,26.0,56.5,False,2020
NOR,McLaren,49.0,90.698,9.0,640,20.0,HARD,True,1,,,True,43.2,26.0,56.5,False,2020
KVY,AlphaTauri,49.0,90.932,10.0,641,14.0,MEDIUM,True,1,,,True,43.2,26.0,56.5,False,2020
GAS,AlphaTauri,49.0,90.507,11.0,641,26.0,HARD,True,1,,,True,43.2,26.0,56.5,False,2020
VET,Ferrari,49.0,90.785,12.0,642,19.0,MEDIUM,False,1,,,True,43.2,26.0,56.5,False,2020
SAI,McLaren,49.0,90.556,13.0,643,15.0,HARD,True,1,,,True,43.2,26.0,56.5,False,2020
RIC,Renault,49.0,93.432,14.0,643,16.0,MEDIUM,False,1,,,True,43.2,26.0,56.5,False,2020
RAI,Alfa Romeo Racing,49.0,92.424,15.0,643,23.0,MEDIUM,True,1,,,True,43.2,26.0,56.5,False,2020
GRO,Haas F1 Team,49.0,92.288,16.0,644,11.0,HARD,True,1,,,True,43.2,26.0,56.5,False,2020
GIO,Alfa Romeo Racing,49.0,92.207,17.0,644,16.0,MEDIUM,False,1,,,True,43.2,26.0,56.5,False,2020
RUS,Williams,49.0,91.507,18.0,645,15.0,MEDIUM,False,1,,,True,43.2,26.0,56.5,False,2020
LAT,Williams,49.0,90.055,19.0,646,3.0,MEDIUM,True,1,,,True,43.2,26.0,56.5,False,2020
VER,Red Bull Racing,50.0,89.629,1.0,646,18.0,HARD,True,1,,,True,43.2,26.0,56.5,False,2020
HAM,Mercedes,50.0,89.795,2.0,647,9.0,HARD,True,1,,,True,43.2,26.0,56.5,False,2020
BOT,Mercedes,50.0,92.282,3.0,647,18.0,HARD,True,1,,,True,43.2,26.0,56.5,False,2020
LEC,Ferrari,50.0,94.054,4.0,647,32.0,HARD,True,1,,,True,43.2,26.0,56.5,False,2020
ALB,Red Bull Racing,50.0,90.184,5.0,648,20.0,HARD,True,1,,,True,43.2,25.9,57.4,False,2020
STR,Racing Point,50.0,92.345,6.0,649,19.0,HARD,True,1,,,True,43.2,25.9,57.4,False,2020
HUL,Racing Point,50.0,90.547,7.0,650,8.0,SOFT,False,1,,,True,43.2,25.9,57.4,False,2020
OCO,Renault,50.0,90.575,8.0,650,28.0,HARD,True,1,,,True,43.2,25.9,57.4,False,2020
NOR,McLaren,50.0,91.01,9.0,651,21.0,HARD,True,1,,,True,43.2,25.9,57.4,False,2020
KVY,AlphaTauri,50.0,90.98,10.0,652,15.0,MEDIUM,True,1,,,True,43.2,25.9,57.4,False,2020
GAS,AlphaTauri,50.0,90.68,11.0,652,27.0,HARD,True,1,,,True,43.2,25.9,57.4,False,2020
VET,Ferrari,50.0,90.82,12.0,653,20.0,MEDIUM,False,1,,,True,43.2,25.9,57.4,False,2020
SAI,McLaren,50.0,91.031,13.0,654,16.0,HARD,True,1,,,True,43.2,25.9,57.4,False,2020
RIC,Renault,50.0,92.441,14.0,654,17.0,MEDIUM,False,1,,,True,43.3,26.0,57.4,False,2020
RAI,Alfa Romeo Racing,50.0,93.082,15.0,654,24.0,MEDIUM,True,1,,,True,43.3,26.0,57.4,False,2020
GRO,Haas F1 Team,50.0,91.086,16.0,655,12.0,HARD,True,1,,,True,43.3,26.0,57.4,False,2020
GIO,Alfa Romeo Racing,50.0,92.403,17.0,655,17.0,MEDIUM,False,1,,,True,43.3,26.0,57.4,False,2020
RUS,Williams,50.0,91.408,18.0,656,16.0,MEDIUM,False,1,,,True,43.3,26.0,57.4,False,2020
LAT,Williams,50.0,91.216,19.0,657,4.0,MEDIUM,True,1,,,True,43.3,26.0,57.4,False,2020
VER,Red Bull Racing,51.0,90.013,1.0,657,19.0,HARD,True,1,,,True,43.2,25.9,57.4,False,2020
HAM,Mercedes,51.0,90.613,2.0,658,10.0,HARD,True,1,,,True,43.3,26.0,57.4,False,2020
BOT,Mercedes,51.0,93.333,3.0,658,19.0,HARD,True,1,,,True,43.3,26.0,57.4,False,2020
LEC,Ferrari,51.0,93.817,4.0,658,33.0,HARD,True,1,,,True,43.3,26.0,57.4,False,2020
ALB,Red Bull Racing,51.0,89.832,5.0,659,21.0,HARD,True,1,,,True,43.3,26.0,57.4,False,2020
STR,Racing Point,51.0,91.967,6.0,660,20.0,HARD,True,1,,,True,43.3,26.0,57.4,False,2020
HUL,Racing Point,51.0,92.756,7.0,661,9.0,SOFT,False,1,,,True,43.3,26.0,57.4,False,2020
OCO,Renault,51.0,90.829,8.0,661,29.0,HARD,True,1,,,True,43.5,26.1,56.6,False,2020
NOR,McLaren,51.0,91.044,9.0,662,22.0,HARD,True,1,,,True,43.5,26.1,56.6,False,2020
KVY,AlphaTauri,51.0,91.315,10.0,663,16.0,MEDIUM,True,1,,,True,43.5,26.1,56.6,False,2020
GAS,AlphaTauri,51.0,90.345,11.0,663,28.0,HARD,True,1,,,True,43.5,26.1,56.6,False,2020
VET,Ferrari,51.0,90.802,12.0,664,21.0,MEDIUM,False,1,,,True,43.5,26.1,56.6,False,2020
SAI,McLaren,51.0,90.695,13.0,665,17.0,HARD,True,1,,,True,43.5,26.1,56.6,False,2020
RIC,Renault,51.0,93.26,14.0,665,18.0,MEDIUM,False,1,,,True,43.5,26.1,56.6,False,2020
RAI,Alfa Romeo Racing,51.0,93.48,15.0,665,25.0,MEDIUM,True,1,,,True,43.5,26.1,56.6,False,2020
GRO,Haas F1 Team,51.0,90.793,16.0,666,13.0,HARD,True,1,,,True,43.5,26.1,56.6,False,2020
GIO,Alfa Romeo Racing,51.0,92.13,17.0,666,18.0,MEDIUM,False,1,,,True,43.5,26.1,56.6,False,2020
RUS,Williams,51.0,92.224,18.0,667,17.0,MEDIUM,False,1,,,True,43.5,25.9,57.3,False,2020
LAT,Williams,51.0,92.11,19.0,668,5.0,MEDIUM,True,1,,,True,43.5,25.9,57.3,False,2020
VER,Red Bull Racing,52.0,90.545,1.0,668,20.0,HARD,True,1,,,True,43.5,26.1,56.6,False,2020
HAM,Mercedes,52.0,92.378,2.0,669,11.0,HARD,True,1,,,True,43.5,26.1,56.6,False,2020
BOT,Mercedes,52.0,95.416,3.0,669,20.0,HARD,True,1,,,True,43.5,26.1,56.6,False,2020
LEC,Ferrari,52.0,91.841,4.0,669,34.0,HARD,True,1,,,True,43.5,26.1,56.6,False,2020
ALB,Red Bull Racing,52.0,92.684,5.0,670,22.0,HARD,True,1,,,True,43.5,25.9,57.3,False,2020
STR,Racing Point,52.0,92.515,6.0,671,21.0,HARD,True,1,,,True,43.5,25.9,57.3,False,2020
HUL,Racing Point,52.0,90.087,7.0,672,10.0,SOFT,False,1,,,True,43.5,25.9,57.3,False,2020
OCO,Renault,52.0,92.052,8.0,672,30.0,HARD,True,1,,,True,43.5,25.9,57.3,False,2020
NOR,McLaren,52.0,90.876,9.0,673,23.0,HARD,True,1,,,True,43.5,25.9,57.3,False,2020
KVY,AlphaTauri,52.0,90.738,10.0,674,17.0,MEDIUM,True,1,,,True,43.5,25.9,57.3,False,2020
GAS,AlphaTauri,52.0,90.092,11.0,674,29.0,HARD,True,1,,,True,43.5,25.9,57.3,False,2020
VET,Ferrari,52.0,90.832,12.0,675,22.0,MEDIUM,False,1,,,True,43.5,25.9,57.3,False,2020
SAI,McLaren,52.0,90.745,13.0,676,18.0,HARD,True,1,,,True,43.5,25.9,57.3,False,2020
LEC,Ferrari,1.0,122.7,1.0,1,1.0,MEDIUM,True,124,,,False,51.8,29.0,37.9,False,2021
HAM,Mercedes,1.0,125.599,2.0,1,2.0,MEDIUM,False,124,,,False,51.8,29.0,37.9,False,2021
BOT,Mercedes,1.0,126.173,3.0,2,2.0,MEDIUM,False,124,,,False,51.8,29.0,37.9,False,2021
NOR,McLaren,1.0,128.698,4.0,3,1.0,MEDIUM,True,124,,,False,51.8,29.0,37.9,False,2021
RIC,McLaren,1.0,129.397,5.0,4,1.0,MEDIUM,True,124,,,False,51.8,29.0,37.9,False,2021
VET,Aston Martin,1.0,130.61,6.0,4,4.0,MEDIUM,False,124,,,False,51.8,29.0,37.9,False,2021
ALO,Alpine,1.0,132.307,7.0,5,1.0,MEDIUM,True,124,,,False,51.8,29.0,37.9,False,2021
SAI,Ferrari,1.0,133.629,8.0,6,1.0,MEDIUM,True,124,,,False,51.8,29.0,37.9,False,2021
RAI,Alfa Romeo Racing,1.0,136.273,9.0,7,1.0,MEDIUM,True,124,,,False,51.8,29.0,37.9,False,2021
OCO,Alpine,1.0,136.727,10.0,8,1.0,MEDIUM,True,124,,,False,51.8,29.0,37.9,False,2021
STR,Aston Martin,1.0,137.724,11.0,8,4.0,MEDIUM,False,124,,,False,51.8,29.0,37.9,False,2021
GAS,AlphaTauri,1.0,139.081,12.0,9,1.0,MEDIUM,True,124,,,False,51.8,29.0,37.9,False,2021
GIO,Alfa Romeo Racing,1.0,140.441,13.0,10,1.0,MEDIUM,True,124,,,False,51.8,29.0,37.9,False,2021
RUS,Williams,1.0,142.688,14.0,11,1.0,MEDIUM,True,124,,,False,51.6,29.0,38.5,False,2021
TSU,AlphaTauri,1.0,144.225,15.0,12,1.0,MEDIUM,True,124,,,False,51.6,29.0,38.5,False,2021
MSC,Haas F1 Team,1.0,145.57,16.0,12,4.0,MEDIUM,False,124,,,False,51.6,29.0,38.5,False,2021
LAT,Williams,1.0,146.229,17.0,13,1.0,MEDIUM,True,124,,,False,51.6,29.0,38.5,False,2021
MAZ,Haas F1 Team,1.0,148.985,18.0,13,4.0,MEDIUM,False,124,,,False,51.6,29.0,38.5,False,2021
PER,Red Bull Racing,1.0,149.563,19.0,14,1.0,HARD,True,124,,0 days 01:02:33.068000,False,51.6,29.0,38.5,False,2021
ALO,Alpine,4.0,144.593,6.0,14,3.0,MEDIUM,False,12,,,True,50.6,29.5,36.7,False,2021
SAI,Ferrari,4.0,142.426,7.0,15,2.0,MEDIUM,True,12,,,True,50.6,29.5,36.7,False,2021
STR,Aston Martin,4.0,132.54,8.0,15,4.0,MEDIUM,False,12,,,True,50.6,29.5,36.7,False,2021
RAI,Alfa Romeo Racing,4.0,139.184,9.0,16,2.0,MEDIUM,True,12,,,True,50.6,29.5,36.7,False,2021
OCO,Alpine,4.0,136.604,10.0,17,2.0,MEDIUM,True,12,,,True,50.6,29.5,36.7,False,2021
GIO,Alfa Romeo Racing,4.0,125.661,11.0,18,2.0,MEDIUM,True,12,,,True,50.6,29.5,36.7,False,2021
GAS,AlphaTauri,4.0,128.686,12.0,18,4.0,MEDIUM,False,12,,,True,50.6,29.5,36.7,False,2021
RUS,Williams,4.0,122.552,13.0,19,2.0,MEDIUM,True,12,,,True,50.6,29.5,36.7,False,2021
TSU,AlphaTauri,4.0,120.737,14.0,19,4.0,MEDIUM,False,12,,,True,50.6,29.5,36.7,False,2021
MSC,Haas F1 Team,4.0,119.887,15.0,20,3.0,MEDIUM,False,12,,,True,50.6,29.5,36.7,False,2021
PER,Red Bull Racing,4.0,102.651,16.0,20,4.0,HARD,False,12,,,True,50.6,29.5,36.7,False,2021
LAT,Williams,4.0,116.501,17.0,21,2.0,MEDIUM,True,12,,,True,50.6,29.5,36.7,False,2021
MAZ,Haas F1 Team,4.0,104.503,18.0,21,5.0,MEDIUM,False,12,,,True,50.6,29.5,36.7,False,2021
LEC,Ferrari,5.0,92.805,1.0,22,3.0,MEDIUM,True,1,,,True,50.6,29.3,37.1,False,2021
HAM,Mercedes,5.0,93.049,2.0,23,3.0,MEDIUM,False,1,,,True,50.6,29.3,37.1,False,2021
NOR,McLaren,5.0,93.318,3.0,23,5.0,MEDIUM,False,1,,,True,50.6,29.3,37.1,False,2021
BOT,Mercedes,5.0,93.727,4.0,24,3.0,MEDIUM,True,1,,,True,50.6,29.3,37.1,False,2021
RIC,McLaren,5.0,94.142,5.0,24,5.0,MEDIUM,False,1,,,True,50.6,29.3,37.1,False,2021
SAI,Ferrari,5.0,93.782,6.0,25,3.0,MEDIUM,True,1,,,True,50.6,29.3,37.1,False,2021
ALO,Alpine,5.0,95.626,7.0,25,4.0,MEDIUM,False,1,,,True,50.6,29.3,37.1,False,2021
STR,Aston Martin,5.0,95.163,8.0,25,5.0,MEDIUM,False,1,,,True,50.6,29.3,37.1,False,2021
OCO,Alpine,5.0,95.13,9.0,26,3.0,MEDIUM,True,1,,,True,50.6,29.3,37.1,False,2021
RAI,Alfa Romeo Racing,5.0,96.398,10.0,27,3.0,MEDIUM,True,1,,,True,50.6,29.3,37.1,False,2021
GIO,Alfa Romeo Racing,5.0,96.308,11.0,28,3.0,MEDIUM,True,1,,,True,50.6,29.3,37.1,False,2021
GAS,AlphaTauri,5.0,96.555,12.0,28,5.0,MEDIUM,False,1,,,True,50.6,29.3,37.1,False,2021
RUS,Williams,5.0,96.865,13.0,29,3.0,MEDIUM,True,1,,,True,50.6,29.3,37.1,False,2021
PER,Red Bull Racing,5.0,95.983,14.0,29,5.0,HARD,False,1,,,True,50.6,29.3,37.1,False,2021
TSU,AlphaTauri,5.0,97.689,15.0,30,5.0,MEDIUM,False,1,,,True,50.6,29.3,37.1,False,2021
LAT,Williams,5.0,97.107,16.0,31,3.0,MEDIUM,True,1,,,True,50.6,29.3,37.1,False,2021
MSC,Haas F1 Team,5.0,99.029,17.0,31,4.0,MEDIUM,False,1,,,True,50.6,29.3,37.1,False,2021
MAZ,Haas F1 Team,5.0,98.789,18.0,31,6.0,MEDIUM,False,1,,,True,50.6,29.3,37.1,False,2021
VET,Aston Martin,5.0,95.272,19.0,31,8.0,MEDIUM,False,1,,,True,50.8,29.3,37.6,False,2021
LEC,Ferrari,6.0,92.91,1.0,32,4.0,MEDIUM,True,1,,,True,50.9,29.6,37.1,False,2021
HAM,Mercedes,6.0,93.113,2.0,33,4.0,MEDIUM,False,1,,,True,50.9,29.6,37.1,False,2021
NOR,McLaren,6.0,93.428,3.0,33,6.0,MEDIUM,False,1,,,True,50.9,29.6,37.1,False,2021
BOT,Mercedes,6.0,93.577,4.0,34,4.0,MEDIUM,True,1,,,True,50.9,29.6,37.1,False,2021
RIC,McLaren,6.0,94.023,5.0,34,6.0,MEDIUM,False,1,,,True,50.9,29.6,37.1,False,2021
SAI,Ferrari,6.0,94.026,6.0,35,4.0,MEDIUM,True,1,,,True,50.9,29.6,37.1,False,2021
ALO,Alpine,6.0,94.496,7.0,35,5.0,MEDIUM,False,1,,,True,50.9,29.6,37.1,False,2021
STR,Aston Martin,6.0,94.664,8.0,35,6.0,MEDIUM,False,1,,,True,50.9,29.6,37.1,False,2021
OCO,Alpine,6.0,94.832,9.0,36,4.0,MEDIUM,True,1,,,True,50.9,29.6,37.1,False,2021
RAI,Alfa Romeo Racing,6.0,94.929,10.0,37,4.0,MEDIUM,True,1,,,True,50.9,29.6,37.1,False,2021
GAS,AlphaTauri,6.0,94.385,11.0,37,6.0,MEDIUM,False,1,,,True,50.9,29.6,37.1,False,2021
GIO,Alfa Romeo Racing,6.0,95.876,12.0,38,4.0,MEDIUM,True,1,,,True,50.9,29.6,37.1,False,2021
RUS,Williams,6.0,95.26,13.0,39,4.0,MEDIUM,True,1,,,True,50.9,29.6,37.1,False,2021
PER,Red Bull Racing,6.0,95.256,14.0,39,6.0,HARD,False,1,,,True,50.9,29.6,37.1,False,2021
TSU,AlphaTauri,6.0,95.655,15.0,40,6.0,MEDIUM,False,1,,,True,50.9,29.6,37.1,False,2021
LAT,Williams,6.0,95.62,16.0,41,4.0,MEDIUM,True,1,,,True,50.9,29.6,37.1,False,2021
MSC,Haas F1 Team,6.0,97.141,17.0,41,5.0,MEDIUM,False,1,,,True,50.9,29.6,37.1,False,2021
MAZ,Haas F1 Team,6.0,97.188,18.0,41,7.0,MEDIUM,False,1,,,True,50.9,29.6,37.1,False,2021
VET,Aston Martin,6.0,94.602,19.0,41,9.0,MEDIUM,False,1,,,True,50.9,29.6,37.1,False,2021
LEC,Ferrari,7.0,93.003,1.0,42,5.0,MEDIUM,True,1,,,True,50.9,29.6,36.8,False,2021
HAM,Mercedes,7.0,92.738,2.0,43,5.0,MEDIUM,False,1,,,True,50.9,29.6,36.8,False,2021
NOR,McLaren,7.0,93.556,3.0,43,7.0,MEDIUM,False,1,,,True,50.9,29.6,36.8,False,2021
BOT,Mercedes,7.0,93.543,4.0,44,5.0,MEDIUM,True,1,,,True,50.9,29.6,36.8,False,2021
RIC,McLaren,7.0,93.82,5.0,44,7.0,MEDIUM,False,1,,,True,50.9,29.6,36.8,False,2021
SAI,Ferrari,7.0,93.807,6.0,45,5.0,MEDIUM,True,1,,,True,50.9,29.6,36.8,False,2021
ALO,Alpine,7.0,94.993,7.0,45,6.0,MEDIUM,False,1,,,True,50.9,29.6,36.8,False,2021
STR,Aston Martin,7.0,94.986,8.0,45,7.0,MEDIUM,False,1,,,True,50.9,29.6,36.8,False,2021
OCO,Alpine,7.0,94.982,9.0,46,5.0,MEDIUM,True,1,,,True,50.9,29.6,36.8,False,2021
RAI,Alfa Romeo Racing,7.0,95.251,10.0,47,5.0,MEDIUM,True,1,,,True,50.9,29.7,36.3,False,2021
GAS,AlphaTauri,7.0,95.21,11.0,47,7.0,MEDIUM,False,1,,,True,50.9,29.7,36.3,False,2021
GIO,Alfa Romeo Racing,7.0,95.379,12.0,48,5.0,MEDIUM,True,1,,,True,50.9,29.7,36.3,False,2021
PER,Red Bull Racing,7.0,94.763,13.0,48,7.0,HARD,False,1,,,True,50.9,29.7,36.3,False,2021
RUS,Williams,7.0,96.469,14.0,49,5.0,MEDIUM,True,1,,,True,50.9,29.7,36.3,False,2021
TSU,AlphaTauri,7.0,95.51,15.0,49,7.0,MEDIUM,False,1,,,True,50.9,29.7,36.3,False,2021
LAT,Williams,7.0,95.773,16.0,50,5.0,MEDIUM,True,1,,,True,50.9,29.7,36.3,False,2021
MSC,Haas F1 Team,7.0,96.993,17.0,50,6.0,MEDIUM,False,1,,,True,50.9,29.7,36.3,False,2021
VET,Aston Martin,7.0,95.27,18.0,50,10.0,MEDIUM,False,1,,,True,50.9,29.7,36.3,False,2021
MAZ,Haas F1 Team,7.0,97.928,19.0,51,8.0,MEDIUM,False,1,,,True,50.9,29.7,36.3,False,2021
LEC,Ferrari,8.0,93.105,1.0,52,6.0,MEDIUM,True,1,,,True,50.9,29.7,36.3,False,2021
HAM,Mercedes,8.0,92.928,2.0,53,6.0,MEDIUM,False,1,,,True,50.9,29.7,36.3,False,2021
NOR,McLaren,8.0,93.402,3.0,53,8.0,MEDIUM,False,1,,,True,50.9,29.7,36.3,False,2021
BOT,Mercedes,8.0,93.571,4.0,54,6.0,MEDIUM,True,1,,,True,50.9,29.7,36.3,False,2021
RIC,McLaren,8.0,93.89,5.0,54,8.0,MEDIUM,False,1,,,True,50.9,29.7,36.3,False,2021
SAI,Ferrari,8.0,93.937,6.0,55,6.0,MEDIUM,True,1,,,True,50.9,29.7,36.3,False,2021
ALO,Alpine,8.0,94.889,7.0,55,7.0,MEDIUM,False,1,,,True,50.9,29.7,36.3,False,2021
STR,Aston Martin,8.0,94.921,8.0,55,8.0,MEDIUM,False,1,,,True,50.9,29.7,36.3,False,2021
OCO,Alpine,8.0,95.072,9.0,56,6.0,MEDIUM,True,1,,,True,50.9,29.7,36.3,False,2021
RAI,Alfa Romeo Racing,8.0,95.003,10.0,57,6.0,MEDIUM,True,1,,,True,50.9,29.7,36.3,False,2021
GAS,AlphaTauri,8.0,95.158,11.0,57,8.0,MEDIUM,False,1,,,True,50.9,29.7,36.3,False,2021
GIO,Alfa Romeo Racing,8.0,95.295,12.0,58,6.0,MEDIUM,True,1,,,True,50.9,29.7,36.3,False,2021
PER,Red Bull Racing,8.0,94.882,13.0,58,8.0,HARD,False,1,,,True,50.9,29.7,36.3,False,2021
RUS,Williams,8.0,95.577,14.0,59,6.0,MEDIUM,True,1,,,True,50.9,29.7,36.3,False,2021
TSU,AlphaTauri,8.0,95.609,15.0,59,8.0,MEDIUM,False,1,,,True,50.9,29.7,36.3,False,2021
LAT,Williams,8.0,95.548,16.0,60,6.0,MEDIUM,True,1,,,True,50.9,29.7,36.3,False,2021
VET,Aston Martin,8.0,94.986,17.0,60,11.0,MEDIUM,False,1,,,True,50.9,29.7,36.3,False,2021
MSC,Haas F1 Team,8.0,97.531,18.0,61,7.0,MEDIUM,False,1,,,True,50.9,29.7,36.3,False,2021
MAZ,Haas F1 Team,8.0,97.033,19.0,61,9.0,MEDIUM,False,1,,,True,50.9,29.7,36.3,False,2021
LEC,Ferrari,9.0,92.97,1.0,62,7.0,MEDIUM,True,1,,,True,50.8,29.8,37.0,False,2021
HAM,Mercedes,9.0,93.013,2.0,63,7.0,MEDIUM,False,1,,,True,50.8,29.8,37.0,False,2021
NOR,McLaren,9.0,93.373,3.0,63,9.0,MEDIUM,False,1,,,True,50.8,29.8,37.0,False,2021
BOT,Mercedes,9.0,93.096,4.0,64,7.0,MEDIUM,True,1,,,True,50.8,29.8,37.0,False,2021
RIC,McLaren,9.0,93.71,5.0,64,9.0,MEDIUM,False,1,,,True,50.9,29.8,37.1,False,2021
SAI,Ferrari,9.0,93.915,6.0,65,7.0,MEDIUM,True,1,,,True,50.9,29.8,37.1,False,2021
ALO,Alpine,9.0,94.701,7.0,65,8.0,MEDIUM,False,1,,,True,50.9,29.8,37.1,False,2021
STR,Aston Martin,9.0,94.625,8.0,65,9.0,MEDIUM,False,1,,,True,50.9,29.8,37.1,False,2021
OCO,Alpine,9.0,94.762,9.0,66,7.0,MEDIUM,True,1,,,True,50.9,29.8,37.1,False,2021
RAI,Alfa Romeo Racing,9.0,94.988,10.0,67,7.0,MEDIUM,True,1,,,True,50.9,29.8,37.1,False,2021
GAS,AlphaTauri,9.0,94.927,11.0,67,9.0,MEDIUM,False,1,,,True,50.9,29.8,37.1,False,2021
PER,Red Bull Racing,9.0,94.058,12.0,68,9.0,HARD,False,1,,,True,50.9,29.8,37.1,False,2021
GIO,Alfa Romeo Racing,9.0,96.091,13.0,69,7.0,MEDIUM,True,1,,,True,50.9,29.8,37.1,False,2021
RUS,Williams,9.0,95.192,14.0,70,7.0,MEDIUM,True,1,,,True,50.9,29.8,37.1,False,2021
TSU,AlphaTauri,9.0,95.213,15.0,70,9.0,MEDIUM,False,1,,,True,50.9,29.8,37.1,False,2021
LAT,Williams,9.0,95.35,16.0,71,7.0,MEDIUM,True,1,,,True,50.9,29.8,37.1,False,2021
VET,Aston Martin,9.0,94.37,17.0,71,12.0,MEDIUM,False,1,,,True,50.9,29.8,37.1,False,2021
MSC,Haas F1 Team,9.0,96.428,18.0,72,8.0,MEDIUM,False,1,,,True,50.9,29.8,37.1,False,2021
MAZ,Haas F1 Team,9.0,96.697,19.0,72,10.0,MEDIUM,False,1,,,True,50.9,29.8,37.1,False,2021
LEC,Ferrari,10.0,93.232,1.0,73,8.0,MEDIUM,True,1,,,True,51.1,29.8,37.0,False,2021
HAM,Mercedes,10.0,93.458,2.0,74,8.0,MEDIUM,False,1,,,True,51.1,29.8,37.0,False,2021
NOR,McLaren,10.0,93.011,3.0,74,10.0,MEDIUM,False,1,,,True,51.1,29.8,37.0,False,2021
BOT,Mercedes,10.0,93.312,4.0,75,8.0,MEDIUM,True,1,,,True,51.1,29.8,37.0,False,2021
RIC,McLaren,10.0,93.638,5.0,75,10.0,MEDIUM,False,1,,,True,51.1,29.8,37.0,False,2021
SAI,Ferrari,10.0,94.001,6.0,76,8.0,MEDIUM,True,1,,,True,51.1,29.8,37.0,False,2021
ALO,Alpine,10.0,94.211,7.0,76,9.0,MEDIUM,False,1,,,True,51.1,29.8,37.0,False,2021
STR,Aston Martin,10.0,94.338,8.0,76,10.0,MEDIUM,False,1,,,True,51.1,29.8,37.0,False,2021
OCO,Alpine,10.0,94.548,9.0,77,8.0,MEDIUM,True,1,,,True,51.1,29.8,37.0,False,2021
RAI,Alfa Romeo Racing,10.0,94.766,10.0,78,8.0,MEDIUM,True,1,,,True,51.1,29.8,37.0,False,2021
GAS,AlphaTauri,10.0,94.729,11.0,78,10.0,MEDIUM,False,1,,,True,51.1,29.8,37.0,False,2021
PER,Red Bull Racing,10.0,94.621,12.0,79,10.0,HARD,False,1,,,True,51.1,29.8,37.0,False,2021
GIO,Alfa Romeo Racing,10.0,94.858,13.0,80,8.0,MEDIUM,True,1,,,True,51.1,29.8,37.0,False,2021
RUS,Williams,10.0,94.723,14.0,81,8.0,MEDIUM,True,1,,,True,51.1,29.8,37.0,False,2021
TSU,AlphaTauri,10.0,94.806,15.0,81,10.0,MEDIUM,False,1,,,True,51.1,29.8,37.0,False,2021
LAT,Williams,10.0,94.984,16.0,82,8.0,MEDIUM,True,1,,,True,51.1,29.8,37.0,False,2021
VET,Aston Martin,10.0,94.437,17.0,82,13.0,MEDIUM,False,1,,,True,51.1,29.8,37.0,False,2021
MSC,Haas F1 Team,10.0,96.098,18.0,83,9.0,MEDIUM,False,1,,,True,51.3,29.8,35.4,False,2021
MAZ,Haas F1 Team,10.0,96.408,19.0,83,11.0,MEDIUM,False,1,,,True,51.3,29.8,35.4,False,2021
LEC,Ferrari,11.0,92.841,1.0,84,9.0,MEDIUM,True,1,,,True,51.3,29.8,35.4,False,2021
HAM,Mercedes,11.0,92.95,2.0,85,9.0,MEDIUM,False,1,,,True,51.3,29.8,35.4,False,2021
NOR,McLaren,11.0,93.286,3.0,85,11.0,MEDIUM,False,1,,,True,50.5,29.9,36.8,False,2021
BOT,Mercedes,11.0,93.397,4.0,86,9.0,MEDIUM,True,1,,,True,50.5,29.9,36.8,False,2021
RIC,McLaren,11.0,93.842,5.0,86,11.0,MEDIUM,False,1,,,True,50.5,29.9,36.8,False,2021
SAI,Ferrari,11.0,93.886,6.0,87,9.0,MEDIUM,True,1,,,True,50.5,29.9,36.8,False,2021
ALO,Alpine,11.0,94.43,7.0,87,10.0,MEDIUM,False,1,,,True,50.5,29.9,36.8,False,2021
STR,Aston Martin,11.0,94.338,8.0,87,11.0,MEDIUM,False,1,,,True,50.5,29.9,36.8,False,2021
OCO,Alpine,11.0,94.639,9.0,88,9.0,MEDIUM,True,1,,,True,50.5,29.9,36.8,False,2021
RAI,Alfa Romeo Racing,11.0,94.554,10.0,89,9.0,MEDIUM,True,1,,,True,50.5,29.9,36.8,False,2021
GAS,AlphaTauri,11.0,94.537,11.0,89,11.0,MEDIUM,False,1,,,True,50.5,29.9,36.8,False,2021
PER,Red Bull Racing,11.0,94.535,12.0,90,11.0,HARD,False,1,,,True,50.5,29.9,36.8,False,2021
GIO,Alfa Romeo Racing,11.0,94.635,13.0,91,9.0,MEDIUM,True,1,,,True,50.5,29.9,36.8,False,2021
RUS,Williams,11.0,94.878,14.0,92,9.0,MEDIUM,True,1,,,True,50.5,29.9,36.8,False,2021
TSU,AlphaTauri,11.0,94.936,15.0,92,11.0,MEDIUM,False,1,,,True,50.5,29.9,36.8,False,2021
LAT,Williams,11.0,94.706,16.0,93,9.0,MEDIUM,True,1,,,True,50.5,29.9,36.8,False,2021
VET,Aston Martin,11.0,94.548,17.0,93,14.0,MEDIUM,False,1,,,True,50.5,29.9,36.8,False,2021
MSC,Haas F1 Team,11.0,96.141,18.0,94,10.0,MEDIUM,False,1,,,True,50.5,29.9,36.8,False,2021
MAZ,Haas F1 Team,11.0,96.265,19.0,94,12.0,MEDIUM,False,1,,,True,50.5,29.9,36.8,False,2021
LEC,Ferrari,12.0,92.939,1.0,95,10.0,MEDIUM,True,1,,,True,50.4,29.9,36.7,False,2021
HAM,Mercedes,12.0,92.943,2.0,96,10.0,MEDIUM,False,1,,,True,50.4,29.9,36.7,False,2021
NOR,McLaren,12.0,93.295,3.0,96,12.0,MEDIUM,False,1,,,True,50.4,29.9,36.7,False,2021
BOT,Mercedes,12.0,93.423,4.0,97,10.0,MEDIUM,True,1,,,True,50.4,29.9,36.7,False,2021
RIC,McLaren,12.0,93.817,5.0,97,12.0,MEDIUM,False,1,,,True,50.4,29.9,36.7,False,2021
SAI,Ferrari,12.0,93.862,6.0,98,10.0,MEDIUM,True,1,,,True,50.4,29.9,36.7,False,2021
ALO,Alpine,12.0,94.577,7.0,98,11.0,MEDIUM,False,1,,,True,50.4,29.9,36.7,False,2021
STR,Aston Martin,12.0,94.473,8.0,98,12.0,MEDIUM,False,1,,,True,50.4,29.9,36.7,False,2021
OCO,Alpine,12.0,94.593,9.0,99,10.0,MEDIUM,True,1,,,True,50.4,29.9,36.7,False,2021
RAI,Alfa Romeo Racing,12.0,94.845,10.0,100,10.0,MEDIUM,True,1,,,True,50.4,29.9,36.7,False,2021
GAS,AlphaTauri,12.0,94.825,11.0,100,12.0,MEDIUM,False,1,,,True,50.4,29.9,36.7,False,2021
PER,Red Bull Racing,12.0,94.822,12.0,101,12.0,HARD,False,1,,,True,50.4,29.9,36.7,False,2021
GIO,Alfa Romeo Racing,12.0,94.917,13.0,102,10.0,MEDIUM,True,1,,,True,50.4,29.9,36.7,False,2021
RUS,Williams,12.0,94.754,14.0,103,10.0,MEDIUM,True,1,,,True,50.4,29.9,36.7,False,2021
TSU,AlphaTauri,12.0,94.687,15.0,103,12.0,MEDIUM,False,1,,,True,50.4,29.8,36.8,False,2021
LAT,Williams,12.0,95.126,16.0,104,10.0,MEDIUM,True,1,,,True,50.4,29.8,36.8,False,2021
VET,Aston Martin,12.0,94.505,17.0,104,15.0,MEDIUM,False,1,,,True,50.4,29.8,36.8,False,2021
MSC,Haas F1 Team,12.0,96.616,18.0,105,11.0,MEDIUM,False,1,,,True,50.4,29.8,36.8,False,2021
MAZ,Haas F1 Team,12.0,96.732,19.0,105,13.0,MEDIUM,False,1,,,True,50.4,29.8,36.8,False,2021
LEC,Ferrari,13.0,92.969,1.0,106,11.0,MEDIUM,True,1,,,True,50.9,29.8,36.7,False,2021
HAM,Mercedes,13.0,93.158,2.0,107,11.0,MEDIUM,False,1,,,True,50.9,29.8,36.7,False,2021
NOR,McLaren,13.0,93.193,3.0,107,13.0,MEDIUM,False,1,,,True,50.9,29.8,36.7,False,2021
BOT,Mercedes,13.0,93.38,4.0,108,11.0,MEDIUM,True,1,,,True,50.9,29.8,36.7,False,2021
RIC,McLaren,13.0,93.956,5.0,108,13.0,MEDIUM,False,1,,,True,50.9,29.8,36.7,False,2021
SAI,Ferrari,13.0,94.135,6.0,109,11.0,MEDIUM,True,1,,,True,50.9,29.8,36.7,False,2021
ALO,Alpine,13.0,93.869,7.0,109,12.0,MEDIUM,False,1,,,True,50.9,29.8,36.7,False,2021
STR,Aston Martin,13.0,94.227,8.0,109,13.0,MEDIUM,False,1,,,True,50.9,29.8,36.7,False,2021
OCO,Alpine,13.0,94.781,9.0,110,11.0,MEDIUM,True,1,,,True,50.9,29.8,36.7,False,2021
RAI,Alfa Romeo Racing,13.0,94.788,10.0,111,11.0,MEDIUM,True,1,,,True,50.9,29.8,36.7,False,2021
GAS,AlphaTauri,13.0,94.958,11.0,111,13.0,MEDIUM,False,1,,,True,50.9,29.8,36.7,False,2021
PER,Red Bull Racing,13.0,94.837,12.0,112,13.0,HARD,False,1,,,True,50.9,29.8,36.7,False,2021
GIO,Alfa Romeo Racing,13.0,94.743,13.0,113,11.0,MEDIUM,True,1,,,True,50.9,29.8,36.7,False,2021
RUS,Williams,13.0,95.352,14.0,114,11.0,MEDIUM,True,1,,,True,50.9,29.8,36.7,False,2021
TSU,AlphaTauri,13.0,95.31,15.0,114,13.0,MEDIUM,False,1,,,True,50.9,29.8,36.7,False,2021
LAT,Williams,13.0,94.897,16.0,115,11.0,MEDIUM,True,1,,,True,50.9,29.8,36.7,False,2021
VET,Aston Martin,13.0,94.732,17.0,115,16.0,MEDIUM,False,1,,,True,50.9,29.8,36.7,False,2021
MSC,Haas F1 Team,13.0,96.449,18.0,116,12.0,MEDIUM,False,1,,,True,50.9,29.8,36.7,False,2021
MAZ,Haas F1 Team,13.0,96.397,19.0,116,14.0,MEDIUM,False,1,,,True,50.9,29.8,36.7,False,2021
LEC,Ferrari,14.0,92.744,1.0,117,12.0,MEDIUM,True,1,,,True,50.9,29.9,36.8,False,2021
HAM,Mercedes,14.0,92.749,2.0,118,12.0,MEDIUM,False,1,,,True,50.9,29.9,36.8,False,2021
NOR,McLaren,14.0,93.165,3.0,118,14.0,MEDIUM,False,1,,,True,50.9,29.9,36.8,False,2021
BOT,Mercedes,14.0,93.34,4.0,119,12.0,MEDIUM,True,1,,,True,50.9,29.9,36.8,False,2021
RIC,McLaren,14.0,93.903,5.0,119,14.0,MEDIUM,False,1,,,True,50.9,29.9,36.8,False,2021
SAI,Ferrari,14.0,93.798,6.0,120,12.0,MEDIUM,True,1,,,True,50.9,29.9,36.8,False,2021
ALO,Alpine,14.0,93.677,7.0,120,13.0,MEDIUM,False,1,,,True,50.9,29.9,36.8,False,2021
STR,Aston Martin,14.0,94.191,8.0,120,14.0,MEDIUM,False,1,,,True,50.9,29.9,36.8,False,2021
OCO,Alpine,14.0,94.389,9.0,121,12.0,MEDIUM,True,1,,,True,50.9,29.9,36.0,False,2021
RAI,Alfa Romeo Racing,14.0,94.681,10.0,122,12.0,MEDIUM,True,1,,,True,50.9,29.9,36.0,False,2021
GAS,AlphaTauri,14.0,94.588,11.0,122,14.0,MEDIUM,False,1,,,True,50.9,29.9,36.0,False,2021
PER,Red Bull Racing,14.0,94.57,12.0,123,14.0,HARD,False,1,,,True,50.9,29.9,36.0,False,2021
GIO,Alfa Romeo Racing,14.0,94.656,13.0,124,12.0,MEDIUM,True,1,,,True,50.9,29.9,36.0,False,2021
RUS,Williams,14.0,94.693,14.0,125,12.0,MEDIUM,True,1,,,True,50.9,29.9,36.0,False,2021
TSU,AlphaTauri,14.0,94.639,15.0,125,14.0,MEDIUM,False,1,,,True,50.9,29.9,36.0,False,2021
LAT,Williams,14.0,94.867,16.0,126,12.0,MEDIUM,True,1,,,True,50.9,29.9,36.0,False,2021
VET,Aston Martin,14.0,94.351,17.0,126,17.0,MEDIUM,False,1,,,True,50.9,29.9,36.0,False,2021
MSC,Haas F1 Team,14.0,96.074,18.0,127,13.0,MEDIUM,False,1,,,True,50.9,29.9,36.0,False,2021
MAZ,Haas F1 Team,14.0,96.363,19.0,127,15.0,MEDIUM,False,1,,,True,50.9,29.9,36.0,False,2021
LEC,Ferrari,15.0,93.282,1.0,128,13.0,MEDIUM,True,1,,,True,50.9,29.6,36.5,False,2021
HAM,Mercedes,15.0,92.713,2.0,129,13.0,MEDIUM,False,1,,,True,50.9,29.6,36.5,False,2021
NOR,McLaren,15.0,92.827,3.0,129,15.0,MEDIUM,False,1,,,True,50.9,29.6,36.5,False,2021
BOT,Mercedes,15.0,92.694,4.0,130,13.0,MEDIUM,True,1,,,True,50.9,29.6,36.5,False,2021
RIC,McLaren,15.0,93.757,5.0,130,15.0,MEDIUM,False,1,,,True,50.9,29.6,36.5,False,2021
SAI,Ferrari,15.0,93.598,6.0,131,13.0,MEDIUM,True,1,,,True,50.9,29.6,36.5,False,2021
ALO,Alpine,15.0,93.553,7.0,131,14.0,MEDIUM,False,1,,,True,50.9,29.6,36.5,False,2021
STR,Aston Martin,15.0,93.936,8.0,131,15.0,MEDIUM,False,1,,,True,50.9,29.6,36.5,False,2021
OCO,Alpine,15.0,94.09,9.0,132,13.0,MEDIUM,True,1,,,True,50.9,29.6,36.5,False,2021
RAI,Alfa Romeo Racing,15.0,94.264,10.0,133,13.0,MEDIUM,True,1,,,True,50.9,29.6,36.5,False,2021
GAS,AlphaTauri,15.0,94.227,11.0,133,15.0,MEDIUM,False,1,,,True,50.9,29.6,36.5,False,2021
PER,Red Bull Racing,15.0,94.353,12.0,134,15.0,HARD,False,1,,,True,50.9,29.6,36.5,False,2021
GIO,Alfa Romeo Racing,15.0,94.571,13.0,135,13.0,MEDIUM,True,1,,,True,50.9,29.6,36.5,False,2021
RUS,Williams,15.0,94.282,14.0,136,13.0,MEDIUM,True,1,,,True,50.9,29.6,36.5,False,2021
TSU,AlphaTauri,15.0,94.299,15.0,136,15.0,MEDIUM,False,1,,,True,50.9,29.6,36.5,False,2021
LAT,Williams,15.0,94.273,16.0,137,13.0,MEDIUM,True,1,,,True,50.9,29.6,36.5,False,2021
VET,Aston Martin,15.0,94.615,17.0,137,18.0,MEDIUM,False,1,,,True,50.9,29.6,36.5,False,2021
MSC,Haas F1 Team,15.0,95.82,18.0,138,14.0,MEDIUM,False,1,,,True,50.8,29.6,36.1,False,2021
MAZ,Haas F1 Team,15.0,96.104,19.0,138,16.0,MEDIUM,False,1,,,True,50.8,29.6,36.1,False,2021
LEC,Ferrari,16.0,92.623,1.0,139,14.0,MEDIUM,True,1,,,True,50.8,29.6,36.1,False,2021
HAM,Mercedes,16.0,92.473,2.0,140,14.0,MEDIUM,False,1,,,True,50.8,29.6,36.1,False,2021
NOR,McLaren,16.0,92.778,3.0,140,16.0,MEDIUM,False,1,,,True,50.8,29.6,36.1,False,2021
BOT,Mercedes,16.0,92.415,4.0,141,14.0,MEDIUM,True,1,,,True,50.8,29.6,36.1,False,2021
RIC,McLaren,16.0,93.497,5.0,141,16.0,MEDIUM,False,1,,,True,50.8,29.6,36.1,False,2021
SAI,Ferrari,16.0,93.637,6.0,142,14.0,MEDIUM,True,1,,,True,50.8,29.6,36.1,False,2021
ALO,Alpine,16.0,93.434,7.0,142,15.0,MEDIUM,False,1,,,True,50.8,29.8,36.4,False,2021
STR,Aston Martin,16.0,93.779,8.0,142,16.0,MEDIUM,False,1,,,True,50.8,29.8,36.4,False,2021
OCO,Alpine,16.0,94.152,9.0,143,14.0,MEDIUM,True,1,,,True,50.8,29.8,36.4,False,2021
RAI,Alfa Romeo Racing,16.0,94.273,10.0,144,14.0,MEDIUM,True,1,,,True,50.8,29.8,36.4,False,2021
GAS,AlphaTauri,16.0,94.314,11.0,144,16.0,MEDIUM,False,1,,,True,50.8,29.8,36.4,False,2021
PER,Red Bull Racing,16.0,94.182,12.0,145,16.0,HARD,False,1,,,True,50.8,29.8,36.4,False,2021
GIO,Alfa Romeo Racing,16.0,94.554,13.0,146,14.0,MEDIUM,True,1,,,True,50.8,29.8,36.4,False,2021
RUS,Williams,16.0,94.385,14.0,147,14.0,MEDIUM,True,1,,,True,50.8,29.8,36.4,False,2021
TSU,AlphaTauri,16.0,94.542,15.0,147,16.0,MEDIUM,False,1,,,True,50.8,29.8,36.4,False,2021
LAT,Williams,16.0,94.48,16.0,148,14.0,MEDIUM,True,1,,,True,50.8,29.8,36.4,False,2021
VET,Aston Martin,16.0,94.685,17.0,148,19.0,MEDIUM,False,1,,,True,50.8,29.8,36.4,False,2021
MSC,Haas F1 Team,16.0,95.631,18.0,149,15.0,MEDIUM,False,1,,,True,50.8,29.8,36.4,False,2021
MAZ,Haas F1 Team,16.0,96.152,19.0,149,17.0,MEDIUM,False,1,,,True,50.8,29.8,36.4,False,2021
LEC,Ferrari,17.0,92.475,1.0,150,15.0,MEDIUM,True,1,,,True,49.9,29.8,35.8,False,2021
HAM,Mercedes,17.0,92.291,2.0,151,15.0,MEDIUM,False,1,,,True,49.9,29.8,35.8,False,2021
NOR,McLaren,17.0,92.586,3.0,151,17.0,MEDIUM,False,1,,,True,49.9,29.8,35.8,False,2021
BOT,Mercedes,17.0,92.454,4.0,152,15.0,MEDIUM,True,1,,,True,49.9,29.8,35.8,False,2021
RIC,McLaren,17.0,93.603,5.0,152,17.0,MEDIUM,False,1,,,True,49.9,29.8,35.8,False,2021
SAI,Ferrari,17.0,93.202,6.0,153,15.0,MEDIUM,True,1,,,True,49.9,29.8,35.8,False,2021
ALO,Alpine,17.0,93.261,7.0,153,16.0,MEDIUM,False,1,,,True,49.9,29.8,35.8,False,2021
STR,Aston Martin,17.0,93.331,8.0,153,17.0,MEDIUM,False,1,,,True,49.9,29.8,35.8,False,2021
OCO,Alpine,17.0,93.975,9.0,154,15.0,MEDIUM,True,1,,,True,49.9,29.8,35.8,False,2021
RAI,Alfa Romeo Racing,17.0,94.142,10.0,155,15.0,MEDIUM,True,1,,,True,49.9,29.8,35.8,False,2021
GAS,AlphaTauri,17.0,94.135,11.0,155,17.0,MEDIUM,False,1,,,True,49.9,29.8,35.8,False,2021
PER,Red Bull Racing,17.0,94.081,12.0,156,17.0,HARD,False,1,,,True,49.9,29.8,35.8,False,2021
GIO,Alfa Romeo Racing,17.0,94.051,13.0,157,15.0,MEDIUM,True,1,,,True,49.9,29.8,35.8,False,2021
RUS,Williams,17.0,94.122,14.0,158,15.0,MEDIUM,True,1,,,True,49.9,29.8,35.8,False,2021
TSU,AlphaTauri,17.0,94.283,15.0,158,17.0,MEDIUM,False,1,,,True,49.9,29.8,35.8,False,2021
LAT,Williams,17.0,94.387,16.0,159,15.0,MEDIUM,True,1,,,True,49.9,29.8,35.8,False,2021
VET,Aston Martin,17.0,94.168,17.0,159,20.0,MEDIUM,False,1,,,True,49.9,29.8,35.8,False,2021
MSC,Haas F1 Team,17.0,95.857,18.0,160,16.0,MEDIUM,False,1,,,True,49.9,29.8,36.3,False,2021
MAZ,Haas F1 Team,17.0,95.735,19.0,160,18.0,MEDIUM,False,1,,,True,49.9,29.8,36.3,False,2021
LEC,Ferrari,18.0,92.296,1.0,161,16.0,MEDIUM,True,1,,,True,49.9,29.8,36.3,False,2021
HAM,Mercedes,18.0,92.548,2.0,162,16.0,MEDIUM,False,1,,,True,49.9,29.8,36.3,False,2021
NOR,McLaren,18.0,92.52,3.0,162,18.0,MEDIUM,False,1,,,True,49.9,29.8,36.3,False,2021
BOT,Mercedes,18.0,92.543,4.0,163,16.0,MEDIUM,True,1,,,True,49.9,29.8,36.3,False,2021
RIC,McLaren,18.0,93.627,5.0,163,18.0,MEDIUM,False,1,,,True,50.6,29.8,35.9,False,2021
SAI,Ferrari,18.0,93.192,6.0,164,16.0,MEDIUM,True,1,,,True,50.6,29.8,35.9,False,2021
ALO,Alpine,18.0,93.396,7.0,164,17.0,MEDIUM,False,1,,,True,50.6,29.8,35.9,False,2021
STR,Aston Martin,18.0,93.453,8.0,164,18.0,MEDIUM,False,1,,,True,50.6,29.8,35.9,False,2021
OCO,Alpine,18.0,94.037,9.0,165,16.0,MEDIUM,True,1,,,True,50.6,29.8,35.9,False,2021
RAI,Alfa Romeo Racing,18.0,93.762,10.0,166,16.0,MEDIUM,True,1,0 days 02:08:59.496000,,False,50.6,29.8,35.9,False,2021
PER,Red Bull Racing,18.0,93.404,11.0,166,18.0,HARD,False,1,0 days 02:09:00.622000,,False,50.6,29.8,35.9,False,2021
GAS,AlphaTauri,18.0,94.26,12.0,167,18.0,MEDIUM,False,1,,,True,50.6,29.8,35.9,False,2021
GIO,Alfa Romeo Racing,18.0,94.331,13.0,168,16.0,MEDIUM,True,1,,,True,50.6,29.8,35.9,False,2021
RUS,Williams,18.0,92.972,14.0,169,16.0,MEDIUM,True,1,0 days 02:09:04.163000,,False,50.6,29.8,35.9,False,2021
TSU,AlphaTauri,18.0,94.152,15.0,169,18.0,MEDIUM,False,1,,,True,50.6,29.8,35.9,False,2021
LAT,Williams,18.0,94.49,16.0,170,16.0,MEDIUM,True,1,,,True,50.6,29.8,35.9,False,2021
VET,Aston Martin,18.0,93.837,17.0,170,21.0,MEDIUM,False,1,0 days 02:09:08.830000,,False,50.6,29.8,35.9,False,2021
MSC,Haas F1 Team,18.0,95.94,18.0,171,17.0,MEDIUM,False,1,,,True,50.6,29.8,35.9,False,2021
MAZ,Haas F1 Team,18.0,95.376,19.0,171,19.0,MEDIUM,False,1,,,True,50.6,29.8,35.9,False,2021
LEC,Ferrari,19.0,91.985,1.0,172,17.0,MEDIUM,True,1,,,True,50.8,29.7,35.9,False,2021
HAM,Mercedes,19.0,92.597,2.0,173,17.0,MEDIUM,False,1,,,True,50.8,29.7,35.9,False,2021
NOR,McLaren,19.0,92.586,3.0,173,19.0,MEDIUM,False,1,,,True,50.8,29.7,35.9,False,2021
BOT,Mercedes,19.0,92.639,4.0,174,17.0,MEDIUM,True,1,,,True,50.8,29.7,35.9,False,2021
RIC,McLaren,19.0,93.389,5.0,174,19.0,MEDIUM,False,1,,,True,50.8,29.7,35.9,False,2021
SAI,Ferrari,19.0,93.344,6.0,175,17.0,MEDIUM,True,1,,,True,50.8,29.7,35.9,False,2021
ALO,Alpine,19.0,93.18,7.0,175,18.0,MEDIUM,False,1,,,True,50.8,29.7,35.9,False,2021
STR,Aston Martin,19.0,93.552,8.0,175,19.0,MEDIUM,False,1,,,True,50.8,29.7,35.9,False,2021
OCO,Alpine,19.0,93.472,9.0,176,17.0,MEDIUM,True,1,0 days 02:10:30.645000,,False,50.8,29.7,35.9,False,2021
GAS,AlphaTauri,19.0,92.96,10.0,176,19.0,MEDIUM,False,1,,,True,50.8,29.7,35.9,False,2021
GIO,Alfa Romeo Racing,19.0,94.034,11.0,177,17.0,MEDIUM,True,1,,,True,50.8,29.7,35.9,False,2021
TSU,AlphaTauri,19.0,93.552,12.0,177,19.0,MEDIUM,False,1,,,True,50.8,29.7,36.2,False,2021
LAT,Williams,19.0,93.034,13.0,178,17.0,MEDIUM,True,1,0 days 02:10:41.403000,,False,50.8,29.7,36.2,False,2021
RAI,Alfa Romeo Racing,19.0,112.938,14.0,179,1.0,HARD,True,1,,0 days 02:09:27.636000,False,50.8,29.7,36.2,False,2021
PER,Red Bull Racing,19.0,112.025,15.0,180,1.0,MEDIUM,True,1,,0 days 02:09:28.516000,False,50.8,29.7,36.2,False,2021
RUS,Williams,19.0,111.666,16.0,181,1.0,HARD,True,1,,0 days 02:09:31.955000,False,50.8,29.7,36.2,False,2021
VET,Aston Martin,19.0,113.237,17.0,181,3.0,HARD,False,1,,0 days 02:09:37.312000,False,50.8,29.7,36.2,False,2021
MSC,Haas F1 Team,19.0,97.027,18.0,181,18.0,MEDIUM,False,1,,,True,50.8,29.7,36.2,False,2021
MAZ,Haas F1 Team,19.0,96.011,19.0,181,20.0,MEDIUM,False,1,,,True,50.8,29.7,36.2,False,2021
LEC,Ferrari,20.0,92.128,1.0,182,18.0,MEDIUM,True,1,,,True,50.8,29.7,36.2,False,2021
HAM,Mercedes,20.0,92.076,2.0,183,18.0,MEDIUM,False,1,,,True,50.8,29.7,36.2,False,2021
NOR,McLaren,20.0,92.293,3.0,183,20.0,MEDIUM,False,1,,,True,50.8,29.7,36.2,False,2021
BOT,Mercedes,20.0,92.409,4.0,184,18.0,MEDIUM,True,1,,,True,50.8,29.7,36.2,False,2021
RIC,McLaren,20.0,92.164,5.0,184,20.0,MEDIUM,False,1,0 days 02:11:48.824000,,False,50.5,29.7,36.2,False,2021
SAI,Ferrari,20.0,92.73,6.0,185,18.0,MEDIUM,True,1,,,True,50.5,29.7,36.2,False,2021
ALO,Alpine,20.0,93.097,7.0,185,19.0,MEDIUM,False,1,,,True,50.5,29.7,36.2,False,2021
STR,Aston Martin,20.0,93.337,8.0,185,20.0,MEDIUM,False,1,,,True,50.5,29.7,36.2,False,2021
GAS,AlphaTauri,20.0,92.932,9.0,186,20.0,MEDIUM,False,1,,,True,50.5,29.7,36.2,False,2021
GIO,Alfa Romeo Racing,20.0,93.478,10.0,187,18.0,MEDIUM,True,1,,,True,50.5,29.7,36.2,False,2021
TSU,AlphaTauri,20.0,93.125,11.0,187,20.0,MEDIUM,False,1,,,True,50.5,29.7,36.2,False,2021
OCO,Alpine,20.0,113.457,12.0,188,1.0,HARD,True,1,,0 days 02:10:59.417000,False,50.5,29.7,36.2,False,2021
PER,Red Bull Racing,20.0,92.816,13.0,188,2.0,MEDIUM,True,1,,,True,50.5,29.7,36.2,False,2021
RAI,Alfa Romeo Racing,20.0,94.157,14.0,189,2.0,HARD,True,1,,,True,50.5,29.7,36.2,False,2021
RUS,Williams,20.0,93.23,15.0,190,2.0,HARD,True,1,,,True,50.5,29.7,36.2,False,2021
LAT,Williams,20.0,112.614,16.0,191,1.0,HARD,True,1,,0 days 02:11:08.924000,False,50.5,29.7,36.2,False,2021
VET,Aston Martin,20.0,93.442,17.0,191,4.0,HARD,False,1,,,True,50.5,29.7,36.2,False,2021
MSC,Haas F1 Team,20.0,95.63,18.0,191,19.0,MEDIUM,False,1,,,True,50.4,29.7,36.3,False,2021
MAZ,Haas F1 Team,20.0,95.879,19.0,191,21.0,MEDIUM,False,1,,,True,50.4,29.7,36.3,False,2021
LEC,Ferrari,21.0,91.974,1.0,192,19.0,MEDIUM,True,1,,,True,50.4,29.7,36.3,False,2021
HAM,Mercedes,21.0,92.297,2.0,193,19.0,MEDIUM,False,1,,,True,50.4,29.7,36.3,False,2021
NOR,McLaren,21.0,91.418,3.0,193,21.0,MEDIUM,False,1,0 days 02:13:08.315000,,False,50.4,29.7,36.3,False,2021
BOT,Mercedes,21.0,92.488,4.0,194,19.0,MEDIUM,True,1,,,True,50.4,29.7,36.3,False,2021
SAI,Ferrari,21.0,92.457,5.0,195,19.0,MEDIUM,True,1,,,True,50.4,29.7,36.3,False,2021
ALO,Alpine,21.0,92.95,6.0,195,20.0,MEDIUM,False,1,,,True,50.4,29.7,36.3,False,2021
STR,Aston Martin,21.0,93.285,7.0,195,21.0,MEDIUM,False,1,,,True,50.4,29.7,36.3,False,2021
GAS,AlphaTauri,21.0,92.788,8.0,196,21.0,MEDIUM,False,1,,,True,50.3,29.6,37.0,False,2021
RIC,McLaren,21.0,113.326,9.0,197,1.0,HARD,True,1,,0 days 02:12:17.670000,False,50.3,29.6,37.0,False,2021
GIO,Alfa Romeo Racing,21.0,93.765,10.0,197,19.0,MEDIUM,True,1,,,True,50.3,29.6,37.0,False,2021
TSU,AlphaTauri,21.0,93.724,11.0,197,21.0,MEDIUM,False,1,,,True,50.3,29.6,37.0,False,2021
OCO,Alpine,21.0,92.946,12.0,198,2.0,HARD,True,1,,,True,50.3,29.6,37.0,False,2021
PER,Red Bull Racing,21.0,92.609,13.0,198,3.0,MEDIUM,True,1,,,True,50.3,29.6,37.0,False,2021
RAI,Alfa Romeo Racing,21.0,93.789,14.0,199,3.0,HARD,True,1,,,True,50.3,29.6,37.0,False,2021
RUS,Williams,21.0,93.563,15.0,200,3.0,HARD,True,1,,,True,50.3,29.6,37.0,False,2021
LAT,Williams,21.0,93.566,16.0,201,2.0,HARD,True,1,,,True,50.3,29.6,37.0,False,2021
VET,Aston Martin,21.0,93.436,17.0,201,5.0,HARD,False,1,,,True,50.3,29.6,37.0,False,2021
MSC,Haas F1 Team,21.0,95.951,18.0,201,20.0,MEDIUM,False,1,,,True,50.3,29.6,37.0,False,2021
MAZ,Haas F1 Team,21.0,95.692,19.0,201,22.0,MEDIUM,False,1,,,True,50.3,29.6,37.0,False,2021
LEC,Ferrari,22.0,92.223,1.0,202,20.0,MEDIUM,True,1,,,True,50.3,29.6,37.0,False,2021
HAM,Mercedes,22.0,92.189,2.0,203,20.0,MEDIUM,False,1,,,True,50.3,29.6,37.0,False,2021
BOT,Mercedes,22.0,91.869,3.0,204,20.0,MEDIUM,True,1,0 days 02:14:42.696000,,False,50.4,29.6,36.9,False,2021
SAI,Ferrari,22.0,92.366,4.0,205,20.0,MEDIUM,True,1,,,True,50.4,29.6,36.9,False,2021
ALO,Alpine,22.0,93.179,5.0,205,21.0,MEDIUM,False,1,,,True,50.4,29.6,36.9,False,2021
NOR,McLaren,22.0,115.033,6.0,206,1.0,HARD,True,1,,0 days 02:13:40.103000,False,50.4,29.6,36.9,False,2021
STR,Aston Martin,22.0,93.817,7.0,206,22.0,MEDIUM,False,1,,,True,50.4,29.6,36.9,False,2021
GAS,AlphaTauri,22.0,92.933,8.0,207,22.0,MEDIUM,False,1,,,True,50.4,29.6,36.9,False,2021
RIC,McLaren,22.0,92.711,9.0,208,2.0,HARD,True,1,,,True,50.4,29.6,36.9,False,2021
GIO,Alfa Romeo Racing,22.0,93.622,10.0,208,20.0,MEDIUM,True,1,,,True,50.4,29.6,36.9,False,2021
TSU,AlphaTauri,22.0,93.485,11.0,208,22.0,MEDIUM,False,1,,,True,50.4,29.6,36.9,False,2021
PER,Red Bull Racing,22.0,92.062,12.0,209,4.0,MEDIUM,True,1,,,True,50.4,29.6,36.9,False,2021
OCO,Alpine,22.0,94.079,13.0,210,3.0,HARD,True,1,,,True,50.4,29.6,36.9,False,2021
RAI,Alfa Romeo Racing,22.0,93.943,14.0,210,4.0,HARD,True,1,,,True,50.4,29.6,36.9,False,2021
RUS,Williams,22.0,93.716,15.0,211,4.0,HARD,True,1,,,True,50.4,29.6,36.9,False,2021
LAT,Williams,22.0,93.515,16.0,212,3.0,HARD,True,1,,,True,50.5,30.1,36.4,False,2021
VET,Aston Martin,22.0,93.203,17.0,212,6.0,HARD,False,1,,,True,50.5,30.1,36.4,False,2021
MSC,Haas F1 Team,22.0,95.452,18.0,212,21.0,MEDIUM,False,1,,,True,50.5,30.1,36.4,False,2021
MAZ,Haas F1 Team,22.0,95.822,19.0,212,23.0,MEDIUM,False,1,,,True,50.5,30.1,36.4,False,2021
LEC,Ferrari,23.0,92.259,1.0,213,21.0,MEDIUM,True,1,,,True,50.5,30.1,36.4,False,2021
HAM,Mercedes,23.0,92.311,2.0,214,21.0,MEDIUM,False,1,,,True,50.5,30.1,36.4,False,2021
SAI,Ferrari,23.0,92.064,3.0,215,21.0,MEDIUM,True,1,,,True,50.5,30.1,36.4,False,2021
BOT,Mercedes,23.0,112.484,4.0,216,1.0,HARD,True,1,,0 days 02:15:11.610000,False,50.5,30.1,36.4,False,2021
NOR,McLaren,23.0,93.509,5.0,216,2.0,HARD,True,1,,,True,50.5,30.1,36.4,False,2021
ALO,Alpine,23.0,95.154,6.0,216,22.0,MEDIUM,False,1,,,True,50.5,30.1,36.4,False,2021
STR,Aston Martin,23.0,92.955,7.0,216,23.0,MEDIUM,False,1,0 days 02:16:39.412000,,False,50.5,30.1,36.9,False,2021
GAS,AlphaTauri,23.0,92.925,8.0,217,23.0,MEDIUM,False,1,,,True,50.5,30.1,36.9,False,2021
RIC,McLaren,23.0,92.212,9.0,218,3.0,HARD,True,1,,,True,50.5,30.1,36.9,False,2021
GIO,Alfa Romeo Racing,23.0,93.119,10.0,218,21.0,MEDIUM,True,1,0 days 02:16:51.843000,,False,50.5,30.1,36.9,False,2021
TSU,AlphaTauri,23.0,93.458,11.0,218,23.0,MEDIUM,False,1,,,True,50.5,30.1,36.9,False,2021
PER,Red Bull Racing,23.0,92.297,12.0,219,5.0,MEDIUM,True,1,,,True,50.5,30.1,36.9,False,2021
OCO,Alpine,23.0,93.186,13.0,220,4.0,HARD,True,1,,,True,50.5,30.1,36.9,False,2021
RAI,Alfa Romeo Racing,23.0,93.939,14.0,220,5.0,HARD,True,1,,,True,50.5,30.1,36.9,False,2021
RUS,Williams,23.0,93.883,15.0,221,5.0,HARD,True,1,,,True,50.5,30.1,36.9,False,2021
LAT,Williams,23.0,93.497,16.0,222,4.0,HARD,True,1,,,True,50.5,30.1,36.9,False,2021
VET,Aston Martin,23.0,93.325,17.0,222,7.0,HARD,False,1,,,True,50.5,30.1,36.9,False,2021
MSC,Haas F1 Team,23.0,95.387,18.0,222,22.0,MEDIUM,False,1,,,True,50.5,30.1,36.9,False,2021
MAZ,Haas F1 Team,23.0,95.634,19.0,222,24.0,MEDIUM,False,1,,,True,50.5,30.1,36.9,False,2021
LEC,Ferrari,24.0,92.296,1.0,223,22.0,MEDIUM,True,1,,,True,50.5,30.1,36.9,False,2021
HAM,Mercedes,24.0,92.686,2.0,224,22.0,MEDIUM,False,1,,,True,50.4,29.9,36.0,False,2021
SAI,Ferrari,24.0,92.254,3.0,225,22.0,MEDIUM,True,1,,,True,50.4,29.9,36.0,False,2021
BOT,Mercedes,24.0,91.988,4.0,226,2.0,HARD,True,1,,,True,50.4,29.9,36.0,False,2021
NOR,McLaren,24.0,92.83,5.0,226,3.0,HARD,True,1,,,True,50.4,29.9,36.0,False,2021
ALO,Alpine,24.0,93.49,6.0,226,23.0,MEDIUM,False,1,0 days 02:18:11.006000,,False,50.4,29.9,36.0,False,2021
GAS,AlphaTauri,24.0,92.855,7.0,226,24.0,MEDIUM,False,1,,,True,50.4,29.9,36.0,False,2021
RIC,McLaren,24.0,92.67,8.0,227,4.0,HARD,True,1,,,True,50.4,29.9,36.0,False,2021
TSU,AlphaTauri,24.0,92.873,9.0,227,24.0,MEDIUM,False,1,,,True,50.4,29.9,36.0,False,2021
STR,Aston Martin,24.0,112.567,10.0,228,3.0,HARD,False,1,,0 days 02:17:07.621000,False,50.4,29.9,36.0,False,2021
PER,Red Bull Racing,24.0,92.159,11.0,228,6.0,MEDIUM,True,1,,,True,50.4,29.9,36.0,False,2021
OCO,Alpine,24.0,93.223,12.0,229,5.0,HARD,True,1,,,True,50.4,29.9,36.0,False,2021
RAI,Alfa Romeo Racing,24.0,93.907,13.0,229,6.0,HARD,True,1,,,True,49.8,29.9,36.5,False,2021
RUS,Williams,24.0,93.831,14.0,230,6.0,HARD,True,1,,,True,49.8,29.9,36.5,False,2021
GIO,Alfa Romeo Racing,24.0,113.252,15.0,231,1.0,HARD,True,1,,0 days 02:17:19.997000,False,49.8,29.9,36.5,False,2021
LAT,Williams,24.0,93.803,16.0,231,5.0,HARD,True,1,,,True,49.8,29.9,36.5,False,2021
VET,Aston Martin,24.0,93.749,17.0,231,8.0,HARD,False,1,,,True,49.8,29.9,36.5,False,2021
MSC,Haas F1 Team,24.0,93.93,18.0,231,23.0,MEDIUM,False,1,0 days 02:19:01.070000,,False,49.8,29.9,36.5,False,2021
MAZ,Haas F1 Team,24.0,94.736,19.0,231,25.0,MEDIUM,False,1,,,True,49.8,29.9,36.5,False,2021
LEC,Ferrari,25.0,92.048,1.0,232,23.0,MEDIUM,True,1,,,True,49.8,29.9,36.5,False,2021
HAM,Mercedes,25.0,92.115,2.0,233,23.0,MEDIUM,False,1,,,True,49.8,29.9,36.5,False,2021
SAI,Ferrari,25.0,91.885,3.0,234,23.0,MEDIUM,True,1,,,True,49.8,29.9,36.5,False,2021
BOT,Mercedes,25.0,91.415,4.0,235,3.0,HARD,True,1,,,True,49.8,29.9,36.5,False,2021
NOR,McLaren,25.0,92.274,5.0,235,4.0,HARD,True,1,,,True,49.4,29.8,37.2,False,2021
GAS,AlphaTauri,25.0,92.784,6.0,235,25.0,MEDIUM,False,1,,,True,49.4,29.8,37.2,False,2021
RIC,McLaren,25.0,92.637,7.0,236,5.0,HARD,True,1,,,True,49.4,29.8,37.2,False,2021
TSU,AlphaTauri,25.0,92.681,8.0,236,25.0,MEDIUM,False,1,,,True,49.4,29.8,37.2,False,2021
ALO,Alpine,25.0,113.53,9.0,237,1.0,HARD,True,1,,0 days 02:18:40.667000,False,49.4,29.8,37.2,False,2021
STR,Aston Martin,25.0,93.581,10.0,237,4.0,HARD,False,1,,,True,49.4,29.8,37.2,False,2021
PER,Red Bull Racing,25.0,92.448,11.0,237,7.0,MEDIUM,True,1,,,True,49.4,29.8,37.2,False,2021
OCO,Alpine,25.0,92.939,12.0,238,6.0,HARD,True,1,,,True,49.4,29.8,37.2,False,2021
RAI,Alfa Romeo Racing,25.0,93.404,13.0,238,7.0,HARD,True,1,,,True,49.4,29.8,37.2,False,2021
RUS,Williams,25.0,93.295,14.0,239,7.0,HARD,True,1,,,True,49.4,29.8,37.2,False,2021
GIO,Alfa Romeo Racing,25.0,93.247,15.0,240,2.0,HARD,True,1,,,True,49.4,29.8,37.2,False,2021
LAT,Williams,25.0,93.6,16.0,240,6.0,HARD,True,1,,,True,49.4,29.8,37.2,False,2021
VET,Aston Martin,25.0,93.43,17.0,240,9.0,HARD,False,1,,,True,49.4,29.8,37.2,False,2021
MAZ,Haas F1 Team,25.0,93.671,18.0,240,26.0,MEDIUM,False,1,0 days 02:20:37.954000,,False,49.4,29.8,37.2,False,2021
MSC,Haas F1 Team,25.0,117.006,19.0,241,1.0,HARD,True,1,,0 days 02:19:30.414000,False,49.5,29.8,37.5,False,2021
LEC,Ferrari,26.0,91.993,1.0,241,24.0,MEDIUM,True,1,,,True,49.5,29.8,37.5,False,2021
HAM,Mercedes,26.0,91.854,2.0,242,24.0,MEDIUM,False,1,,,True,49.5,29.8,37.5,False,2021
SAI,Ferrari,26.0,91.819,3.0,243,24.0,MEDIUM,True,1,,,True,49.5,29.8,37.5,False,2021
BOT,Mercedes,26.0,91.52,4.0,244,4.0,HARD,True,1,,,True,49.5,29.8,37.5,False,2021
NOR,McLaren,26.0,92.04,5.0,244,5.0,HARD,True,1,,,True,49.5,29.8,37.5,False,2021
GAS,AlphaTauri,26.0,92.764,6.0,244,26.0,MEDIUM,False,1,,,True,49.5,29.8,37.5,False,2021
RIC,McLaren,26.0,92.569,7.0,245,6.0,HARD,True,1,,,True,49.5,29.8,37.5,False,2021
TSU,AlphaTauri,26.0,92.578,8.0,245,26.0,MEDIUM,False,1,,,True,49.5,29.8,37.5,False,2021
ALO,Alpine,26.0,93.077,9.0,246,2.0,HARD,True,1,,,True,49.5,29.8,37.5,False,2021
STR,Aston Martin,26.0,93.106,10.0,246,5.0,HARD,False,1,,,True,49.5,29.8,37.5,False,2021
PER,Red Bull Racing,26.0,92.835,11.0,246,8.0,MEDIUM,True,1,,,True,49.6,29.8,37.1,False,2021
OCO,Alpine,26.0,92.784,12.0,247,7.0,HARD,True,1,,,True,49.6,29.8,37.1,False,2021
RAI,Alfa Romeo Racing,26.0,93.609,13.0,247,8.0,HARD,True,1,,,True,49.6,29.8,37.1,False,2021
RUS,Williams,26.0,93.467,14.0,248,8.0,HARD,True,1,,,True,49.6,29.8,37.1,False,2021
GIO,Alfa Romeo Racing,26.0,93.205,15.0,249,3.0,HARD,True,1,,,True,49.6,29.8,37.1,False,2021
LAT,Williams,26.0,93.169,16.0,249,7.0,HARD,True,1,,,True,49.6,29.8,37.1,False,2021
VET,Aston Martin,26.0,93.454,17.0,249,10.0,HARD,False,1,,,True,49.6,29.8,37.1,False,2021
MSC,Haas F1 Team,26.0,94.381,18.0,250,2.0,HARD,True,1,,,True,49.6,29.8,37.1,False,2021
MAZ,Haas F1 Team,26.0,115.157,19.0,251,1.0,HARD,True,1,,0 days 02:21:07.218000,False,49.6,29.8,37.1,False,2021
LEC,Ferrari,27.0,92.082,1.0,251,25.0,MEDIUM,True,1,,,True,49.6,29.8,37.1,False,2021
HAM,Mercedes,27.0,92.852,2.0,252,25.0,MEDIUM,False,1,0 days 02:22:18.096000,,False,49.6,29.8,37.1,False,2021
SAI,Ferrari,27.0,92.26,3.0,253,25.0,MEDIUM,True,1,,,True,49.6,29.8,37.1,False,2021
BOT,Mercedes,27.0,91.804,4.0,254,5.0,HARD,True,1,,,True,49.8,29.8,37.4,False,2021
NOR,McLaren,27.0,92.047,5.0,254,6.0,HARD,True,1,,,True,49.8,29.8,37.4,False,2021
GAS,AlphaTauri,27.0,93.201,6.0,254,27.0,MEDIUM,False,1,,,True,49.8,29.8,37.4,False,2021
RIC,McLaren,27.0,92.923,7.0,255,7.0,HARD,True,1,,,True,49.8,29.8,37.4,False,2021
TSU,AlphaTauri,27.0,92.577,8.0,255,27.0,MEDIUM,False,1,,,True,49.8,29.8,37.4,False,2021
ALO,Alpine,27.0,92.901,9.0,256,3.0,HARD,True,1,,,True,49.8,29.8,37.4,False,2021
STR,Aston Martin,27.0,92.943,10.0,256,6.0,HARD,False,1,,,True,49.8,29.8,37.4,False,2021
PER,Red Bull Racing,27.0,92.755,11.0,256,9.0,MEDIUM,True,1,,,True,49.8,29.8,37.4,False,2021
OCO,Alpine,27.0,92.882,12.0,257,8.0,HARD,True,1,,,True,49.8,29.8,37.4,False,2021
RAI,Alfa Romeo Racing,27.0,93.56,13.0,257,9.0,HARD,True,1,,,True,49.8,29.8,37.4,False,2021
RUS,Williams,27.0,93.292,14.0,258,9.0,HARD,True,1,,,True,49.8,29.8,37.4,False,2021
GIO,Alfa Romeo Racing,27.0,93.431,15.0,259,4.0,HARD,True,1,,,True,49.8,29.8,37.4,False,2021
LAT,Williams,27.0,93.241,16.0,259,8.0,HARD,True,1,,,True,49.8,29.8,37.4,False,2021
VET,Aston Martin,27.0,93.158,17.0,259,11.0,HARD,False,1,,,True,49.8,29.8,37.4,False,2021
MAZ,Haas F1 Team,27.0,94.423,18.0,260,2.0,HARD,True,1,,,True,49.8,29.8,37.8,False,2021
MSC,Haas F1 Team,27.0,95.266,19.0,260,3.0,HARD,True,1,,,True,49.8,29.8,37.8,False,2021
LEC,Ferrari,28.0,91.958,1.0,260,26.0,MEDIUM,True,1,,,True,49.8,29.8,37.8,False,2021
SAI,Ferrari,28.0,91.816,2.0,261,26.0,MEDIUM,True,1,0 days 02:24:07.108000,,False,49.8,29.8,37.8,False,2021
BOT,Mercedes,28.0,91.651,3.0,262,6.0,HARD,True,1,,,True,49.8,29.8,37.8,False,2021
NOR,McLaren,28.0,92.096,4.0,262,7.0,HARD,True,1,,,True,49.8,29.8,37.8,False,2021
HAM,Mercedes,28.0,123.392,5.0,263,1.0,HARD,True,1,,0 days 02:22:58.365000,False,49.8,29.8,37.8,False,2021
GAS,AlphaTauri,28.0,92.66,6.0,263,28.0,MEDIUM,False,1,0 days 02:24:29.526000,,False,49.8,29.8,37.8,False,2021
RIC,McLaren,28.0,93.434,7.0,264,8.0,HARD,True,1,,,True,49.8,29.8,37.8,False,2021
TSU,AlphaTauri,28.0,92.671,8.0,264,28.0,MEDIUM,False,1,,,True,49.8,29.8,37.8,False,2021
ALO,Alpine,28.0,93.621,9.0,265,4.0,HARD,True,1,,,True,49.7,29.8,37.0,False,2021
STR,Aston Martin,28.0,93.405,10.0,265,7.0,HARD,False,1,,,True,49.7,29.8,37.0,False,2021
PER,Red Bull Racing,28.0,93.276,11.0,265,10.0,MEDIUM,True,1,,,True,49.7,29.8,37.0,False,2021
OCO,Alpine,28.0,92.84,12.0,266,9.0,HARD,True,1,,,True,49.7,29.8,37.0,False,2021
RAI,Alfa Romeo Racing,28.0,93.246,13.0,266,10.0,HARD,True,1,,,True,49.7,29.8,37.0,False,2021
RUS,Williams,28.0,93.256,14.0,267,10.0,HARD,True,1,,,True,49.7,29.8,37.0,False,2021
GIO,Alfa Romeo Racing,28.0,93.59,15.0,268,5.0,HARD,True,1,,,True,49.7,29.8,37.0,False,2021
LAT,Williams,28.0,93.452,16.0,268,9.0,HARD,True,1,,,True,49.7,29.8,37.0,False,2021
VET,Aston Martin,28.0,93.407,17.0,268,12.0,HARD,False,1,,,True,49.7,29.8,37.0,False,2021
MAZ,Haas F1 Team,28.0,94.404,18.0,269,3.0,HARD,True,1,,,True,49.9,29.8,37.1,False,2021
MSC,Haas F1 Team,28.0,95.721,19.0,269,4.0,HARD,True,1,,,True,49.9,29.8,37.1,False,2021
LEC,Ferrari,29.0,91.847,1.0,269,27.0,MEDIUM,True,1,0 days 02:25:18.822000,,False,49.7,29.8,37.0,False,2021
BOT,Mercedes,29.0,92.16,2.0,270,7.0,HARD,True,1,,,True,49.9,29.8,37.1,False,2021
NOR,McLaren,29.0,92.217,3.0,270,8.0,HARD,True,1,,,True,49.9,29.8,37.1,False,2021
HAM,Mercedes,29.0,90.762,4.0,271,2.0,HARD,True,1,,,True,49.9,29.8,37.1,False,2021
RIC,McLaren,29.0,93.169,5.0,271,9.0,HARD,True,1,,,True,49.9,29.8,37.1,False,2021
SAI,Ferrari,29.0,120.799,6.0,272,1.0,HARD,True,1,,0 days 02:24:44.632000,False,49.9,29.8,37.1,False,2021
TSU,AlphaTauri,29.0,93.574,7.0,272,29.0,MEDIUM,False,1,,,True,49.9,29.8,37.1,False,2021
ALO,Alpine,29.0,93.588,8.0,273,5.0,HARD,True,1,,,True,49.9,29.8,37.1,False,2021
STR,Aston Martin,29.0,93.685,9.0,273,8.0,HARD,False,1,,,True,49.9,29.8,37.1,False,2021
PER,Red Bull Racing,29.0,93.639,10.0,273,11.0,MEDIUM,True,1,,,True,49.9,29.8,37.1,False,2021
GAS,AlphaTauri,29.0,113.002,11.0,274,1.0,HARD,True,1,,0 days 02:24:58.236000,False,49.9,29.8,37.1,False,2021
OCO,Alpine,29.0,94.35,12.0,274,10.0,HARD,True,1,,,True,49.9,29.8,37.1,False,2021
RAI,Alfa Romeo Racing,29.0,93.378,13.0,274,11.0,HARD,True,1,,,True,49.9,29.8,37.1,False,2021
RUS,Williams,29.0,94.063,14.0,275,11.0,HARD,True,1,,,True,49.9,29.8,37.1,False,2021
GIO,Alfa Romeo Racing,29.0,93.867,15.0,276,6.0,HARD,True,1,,,True,49.9,29.8,37.1,False,2021
LAT,Williams,29.0,93.78,16.0,276,10.0,HARD,True,1,,,True,49.9,29.8,37.1,False,2021
VET,Aston Martin,29.0,93.709,17.0,276,13.0,HARD,False,1,,,True,49.9,29.8,37.1,False,2021
MAZ,Haas F1 Team,29.0,94.715,18.0,277,4.0,HARD,True,1,,,True,49.6,29.8,37.3,False,2021
MSC,Haas F1 Team,29.0,96.468,19.0,277,5.0,HARD,True,1,,,True,49.6,29.8,37.3,False,2021
LEC,Ferrari,30.0,111.72,1.0,278,1.0,HARD,True,1,,0 days 02:25:47.264000,False,49.6,29.8,37.3,False,2021
BOT,Mercedes,30.0,92.48,2.0,278,8.0,HARD,True,1,,,True,49.6,29.8,37.3,False,2021
NOR,McLaren,30.0,92.073,3.0,278,9.0,HARD,True,1,,,True,49.6,29.8,37.3,False,2021
HAM,Mercedes,30.0,91.113,4.0,279,3.0,HARD,True,1,,,True,49.6,29.8,37.3,False,2021
RIC,McLaren,30.0,92.955,5.0,279,10.0,HARD,True,1,,,True,49.6,29.8,37.3,False,2021
SAI,Ferrari,30.0,91.306,6.0,280,2.0,HARD,True,1,,,True,49.9,29.8,38.1,False,2021
TSU,AlphaTauri,30.0,92.682,7.0,280,30.0,MEDIUM,False,1,0 days 02:27:42.931000,,False,49.9,29.8,38.1,False,2021
ALO,Alpine,30.0,93.502,8.0,281,6.0,HARD,True,1,,,True,49.9,29.8,38.1,False,2021
STR,Aston Martin,30.0,93.612,9.0,281,9.0,HARD,False,1,,,True,49.9,29.8,38.1,False,2021
PER,Red Bull Racing,30.0,93.373,10.0,281,12.0,MEDIUM,True,1,,,True,49.9,29.8,38.1,False,2021
GAS,AlphaTauri,30.0,92.686,11.0,282,2.0,HARD,True,1,,,True,49.9,29.8,38.1,False,2021
OCO,Alpine,30.0,93.657,12.0,282,11.0,HARD,True,1,,,True,49.9,29.8,38.1,False,2021
RAI,Alfa Romeo Racing,30.0,93.543,13.0,282,12.0,HARD,True,1,,,True,49.9,29.8,38.1,False,2021
RUS,Williams,30.0,93.578,14.0,283,12.0,HARD,True,1,,,True,49.9,29.8,38.1,False,2021
GIO,Alfa Romeo Racing,30.0,93.726,15.0,284,7.0,HARD,True,1,,,True,49.9,29.8,38.1,False,2021
LAT,Williams,30.0,93.484,16.0,284,11.0,HARD,True,1,,,True,49.9,29.8,38.1,False,2021
VET,Aston Martin,30.0,93.713,17.0,284,14.0,HARD,False,1,,,True,49.9,29.8,38.1,False,2021
MAZ,Haas F1 Team,30.0,96.036,18.0,285,5.0,HARD,True,1,,,True,49.5,29.8,37.9,False,2021
MSC,Haas F1 Team,30.0,97.139,19.0,285,6.0,HARD,True,1,,,True,49.5,29.8,37.9,False,2021
LEC,Ferrari,31.0,91.552,1.0,286,2.0,HARD,True,1,,,True,49.5,29.8,37.9,False,2021
BOT,Mercedes,31.0,92.683,2.0,286,9.0,HARD,True,1,,,True,49.5,29.8,37.9,False,2021
HAM,Mercedes,31.0,91.257,3.0,287,4.0,HARD,True,1,,,True,49.5,29.8,37.9,False,2021
NOR,McLaren,31.0,93.668,4.0,287,10.0,HARD,True,1,,,True,49.5,29.8,37.9,False,2021
RIC,McLaren,31.0,92.42,5.0,287,11.0,HARD,True,1,,,True,49.5,29.8,37.9,False,2021
SAI,Ferrari,31.0,91.706,6.0,288,3.0,HARD,True,1,,,True,49.5,29.8,37.9,False,2021
ALO,Alpine,31.0,93.617,7.0,288,7.0,HARD,True,1,,,True,49.5,29.8,37.9,False,2021
STR,Aston Martin,31.0,93.458,8.0,288,10.0,HARD,False,1,,,True,49.5,29.8,37.9,False,2021
PER,Red Bull Racing,31.0,93.77,9.0,288,13.0,MEDIUM,True,1,,,True,49.5,29.8,37.9,False,2021
GAS,AlphaTauri,31.0,92.836,10.0,289,3.0,HARD,True,1,,,True,49.5,29.8,37.9,False,2021
OCO,Alpine,31.0,93.252,11.0,289,12.0,HARD,True,1,,,True,49.5,29.8,37.9,False,2021
RAI,Alfa Romeo Racing,31.0,93.276,12.0,289,13.0,HARD,True,1,,,True,49.5,29.8,37.9,False,2021
TSU,AlphaTauri,31.0,113.783,13.0,290,1.0,HARD,True,1,,0 days 02:28:12.075000,False,49.5,29.8,37.9,False,2021
RUS,Williams,31.0,93.855,14.0,290,13.0,HARD,True,1,,,True,49.5,29.8,37.9,False,2021
GIO,Alfa Romeo Racing,31.0,93.565,15.0,291,8.0,HARD,True,1,,,True,50.1,29.7,38.4,False,2021
LAT,Williams,31.0,93.654,16.0,291,12.0,HARD,True,1,,,True,50.1,29.7,38.4,False,2021
VET,Aston Martin,31.0,93.59,17.0,291,15.0,HARD,False,1,,,True,50.1,29.7,38.4,False,2021
MAZ,Haas F1 Team,31.0,97.864,18.0,292,6.0,HARD,True,1,,,True,50.1,29.7,38.4,False,2021
MSC,Haas F1 Team,31.0,95.172,19.0,292,7.0,HARD,True,1,,,True,50.1,29.7,38.4,False,2021
LEC,Ferrari,32.0,91.541,1.0,293,3.0,HARD,True,1,,,True,50.1,29.7,38.4,False,2021
BOT,Mercedes,32.0,92.191,2.0,293,10.0,HARD,True,1,,,True,50.1,29.7,38.4,False,2021
HAM,Mercedes,32.0,92.488,3.0,294,5.0,HARD,True,1,,,True,50.1,29.7,38.4,False,2021
NOR,McLaren,32.0,93.174,4.0,294,11.0,HARD,True,1,,,True,50.1,29.7,38.4,False,2021
RIC,McLaren,32.0,92.569,5.0,294,12.0,HARD,True,1,,,True,49.9,29.7,37.9,False,2021
SAI,Ferrari,32.0,92.305,6.0,295,4.0,HARD,True,1,,,True,49.9,29.7,37.9,False,2021
ALO,Alpine,32.0,93.367,7.0,295,8.0,HARD,True,1,,,True,49.9,29.7,37.9,False,2021
STR,Aston Martin,32.0,93.346,8.0,295,11.0,HARD,False,1,,,True,49.9,29.7,37.9,False,2021
PER,Red Bull Racing,32.0,93.306,9.0,295,14.0,MEDIUM,True,1,,,True,49.9,29.7,37.9,False,2021
GAS,AlphaTauri,32.0,93.166,10.0,296,4.0,HARD,True,1,,,True,49.9,29.7,37.9,False,2021
OCO,Alpine,32.0,93.114,11.0,296,13.0,HARD,True,1,,,True,49.9,29.7,37.9,False,2021
RAI,Alfa Romeo Racing,32.0,93.057,12.0,296,14.0,HARD,True,1,,,True,49.9,29.7,37.9,False,2021
TSU,AlphaTauri,32.0,92.942,13.0,297,2.0,HARD,True,1,,,True,49.9,29.7,37.9,False,2021
RUS,Williams,32.0,93.566,14.0,297,14.0,HARD,True,1,,,True,49.9,29.7,37.9,False,2021
GIO,Alfa Romeo Racing,32.0,93.729,15.0,298,9.0,HARD,True,1,,,True,49.9,29.7,37.9,False,2021
LAT,Williams,32.0,93.574,16.0,298,13.0,HARD,True,1,,,True,49.9,29.7,37.9,False,2021
VET,Aston Martin,32.0,93.502,17.0,298,16.0,HARD,False,1,,,True,49.9,29.7,37.9,False,2021
MAZ,Haas F1 Team,32.0,94.543,18.0,299,7.0,HARD,True,1,,,True,49.8,29.7,37.5,False,2021
MSC,Haas F1 Team,32.0,94.412,19.0,299,8.0,HARD,True,1,,,True,49.8,29.7,37.5,False,2021
LEC,Ferrari,33.0,91.716,1.0,300,4.0,HARD,True,1,,,True,49.8,29.7,37.5,False,2021
BOT,Mercedes,33.0,91.72,2.0,300,11.0,HARD,True,1,,,True,49.8,29.7,37.5,False,2021
HAM,Mercedes,33.0,92.038,3.0,301,6.0,HARD,True,1,,,True,49.8,29.7,37.5,False,2021
NOR,McLaren,33.0,92.41,4.0,301,12.0,HARD,True,1,,,True,49.8,29.7,37.5,False,2021
RIC,McLaren,33.0,92.471,5.0,301,13.0,HARD,True,1,,,True,49.8,29.7,37.5,False,2021
SAI,Ferrari,33.0,92.335,6.0,302,5.0,HARD,True,1,,,True,49.8,29.7,37.5,False,2021
ALO,Alpine,33.0,93.27,7.0,302,9.0,HARD,True,1,,,True,49.8,29.7,37.5,False,2021
STR,Aston Martin,33.0,93.278,8.0,302,12.0,HARD,False,1,,,True,49.8,29.7,37.5,False,2021
PER,Red Bull Racing,33.0,93.135,9.0,302,15.0,MEDIUM,True,1,,,True,49.8,29.7,37.5,False,2021
GAS,AlphaTauri,33.0,93.508,10.0,303,5.0,HARD,True,1,,,True,49.8,29.7,37.5,False,2021
OCO,Alpine,33.0,93.022,11.0,303,14.0,HARD,True,1,,,True,49.8,29.7,37.5,False,2021
RAI,Alfa Romeo Racing,33.0,93.432,12.0,303,15.0,HARD,True,1,,,True,49.8,29.7,37.4,False,2021
TSU,AlphaTauri,33.0,93.635,13.0,304,3.0,HARD,True,1,,,True,49.8,29.7,37.4,False,2021
RUS,Williams,33.0,93.176,14.0,304,15.0,HARD,True,1,,,True,49.8,29.7,37.4,False,2021
GIO,Alfa Romeo Racing,33.0,93.29,15.0,305,10.0,HARD,True,1,,,True,49.8,29.7,37.4,False,2021
LAT,Williams,33.0,93.253,16.0,305,14.0,HARD,True,1,,,True,49.8,29.7,37.4,False,2021
VET,Aston Martin,33.0,93.084,17.0,305,17.0,HARD,False,1,,,True,49.8,29.7,37.4,False,2021
MAZ,Haas F1 Team,33.0,94.32,18.0,306,8.0,HARD,True,1,,,True,49.6,29.8,37.3,False,2021
MSC,Haas F1 Team,33.0,94.158,19.0,306,9.0,HARD,True,1,,,True,49.6,29.8,37.3,False,2021
LEC,Ferrari,34.0,91.978,1.0,307,5.0,HARD,True,1,,,True,49.8,29.7,37.4,False,2021
BOT,Mercedes,34.0,91.799,2.0,307,12.0,HARD,True,1,,,True,49.8,29.7,37.4,False,2021
HAM,Mercedes,34.0,91.219,3.0,308,7.0,HARD,True,1,,,True,49.8,29.7,37.4,False,2021
NOR,McLaren,34.0,92.139,4.0,308,13.0,HARD,True,1,,,True,49.8,29.7,37.4,False,2021
RIC,McLaren,34.0,92.557,5.0,308,14.0,HARD,True,1,,,True,49.6,29.8,37.3,False,2021
SAI,Ferrari,34.0,92.74,6.0,309,6.0,HARD,True,1,,,True,49.6,29.8,37.3,False,2021
ALO,Alpine,34.0,93.356,7.0,309,10.0,HARD,True,1,,,True,49.6,29.8,37.3,False,2021
STR,Aston Martin,34.0,93.215,8.0,309,13.0,HARD,False,1,,,True,49.6,29.8,37.3,False,2021
PER,Red Bull Racing,34.0,93.207,9.0,309,16.0,MEDIUM,True,1,,,True,49.6,29.8,37.3,False,2021
GAS,AlphaTauri,34.0,93.037,10.0,310,6.0,HARD,True,1,,,True,49.6,29.8,37.3,False,2021
OCO,Alpine,34.0,92.764,11.0,310,15.0,HARD,True,1,,,True,49.6,29.8,37.3,False,2021
RAI,Alfa Romeo Racing,34.0,93.508,12.0,310,16.0,HARD,True,1,,,True,49.6,29.8,37.3,False,2021
TSU,AlphaTauri,34.0,93.398,13.0,311,4.0,HARD,True,1,,,True,49.6,29.8,37.3,False,2021
RUS,Williams,34.0,93.165,14.0,311,16.0,HARD,True,1,,,True,49.6,29.8,37.3,False,2021
GIO,Alfa Romeo Racing,34.0,93.2,15.0,312,11.0,HARD,True,1,,,True,49.6,29.8,37.3,False,2021
LAT,Williams,34.0,93.339,16.0,312,15.0,HARD,True,1,,,True,49.6,29.8,37.3,False,2021
VET,Aston Martin,34.0,93.509,17.0,312,18.0,HARD,False,1,,,True,49.6,29.8,37.3,False,2021
MAZ,Haas F1 Team,34.0,94.077,18.0,313,9.0,HARD,True,1,,,True,49.5,29.8,37.3,False,2021
MSC,Haas F1 Team,34.0,94.08,19.0,313,10.0,HARD,True,1,,,True,49.5,29.8,37.3,False,2021
LEC,Ferrari,35.0,91.448,1.0,314,6.0,HARD,True,1,,,True,49.5,29.8,37.3,False,2021
BOT,Mercedes,35.0,91.252,2.0,314,13.0,HARD,True,1,,,True,49.5,29.8,37.3,False,2021
HAM,Mercedes,35.0,90.817,3.0,315,8.0,HARD,True,1,,,True,49.5,29.8,37.3,False,2021
NOR,McLaren,35.0,91.94,4.0,315,14.0,HARD,True,1,,,True,49.5,29.8,37.3,False,2021
RIC,McLaren,35.0,92.263,5.0,315,15.0,HARD,True,1,,,True,49.5,29.8,37.3,False,2021
SAI,Ferrari,35.0,92.258,6.0,316,7.0,HARD,True,1,,,True,49.5,29.8,37.3,False,2021
ALO,Alpine,35.0,93.153,7.0,316,11.0,HARD,True,1,,,True,49.5,29.8,37.3,False,2021
STR,Aston Martin,35.0,93.247,8.0,316,14.0,HARD,False,1,,,True,49.5,29.8,37.3,False,2021
PER,Red Bull Racing,35.0,93.411,9.0,316,17.0,MEDIUM,True,1,,,True,49.4,30.1,37.5,False,2021
GAS,AlphaTauri,35.0,93.125,10.0,317,7.0,HARD,True,1,,,True,49.4,30.1,37.5,False,2021
OCO,Alpine,35.0,92.963,11.0,317,16.0,HARD,True,1,,,True,49.4,30.1,37.5,False,2021
RAI,Alfa Romeo Racing,35.0,93.381,12.0,317,17.0,HARD,True,1,,,True,49.4,30.1,37.5,False,2021
TSU,AlphaTauri,35.0,93.255,13.0,318,5.0,HARD,True,1,,,True,49.4,30.1,37.5,False,2021
RUS,Williams,35.0,93.269,14.0,318,17.0,HARD,True,1,,,True,49.4,30.1,37.5,False,2021
GIO,Alfa Romeo Racing,35.0,93.257,15.0,319,12.0,HARD,True,1,,,True,49.4,30.1,37.5,False,2021
LAT,Williams,35.0,93.146,16.0,319,16.0,HARD,True,1,,,True,49.4,30.1,37.5,False,2021
VET,Aston Martin,35.0,93.059,17.0,319,19.0,HARD,False,1,,,True,49.4,30.1,37.5,False,2021
MAZ,Haas F1 Team,35.0,94.149,18.0,320,10.0,HARD,True,1,,,True,49.4,30.1,37.5,False,2021
MSC,Haas F1 Team,35.0,93.972,19.0,320,11.0,HARD,True,1,,,True,49.4,30.1,37.5,False,2021
LEC,Ferrari,36.0,91.384,1.0,321,7.0,HARD,True,1,,,True,49.4,30.1,37.5,False,2021
BOT,Mercedes,36.0,91.435,2.0,321,14.0,HARD,True,1,,,True,49.4,30.1,37.5,False,2021
HAM,Mercedes,36.0,91.025,3.0,322,9.0,HARD,True,1,,,True,49.4,30.1,37.5,False,2021
NOR,McLaren,36.0,91.945,4.0,322,15.0,HARD,True,1,,,True,49.4,30.1,37.5,False,2021
RIC,McLaren,36.0,92.57,5.0,322,16.0,HARD,True,1,,,True,49.4,30.1,37.5,False,2021
SAI,Ferrari,36.0,92.701,6.0,323,8.0,HARD,True,1,,,True,49.4,30.1,37.5,False,2021
ALO,Alpine,36.0,93.208,7.0,323,12.0,HARD,True,1,,,True,49.4,30.1,37.5,False,2021
STR,Aston Martin,36.0,93.244,8.0,323,15.0,HARD,False,1,,,True,49.4,30.1,37.5,False,2021
PER,Red Bull Racing,36.0,93.045,9.0,323,18.0,MEDIUM,True,1,,,True,49.4,30.1,37.5,False,2021
GAS,AlphaTauri,36.0,93.17,10.0,324,8.0,HARD,True,1,,,True,49.4,30.1,37.5,False,2021
OCO,Alpine,36.0,93.166,11.0,324,17.0,HARD,True,1,,,True,49.4,30.1,37.5,False,2021
RAI,Alfa Romeo Racing,36.0,93.303,12.0,324,18.0,HARD,True,1,,,True,49.4,30.1,37.5,False,2021
TSU,AlphaTauri,36.0,93.414,13.0,325,6.0,HARD,True,1,,,True,49.4,30.1,37.5,False,2021
RUS,Williams,36.0,93.4,14.0,325,18.0,HARD,True,1,,,True,49.4,30.1,37.5,False,2021
GIO,Alfa Romeo Racing,36.0,93.495,15.0,326,13.0,HARD,True,1,,,True,49.4,30.1,37.5,False,2021
LAT,Williams,36.0,92.932,16.0,326,17.0,HARD,True,1,,,True,49.4,30.1,37.5,False,2021
VET,Aston Martin,36.0,93.545,17.0,326,20.0,HARD,False,1,,,True,49.4,30.1,37.5,False,2021
MAZ,Haas F1 Team,36.0,94.09,18.0,327,11.0,HARD,True,1,,,True,49.3,30.0,37.6,False,2021
MSC,Haas F1 Team,36.0,93.959,19.0,327,12.0,HARD,True,1,,,True,49.3,30.0,37.6,False,2021
LEC,Ferrari,37.0,91.5,1.0,328,8.0,HARD,True,1,,,True,49.3,30.0,37.6,False,2021
BOT,Mercedes,37.0,91.094,2.0,328,15.0,HARD,True,1,,,True,49.3,30.0,37.6,False,2021
HAM,Mercedes,37.0,90.807,3.0,329,10.0,HARD,True,1,,,True,49.3,30.0,37.6,False,2021
NOR,McLaren,37.0,91.848,4.0,329,16.0,HARD,True,1,,,True,49.3,30.0,37.6,False,2021
RIC,McLaren,37.0,92.595,5.0,329,17.0,HARD,True,1,,,True,49.3,30.0,37.6,False,2021
SAI,Ferrari,37.0,92.686,6.0,330,9.0,HARD,True,1,,,True,49.3,30.0,37.6,False,2021
ALO,Alpine,37.0,93.309,7.0,330,13.0,HARD,True,1,,,True,49.2,30.0,37.5,False,2021
STR,Aston Martin,37.0,93.395,8.0,330,16.0,HARD,False,1,,,True,49.2,30.0,37.5,False,2021
PER,Red Bull Racing,37.0,93.376,9.0,330,19.0,MEDIUM,True,1,,,True,49.2,30.0,37.5,False,2021
GAS,AlphaTauri,37.0,93.228,10.0,331,9.0,HARD,True,1,,,True,49.2,30.0,37.5,False,2021
OCO,Alpine,37.0,93.051,11.0,331,18.0,HARD,True,1,,,True,49.2,30.0,37.5,False,2021
RAI,Alfa Romeo Racing,37.0,93.47,12.0,331,19.0,HARD,True,1,,,True,49.2,30.0,37.5,False,2021
TSU,AlphaTauri,37.0,93.452,13.0,332,7.0,HARD,True,1,,,True,49.2,30.0,37.5,False,2021
RUS,Williams,37.0,93.302,14.0,332,19.0,HARD,True,1,,,True,49.2,30.0,37.5,False,2021
GIO,Alfa Romeo Racing,37.0,93.226,15.0,333,14.0,HARD,True,1,,,True,49.2,30.0,37.5,False,2021
LAT,Williams,37.0,93.255,16.0,333,18.0,HARD,True,1,,,True,49.2,30.0,37.5,False,2021
VET,Aston Martin,37.0,93.561,17.0,333,21.0,HARD,False,1,,,True,49.2,30.0,37.5,False,2021
MAZ,Haas F1 Team,37.0,94.066,18.0,334,12.0,HARD,True,1,,,True,49.2,29.7,38.1,False,2021
MSC,Haas F1 Team,37.0,94.097,19.0,334,13.0,HARD,True,1,,,True,49.2,29.7,38.1,False,2021
LEC,Ferrari,38.0,91.542,1.0,335,9.0,HARD,True,1,,,True,49.2,30.0,37.5,False,2021
BOT,Mercedes,38.0,91.066,2.0,335,16.0,HARD,True,1,,,True,49.2,30.0,37.5,False,2021
HAM,Mercedes,38.0,90.594,3.0,336,11.0,HARD,True,1,,,True,49.2,30.0,37.5,False,2021
NOR,McLaren,38.0,91.823,4.0,336,17.0,HARD,True,1,,,True,49.2,29.7,38.1,False,2021
RIC,McLaren,38.0,92.748,5.0,336,18.0,HARD,True,1,,,True,49.2,29.7,38.1,False,2021
SAI,Ferrari,38.0,92.354,6.0,337,10.0,HARD,True,1,,,True,49.2,29.7,38.1,False,2021
ALO,Alpine,38.0,93.07,7.0,337,14.0,HARD,True,1,,,True,49.2,29.7,38.1,False,2021
PER,Red Bull Racing,38.0,91.9,8.0,337,20.0,MEDIUM,True,1,0 days 02:40:18.017000,,False,49.2,29.7,38.1,False,2021
STR,Aston Martin,38.0,93.003,9.0,338,17.0,HARD,False,1,,,True,49.2,29.7,38.1,False,2021
GAS,AlphaTauri,38.0,92.907,10.0,339,10.0,HARD,True,1,,,True,49.2,29.7,38.1,False,2021
OCO,Alpine,38.0,92.855,11.0,339,19.0,HARD,True,1,,,True,49.2,29.7,38.1,False,2021
RAI,Alfa Romeo Racing,38.0,93.331,12.0,339,20.0,HARD,True,1,,,True,49.2,29.7,38.1,False,2021
TSU,AlphaTauri,38.0,93.313,13.0,340,8.0,HARD,True,1,,,True,49.2,29.7,38.1,False,2021
RUS,Williams,38.0,93.2,14.0,340,20.0,HARD,True,1,,,True,49.2,29.7,38.1,False,2021
GIO,Alfa Romeo Racing,38.0,93.08,15.0,341,15.0,HARD,True,1,,,True,49.2,29.7,38.1,False,2021
LAT,Williams,38.0,92.994,16.0,341,19.0,HARD,True,1,,,True,49.2,29.7,38.1,False,2021
VET,Aston Martin,38.0,93.064,17.0,341,22.0,HARD,False,1,,,True,49.2,29.7,38.1,False,2021
MAZ,Haas F1 Team,38.0,96.24,18.0,342,13.0,HARD,True,1,,,True,49.2,29.7,37.5,False,2021
MSC,Haas F1 Team,38.0,96.633,19.0,342,14.0,HARD,True,1,,,True,49.2,29.7,37.5,False,2021
LEC,Ferrari,39.0,91.599,1.0,343,10.0,HARD,True,1,,,True,49.2,29.7,37.5,False,2021
BOT,Mercedes,39.0,91.146,2.0,343,17.0,HARD,True,1,,,True,49.2,29.7,37.5,False,2021
HAM,Mercedes,39.0,90.859,3.0,344,12.0,HARD,True,1,,,True,49.2,29.7,37.5,False,2021
NOR,McLaren,39.0,92.061,4.0,344,18.0,HARD,True,1,,,True,49.2,29.7,37.5,False,2021
RIC,McLaren,39.0,92.447,5.0,344,19.0,HARD,True,1,,,True,49.2,29.7,37.5,False,2021
SAI,Ferrari,39.0,92.569,6.0,345,11.0,HARD,True,1,,,True,49.2,29.7,37.5,False,2021
ALO,Alpine,39.0,93.166,7.0,345,15.0,HARD,True,1,,,True,49.2,29.8,38.3,False,2021
STR,Aston Martin,39.0,93.16,8.0,345,18.0,HARD,False,1,,,True,49.2,29.8,38.3,False,2021
GAS,AlphaTauri,39.0,92.505,9.0,346,11.0,HARD,True,1,,,True,49.2,29.8,38.3,False,2021
OCO,Alpine,39.0,92.845,10.0,346,20.0,HARD,True,1,,,True,49.2,29.8,38.3,False,2021
RAI,Alfa Romeo Racing,39.0,93.236,11.0,346,21.0,HARD,True,1,,,True,49.2,29.8,38.3,False,2021
TSU,AlphaTauri,39.0,93.572,12.0,347,9.0,HARD,True,1,,,True,49.2,29.8,38.3,False,2021
RUS,Williams,39.0,93.388,13.0,347,21.0,HARD,True,1,,,True,49.2,29.8,38.3,False,2021
GIO,Alfa Romeo Racing,39.0,93.135,14.0,348,16.0,HARD,True,1,,,True,49.2,29.8,38.3,False,2021
LAT,Williams,39.0,92.807,15.0,348,20.0,HARD,True,1,,,True,49.2,29.8,38.3,False,2021
PER,Red Bull Racing,39.0,110.566,16.0,349,1.0,MEDIUM,True,1,,0 days 02:40:45.908000,False,49.2,29.8,38.3,False,2021
VET,Aston Martin,39.0,93.721,17.0,349,23.0,HARD,False,1,,,True,49.2,29.8,38.3,False,2021
MAZ,Haas F1 Team,39.0,94.15,18.0,350,14.0,HARD,True,1,,,True,49.7,29.7,37.7,False,2021
MSC,Haas F1 Team,39.0,94.579,19.0,350,15.0,HARD,True,1,,,True,49.7,29.7,37.7,False,2021
LEC,Ferrari,40.0,91.425,1.0,351,11.0,HARD,True,1,,,True,49.2,29.8,38.3,False,2021
HAM,Mercedes,40.0,90.443,2.0,351,13.0,HARD,True,1,,,True,49.2,29.8,38.3,False,2021
BOT,Mercedes,40.0,93.278,3.0,351,18.0,HARD,True,1,,,True,49.2,29.8,38.3,False,2021
NOR,McLaren,40.0,91.624,4.0,351,19.0,HARD,True,1,,,True,49.7,29.7,37.7,False,2021
RIC,McLaren,40.0,92.151,5.0,351,20.0,HARD,True,1,,,True,49.7,29.7,37.7,False,2021
SAI,Ferrari,40.0,92.253,6.0,352,12.0,HARD,True,1,,,True,49.7,29.7,37.7,False,2021
ALO,Alpine,40.0,92.763,7.0,352,16.0,HARD,True,1,,,True,49.7,29.7,37.7,False,2021
STR,Aston Martin,40.0,92.821,8.0,352,19.0,HARD,False,1,,,True,49.7,29.7,37.7,False,2021
GAS,AlphaTauri,40.0,92.565,9.0,353,12.0,HARD,True,1,,,True,49.7,29.7,37.7,False,2021
OCO,Alpine,40.0,92.497,10.0,353,21.0,HARD,True,1,,,True,49.7,29.7,37.7,False,2021
RAI,Alfa Romeo Racing,40.0,93.252,11.0,353,22.0,HARD,True,1,,,True,49.7,29.7,37.7,False,2021
TSU,AlphaTauri,40.0,92.919,12.0,354,10.0,HARD,True,1,,,True,49.7,29.7,37.7,False,2021
RUS,Williams,40.0,93.1,13.0,354,22.0,HARD,True,1,,,True,49.7,29.7,37.7,False,2021
GIO,Alfa Romeo Racing,40.0,92.925,14.0,355,17.0,HARD,True,1,,,True,49.7,29.9,37.3,False,2021
PER,Red Bull Racing,40.0,91.07,15.0,356,2.0,MEDIUM,True,1,,,True,49.7,29.9,37.3,False,2021
LAT,Williams,40.0,93.468,16.0,356,21.0,HARD,True,1,,,True,49.7,29.9,37.3,False,2021
VET,Aston Martin,40.0,101.335,17.0,356,24.0,HARD,False,1,0 days 02:43:52.008000,,False,49.7,29.9,37.3,False,2021
MAZ,Haas F1 Team,40.0,93.947,18.0,357,15.0,HARD,True,1,,,True,49.6,29.9,37.4,False,2021
MSC,Haas F1 Team,40.0,93.895,19.0,357,16.0,HARD,True,1,,,True,49.6,29.9,37.4,False,2021
LEC,Ferrari,41.0,91.539,1.0,358,12.0,HARD,True,1,,,True,49.7,29.9,37.3,False,2021
HAM,Mercedes,41.0,90.468,2.0,358,14.0,HARD,True,1,,,True,49.7,29.9,37.3,False,2021
BOT,Mercedes,41.0,91.445,3.0,358,19.0,HARD,True,1,,,True,49.7,29.9,37.3,False,2021
NOR,McLaren,41.0,91.8,4.0,358,20.0,HARD,True,1,,,True,49.7,29.9,37.3,False,2021
RIC,McLaren,41.0,91.933,5.0,358,21.0,HARD,True,1,,,True,49.7,29.9,37.3,False,2021
SAI,Ferrari,41.0,91.816,6.0,359,13.0,HARD,True,1,,,True,49.7,29.9,37.3,False,2021
ALO,Alpine,41.0,92.767,7.0,359,17.0,HARD,True,1,,,True,49.6,29.9,37.4,False,2021
STR,Aston Martin,41.0,92.655,8.0,359,20.0,HARD,False,1,,,True,49.6,29.9,37.4,False,2021
GAS,AlphaTauri,41.0,92.544,9.0,360,13.0,HARD,True,1,,,True,49.6,29.9,37.4,False,2021
OCO,Alpine,41.0,92.622,10.0,360,22.0,HARD,True,1,,,True,49.6,29.9,37.4,False,2021
RAI,Alfa Romeo Racing,41.0,92.931,11.0,360,23.0,HARD,True,1,,,True,49.6,29.9,37.4,False,2021
TSU,AlphaTauri,41.0,93.062,12.0,361,11.0,HARD,True,1,,,True,49.6,29.9,37.4,False,2021
PER,Red Bull Racing,41.0,92.14,13.0,362,3.0,MEDIUM,True,1,,,True,49.6,29.9,37.4,False,2021
RUS,Williams,41.0,93.72,14.0,362,23.0,HARD,True,1,,,True,49.6,29.9,37.4,False,2021
GIO,Alfa Romeo Racing,41.0,93.924,15.0,363,18.0,HARD,True,1,,,True,49.6,29.9,37.4,False,2021
LAT,Williams,41.0,92.787,16.0,363,22.0,HARD,True,1,,,True,49.6,29.9,37.4,False,2021
MAZ,Haas F1 Team,41.0,93.558,17.0,364,16.0,HARD,True,1,,,True,49.6,29.8,37.7,False,2021
MSC,Haas F1 Team,41.0,93.536,18.0,364,17.0,HARD,True,1,,,True,49.6,29.8,37.7,False,2021
LEC,Ferrari,42.0,91.271,1.0,365,13.0,HARD,True,1,,,True,49.6,29.9,37.4,False,2021
HAM,Mercedes,42.0,90.16,2.0,365,15.0,HARD,True,1,,,True,49.6,29.9,37.4,False,2021
BOT,Mercedes,42.0,91.084,3.0,365,20.0,HARD,True,1,,,True,49.6,29.9,37.4,False,2021
NOR,McLaren,42.0,91.572,4.0,365,21.0,HARD,True,1,,,True,49.6,29.8,37.7,False,2021
RIC,McLaren,42.0,91.879,5.0,365,22.0,HARD,True,1,,,True,49.6,29.8,37.7,False,2021
SAI,Ferrari,42.0,91.868,6.0,366,14.0,HARD,True,1,,,True,49.6,29.8,37.7,False,2021
ALO,Alpine,42.0,92.708,7.0,366,18.0,HARD,True,1,,,True,49.6,29.8,37.7,False,2021
STR,Aston Martin,42.0,92.807,8.0,366,21.0,HARD,False,1,,,True,49.6,29.8,37.7,False,2021
GAS,AlphaTauri,42.0,92.752,9.0,367,14.0,HARD,True,1,,,True,49.6,29.8,37.7,False,2021
OCO,Alpine,42.0,92.588,10.0,367,23.0,HARD,True,1,,,True,49.6,29.8,37.7,False,2021
RAI,Alfa Romeo Racing,42.0,93.13,11.0,367,24.0,HARD,True,1,,,True,49.1,29.8,38.4,False,2021
TSU,AlphaTauri,42.0,93.071,12.0,368,12.0,HARD,True,1,,,True,49.1,29.8,38.4,False,2021
PER,Red Bull Racing,42.0,91.953,13.0,369,4.0,MEDIUM,True,1,,,True,49.1,29.8,38.4,False,2021
RUS,Williams,42.0,93.238,14.0,369,24.0,HARD,True,1,,,True,49.1,29.8,38.4,False,2021
GIO,Alfa Romeo Racing,42.0,93.584,15.0,370,19.0,HARD,True,1,,,True,49.1,29.8,38.4,False,2021
LAT,Williams,42.0,93.104,16.0,370,23.0,HARD,True,1,,,True,49.1,29.8,38.4,False,2021
MAZ,Haas F1 Team,42.0,93.734,17.0,371,17.0,HARD,True,1,,,True,49.3,30.0,37.2,False,2021
MSC,Haas F1 Team,42.0,93.481,18.0,371,18.0,HARD,True,1,,,True,49.3,30.0,37.2,False,2021
LEC,Ferrari,43.0,90.917,1.0,372,14.0,HARD,True,1,,,True,49.1,29.8,38.4,False,2021
HAM,Mercedes,43.0,90.258,2.0,372,16.0,HARD,True,1,,,True,49.1,29.8,38.4,False,2021
BOT,Mercedes,43.0,91.161,3.0,372,21.0,HARD,True,1,,,True,49.1,29.8,38.4,False,2021
NOR,McLaren,43.0,91.762,4.0,372,22.0,HARD,True,1,,,True,49.1,29.8,38.4,False,2021
RIC,McLaren,43.0,91.784,5.0,372,23.0,HARD,True,1,,,True,49.1,29.8,38.4,False,2021
SAI,Ferrari,43.0,91.929,6.0,373,15.0,HARD,True,1,,,True,49.1,29.8,38.4,False,2021
ALO,Alpine,43.0,92.443,7.0,373,19.0,HARD,True,1,,,True,49.3,30.0,37.2,False,2021
STR,Aston Martin,43.0,92.429,8.0,373,22.0,HARD,False,1,,,True,49.3,30.0,37.2,False,2021
GAS,AlphaTauri,43.0,92.414,9.0,374,15.0,HARD,True,1,,,True,49.3,30.0,37.2,False,2021
OCO,Alpine,43.0,92.492,10.0,374,24.0,HARD,True,1,,,True,49.3,30.0,37.2,False,2021
RAI,Alfa Romeo Racing,43.0,93.012,11.0,374,25.0,HARD,True,1,,,True,49.3,30.0,37.2,False,2021
PER,Red Bull Racing,43.0,92.319,12.0,375,5.0,MEDIUM,True,1,,,True,49.3,30.0,37.2,False,2021
TSU,AlphaTauri,43.0,93.949,13.0,375,13.0,HARD,True,1,,,True,49.3,30.0,37.2,False,2021
RUS,Williams,43.0,92.936,14.0,375,25.0,HARD,True,1,,,True,49.3,30.0,37.2,False,2021
GIO,Alfa Romeo Racing,43.0,92.621,15.0,376,20.0,HARD,True,1,,,True,49.3,30.0,37.2,False,2021
LAT,Williams,43.0,92.765,16.0,376,24.0,HARD,True,1,,,True,49.3,30.0,37.2,False,2021
MAZ,Haas F1 Team,43.0,93.422,17.0,377,18.0,HARD,True,1,,,True,49.3,30.0,36.7,False,2021
MSC,Haas F1 Team,43.0,92.997,18.0,377,19.0,HARD,True,1,,,True,49.3,30.0,36.7,False,2021
LEC,Ferrari,44.0,90.846,1.0,378,15.0,HARD,True,1,,,True,49.3,30.0,37.2,False,2021
HAM,Mercedes,44.0,89.801,2.0,378,17.0,HARD,True,1,,,True,49.3,30.0,37.2,False,2021
BOT,Mercedes,44.0,90.688,3.0,378,22.0,HARD,True,1,,,True,49.3,30.0,36.7,False,2021
NOR,McLaren,44.0,91.42,4.0,378,23.0,HARD,True,1,,,True,49.3,30.0,36.7,False,2021
RIC,McLaren,44.0,91.825,5.0,378,24.0,HARD,True,1,,,True,49.3,30.0,36.7,False,2021
SAI,Ferrari,44.0,91.737,6.0,379,16.0,HARD,True,1,,,True,49.3,30.0,36.7,False,2021
ALO,Alpine,44.0,92.225,7.0,379,20.0,HARD,True,1,,,True,49.3,30.0,36.7,False,2021
STR,Aston Martin,44.0,92.239,8.0,379,23.0,HARD,False,1,,,True,49.3,30.0,36.7,False,2021
GAS,AlphaTauri,44.0,92.402,9.0,380,16.0,HARD,True,1,,,True,49.3,30.0,36.7,False,2021
OCO,Alpine,44.0,92.522,10.0,380,25.0,HARD,True,1,,,True,49.3,30.0,36.7,False,2021
RAI,Alfa Romeo Racing,44.0,92.531,11.0,380,26.0,HARD,True,1,,,True,49.2,29.8,37.1,False,2021
PER,Red Bull Racing,44.0,92.617,12.0,381,6.0,MEDIUM,True,1,,,True,49.2,29.8,37.1,False,2021
TSU,AlphaTauri,44.0,92.359,13.0,381,14.0,HARD,True,1,,,True,49.2,29.8,37.1,False,2021
RUS,Williams,44.0,92.629,14.0,381,26.0,HARD,True,1,,,True,49.2,29.8,37.1,False,2021
GIO,Alfa Romeo Racing,44.0,92.817,15.0,382,21.0,HARD,True,1,,,True,49.2,29.8,37.1,False,2021
LAT,Williams,44.0,92.982,16.0,382,25.0,HARD,True,1,,,True,49.2,29.8,37.1,False,2021
MAZ,Haas F1 Team,44.0,93.402,17.0,383,19.0,HARD,True,1,,,True,49.2,29.8,37.4,False,2021
MSC,Haas F1 Team,44.0,93.292,18.0,383,20.0,HARD,True,1,,,True,49.2,29.8,37.4,False,2021
LEC,Ferrari,45.0,90.569,1.0,384,16.0,HARD,True,1,,,True,49.2,29.8,37.1,False,2021
HAM,Mercedes,45.0,89.699,2.0,384,18.0,HARD,True,1,,,True,49.2,29.8,37.1,False,2021
BOT,Mercedes,45.0,90.524,3.0,384,23.0,HARD,True,1,,,True,49.2,29.8,37.1,False,2021
NOR,McLaren,45.0,91.666,4.0,384,24.0,HARD,True,1,,,True,49.2,29.8,37.1,False,2021
RIC,McLaren,45.0,91.72,5.0,384,25.0,HARD,True,1,,,True,49.2,29.8,37.4,False,2021
SAI,Ferrari,45.0,91.745,6.0,385,17.0,HARD,True,1,,,True,49.2,29.8,37.4,False,2021
ALO,Alpine,45.0,92.24,7.0,385,21.0,HARD,True,1,,,True,49.2,29.8,37.4,False,2021
STR,Aston Martin,45.0,92.33,8.0,385,24.0,HARD,False,1,,,True,49.2,29.8,37.4,False,2021
GAS,AlphaTauri,45.0,92.109,9.0,386,17.0,HARD,True,1,,,True,49.2,29.8,37.4,False,2021
OCO,Alpine,45.0,92.236,10.0,386,26.0,HARD,True,1,,,True,49.2,29.8,37.4,False,2021
RAI,Alfa Romeo Racing,45.0,92.345,11.0,386,27.0,HARD,True,1,,,True,49.2,29.8,37.4,False,2021
PER,Red Bull Racing,45.0,92.224,12.0,387,7.0,MEDIUM,True,1,,,True,49.2,29.8,37.4,False,2021
TSU,AlphaTauri,45.0,92.667,13.0,387,15.0,HARD,True,1,,,True,49.2,29.8,37.4,False,2021
RUS,Williams,45.0,92.597,14.0,387,27.0,HARD,True,1,,,True,49.2,29.8,37.4,False,2021
GIO,Alfa Romeo Racing,45.0,92.873,15.0,388,22.0,HARD,True,1,,,True,49.2,29.8,37.4,False,2021
LAT,Williams,45.0,93.203,16.0,388,26.0,HARD,True,1,,,True,49.2,29.8,37.4,False,2021
MAZ,Haas F1 Team,45.0,93.404,17.0,389,20.0,HARD,True,1,,,True,49.2,29.7,36.3,False,2021
MSC,Haas F1 Team,45.0,93.654,18.0,389,21.0,HARD,True,1,,,True,49.2,29.7,36.3,False,2021
LEC,Ferrari,46.0,90.724,1.0,390,17.0,HARD,True,1,,,True,49.2,29.8,37.4,False,2021
HAM,Mercedes,46.0,89.701,2.0,390,19.0,HARD,True,1,,,True,49.2,29.8,37.4,False,2021
BOT,Mercedes,46.0,90.641,3.0,390,24.0,HARD,True,1,,,True,49.2,29.7,36.3,False,2021
NOR,McLaren,46.0,91.836,4.0,390,25.0,HARD,True,1,,,True,49.2,29.7,36.3,False,2021
RIC,McLaren,46.0,91.703,5.0,390,26.0,HARD,True,1,,,True,49.2,29.7,36.3,False,2021
SAI,Ferrari,46.0,91.592,6.0,391,18.0,HARD,True,1,,,True,49.2,29.7,36.3,False,2021
ALO,Alpine,46.0,92.476,7.0,391,22.0,HARD,True,1,,,True,49.2,29.7,36.3,False,2021
STR,Aston Martin,46.0,92.491,8.0,391,25.0,HARD,False,1,,,True,49.3,29.8,36.3,False,2021
GAS,AlphaTauri,46.0,93.003,9.0,392,18.0,HARD,True,1,0 days 02:52:40.646000,,False,49.3,29.8,36.3,False,2021
OCO,Alpine,46.0,92.612,10.0,392,27.0,HARD,True,1,,,True,49.3,29.8,36.3,False,2021
PER,Red Bull Racing,46.0,92.502,11.0,393,8.0,MEDIUM,True,12,,,True,49.3,29.8,36.3,False,2021
TSU,AlphaTauri,46.0,92.319,12.0,393,16.0,HARD,True,12,,,True,49.3,29.8,36.3,False,2021
RUS,Williams,46.0,92.675,13.0,393,28.0,HARD,True,12,,,True,49.3,29.8,36.3,False,2021
GIO,Alfa Romeo Racing,46.0,92.705,14.0,394,23.0,HARD,True,12,,,True,49.3,29.8,36.3,False,2021
LAT,Williams,46.0,93.142,15.0,394,27.0,HARD,True,12,,,True,49.3,29.8,36.3,False,2021
RAI,Alfa Romeo Racing,46.0,102.269,16.0,394,28.0,HARD,True,12,,,True,49.3,29.8,36.3,False,2021
MAZ,Haas F1 Team,46.0,93.341,17.0,395,21.0,HARD,True,12,,,True,49.2,29.8,36.1,False,2021
MSC,Haas F1 Team,46.0,93.767,18.0,395,22.0,HARD,True,12,,,True,49.2,29.8,36.1,False,2021
LEC,Ferrari,47.0,91.228,1.0,396,18.0,HARD,True,12,,,True,49.3,29.8,36.3,False,2021
HAM,Mercedes,47.0,90.52,2.0,396,20.0,HARD,True,12,,,True,49.3,29.8,36.3,False,2021
BOT,Mercedes,47.0,90.872,3.0,396,25.0,HARD,True,12,,,True,49.3,29.8,36.3,False,2021
NOR,McLaren,47.0,91.9,4.0,396,26.0,HARD,True,12,,,True,49.3,29.8,36.3,False,2021
RIC,McLaren,47.0,91.946,5.0,396,27.0,HARD,True,12,,,True,49.2,29.8,36.1,False,2021
SAI,Ferrari,47.0,91.927,6.0,397,19.0,HARD,True,12,,,True,49.2,29.8,36.1,False,2021
ALO,Alpine,47.0,92.047,7.0,397,23.0,HARD,True,12,,,True,49.2,29.8,36.1,False,2021
STR,Aston Martin,47.0,92.458,8.0,397,26.0,HARD,False,12,,,True,49.2,29.8,36.1,False,2021
OCO,Alpine,47.0,92.4,9.0,397,28.0,HARD,True,12,,,True,49.2,29.8,36.1,False,2021
PER,Red Bull Racing,47.0,90.958,10.0,398,9.0,MEDIUM,True,21,,,True,49.2,29.8,36.1,False,2021
TSU,AlphaTauri,47.0,92.253,11.0,398,17.0,HARD,True,21,,,True,49.2,29.8,36.1,False,2021
RUS,Williams,47.0,92.617,12.0,398,29.0,HARD,True,21,,,True,49.2,29.8,36.1,False,2021
GIO,Alfa Romeo Racing,47.0,92.668,13.0,399,24.0,HARD,True,21,,,True,49.2,29.8,36.1,False,2021
GAS,AlphaTauri,47.0,110.418,14.0,400,1.0,SOFT,True,12,,0 days 02:53:08.688000,False,49.2,29.8,36.1,False,2021
LAT,Williams,47.0,93.571,15.0,400,28.0,HARD,True,1,,,True,49.2,29.8,36.1,False,2021
RAI,Alfa Romeo Racing,47.0,96.555,16.0,400,29.0,HARD,True,1,,,True,49.2,29.8,36.1,False,2021
MAZ,Haas F1 Team,47.0,93.525,17.0,401,22.0,HARD,True,1,,,True,49.0,29.8,35.9,False,2021
MSC,Haas F1 Team,47.0,93.371,18.0,401,23.0,HARD,True,1,,,True,49.0,29.8,35.9,False,2021
LEC,Ferrari,48.0,91.291,1.0,402,19.0,HARD,True,1,,,True,49.2,29.8,36.1,False,2021
HAM,Mercedes,48.0,90.503,2.0,402,21.0,HARD,True,1,,,True,49.2,29.8,36.1,False,2021
BOT,Mercedes,48.0,91.181,3.0,402,26.0,HARD,True,1,,,True,49.0,29.8,35.9,False,2021
NOR,McLaren,48.0,91.75,4.0,402,27.0,HARD,True,1,,,True,49.0,29.8,35.9,False,2021
RIC,McLaren,48.0,91.819,5.0,402,28.0,HARD,True,1,,,True,49.0,29.8,35.9,False,2021
SAI,Ferrari,48.0,91.856,6.0,403,20.0,HARD,True,1,,,True,49.0,29.8,35.9,False,2021
ALO,Alpine,48.0,91.698,7.0,403,24.0,HARD,True,1,,,True,48.8,29.7,36.8,False,2021
STR,Aston Martin,48.0,91.992,8.0,403,27.0,HARD,False,1,,,True,48.8,29.7,36.8,False,2021
OCO,Alpine,48.0,92.21,9.0,403,29.0,HARD,True,1,,,True,48.8,29.7,36.8,False,2021
PER,Red Bull Racing,48.0,90.0,10.0,404,10.0,MEDIUM,True,1,0 days 02:55:54.363000,,False,48.8,29.7,36.8,False,2021
TSU,AlphaTauri,48.0,91.559,11.0,404,18.0,HARD,True,1,,,True,48.8,29.7,36.8,False,2021
RUS,Williams,48.0,92.424,12.0,404,30.0,HARD,True,1,,,True,48.8,29.7,36.8,False,2021
GAS,AlphaTauri,48.0,90.74,13.0,405,2.0,SOFT,True,1,,,True,48.8,29.7,36.8,False,2021
GIO,Alfa Romeo Racing,48.0,93.27,14.0,405,25.0,HARD,True,1,,,True,48.8,29.7,36.8,False,2021
LAT,Williams,48.0,95.201,15.0,405,29.0,HARD,True,1,,,True,48.8,29.7,36.8,False,2021
RAI,Alfa Romeo Racing,48.0,91.895,16.0,405,30.0,HARD,True,1,,,True,48.8,29.7,36.8,False,2021
MAZ,Haas F1 Team,48.0,93.252,17.0,406,23.0,HARD,True,1,,,True,48.6,29.7,36.3,False,2021
MSC,Haas F1 Team,48.0,93.091,18.0,406,24.0,HARD,True,1,,,True,48.6,29.7,36.3,False,2021
LEC,Ferrari,49.0,91.149,1.0,407,20.0,HARD,True,1,,,True,48.8,29.7,36.8,False,2021
HAM,Mercedes,49.0,90.525,2.0,407,22.0,HARD,True,1,,,True,48.8,29.7,36.8,False,2021
BOT,Mercedes,49.0,91.473,3.0,407,27.0,HARD,True,1,,,True,48.8,29.7,36.8,False,2021
NOR,McLaren,49.0,92.868,4.0,407,28.0,HARD,True,1,,,True,48.8,29.7,36.8,False,2021
RIC,McLaren,49.0,91.774,5.0,407,29.0,HARD,True,1,,,True,48.6,29.7,36.3,False,2021
SAI,Ferrari,49.0,91.784,6.0,408,21.0,HARD,True,1,,,True,48.6,29.7,36.3,False,2021
ALO,Alpine,49.0,92.361,7.0,408,25.0,HARD,True,1,,,True,48.6,29.7,36.3,False,2021
STR,Aston Martin,49.0,92.23,8.0,408,28.0,HARD,False,1,,,True,48.6,29.7,36.3,False,2021
OCO,Alpine,49.0,92.349,9.0,408,30.0,HARD,True,1,,,True,48.6,29.7,36.3,False,2021
TSU,AlphaTauri,49.0,91.209,10.0,409,19.0,HARD,True,1,,,True,48.6,29.7,36.3,False,2021
RUS,Williams,49.0,92.049,11.0,409,31.0,HARD,True,1,,,True,48.6,29.7,36.3,False,2021
GAS,AlphaTauri,49.0,92.093,12.0,410,3.0,SOFT,True,1,,,True,48.6,29.7,36.3,False,2021
GIO,Alfa Romeo Racing,49.0,92.346,13.0,410,26.0,HARD,True,1,,,True,48.6,29.7,36.3,False,2021
LAT,Williams,49.0,93.043,14.0,410,30.0,HARD,True,1,,,True,48.6,29.5,36.3,False,2021
RAI,Alfa Romeo Racing,49.0,92.275,15.0,410,31.0,HARD,True,1,,,True,48.6,29.5,36.3,False,2021
PER,Red Bull Racing,49.0,118.246,16.0,411,4.0,SOFT,False,1,,0 days 02:56:23.514000,False,48.6,29.5,36.3,False,2021
MAZ,Haas F1 Team,49.0,93.097,17.0,411,24.0,HARD,True,1,,,True,48.6,29.5,36.7,False,2021
MSC,Haas F1 Team,49.0,93.179,18.0,411,25.0,HARD,True,1,,,True,48.6,29.5,36.7,False,2021
HAM,Mercedes,50.0,90.9,1.0,412,23.0,HARD,True,1,,,True,48.6,29.7,36.3,False,2021
LEC,Ferrari,50.0,92.956,2.0,413,21.0,HARD,True,1,,,True,48.6,29.7,36.3,False,2021
BOT,Mercedes,50.0,92.153,3.0,413,28.0,HARD,True,1,,,True,48.6,29.5,36.3,False,2021
NOR,McLaren,50.0,92.679,4.0,413,29.0,HARD,True,1,,,True,48.6,29.5,36.3,False,2021
RIC,McLaren,50.0,91.642,5.0,413,30.0,HARD,True,1,,,True,48.6,29.5,36.3,False,2021
SAI,Ferrari,50.0,91.742,6.0,414,22.0,HARD,True,1,,,True,48.6,29.5,36.3,False,2021
ALO,Alpine,50.0,92.194,7.0,414,26.0,HARD,True,1,,,True,48.6,29.5,36.7,False,2021
STR,Aston Martin,50.0,92.447,8.0,414,29.0,HARD,False,1,,,True,48.6,29.5,36.7,False,2021
OCO,Alpine,50.0,92.244,9.0,414,31.0,HARD,True,1,,,True,48.6,29.5,36.7,False,2021
TSU,AlphaTauri,50.0,90.886,10.0,415,20.0,HARD,True,1,,,True,48.6,29.5,36.7,False,2021
GAS,AlphaTauri,50.0,90.995,11.0,416,4.0,SOFT,True,1,,,True,48.6,29.5,36.7,False,2021
RUS,Williams,50.0,92.861,12.0,416,32.0,HARD,True,1,,,True,48.6,29.5,36.7,False,2021
GIO,Alfa Romeo Racing,50.0,94.269,13.0,417,27.0,HARD,True,1,,,True,48.6,29.5,36.7,False,2021
LAT,Williams,50.0,92.718,14.0,417,31.0,HARD,True,1,,,True,48.6,29.5,36.7,False,2021
RAI,Alfa Romeo Racing,50.0,92.012,15.0,417,32.0,HARD,True,1,,,True,48.6,29.5,36.7,False,2021
PER,Red Bull Racing,50.0,88.617,16.0,418,5.0,SOFT,False,1,,,True,48.6,29.5,36.7,False,2021
MAZ,Haas F1 Team,50.0,92.927,17.0,418,25.0,HARD,True,1,,,True,48.6,29.9,36.4,False,2021
MSC,Haas F1 Team,50.0,92.862,18.0,418,26.0,HARD,True,1,,,True,48.6,29.9,36.4,False,2021
HAM,Mercedes,51.0,91.037,1.0,419,24.0,HARD,True,1,,,True,48.6,29.5,36.7,False,2021
LEC,Ferrari,51.0,92.454,2.0,420,22.0,HARD,True,1,,,True,48.6,29.5,36.7,False,2021
BOT,Mercedes,51.0,91.698,3.0,420,29.0,HARD,True,1,,,True,48.6,29.5,36.7,False,2021
NOR,McLaren,51.0,92.208,4.0,420,30.0,HARD,True,1,,,True,48.6,29.5,36.7,False,2021
RIC,McLaren,51.0,91.284,5.0,420,31.0,HARD,True,1,,,True,48.6,29.9,36.4,False,2021
SAI,Ferrari,51.0,91.223,6.0,421,23.0,HARD,True,1,,,True,48.6,29.9,36.4,False,2021
ALO,Alpine,51.0,92.81,7.0,421,27.0,HARD,True,1,,,True,48.6,29.9,36.4,False,2021
STR,Aston Martin,51.0,92.602,8.0,421,30.0,HARD,False,1,,,True,48.6,29.9,36.4,False,2021
OCO,Alpine,51.0,92.738,9.0,421,32.0,HARD,True,1,,,True,48.6,29.9,36.4,False,2021
TSU,AlphaTauri,51.0,90.826,10.0,422,21.0,HARD,True,1,,,True,48.6,29.9,36.4,False,2021
GAS,AlphaTauri,51.0,90.494,11.0,423,5.0,SOFT,True,1,,,True,48.6,29.9,36.4,False,2021
RUS,Williams,51.0,94.423,12.0,423,33.0,HARD,True,1,,,True,48.3,29.9,36.7,False,2021
GIO,Alfa Romeo Racing,51.0,94.792,13.0,424,28.0,HARD,True,1,,,True,48.3,29.9,36.7,False,2021
LAT,Williams,51.0,92.477,14.0,424,32.0,HARD,True,1,,,True,48.3,29.9,36.7,False,2021
RAI,Alfa Romeo Racing,51.0,92.537,15.0,424,33.0,HARD,True,1,,,True,48.3,29.9,36.7,False,2021
PER,Red Bull Racing,51.0,91.284,16.0,425,6.0,SOFT,False,1,,,True,48.3,29.9,36.7,False,2021
MAZ,Haas F1 Team,51.0,92.909,17.0,425,26.0,HARD,True,1,,,True,48.3,29.9,36.9,False,2021
MSC,Haas F1 Team,51.0,92.987,18.0,425,27.0,HARD,True,1,,,True,48.3,29.9,36.9,False,2021
HAM,Mercedes,52.0,91.635,1.0,426,25.0,HARD,True,1,,,True,48.3,29.9,36.7,False,2021
LEC,Ferrari,52.0,92.857,2.0,427,23.0,HARD,True,1,,,True,48.3,29.9,36.7,False,2021
BOT,Mercedes,52.0,92.424,3.0,427,30.0,HARD,True,1,,,True,48.3,29.9,36.7,False,2021
NOR,McLaren,52.0,92.244,4.0,427,31.0,HARD,True,1,,,True,48.3,29.9,36.7,False,2021
RIC,McLaren,52.0,91.323,5.0,427,32.0,HARD,True,1,,,True,48.3,29.9,36.7,False,2021
SAI,Ferrari,52.0,91.302,6.0,428,24.0,HARD,True,1,,,True,48.3,29.9,36.7,False,2021
ALO,Alpine,52.0,92.821,7.0,428,28.0,HARD,True,1,,,True,48.3,29.9,36.9,False,2021
STR,Aston Martin,52.0,93.251,8.0,428,31.0,HARD,False,1,,,True,48.3,29.9,36.9,False,2021
OCO,Alpine,52.0,92.804,9.0,428,33.0,HARD,True,1,,,True,48.3,29.9,36.9,False,2021
TSU,AlphaTauri,52.0,91.101,10.0,429,22.0,HARD,True,1,,,True,48.3,29.9,36.9,False,2021
GAS,AlphaTauri,52.0,90.266,11.0,430,6.0,SOFT,True,1,,,True,48.3,29.9,36.9,False,2021
VER,Red Bull Racing,1.0,141.969,1.0,1,1.0,SOFT,True,125,0 days 01:04:31.951000,,False,28.0,17.7,64.0,False,2022
SAI,Ferrari,1.0,143.979,2.0,2,1.0,MEDIUM,True,125,0 days 01:04:33.828000,,False,28.0,17.7,64.0,False,2022
HAM,Mercedes,1.0,146.223,3.0,3,1.0,MEDIUM,True,125,0 days 01:04:36.448000,,False,28.0,17.7,64.0,False,2022
LEC,Ferrari,1.0,147.771,4.0,4,1.0,MEDIUM,True,125,0 days 01:04:37.928000,,False,28.0,17.7,64.0,False,2022
ALO,Alpine,1.0,150.972,5.0,5,1.0,MEDIUM,True,125,0 days 01:04:41.372000,,False,28.0,17.7,64.0,False,2022
PER,Red Bull Racing,1.0,154.001,6.0,6,1.0,MEDIUM,True,125,0 days 01:04:43.896000,,False,28.1,17.6,65.0,False,2022
NOR,McLaren,1.0,156.287,7.0,7,1.0,MEDIUM,True,125,0 days 01:04:46.371000,,False,28.1,17.6,65.0,False,2022
LAT,Williams,1.0,159.57,8.0,8,1.0,SOFT,True,125,0 days 01:04:49.111000,,False,28.1,17.6,65.0,False,2022
BOT,Alfa Romeo,1.0,162.397,9.0,9,1.0,MEDIUM,True,125,0 days 01:04:51.154000,,False,28.1,17.6,65.0,False,2022
RIC,McLaren,1.0,166.878,10.0,10,1.0,MEDIUM,True,125,0 days 01:04:52.979000,,False,28.1,17.6,65.0,False,2022
GAS,AlphaTauri,1.0,169.321,11.0,11,1.0,MEDIUM,True,125,0 days 01:04:56.046000,,False,28.1,17.6,65.0,False,2022
MAG,Haas F1 Team,1.0,171.32,12.0,12,1.0,SOFT,True,125,0 days 01:04:58.332000,,False,28.1,17.6,65.0,False,2022
VET,Aston Martin,1.0,174.11,13.0,13,1.0,SOFT,True,125,0 days 01:05:00.687000,,False,28.1,17.6,65.0,False,2022
STR,Aston Martin,1.0,176.549,14.0,13,3.0,MEDIUM,False,125,0 days 01:05:02.964000,,False,28.1,17.6,65.0,False,2022
MSC,Haas F1 Team,1.0,178.096,15.0,14,3.0,MEDIUM,False,125,0 days 01:05:04.795000,,False,28.1,17.6,65.0,False,2022
TSU,AlphaTauri,1.0,215.85,16.0,15,1.0,MEDIUM,True,125,0 days 01:05:40.637000,,False,28.1,17.7,65.0,False,2022
OCO,Alpine,1.0,282.084,17.0,16,1.0,MEDIUM,True,125,0 days 01:06:49.665000,,False,28.6,17.9,64.0,False,2022
LEC,Ferrari,3.0,149.193,3.0,16,2.0,MEDIUM,True,1,,,True,32.8,18.7,57.0,False,2022
PER,Red Bull Racing,3.0,149.321,4.0,17,2.0,MEDIUM,True,1,,,True,32.8,18.7,57.0,False,2022
NOR,McLaren,3.0,139.606,5.0,17,3.0,MEDIUM,False,1,,,True,32.8,18.7,57.0,False,2022
HAM,Mercedes,3.0,145.614,6.0,18,2.0,MEDIUM,True,1,,,True,32.8,18.7,57.0,False,2022
GAS,AlphaTauri,3.0,131.047,7.0,19,2.0,SOFT,True,1,,,True,32.8,18.7,57.0,False,2022
ALO,Alpine,3.0,137.237,8.0,20,2.0,MEDIUM,True,1,,,True,32.8,18.7,57.0,False,2022
TSU,AlphaTauri,3.0,128.425,9.0,21,2.0,SOFT,True,1,,,True,32.8,18.7,57.0,False,2022
LAT,Williams,3.0,135.275,10.0,22,2.0,SOFT,True,1,,,True,32.8,18.7,57.0,False,2022
OCO,Alpine,3.0,125.385,11.0,23,2.0,SOFT,True,1,,,True,32.8,18.7,57.0,False,2022
RIC,McLaren,3.0,128.846,12.0,23,3.0,MEDIUM,False,1,,,True,32.8,18.7,57.0,False,2022
BOT,Alfa Romeo,3.0,131.434,13.0,24,2.0,MEDIUM,True,1,,,True,32.8,18.7,57.0,False,2022
VET,Aston Martin,3.0,120.736,14.0,25,2.0,SOFT,True,1,,,True,32.8,18.7,57.0,False,2022
MAG,Haas F1 Team,3.0,125.703,15.0,25,4.0,MEDIUM,False,1,,,True,32.8,18.7,57.0,False,2022
STR,Aston Martin,3.0,115.88,16.0,26,4.0,MEDIUM,False,1,,,True,32.8,18.7,57.0,False,2022
MSC,Haas F1 Team,3.0,120.329,17.0,27,2.0,MEDIUM,True,1,,,True,32.8,18.7,57.0,False,2022
SAI,Ferrari,4.0,93.437,1.0,27,3.0,MEDIUM,True,1,,,True,33.1,18.7,57.0,False,2022
VER,Red Bull Racing,4.0,93.807,2.0,28,3.0,MEDIUM,True,1,,,True,33.1,18.7,57.0,False,2022
LEC,Ferrari,4.0,94.65,3.0,29,3.0,MEDIUM,True,1,,,True,33.1,18.7,57.0,False,2022
PER,Red Bull Racing,4.0,95.479,4.0,30,3.0,MEDIUM,True,1,,,True,33.1,18.7,57.0,False,2022
NOR,McLaren,4.0,95.426,5.0,30,4.0,MEDIUM,False,1,,,True,33.1,18.7,57.0,False,2022
HAM,Mercedes,4.0,95.27,6.0,31,3.0,MEDIUM,True,1,,,True,33.1,18.7,57.0,False,2022
GAS,AlphaTauri,4.0,95.854,7.0,32,3.0,SOFT,True,1,,,True,33.1,18.7,57.0,False,2022
ALO,Alpine,4.0,96.426,8.0,33,3.0,MEDIUM,True,1,,,True,33.1,18.7,57.0,False,2022
TSU,AlphaTauri,4.0,96.822,9.0,34,3.0,SOFT,True,1,,,True,33.1,18.7,57.0,False,2022
OCO,Alpine,4.0,96.513,10.0,35,3.0,SOFT,True,1,,,True,33.1,18.7,57.0,False,2022
LAT,Williams,4.0,97.41,11.0,36,3.0,SOFT,True,1,,,True,33.1,18.7,57.0,False,2022
BOT,Alfa Romeo,4.0,97.106,12.0,37,3.0,MEDIUM,True,1,,,True,33.1,18.7,57.0,False,2022
RIC,McLaren,4.0,97.878,13.0,37,4.0,MEDIUM,False,1,,,True,33.1,18.7,57.0,False,2022
VET,Aston Martin,4.0,97.594,14.0,38,3.0,SOFT,True,1,,,True,33.1,18.7,57.0,False,2022
MAG,Haas F1 Team,4.0,97.784,15.0,38,5.0,MEDIUM,False,1,,,True,33.1,18.7,57.0,False,2022
MSC,Haas F1 Team,4.0,97.298,16.0,39,3.0,MEDIUM,True,1,,,True,33.1,18.7,57.0,False,2022
STR,Aston Martin,4.0,98.189,17.0,39,5.0,MEDIUM,False,1,,,True,33.1,18.7,57.0,False,2022
SAI,Ferrari,5.0,93.623,1.0,40,4.0,MEDIUM,True,1,,,True,33.5,18.7,55.0,False,2022
VER,Red Bull Racing,5.0,93.489,2.0,41,4.0,MEDIUM,True,1,,,True,33.5,18.7,55.0,False,2022
LEC,Ferrari,5.0,93.657,3.0,42,4.0,MEDIUM,True,1,,,True,33.5,18.7,55.0,False,2022
PER,Red Bull Racing,5.0,95.398,4.0,43,4.0,MEDIUM,True,1,0 days 02:03:31.519000,,False,33.5,18.7,55.0,False,2022
NOR,McLaren,5.0,95.243,5.0,43,5.0,MEDIUM,False,1,,,True,33.5,18.7,55.0,False,2022
HAM,Mercedes,5.0,95.12,6.0,44,4.0,MEDIUM,True,1,,,True,33.5,18.7,55.0,False,2022
ALO,Alpine,5.0,95.064,7.0,45,4.0,MEDIUM,True,1,,,True,33.5,18.7,55.0,False,2022
GAS,AlphaTauri,5.0,96.576,8.0,46,4.0,SOFT,True,1,,,True,33.5,18.7,55.0,False,2022
TSU,AlphaTauri,5.0,95.745,9.0,47,4.0,SOFT,True,1,,,True,33.5,18.7,55.0,False,2022
OCO,Alpine,5.0,95.717,10.0,48,4.0,SOFT,True,1,,,True,33.5,18.7,55.0,False,2022
LAT,Williams,5.0,95.719,11.0,49,4.0,SOFT,True,1,,,True,33.5,18.7,55.0,False,2022
BOT,Alfa Romeo,5.0,95.571,12.0,50,4.0,MEDIUM,True,1,,,True,33.5,18.7,55.0,False,2022
RIC,McLaren,5.0,95.865,13.0,50,5.0,MEDIUM,False,1,,,True,33.5,18.7,55.0,False,2022
VET,Aston Martin,5.0,95.814,14.0,51,4.0,SOFT,True,1,,,True,33.5,18.7,55.0,False,2022
MAG,Haas F1 Team,5.0,95.935,15.0,51,6.0,MEDIUM,False,1,,,True,33.5,18.7,55.0,False,2022
MSC,Haas F1 Team,5.0,96.04,16.0,52,4.0,MEDIUM,True,1,,,True,33.5,18.7,55.0,False,2022
STR,Aston Martin,5.0,96.284,17.0,52,6.0,MEDIUM,False,1,,,True,33.5,18.7,55.0,False,2022
SAI,Ferrari,6.0,93.596,1.0,53,5.0,MEDIUM,True,1,,,True,33.3,18.6,55.0,False,2022
VER,Red Bull Racing,6.0,93.539,2.0,54,5.0,MEDIUM,True,1,,,True,33.3,18.6,55.0,False,2022
LEC,Ferrari,6.0,93.483,3.0,55,5.0,MEDIUM,True,1,,,True,33.3,18.6,55.0,False,2022
HAM,Mercedes,6.0,93.731,4.0,56,5.0,MEDIUM,True,1,,,True,33.3,18.6,55.0,False,2022
NOR,McLaren,6.0,95.119,5.0,56,6.0,MEDIUM,False,1,,,True,33.3,18.6,55.0,False,2022
ALO,Alpine,6.0,94.947,6.0,57,5.0,MEDIUM,True,1,,,True,33.3,18.6,55.0,False,2022
GAS,AlphaTauri,6.0,95.333,7.0,58,5.0,SOFT,True,1,,,True,33.3,18.6,55.0,False,2022
TSU,AlphaTauri,6.0,95.483,8.0,59,5.0,SOFT,True,1,,,True,33.3,18.6,55.0,False,2022
OCO,Alpine,6.0,95.589,9.0,60,5.0,SOFT,True,1,,,True,33.3,18.6,55.0,False,2022
LAT,Williams,6.0,95.743,10.0,61,5.0,SOFT,True,1,,,True,33.3,18.6,55.0,False,2022
BOT,Alfa Romeo,6.0,95.694,11.0,62,5.0,MEDIUM,True,1,,,True,33.3,18.6,55.0,False,2022
VET,Aston Martin,6.0,94.962,12.0,63,5.0,SOFT,True,1,0 days 02:05:13.373000,,False,33.3,18.6,55.0,False,2022
RIC,McLaren,6.0,95.642,13.0,63,6.0,MEDIUM,False,1,,,True,33.3,18.6,55.0,False,2022
MAG,Haas F1 Team,6.0,95.549,14.0,63,7.0,MEDIUM,False,1,,,True,33.3,18.6,55.0,False,2022
MSC,Haas F1 Team,6.0,95.569,15.0,64,5.0,MEDIUM,True,1,,,True,33.3,18.6,55.0,False,2022
STR,Aston Martin,6.0,95.761,16.0,64,7.0,MEDIUM,False,1,,,True,33.3,18.6,55.0,False,2022
PER,Red Bull Racing,6.0,123.44,17.0,65,2.0,MEDIUM,False,1,,0 days 02:04:08.803000,False,33.3,18.6,55.0,False,2022
SAI,Ferrari,7.0,93.918,1.0,65,6.0,MEDIUM,True,1,,,True,33.3,18.6,56.0,False,2022
VER,Red Bull Racing,7.0,93.762,2.0,66,6.0,MEDIUM,True,1,,,True,33.3,18.6,56.0,False,2022
LEC,Ferrari,7.0,93.704,3.0,67,6.0,MEDIUM,True,1,,,True,33.3,18.6,56.0,False,2022
HAM,Mercedes,7.0,93.955,4.0,68,6.0,MEDIUM,True,1,,,True,33.3,18.6,56.0,False,2022
NOR,McLaren,7.0,95.45,5.0,68,7.0,MEDIUM,False,1,,,True,33.3,18.6,56.0,False,2022
ALO,Alpine,7.0,94.985,6.0,69,6.0,MEDIUM,True,1,,,True,33.3,18.6,56.0,False,2022
GAS,AlphaTauri,7.0,95.642,7.0,70,6.0,SOFT,True,1,,,True,33.5,18.5,55.0,False,2022
TSU,AlphaTauri,7.0,95.573,8.0,71,6.0,SOFT,True,1,,,True,33.5,18.5,55.0,False,2022
OCO,Alpine,7.0,95.631,9.0,72,6.0,SOFT,True,1,,,True,33.5,18.5,55.0,False,2022
LAT,Williams,7.0,95.615,10.0,73,6.0,SOFT,True,1,,,True,33.5,18.5,55.0,False,2022
BOT,Alfa Romeo,7.0,95.579,11.0,74,6.0,MEDIUM,True,1,,,True,33.5,18.5,55.0,False,2022
RIC,McLaren,7.0,95.66,12.0,74,7.0,MEDIUM,False,1,,,True,33.5,18.5,55.0,False,2022
MAG,Haas F1 Team,7.0,95.242,13.0,74,8.0,MEDIUM,False,1,,,True,33.5,18.5,55.0,False,2022
MSC,Haas F1 Team,7.0,95.083,14.0,75,6.0,MEDIUM,True,1,,,True,33.5,18.5,55.0,False,2022
STR,Aston Martin,7.0,95.666,15.0,75,8.0,MEDIUM,False,1,,,True,33.5,18.5,55.0,False,2022
PER,Red Bull Racing,7.0,93.455,16.0,76,3.0,MEDIUM,False,1,,,True,33.5,18.5,55.0,False,2022
VET,Aston Martin,7.0,117.22,17.0,77,3.0,MEDIUM,False,1,,0 days 02:05:43.165000,False,33.5,18.5,55.0,False,2022
SAI,Ferrari,8.0,93.732,1.0,77,7.0,MEDIUM,True,1,,,True,33.5,18.4,55.0,False,2022
VER,Red Bull Racing,8.0,93.451,2.0,78,7.0,MEDIUM,True,1,,,True,33.5,18.4,55.0,False,2022
LEC,Ferrari,8.0,93.648,3.0,79,7.0,MEDIUM,True,1,,,True,33.5,18.4,55.0,False,2022
HAM,Mercedes,8.0,93.679,4.0,80,7.0,MEDIUM,True,1,,,True,33.5,18.4,55.0,False,2022
NOR,McLaren,8.0,94.778,5.0,80,8.0,MEDIUM,False,1,,,True,33.5,18.4,55.0,False,2022
ALO,Alpine,8.0,94.976,6.0,81,7.0,MEDIUM,True,1,,,True,33.5,18.4,55.0,False,2022
GAS,AlphaTauri,8.0,95.512,7.0,82,7.0,SOFT,True,1,,,True,33.5,18.4,55.0,False,2022
TSU,AlphaTauri,8.0,95.409,8.0,83,7.0,SOFT,True,1,,,True,33.5,18.4,55.0,False,2022
OCO,Alpine,8.0,95.485,9.0,84,7.0,SOFT,True,1,,,True,33.5,18.4,55.0,False,2022
LAT,Williams,8.0,95.673,10.0,85,7.0,SOFT,True,1,,,True,33.5,18.4,55.0,False,2022
BOT,Alfa Romeo,8.0,95.857,11.0,86,7.0,MEDIUM,True,1,,,True,33.5,18.4,55.0,False,2022
RIC,McLaren,8.0,95.802,12.0,86,8.0,MEDIUM,False,1,,,True,33.5,18.4,55.0,False,2022
MAG,Haas F1 Team,8.0,95.611,13.0,86,9.0,MEDIUM,False,1,,,True,33.5,18.4,55.0,False,2022
MSC,Haas F1 Team,8.0,95.677,14.0,87,7.0,MEDIUM,True,1,,,True,33.5,18.4,55.0,False,2022
STR,Aston Martin,8.0,95.64,15.0,87,9.0,MEDIUM,False,1,,,True,33.5,18.4,55.0,False,2022
PER,Red Bull Racing,8.0,93.435,16.0,88,4.0,MEDIUM,False,1,,,True,33.5,18.4,55.0,False,2022
VET,Aston Martin,8.0,95.155,17.0,89,4.0,MEDIUM,False,1,,,True,32.9,18.3,56.0,False,2022
SAI,Ferrari,9.0,93.575,1.0,89,8.0,MEDIUM,True,1,,,True,32.9,18.3,56.0,False,2022
VER,Red Bull Racing,9.0,93.606,2.0,90,8.0,MEDIUM,True,1,,,True,32.9,18.3,56.0,False,2022
LEC,Ferrari,9.0,93.509,3.0,91,8.0,MEDIUM,True,1,,,True,32.9,18.3,56.0,False,2022
HAM,Mercedes,9.0,93.704,4.0,92,8.0,MEDIUM,True,1,,,True,32.2,18.4,56.0,False,2022
NOR,McLaren,9.0,95.058,5.0,92,9.0,MEDIUM,False,1,,,True,32.2,18.4,56.0,False,2022
ALO,Alpine,9.0,94.799,6.0,93,8.0,MEDIUM,True,1,,,True,32.2,18.4,56.0,False,2022
GAS,AlphaTauri,9.0,95.527,7.0,94,8.0,SOFT,True,1,,,True,32.2,18.4,56.0,False,2022
TSU,AlphaTauri,9.0,95.766,8.0,95,8.0,SOFT,True,1,,,True,32.2,18.4,56.0,False,2022
OCO,Alpine,9.0,95.807,9.0,96,8.0,SOFT,True,1,,,True,32.2,18.4,56.0,False,2022
LAT,Williams,9.0,95.522,10.0,97,8.0,SOFT,True,1,,,True,32.2,18.4,56.0,False,2022
BOT,Alfa Romeo,9.0,95.527,11.0,98,8.0,MEDIUM,True,1,,,True,32.2,18.4,56.0,False,2022
RIC,McLaren,9.0,95.37,12.0,98,9.0,MEDIUM,False,1,,,True,32.2,18.4,56.0,False,2022
MAG,Haas F1 Team,9.0,95.443,13.0,98,10.0,MEDIUM,False,1,,,True,32.2,18.4,56.0,False,2022
MSC,Haas F1 Team,9.0,96.028,14.0,99,8.0,MEDIUM,True,1,,,True,32.2,18.4,56.0,False,2022
STR,Aston Martin,9.0,96.032,15.0,99,10.0,MEDIUM,False,1,,,True,32.2,18.4,56.0,False,2022
PER,Red Bull Racing,9.0,93.362,16.0,100,5.0,MEDIUM,False,1,,,True,32.2,18.4,56.0,False,2022
VET,Aston Martin,9.0,95.178,17.0,101,5.0,MEDIUM,False,1,,,True,32.2,18.4,56.0,False,2022
VER,Red Bull Racing,10.0,93.486,1.0,101,9.0,MEDIUM,True,1,,,True,32.2,18.4,57.0,False,2022
SAI,Ferrari,10.0,95.415,2.0,102,9.0,MEDIUM,True,1,,,True,32.2,18.4,57.0,False,2022
LEC,Ferrari,10.0,93.821,3.0,103,9.0,MEDIUM,True,1,,,True,32.2,18.4,57.0,False,2022
HAM,Mercedes,10.0,93.338,4.0,104,9.0,MEDIUM,True,1,,,True,32.2,18.4,57.0,False,2022
NOR,McLaren,10.0,94.567,5.0,104,10.0,MEDIUM,False,1,,,True,32.2,18.4,57.0,False,2022
ALO,Alpine,10.0,94.721,6.0,105,9.0,MEDIUM,True,1,,,True,32.2,18.4,57.0,False,2022
GAS,AlphaTauri,10.0,96.25,7.0,106,9.0,SOFT,True,1,,,True,32.2,18.4,57.0,False,2022
TSU,AlphaTauri,10.0,95.616,8.0,107,9.0,SOFT,True,1,,,True,32.2,18.4,57.0,False,2022
OCO,Alpine,10.0,95.291,9.0,108,9.0,SOFT,True,1,,,True,32.2,18.4,57.0,False,2022
LAT,Williams,10.0,95.462,10.0,109,9.0,SOFT,True,1,,,True,32.2,18.4,57.0,False,2022
BOT,Alfa Romeo,10.0,95.433,11.0,110,9.0,MEDIUM,True,1,,,True,32.2,18.4,57.0,False,2022
RIC,McLaren,10.0,95.509,12.0,110,10.0,MEDIUM,False,1,,,True,32.2,18.4,57.0,False,2022
MAG,Haas F1 Team,10.0,95.541,13.0,110,11.0,MEDIUM,False,1,,,True,32.2,18.4,57.0,False,2022
MSC,Haas F1 Team,10.0,95.42,14.0,111,9.0,MEDIUM,True,1,,,True,32.2,18.4,57.0,False,2022
STR,Aston Martin,10.0,95.766,15.0,111,11.0,MEDIUM,False,1,,,True,32.2,18.4,57.0,False,2022
PER,Red Bull Racing,10.0,93.395,16.0,112,6.0,MEDIUM,False,12,,,True,31.8,18.3,57.0,False,2022
VET,Aston Martin,10.0,95.024,17.0,113,6.0,MEDIUM,False,12,,,True,31.8,18.3,57.0,False,2022
VER,Red Bull Racing,11.0,93.632,1.0,113,10.0,MEDIUM,True,12,,,True,31.9,18.4,57.0,False,2022
SAI,Ferrari,11.0,93.862,2.0,114,10.0,MEDIUM,True,12,,,True,31.9,18.4,57.0,False,2022
LEC,Ferrari,11.0,93.683,3.0,115,10.0,MEDIUM,True,12,,,True,31.9,18.4,57.0,False,2022
HAM,Mercedes,11.0,93.335,4.0,116,10.0,MEDIUM,True,12,,,True,31.9,18.4,57.0,False,2022
NOR,McLaren,11.0,94.688,5.0,116,11.0,MEDIUM,False,12,,,True,31.9,18.4,57.0,False,2022
ALO,Alpine,11.0,94.709,6.0,117,10.0,MEDIUM,True,12,,,True,31.9,18.4,57.0,False,2022
OCO,Alpine,11.0,95.57,7.0,118,10.0,SOFT,True,12,,,True,31.9,18.4,57.0,False,2022
LAT,Williams,11.0,95.686,8.0,119,10.0,SOFT,True,12,,,True,31.9,18.4,57.0,False,2022
BOT,Alfa Romeo,11.0,95.768,9.0,120,10.0,MEDIUM,True,12,,,True,31.9,18.4,57.0,False,2022
RIC,McLaren,11.0,95.713,10.0,120,11.0,MEDIUM,False,12,,,True,31.9,18.4,57.0,False,2022
MAG,Haas F1 Team,11.0,95.521,11.0,120,12.0,MEDIUM,False,12,,,True,31.9,18.4,57.0,False,2022
MSC,Haas F1 Team,11.0,94.999,12.0,121,10.0,MEDIUM,True,12,,,True,31.9,18.4,57.0,False,2022
GAS,AlphaTauri,11.0,102.236,13.0,122,10.0,SOFT,True,12,,,True,31.9,18.4,57.0,False,2022
STR,Aston Martin,11.0,96.768,14.0,122,12.0,MEDIUM,False,12,,,True,31.9,18.4,57.0,False,2022
TSU,AlphaTauri,11.0,105.425,15.0,123,10.0,SOFT,True,12,,,True,31.9,18.4,57.0,False,2022
PER,Red Bull Racing,11.0,93.678,16.0,124,7.0,MEDIUM,False,21,,,True,31.9,18.4,57.0,False,2022
VET,Aston Martin,11.0,95.052,17.0,125,7.0,MEDIUM,False,21,,,True,31.9,18.4,57.0,False,2022
VER,Red Bull Racing,12.0,94.701,1.0,125,11.0,MEDIUM,True,1,0 days 02:14:21.678000,,False,32.1,18.4,57.0,False,2022
SAI,Ferrari,12.0,93.491,2.0,126,11.0,MEDIUM,True,1,,,True,32.1,18.4,57.0,False,2022
LEC,Ferrari,12.0,93.793,3.0,127,11.0,MEDIUM,True,1,,,True,32.1,18.4,57.0,False,2022
HAM,Mercedes,12.0,94.09,4.0,128,11.0,MEDIUM,True,1,,,True,32.1,18.4,57.0,False,2022
NOR,McLaren,12.0,94.801,5.0,128,12.0,MEDIUM,False,1,,,True,32.1,18.4,57.0,False,2022
ALO,Alpine,12.0,94.439,6.0,129,11.0,MEDIUM,True,1,,,True,32.1,18.4,57.0,False,2022
OCO,Alpine,12.0,95.494,7.0,130,11.0,SOFT,True,1,,,True,32.3,18.4,55.0,False,2022
LAT,Williams,12.0,95.531,8.0,131,11.0,SOFT,True,1,,,True,32.3,18.4,55.0,False,2022
BOT,Alfa Romeo,12.0,95.274,9.0,132,11.0,MEDIUM,True,1,,,True,32.3,18.4,55.0,False,2022
RIC,McLaren,12.0,95.367,10.0,132,12.0,MEDIUM,False,1,,,True,32.3,18.4,55.0,False,2022
MAG,Haas F1 Team,12.0,95.422,11.0,132,13.0,MEDIUM,False,1,,,True,32.3,18.4,55.0,False,2022
MSC,Haas F1 Team,12.0,95.408,12.0,133,11.0,MEDIUM,True,1,,,True,32.3,18.4,55.0,False,2022
GAS,AlphaTauri,12.0,95.807,13.0,134,11.0,SOFT,True,1,,,True,32.3,18.4,55.0,False,2022
STR,Aston Martin,12.0,96.001,14.0,134,13.0,MEDIUM,False,1,,,True,32.3,18.4,55.0,False,2022
TSU,AlphaTauri,12.0,96.194,15.0,135,11.0,SOFT,True,1,,,True,32.3,18.4,55.0,False,2022
PER,Red Bull Racing,12.0,93.845,16.0,136,8.0,MEDIUM,False,1,,,True,32.3,18.4,55.0,False,2022
VET,Aston Martin,12.0,94.911,17.0,137,8.0,MEDIUM,False,1,,,True,32.3,18.4,55.0,False,2022
SAI,Ferrari,13.0,93.31,1.0,137,12.0,MEDIUM,True,1,,,True,32.1,18.4,56.0,False,2022
LEC,Ferrari,13.0,93.204,2.0,138,12.0,MEDIUM,True,1,,,True,32.1,18.4,56.0,False,2022
HAM,Mercedes,13.0,93.212,3.0,139,12.0,MEDIUM,True,1,,,True,32.1,18.4,56.0,False,2022
NOR,McLaren,13.0,94.383,4.0,139,13.0,MEDIUM,False,1,,,True,32.1,18.4,56.0,False,2022
ALO,Alpine,13.0,94.276,5.0,140,12.0,MEDIUM,True,1,,,True,32.1,18.4,56.0,False,2022
VER,Red Bull Racing,13.0,116.214,6.0,141,1.0,MEDIUM,True,1,,0 days 02:14:51.078000,False,32.1,18.4,56.0,False,2022
OCO,Alpine,13.0,95.426,7.0,141,12.0,SOFT,True,1,,,True,32.1,18.4,56.0,False,2022
LAT,Williams,13.0,95.333,8.0,142,12.0,SOFT,True,1,,,True,32.1,18.4,56.0,False,2022
BOT,Alfa Romeo,13.0,95.387,9.0,143,12.0,MEDIUM,True,1,,,True,32.1,18.4,56.0,False,2022
RIC,McLaren,13.0,95.247,10.0,143,13.0,MEDIUM,False,1,,,True,32.1,18.4,56.0,False,2022
MAG,Haas F1 Team,13.0,95.403,11.0,143,14.0,MEDIUM,False,1,,,True,32.1,18.4,56.0,False,2022
MSC,Haas F1 Team,13.0,95.452,12.0,144,12.0,MEDIUM,True,1,,,True,32.1,18.4,56.0,False,2022
GAS,AlphaTauri,13.0,95.543,13.0,145,12.0,SOFT,True,1,,,True,32.1,18.4,56.0,False,2022
STR,Aston Martin,13.0,95.464,14.0,145,14.0,MEDIUM,False,1,,,True,32.1,18.4,56.0,False,2022
PER,Red Bull Racing,13.0,94.869,15.0,146,9.0,MEDIUM,False,1,,,True,32.1,18.4,56.0,False,2022
TSU,AlphaTauri,13.0,96.659,16.0,146,12.0,SOFT,True,1,,,True,32.1,18.4,56.0,False,2022
VET,Aston Martin,13.0,94.912,17.0,147,9.0,MEDIUM,False,1,,,True,32.1,18.4,56.0,False,2022
SAI,Ferrari,14.0,93.55,1.0,147,13.0,MEDIUM,True,1,,,True,32.1,18.4,54.0,False,2022
LEC,Ferrari,14.0,93.451,2.0,148,13.0,MEDIUM,True,1,,,True,32.1,18.4,54.0,False,2022
HAM,Mercedes,14.0,93.226,3.0,149,13.0,MEDIUM,True,1,,,True,32.1,18.4,54.0,False,2022
NOR,McLaren,14.0,94.191,4.0,149,14.0,MEDIUM,False,1,,,True,32.0,18.4,54.0,False,2022
ALO,Alpine,14.0,94.062,5.0,150,13.0,MEDIUM,True,1,,,True,32.0,18.4,54.0,False,2022
VER,Red Bull Racing,14.0,94.388,6.0,151,2.0,MEDIUM,True,1,,,True,32.0,18.4,54.0,False,2022
OCO,Alpine,14.0,95.256,7.0,151,13.0,SOFT,True,1,,,True,32.0,18.4,54.0,False,2022
LAT,Williams,14.0,95.265,8.0,152,13.0,SOFT,True,1,,,True,32.0,18.4,54.0,False,2022
BOT,Alfa Romeo,14.0,95.117,9.0,153,13.0,MEDIUM,True,1,,,True,32.0,18.4,54.0,False,2022
RIC,McLaren,14.0,95.289,10.0,153,14.0,MEDIUM,False,1,,,True,32.0,18.4,54.0,False,2022
MAG,Haas F1 Team,14.0,95.258,11.0,153,15.0,MEDIUM,False,1,,,True,32.0,18.4,54.0,False,2022
MSC,Haas F1 Team,14.0,95.222,12.0,154,13.0,MEDIUM,True,1,,,True,32.0,18.4,54.0,False,2022
GAS,AlphaTauri,14.0,95.419,13.0,155,13.0,SOFT,True,1,,,True,32.0,18.4,54.0,False,2022
STR,Aston Martin,14.0,95.466,14.0,155,15.0,MEDIUM,False,1,,,True,32.0,18.4,54.0,False,2022
PER,Red Bull Racing,14.0,93.838,15.0,156,10.0,MEDIUM,False,1,,,True,32.0,18.4,54.0,False,2022
TSU,AlphaTauri,14.0,96.235,16.0,156,13.0,SOFT,True,1,,,True,32.0,18.4,54.0,False,2022
VET,Aston Martin,14.0,94.82,17.0,157,10.0,MEDIUM,False,1,,,True,32.0,18.4,54.0,False,2022
SAI,Ferrari,15.0,93.445,1.0,157,14.0,MEDIUM,True,1,,,True,31.6,18.4,56.0,False,2022
LEC,Ferrari,15.0,93.222,2.0,158,14.0,MEDIUM,True,1,,,True,31.6,18.4,56.0,False,2022
HAM,Mercedes,15.0,93.042,3.0,159,14.0,MEDIUM,True,1,,,True,31.6,18.4,56.0,False,2022
NOR,McLaren,15.0,94.143,4.0,159,15.0,MEDIUM,False,1,,,True,31.6,18.4,56.0,False,2022
ALO,Alpine,15.0,94.363,5.0,160,14.0,MEDIUM,True,1,,,True,31.6,18.4,56.0,False,2022
VER,Red Bull Racing,15.0,94.806,6.0,161,3.0,MEDIUM,True,1,,,True,31.6,18.4,56.0,False,2022
OCO,Alpine,15.0,95.101,7.0,161,14.0,SOFT,True,1,,,True,31.6,18.4,56.0,False,2022
LAT,Williams,15.0,95.232,8.0,162,14.0,SOFT,True,1,,,True,31.6,18.4,56.0,False,2022
BOT,Alfa Romeo,15.0,95.279,9.0,163,14.0,MEDIUM,True,1,,,True,31.6,18.4,56.0,False,2022
RIC,McLaren,15.0,95.303,10.0,163,15.0,MEDIUM,False,1,,,True,31.6,18.4,56.0,False,2022
MSC,Haas F1 Team,15.0,95.327,11.0,164,14.0,MEDIUM,True,1,,,True,31.6,18.4,56.0,False,2022
MAG,Haas F1 Team,15.0,96.592,12.0,164,16.0,MEDIUM,False,1,,,True,31.6,18.4,56.0,False,2022
GAS,AlphaTauri,15.0,95.671,13.0,165,14.0,SOFT,True,1,,,True,31.6,18.4,56.0,False,2022
STR,Aston Martin,15.0,95.004,14.0,165,16.0,MEDIUM,False,1,0 days 02:19:37.996000,,False,31.6,18.4,56.0,False,2022
PER,Red Bull Racing,15.0,94.293,15.0,166,11.0,MEDIUM,False,1,,,True,31.6,18.4,56.0,False,2022
TSU,AlphaTauri,15.0,96.207,16.0,166,14.0,SOFT,True,1,,,True,31.6,18.4,56.0,False,2022
VET,Aston Martin,15.0,94.816,17.0,167,11.0,MEDIUM,False,1,,,True,32.0,18.4,56.0,False,2022
SAI,Ferrari,16.0,93.55,1.0,167,15.0,MEDIUM,True,1,,,True,32.0,18.4,56.0,False,2022
LEC,Ferrari,16.0,93.61,2.0,168,15.0,MEDIUM,True,1,,,True,32.0,18.4,56.0,False,2022
HAM,Mercedes,16.0,92.973,3.0,169,15.0,MEDIUM,True,1,,,True,32.0,18.4,56.0,False,2022
NOR,McLaren,16.0,93.958,4.0,169,16.0,MEDIUM,False,1,,,True,32.4,18.6,56.0,False,2022
ALO,Alpine,16.0,94.295,5.0,170,15.0,MEDIUM,True,1,,,True,32.4,18.6,56.0,False,2022
VER,Red Bull Racing,16.0,95.015,6.0,171,4.0,MEDIUM,True,1,,,True,32.4,18.6,56.0,False,2022
OCO,Alpine,16.0,94.995,7.0,171,15.0,SOFT,True,1,,,True,32.4,18.6,56.0,False,2022
LAT,Williams,16.0,95.635,8.0,172,15.0,SOFT,True,1,,,True,32.4,18.6,56.0,False,2022
BOT,Alfa Romeo,16.0,95.702,9.0,173,15.0,MEDIUM,True,1,,,True,32.4,18.6,56.0,False,2022
RIC,McLaren,16.0,95.571,10.0,173,16.0,MEDIUM,False,1,,,True,32.4,18.6,56.0,False,2022
MSC,Haas F1 Team,16.0,94.892,11.0,174,15.0,MEDIUM,True,1,,,True,32.4,18.6,56.0,False,2022
MAG,Haas F1 Team,16.0,95.065,12.0,174,17.0,MEDIUM,False,1,,,True,32.4,18.6,56.0,False,2022
GAS,AlphaTauri,16.0,95.528,13.0,175,15.0,SOFT,True,1,0 days 02:21:13.394000,,False,32.4,18.6,56.0,False,2022
PER,Red Bull Racing,16.0,94.301,14.0,176,12.0,MEDIUM,False,1,,,True,32.4,18.6,56.0,False,2022
TSU,AlphaTauri,16.0,96.092,15.0,176,15.0,SOFT,True,1,,,True,32.4,18.6,56.0,False,2022
VET,Aston Martin,16.0,94.828,16.0,177,12.0,MEDIUM,False,1,,,True,32.4,18.6,56.0,False,2022
STR,Aston Martin,16.0,118.262,17.0,178,2.0,HARD,False,1,,0 days 02:20:06.634000,False,32.4,18.6,56.0,False,2022
SAI,Ferrari,17.0,93.328,1.0,178,16.0,MEDIUM,True,1,,,True,32.3,18.7,55.0,False,2022
LEC,Ferrari,17.0,93.459,2.0,179,16.0,MEDIUM,True,1,,,True,32.3,18.7,55.0,False,2022
HAM,Mercedes,17.0,93.168,3.0,180,16.0,MEDIUM,True,1,,,True,32.3,18.7,55.0,False,2022
NOR,McLaren,17.0,94.454,4.0,180,17.0,MEDIUM,False,1,,,True,32.3,18.7,55.0,False,2022
ALO,Alpine,17.0,94.251,5.0,181,16.0,MEDIUM,True,1,,,True,32.3,18.7,55.0,False,2022
VER,Red Bull Racing,17.0,94.994,6.0,182,5.0,MEDIUM,True,1,,,True,32.3,18.7,55.0,False,2022
OCO,Alpine,17.0,94.999,7.0,182,16.0,SOFT,True,1,,,True,32.3,18.7,55.0,False,2022
LAT,Williams,17.0,95.357,8.0,183,16.0,SOFT,True,1,,,True,32.3,18.7,55.0,False,2022
BOT,Alfa Romeo,17.0,95.364,9.0,184,16.0,MEDIUM,True,1,,,True,32.3,18.7,55.0,False,2022
RIC,McLaren,17.0,95.289,10.0,184,17.0,MEDIUM,False,1,,,True,32.3,18.7,55.0,False,2022
MSC,Haas F1 Team,17.0,95.449,11.0,185,16.0,MEDIUM,True,1,,,True,32.3,18.7,55.0,False,2022
MAG,Haas F1 Team,17.0,95.848,12.0,185,18.0,MEDIUM,False,1,,,True,32.3,18.7,55.0,False,2022
PER,Red Bull Racing,17.0,93.657,13.0,186,13.0,MEDIUM,False,1,,,True,32.3,18.7,55.0,False,2022
TSU,AlphaTauri,17.0,96.0,14.0,186,16.0,SOFT,True,1,,,True,32.3,18.7,55.0,False,2022
VET,Aston Martin,17.0,94.75,15.0,187,13.0,MEDIUM,False,1,,,True,32.3,18.7,55.0,False,2022
GAS,AlphaTauri,17.0,118.199,16.0,188,2.0,HARD,False,1,,0 days 02:21:43.037000,False,32.3,18.7,55.0,False,2022
STR,Aston Martin,17.0,95.948,17.0,188,3.0,HARD,False,1,,,True,32.3,18.7,55.0,False,2022
SAI,Ferrari,18.0,93.166,1.0,188,17.0,MEDIUM,True,1,,,True,32.3,18.7,55.0,False,2022
LEC,Ferrari,18.0,93.363,2.0,189,17.0,MEDIUM,True,1,,,True,32.3,18.7,55.0,False,2022
HAM,Mercedes,18.0,92.92,3.0,190,17.0,MEDIUM,True,1,,,True,31.9,18.7,56.0,False,2022
NOR,McLaren,18.0,93.88,4.0,190,18.0,MEDIUM,False,1,,,True,31.9,18.7,56.0,False,2022
ALO,Alpine,18.0,93.855,5.0,191,17.0,MEDIUM,True,1,,,True,31.9,18.7,56.0,False,2022
VER,Red Bull Racing,18.0,94.973,6.0,192,6.0,MEDIUM,True,1,,,True,31.9,18.7,56.0,False,2022
OCO,Alpine,18.0,94.849,7.0,192,17.0,SOFT,True,1,,,True,31.9,18.7,56.0,False,2022
LAT,Williams,18.0,95.442,8.0,193,17.0,SOFT,True,1,,,True,31.9,18.7,56.0,False,2022
BOT,Alfa Romeo,18.0,95.507,9.0,194,17.0,MEDIUM,True,1,,,True,31.9,18.7,56.0,False,2022
RIC,McLaren,18.0,95.56,10.0,194,18.0,MEDIUM,False,1,,,True,31.9,18.7,56.0,False,2022
MSC,Haas F1 Team,18.0,95.425,11.0,195,17.0,MEDIUM,True,1,,,True,31.9,18.7,56.0,False,2022
PER,Red Bull Racing,18.0,93.816,12.0,196,14.0,MEDIUM,False,1,,,True,31.9,18.7,56.0,False,2022
MAG,Haas F1 Team,18.0,95.869,13.0,196,19.0,MEDIUM,False,1,,,True,31.9,18.7,56.0,False,2022
TSU,AlphaTauri,18.0,95.184,14.0,197,17.0,SOFT,True,1,0 days 02:24:31.514000,,False,31.9,18.7,56.0,False,2022
VET,Aston Martin,18.0,94.712,15.0,198,14.0,MEDIUM,False,1,,,True,31.9,18.7,56.0,False,2022
GAS,AlphaTauri,18.0,94.614,16.0,199,3.0,HARD,False,1,,,True,31.8,18.7,55.0,False,2022
STR,Aston Martin,18.0,94.833,17.0,199,4.0,HARD,False,1,,,True,31.8,18.7,55.0,False,2022
SAI,Ferrari,19.0,92.974,1.0,199,18.0,MEDIUM,True,1,,,True,31.8,18.7,55.0,False,2022
LEC,Ferrari,19.0,92.757,2.0,200,18.0,MEDIUM,True,1,,,True,31.8,18.7,55.0,False,2022
HAM,Mercedes,19.0,92.592,3.0,201,18.0,MEDIUM,True,1,,,True,31.8,18.7,55.0,False,2022
NOR,McLaren,19.0,93.824,4.0,201,19.0,MEDIUM,False,1,,,True,31.8,18.7,55.0,False,2022
ALO,Alpine,19.0,94.087,5.0,202,18.0,MEDIUM,True,1,,,True,31.8,18.7,55.0,False,2022
VER,Red Bull Racing,19.0,94.996,6.0,203,7.0,MEDIUM,True,1,,,True,31.7,18.7,55.0,False,2022
OCO,Alpine,19.0,94.996,7.0,203,18.0,SOFT,True,1,,,True,31.7,18.7,55.0,False,2022
LAT,Williams,19.0,94.509,8.0,204,18.0,SOFT,True,1,0 days 02:25:52.668000,,False,31.7,18.7,55.0,False,2022
BOT,Alfa Romeo,19.0,95.103,9.0,205,18.0,MEDIUM,True,1,,,True,31.7,18.7,55.0,False,2022
MSC,Haas F1 Team,19.0,94.418,10.0,206,18.0,MEDIUM,True,1,0 days 02:25:53.928000,,False,31.7,18.7,55.0,False,2022
RIC,McLaren,19.0,95.239,11.0,206,19.0,MEDIUM,False,1,,,True,31.7,18.7,55.0,False,2022
PER,Red Bull Racing,19.0,94.38,12.0,207,15.0,MEDIUM,False,1,,,True,31.7,18.7,55.0,False,2022
MAG,Haas F1 Team,19.0,94.995,13.0,207,20.0,MEDIUM,False,1,,,True,31.7,18.7,55.0,False,2022
VET,Aston Martin,19.0,94.609,14.0,208,15.0,MEDIUM,False,1,,,True,31.7,18.7,55.0,False,2022
GAS,AlphaTauri,19.0,94.738,15.0,209,4.0,HARD,False,1,,,True,31.7,18.7,55.0,False,2022
STR,Aston Martin,19.0,94.695,16.0,209,5.0,HARD,False,1,,,True,31.7,18.7,55.0,False,2022
TSU,AlphaTauri,19.0,124.461,17.0,210,2.0,HARD,False,1,,0 days 02:25:06.283000,False,31.7,18.7,55.0,False,2022
SAI,Ferrari,20.0,92.799,1.0,210,19.0,MEDIUM,True,1,0 days 02:26:48.129000,,False,31.6,18.7,56.0,False,2022
LEC,Ferrari,20.0,93.046,2.0,211,19.0,MEDIUM,True,1,,,True,31.6,18.7,56.0,False,2022
HAM,Mercedes,20.0,92.85,3.0,212,19.0,MEDIUM,True,1,,,True,31.6,18.7,56.0,False,2022
NOR,McLaren,20.0,93.945,4.0,212,20.0,MEDIUM,False,1,,,True,31.6,18.7,56.0,False,2022
ALO,Alpine,20.0,94.107,5.0,213,19.0,MEDIUM,True,1,,,True,31.6,18.7,56.0,False,2022
VER,Red Bull Racing,20.0,94.87,6.0,214,8.0,MEDIUM,True,1,,,True,31.6,18.7,56.0,False,2022
OCO,Alpine,20.0,95.046,7.0,214,19.0,SOFT,True,1,,,True,31.6,18.7,56.0,False,2022
PER,Red Bull Racing,20.0,94.059,8.0,215,16.0,MEDIUM,False,1,,,True,31.6,18.7,56.0,False,2022
RIC,McLaren,20.0,95.067,9.0,215,20.0,MEDIUM,False,1,0 days 02:27:29.520000,,False,31.6,18.7,56.0,False,2022
MAG,Haas F1 Team,20.0,95.311,10.0,215,21.0,MEDIUM,False,1,,,True,31.6,18.7,56.0,False,2022
BOT,Alfa Romeo,20.0,102.975,11.0,216,19.0,MEDIUM,True,1,0 days 02:27:36.799000,,False,31.6,18.7,56.0,False,2022
VET,Aston Martin,20.0,94.658,12.0,217,16.0,MEDIUM,False,1,,,True,31.6,18.7,56.0,False,2022
LAT,Williams,20.0,116.248,13.0,218,1.0,MEDIUM,True,1,,0 days 02:26:21.455000,False,31.5,18.7,55.0,False,2022
MSC,Haas F1 Team,20.0,117.276,14.0,219,1.0,HARD,True,1,,0 days 02:26:23.080000,False,31.5,18.7,55.0,False,2022
GAS,AlphaTauri,20.0,95.141,15.0,219,5.0,HARD,False,1,,,True,31.5,18.7,55.0,False,2022
STR,Aston Martin,20.0,95.203,16.0,219,6.0,HARD,False,1,,,True,31.5,18.7,55.0,False,2022
TSU,AlphaTauri,20.0,96.232,17.0,220,3.0,HARD,False,1,,,True,31.5,18.7,55.0,False,2022
LEC,Ferrari,21.0,93.323,1.0,220,20.0,MEDIUM,True,1,,,True,31.5,18.7,55.0,False,2022
HAM,Mercedes,21.0,92.833,2.0,221,20.0,MEDIUM,True,1,,,True,31.5,18.7,55.0,False,2022
SAI,Ferrari,21.0,113.892,3.0,222,1.0,HARD,True,1,,0 days 02:27:16.673000,False,31.5,18.7,55.0,False,2022
NOR,McLaren,21.0,94.036,4.0,222,21.0,MEDIUM,False,1,,,True,31.5,18.7,55.0,False,2022
ALO,Alpine,21.0,94.056,5.0,223,20.0,MEDIUM,True,1,,,True,31.5,18.7,55.0,False,2022
VER,Red Bull Racing,21.0,94.963,6.0,224,9.0,MEDIUM,True,1,,,True,31.5,18.7,55.0,False,2022
OCO,Alpine,21.0,95.036,7.0,224,20.0,SOFT,True,1,,,True,31.5,18.7,55.0,False,2022
PER,Red Bull Racing,21.0,93.291,8.0,225,17.0,MEDIUM,False,1,,,True,31.5,18.7,55.0,False,2022
MAG,Haas F1 Team,21.0,94.946,9.0,225,22.0,MEDIUM,False,1,,,True,31.5,18.7,55.0,False,2022
VET,Aston Martin,21.0,94.652,10.0,226,17.0,MEDIUM,False,1,,,True,31.5,18.7,55.0,False,2022
LAT,Williams,21.0,94.232,11.0,227,2.0,MEDIUM,True,1,,,True,31.5,18.7,55.0,False,2022
MSC,Haas F1 Team,21.0,94.469,12.0,228,2.0,HARD,True,1,,,True,31.5,18.7,55.0,False,2022
RIC,McLaren,21.0,118.339,13.0,229,1.0,HARD,True,1,,0 days 02:27:59.789000,False,31.5,18.7,55.0,False,2022
GAS,AlphaTauri,21.0,95.265,14.0,229,6.0,HARD,False,1,,,True,31.5,18.7,55.0,False,2022
STR,Aston Martin,21.0,94.946,15.0,229,7.0,HARD,False,1,,,True,31.5,18.7,55.0,False,2022
TSU,AlphaTauri,21.0,95.537,16.0,230,4.0,HARD,False,1,,,True,31.3,18.6,56.0,False,2022
LEC,Ferrari,22.0,92.796,1.0,230,21.0,MEDIUM,True,1,,,True,31.3,18.6,56.0,False,2022
HAM,Mercedes,22.0,92.435,2.0,231,21.0,MEDIUM,True,1,,,True,31.3,18.6,56.0,False,2022
SAI,Ferrari,22.0,92.771,3.0,232,2.0,HARD,True,1,,,True,31.3,18.6,56.0,False,2022
NOR,McLaren,22.0,94.086,4.0,232,22.0,MEDIUM,False,1,,,True,31.3,18.6,56.0,False,2022
ALO,Alpine,22.0,93.847,5.0,233,21.0,MEDIUM,True,1,,,True,31.3,18.6,56.0,False,2022
VER,Red Bull Racing,22.0,94.826,6.0,234,10.0,MEDIUM,True,1,,,True,31.3,18.6,56.0,False,2022
OCO,Alpine,22.0,94.779,7.0,234,21.0,SOFT,True,1,0 days 02:30:35.504000,,False,31.3,18.6,56.0,False,2022
PER,Red Bull Racing,22.0,93.104,8.0,235,18.0,MEDIUM,False,1,,,True,31.3,18.6,56.0,False,2022
MAG,Haas F1 Team,22.0,94.249,9.0,235,23.0,MEDIUM,False,1,0 days 02:30:40.946000,,False,31.3,18.6,56.0,False,2022
VET,Aston Martin,22.0,94.379,10.0,236,18.0,MEDIUM,False,1,,,True,31.2,18.8,57.0,False,2022
LAT,Williams,22.0,94.01,11.0,237,3.0,MEDIUM,True,1,,,True,31.2,18.8,57.0,False,2022
MSC,Haas F1 Team,22.0,94.127,12.0,238,3.0,HARD,True,1,,,True,31.2,18.8,57.0,False,2022
RIC,McLaren,22.0,94.393,13.0,239,2.0,HARD,True,1,,,True,31.2,18.8,57.0,False,2022
GAS,AlphaTauri,22.0,94.722,14.0,239,7.0,HARD,False,1,,,True,31.2,18.8,57.0,False,2022
STR,Aston Martin,22.0,94.844,15.0,239,8.0,HARD,False,1,,,True,31.2,18.8,57.0,False,2022
TSU,AlphaTauri,22.0,95.713,16.0,240,5.0,HARD,False,1,,,True,31.2,18.8,57.0,False,2022
LEC,Ferrari,23.0,93.119,1.0,240,22.0,MEDIUM,True,1,,,True,31.2,18.8,57.0,False,2022
HAM,Mercedes,23.0,92.65,2.0,241,22.0,MEDIUM,True,1,,,True,31.2,18.8,57.0,False,2022
SAI,Ferrari,23.0,92.622,3.0,242,3.0,HARD,True,1,,,True,31.2,18.9,56.0,False,2022
NOR,McLaren,23.0,93.879,4.0,242,23.0,MEDIUM,False,1,,,True,31.2,18.9,56.0,False,2022
ALO,Alpine,23.0,93.983,5.0,243,22.0,MEDIUM,True,1,,,True,31.2,18.9,56.0,False,2022
VER,Red Bull Racing,23.0,94.122,6.0,244,11.0,MEDIUM,True,1,0 days 02:32:05.951000,,False,31.2,18.9,56.0,False,2022
PER,Red Bull Racing,23.0,93.02,7.0,244,19.0,MEDIUM,False,1,,,True,31.2,18.9,56.0,False,2022
VET,Aston Martin,23.0,94.417,8.0,245,19.0,MEDIUM,False,1,,,True,31.2,18.9,56.0,False,2022
LAT,Williams,23.0,94.227,9.0,246,4.0,MEDIUM,True,1,,,True,31.2,18.9,56.0,False,2022
OCO,Alpine,23.0,117.971,10.0,247,1.0,HARD,True,1,,0 days 02:31:05.793000,False,31.2,18.9,56.0,False,2022
MSC,Haas F1 Team,23.0,94.648,11.0,247,4.0,HARD,True,1,,,True,31.2,18.9,56.0,False,2022
MAG,Haas F1 Team,23.0,115.203,12.0,248,1.0,MEDIUM,True,1,,0 days 02:31:10.395000,False,31.2,18.9,56.0,False,2022
RIC,McLaren,23.0,94.648,13.0,248,3.0,HARD,True,1,,,True,31.2,18.9,56.0,False,2022
GAS,AlphaTauri,23.0,94.636,14.0,248,8.0,HARD,False,1,,,True,31.2,18.9,56.0,False,2022
STR,Aston Martin,23.0,94.707,15.0,248,9.0,HARD,False,1,,,True,31.2,18.9,56.0,False,2022
TSU,AlphaTauri,23.0,95.438,16.0,249,6.0,HARD,False,1,,,True,31.4,18.9,54.0,False,2022
LEC,Ferrari,24.0,93.055,1.0,249,23.0,MEDIUM,True,1,,,True,31.4,18.9,54.0,False,2022
HAM,Mercedes,24.0,92.782,2.0,250,23.0,MEDIUM,True,1,,,True,31.4,18.9,54.0,False,2022
SAI,Ferrari,24.0,92.787,3.0,251,4.0,HARD,True,1,,,True,31.4,18.9,54.0,False,2022
NOR,McLaren,24.0,93.987,4.0,251,24.0,MEDIUM,False,1,,,True,31.4,18.9,54.0,False,2022
ALO,Alpine,24.0,94.283,5.0,252,23.0,MEDIUM,True,1,,,True,31.4,18.9,54.0,False,2022
PER,Red Bull Racing,24.0,93.137,6.0,253,20.0,MEDIUM,False,1,,,True,31.4,18.9,54.0,False,2022
VET,Aston Martin,24.0,94.706,7.0,254,20.0,MEDIUM,False,1,,,True,32.0,18.9,55.0,False,2022
VER,Red Bull Racing,24.0,119.03,8.0,255,1.0,HARD,True,1,,0 days 02:32:35.256000,False,32.0,18.9,55.0,False,2022
LAT,Williams,24.0,94.962,9.0,255,5.0,MEDIUM,True,1,,,True,32.0,18.9,55.0,False,2022
OCO,Alpine,24.0,94.287,10.0,256,2.0,HARD,True,1,,,True,32.0,18.9,55.0,False,2022
MSC,Haas F1 Team,24.0,94.725,11.0,256,5.0,HARD,True,1,,,True,32.0,18.9,55.0,False,2022
MAG,Haas F1 Team,24.0,94.578,12.0,257,2.0,MEDIUM,True,1,,,True,32.0,18.9,55.0,False,2022
RIC,McLaren,24.0,94.581,13.0,257,4.0,HARD,True,1,,,True,32.0,18.9,55.0,False,2022
GAS,AlphaTauri,24.0,94.763,14.0,257,9.0,HARD,False,1,,,True,32.0,18.9,55.0,False,2022
STR,Aston Martin,24.0,94.718,15.0,257,10.0,HARD,False,1,,,True,32.0,18.9,55.0,False,2022
TSU,AlphaTauri,24.0,97.998,16.0,258,7.0,HARD,False,1,,,True,32.0,18.9,55.0,False,2022
LEC,Ferrari,25.0,92.501,1.0,258,24.0,MEDIUM,True,1,0 days 02:34:33.892000,,False,32.0,18.9,55.0,False,2022
HAM,Mercedes,25.0,92.723,2.0,259,24.0,MEDIUM,True,1,,,True,32.0,18.9,55.0,False,2022
SAI,Ferrari,25.0,92.696,3.0,260,5.0,HARD,True,1,,,True,32.0,19.0,56.0,False,2022
NOR,McLaren,25.0,93.983,4.0,260,25.0,MEDIUM,False,1,,,True,32.0,19.0,56.0,False,2022
ALO,Alpine,25.0,94.075,5.0,261,24.0,MEDIUM,True,1,,,True,32.0,19.0,56.0,False,2022
PER,Red Bull Racing,25.0,93.101,6.0,262,21.0,MEDIUM,False,1,,,True,32.0,19.0,56.0,False,2022
VET,Aston Martin,25.0,94.598,7.0,263,21.0,MEDIUM,False,1,,,True,32.0,19.0,56.0,False,2022
VER,Red Bull Racing,25.0,95.405,8.0,264,2.0,HARD,True,1,,,True,32.0,19.0,56.0,False,2022
LAT,Williams,25.0,95.075,9.0,264,6.0,MEDIUM,True,1,,,True,32.0,19.0,56.0,False,2022
OCO,Alpine,25.0,94.65,10.0,265,3.0,HARD,True,1,,,True,32.0,19.0,56.0,False,2022
MSC,Haas F1 Team,25.0,94.793,11.0,265,6.0,HARD,True,1,,,True,32.0,19.0,56.0,False,2022
MAG,Haas F1 Team,25.0,94.198,12.0,266,3.0,MEDIUM,True,1,,,True,32.3,18.9,56.0,False,2022
RIC,McLaren,25.0,94.365,13.0,266,5.0,HARD,True,1,,,True,32.3,18.9,56.0,False,2022
GAS,AlphaTauri,25.0,95.118,14.0,266,10.0,HARD,False,1,,,True,32.3,18.9,56.0,False,2022
STR,Aston Martin,25.0,95.143,15.0,266,11.0,HARD,False,1,,,True,32.3,18.9,56.0,False,2022
TSU,AlphaTauri,25.0,95.841,16.0,267,8.0,HARD,False,1,,,True,32.3,18.9,56.0,False,2022
HAM,Mercedes,26.0,92.655,1.0,267,25.0,MEDIUM,True,1,,,True,32.3,18.9,56.0,False,2022
SAI,Ferrari,26.0,92.976,2.0,268,6.0,HARD,True,1,,,True,32.3,18.9,56.0,False,2022
LEC,Ferrari,26.0,114.148,3.0,269,1.0,HARD,True,1,,0 days 02:35:02.726000,False,32.3,18.9,56.0,False,2022
NOR,McLaren,26.0,94.108,4.0,269,26.0,MEDIUM,False,1,,,True,32.3,18.9,56.0,False,2022
ALO,Alpine,26.0,94.013,5.0,270,25.0,MEDIUM,True,1,,,True,32.3,18.9,56.0,False,2022
PER,Red Bull Racing,26.0,92.666,6.0,271,22.0,MEDIUM,False,1,,,True,33.1,19.0,56.0,False,2022
VET,Aston Martin,26.0,94.258,7.0,272,22.0,MEDIUM,False,1,,,True,33.1,19.0,56.0,False,2022
VER,Red Bull Racing,26.0,94.441,8.0,273,3.0,HARD,True,1,,,True,33.1,19.0,56.0,False,2022
LAT,Williams,26.0,94.684,9.0,273,7.0,MEDIUM,True,1,,,True,33.1,19.0,56.0,False,2022
OCO,Alpine,26.0,94.24,10.0,274,4.0,HARD,True,1,,,True,33.1,19.0,56.0,False,2022
MSC,Haas F1 Team,26.0,93.92,11.0,274,7.0,HARD,True,1,,,True,33.1,19.0,56.0,False,2022
MAG,Haas F1 Team,26.0,93.675,12.0,275,4.0,MEDIUM,True,1,,,True,33.1,19.0,56.0,False,2022
RIC,McLaren,26.0,94.178,13.0,275,6.0,HARD,True,1,,,True,33.1,19.0,56.0,False,2022
GAS,AlphaTauri,26.0,94.275,14.0,275,11.0,HARD,False,1,0 days 02:37:24.856000,,False,33.1,19.0,56.0,False,2022
STR,Aston Martin,26.0,94.844,15.0,275,12.0,HARD,False,1,,,True,33.1,19.0,56.0,False,2022
TSU,AlphaTauri,26.0,95.442,16.0,276,9.0,HARD,False,1,,,True,33.9,19.1,54.0,False,2022
HAM,Mercedes,27.0,92.445,1.0,276,26.0,MEDIUM,True,1,,,True,33.1,19.0,56.0,False,2022
SAI,Ferrari,27.0,92.876,2.0,277,7.0,HARD,True,1,,,True,33.9,19.1,54.0,False,2022
LEC,Ferrari,27.0,92.06,3.0,278,2.0,HARD,True,1,,,True,33.9,19.1,54.0,False,2022
NOR,McLaren,27.0,93.957,4.0,278,27.0,MEDIUM,False,1,,,True,33.9,19.1,54.0,False,2022
ALO,Alpine,27.0,93.836,5.0,279,26.0,MEDIUM,True,1,,,True,33.9,19.1,54.0,False,2022
PER,Red Bull Racing,27.0,92.948,6.0,280,23.0,MEDIUM,False,1,,,True,33.9,19.1,54.0,False,2022
VET,Aston Martin,27.0,94.293,7.0,281,23.0,MEDIUM,False,1,,,True,34.1,19.2,53.0,False,2022
VER,Red Bull Racing,27.0,94.67,8.0,282,4.0,HARD,True,1,,,True,34.1,19.2,53.0,False,2022
LAT,Williams,27.0,94.897,9.0,282,8.0,MEDIUM,True,1,,,True,34.1,19.2,53.0,False,2022
OCO,Alpine,27.0,94.843,10.0,283,5.0,HARD,True,1,,,True,34.1,19.2,53.0,False,2022
MSC,Haas F1 Team,27.0,94.017,11.0,283,8.0,HARD,True,1,,,True,34.1,19.2,53.0,False,2022
MAG,Haas F1 Team,27.0,94.128,12.0,284,5.0,MEDIUM,True,1,,,True,34.1,19.2,53.0,False,2022
RIC,McLaren,27.0,94.64,13.0,284,7.0,HARD,True,1,,,True,34.1,19.2,53.0,False,2022
STR,Aston Martin,27.0,94.572,14.0,284,13.0,HARD,False,1,,,True,34.1,19.2,53.0,False,2022
TSU,AlphaTauri,27.0,95.505,15.0,285,10.0,HARD,False,1,,,True,34.1,19.2,53.0,False,2022
HAM,Mercedes,28.0,92.265,1.0,285,27.0,MEDIUM,True,1,,,True,34.1,19.2,53.0,False,2022
SAI,Ferrari,28.0,92.403,2.0,286,8.0,HARD,True,1,,,True,34.1,19.2,53.0,False,2022
LEC,Ferrari,28.0,92.021,3.0,287,3.0,HARD,True,1,,,True,34.1,19.2,53.0,False,2022
NOR,McLaren,28.0,93.714,4.0,287,28.0,MEDIUM,False,1,,,True,34.1,19.2,53.0,False,2022
ALO,Alpine,28.0,93.681,5.0,288,27.0,MEDIUM,True,1,,,True,34.1,19.2,53.0,False,2022
PER,Red Bull Racing,28.0,92.847,6.0,289,24.0,MEDIUM,False,1,,,True,34.0,19.2,54.0,False,2022
VET,Aston Martin,28.0,94.448,7.0,290,24.0,MEDIUM,False,1,,,True,34.0,19.2,54.0,False,2022
VER,Red Bull Racing,28.0,94.482,8.0,291,5.0,HARD,True,1,,,True,34.0,19.2,54.0,False,2022
LAT,Williams,28.0,94.664,9.0,291,9.0,MEDIUM,True,1,,,True,34.0,19.2,54.0,False,2022
OCO,Alpine,28.0,94.631,10.0,292,6.0,HARD,True,1,,,True,34.0,19.2,54.0,False,2022
MSC,Haas F1 Team,28.0,94.612,11.0,292,9.0,HARD,True,1,,,True,34.0,19.2,54.0,False,2022
MAG,Haas F1 Team,28.0,94.36,12.0,293,6.0,MEDIUM,True,1,,,True,34.0,19.2,54.0,False,2022
RIC,McLaren,28.0,94.446,13.0,293,8.0,HARD,True,1,,,True,34.0,19.2,54.0,False,2022
STR,Aston Martin,28.0,94.526,14.0,293,14.0,HARD,False,1,,,True,34.0,19.2,54.0,False,2022
TSU,AlphaTauri,28.0,95.545,15.0,294,11.0,HARD,False,1,,,True,32.9,19.2,55.0,False,2022
HAM,Mercedes,29.0,92.442,1.0,294,28.0,MEDIUM,True,1,,,True,32.9,19.2,55.0,False,2022
SAI,Ferrari,29.0,92.493,2.0,295,9.0,HARD,True,1,,,True,32.9,19.2,55.0,False,2022
LEC,Ferrari,29.0,92.302,3.0,296,4.0,HARD,True,1,,,True,32.9,19.2,55.0,False,2022
NOR,McLaren,29.0,93.933,4.0,296,29.0,MEDIUM,False,1,,,True,32.9,19.2,55.0,False,2022
ALO,Alpine,29.0,93.991,5.0,297,28.0,MEDIUM,True,1,,,True,32.9,19.2,55.0,False,2022
PER,Red Bull Racing,29.0,93.014,6.0,298,25.0,MEDIUM,False,1,,,True,32.9,19.2,55.0,False,2022
VET,Aston Martin,29.0,94.361,7.0,299,25.0,MEDIUM,False,1,,,True,32.8,19.2,55.0,False,2022
VER,Red Bull Racing,29.0,94.404,8.0,300,6.0,HARD,True,1,,,True,32.8,19.2,55.0,False,2022
OCO,Alpine,29.0,94.149,9.0,300,7.0,HARD,True,1,,,True,32.8,19.2,55.0,False,2022
LAT,Williams,29.0,95.723,10.0,300,10.0,MEDIUM,True,1,,,True,32.8,19.2,55.0,False,2022
MSC,Haas F1 Team,29.0,95.144,11.0,301,10.0,HARD,True,1,,,True,32.8,19.2,55.0,False,2022
MAG,Haas F1 Team,29.0,95.138,12.0,302,7.0,MEDIUM,True,1,,,True,32.8,19.2,55.0,False,2022
RIC,McLaren,29.0,94.418,13.0,302,9.0,HARD,True,1,,,True,32.8,19.2,55.0,False,2022
STR,Aston Martin,29.0,94.133,14.0,302,15.0,HARD,False,1,,,True,32.8,19.2,55.0,False,2022
TSU,AlphaTauri,29.0,95.62,15.0,303,12.0,HARD,False,1,,,True,32.8,19.2,55.0,False,2022
HAM,Mercedes,30.0,92.541,1.0,303,29.0,MEDIUM,True,1,,,True,32.8,19.2,55.0,False,2022
SAI,Ferrari,30.0,92.764,2.0,304,10.0,HARD,True,1,,,True,32.8,19.2,55.0,False,2022
LEC,Ferrari,30.0,92.403,3.0,305,5.0,HARD,True,1,,,True,32.8,19.2,55.0,False,2022
NOR,McLaren,30.0,94.0,4.0,305,30.0,MEDIUM,False,1,,,True,32.3,19.0,55.0,False,2022
ALO,Alpine,30.0,93.848,5.0,306,29.0,MEDIUM,True,1,,,True,32.3,19.0,55.0,False,2022
PER,Red Bull Racing,30.0,92.925,6.0,307,26.0,MEDIUM,False,1,,,True,32.3,19.0,55.0,False,2022
VET,Aston Martin,30.0,94.238,7.0,308,26.0,MEDIUM,False,1,,,True,32.3,19.0,55.0,False,2022
VER,Red Bull Racing,30.0,94.488,8.0,309,7.0,HARD,True,1,,,True,32.3,19.0,55.0,False,2022
OCO,Alpine,30.0,94.367,9.0,309,8.0,HARD,True,1,,,True,32.3,19.0,55.0,False,2022
LAT,Williams,30.0,94.859,10.0,309,11.0,MEDIUM,True,1,,,True,32.3,19.0,55.0,False,2022
MSC,Haas F1 Team,30.0,95.006,11.0,310,11.0,HARD,True,1,,,True,32.3,19.0,55.0,False,2022
MAG,Haas F1 Team,30.0,95.006,12.0,311,8.0,MEDIUM,True,1,,,True,32.3,19.0,55.0,False,2022
RIC,McLaren,30.0,94.656,13.0,311,10.0,HARD,True,1,,,True,32.3,19.0,55.0,False,2022
STR,Aston Martin,30.0,94.373,14.0,311,16.0,HARD,False,1,,,True,32.3,19.0,55.0,False,2022
TSU,AlphaTauri,30.0,98.388,15.0,312,13.0,HARD,False,1,,,True,32.3,18.9,57.0,False,2022
HAM,Mercedes,31.0,92.676,1.0,312,30.0,MEDIUM,True,1,,,True,32.3,18.9,57.0,False,2022
LEC,Ferrari,31.0,92.325,2.0,313,6.0,HARD,True,1,,,True,32.3,18.9,57.0,False,2022
SAI,Ferrari,31.0,93.584,3.0,313,11.0,HARD,True,1,,,True,32.3,18.9,57.0,False,2022
NOR,McLaren,31.0,93.813,4.0,313,31.0,MEDIUM,False,1,,,True,32.3,18.9,57.0,False,2022
ALO,Alpine,31.0,93.826,5.0,314,30.0,MEDIUM,True,1,,,True,32.3,18.9,57.0,False,2022
PER,Red Bull Racing,31.0,92.655,6.0,315,27.0,MEDIUM,False,1,,,True,32.3,18.9,57.0,False,2022
VET,Aston Martin,31.0,94.325,7.0,316,27.0,MEDIUM,False,1,,,True,32.5,18.9,58.0,False,2022
VER,Red Bull Racing,31.0,94.171,8.0,317,8.0,HARD,True,1,,,True,32.5,18.9,58.0,False,2022
OCO,Alpine,31.0,93.915,9.0,317,9.0,HARD,True,1,,,True,32.5,18.9,58.0,False,2022
LAT,Williams,31.0,94.309,10.0,317,12.0,MEDIUM,True,1,,,True,32.5,18.9,58.0,False,2022
MSC,Haas F1 Team,31.0,94.247,11.0,318,12.0,HARD,True,1,,,True,32.5,18.9,58.0,False,2022
MAG,Haas F1 Team,31.0,94.362,12.0,319,9.0,MEDIUM,True,1,,,True,32.5,18.9,58.0,False,2022
RIC,McLaren,31.0,94.205,13.0,319,11.0,HARD,True,1,,,True,32.5,18.9,58.0,False,2022
STR,Aston Martin,31.0,94.016,14.0,319,17.0,HARD,False,1,,,True,32.5,18.9,58.0,False,2022
TSU,AlphaTauri,31.0,95.505,15.0,320,14.0,HARD,False,1,,,True,32.7,18.8,57.0,False,2022
HAM,Mercedes,32.0,92.079,1.0,320,31.0,MEDIUM,True,1,,,True,32.5,18.9,58.0,False,2022
LEC,Ferrari,32.0,91.837,2.0,321,7.0,HARD,True,1,,,True,32.5,18.9,58.0,False,2022
SAI,Ferrari,32.0,91.932,3.0,321,12.0,HARD,True,1,,,True,32.5,18.9,58.0,False,2022
NOR,McLaren,32.0,93.788,4.0,321,32.0,MEDIUM,False,1,,,True,32.7,18.8,57.0,False,2022
ALO,Alpine,32.0,93.863,5.0,322,31.0,MEDIUM,True,1,,,True,32.7,18.8,57.0,False,2022
PER,Red Bull Racing,32.0,92.886,6.0,323,28.0,MEDIUM,False,1,,,True,32.7,18.8,57.0,False,2022
VET,Aston Martin,32.0,94.394,7.0,324,28.0,MEDIUM,False,1,,,True,32.7,18.8,57.0,False,2022
VER,Red Bull Racing,32.0,94.415,8.0,325,9.0,HARD,True,1,,,True,32.7,18.8,57.0,False,2022
OCO,Alpine,32.0,94.139,9.0,325,10.0,HARD,True,1,,,True,32.7,18.8,57.0,False,2022
MSC,Haas F1 Team,32.0,94.139,10.0,325,13.0,HARD,True,1,,,True,32.1,18.9,57.0,False,2022
LAT,Williams,32.0,95.851,11.0,326,13.0,MEDIUM,True,1,,,True,32.1,18.9,57.0,False,2022
MAG,Haas F1 Team,32.0,95.215,12.0,327,10.0,MEDIUM,True,1,,,True,32.1,18.9,57.0,False,2022
RIC,McLaren,32.0,99.926,13.0,327,12.0,HARD,True,1,0 days 02:46:52.339000,,False,32.1,18.9,57.0,False,2022
STR,Aston Martin,32.0,95.116,14.0,327,18.0,HARD,False,1,,,True,32.1,18.9,57.0,False,2022
TSU,AlphaTauri,32.0,95.705,15.0,328,15.0,HARD,False,1,,,True,32.1,18.9,57.0,False,2022
HAM,Mercedes,33.0,92.256,1.0,328,32.0,MEDIUM,True,1,0 days 02:46:54.776000,,False,32.1,18.9,57.0,False,2022
LEC,Ferrari,33.0,91.976,2.0,329,8.0,HARD,True,1,,,True,32.1,18.9,57.0,False,2022
SAI,Ferrari,33.0,92.073,3.0,329,13.0,HARD,True,1,,,True,32.1,18.9,57.0,False,2022
NOR,McLaren,33.0,93.686,4.0,329,33.0,MEDIUM,False,1,,,True,32.1,18.9,57.0,False,2022
ALO,Alpine,33.0,93.751,5.0,330,32.0,MEDIUM,True,1,0 days 02:47:32.228000,,False,32.1,18.9,57.0,False,2022
PER,Red Bull Racing,33.0,92.926,6.0,331,29.0,MEDIUM,False,1,,,True,32.1,18.9,57.0,False,2022
VET,Aston Martin,33.0,94.272,7.0,332,29.0,MEDIUM,False,1,,,True,31.6,18.9,58.0,False,2022
VER,Red Bull Racing,33.0,94.503,8.0,333,10.0,HARD,True,1,,,True,31.6,18.9,58.0,False,2022
OCO,Alpine,33.0,94.115,9.0,333,11.0,HARD,True,1,,,True,31.6,18.9,58.0,False,2022
MSC,Haas F1 Team,33.0,93.979,10.0,333,14.0,HARD,True,1,,,True,31.6,18.9,58.0,False,2022
MAG,Haas F1 Team,33.0,94.159,11.0,334,11.0,MEDIUM,True,1,,,True,31.6,18.9,58.0,False,2022
LAT,Williams,33.0,95.609,12.0,334,14.0,MEDIUM,True,1,,,True,31.6,18.9,58.0,False,2022
STR,Aston Martin,33.0,94.252,13.0,334,19.0,HARD,False,1,,,True,31.6,18.9,58.0,False,2022
RIC,McLaren,33.0,116.336,14.0,335,1.0,SOFT,True,1,,0 days 02:47:22.968000,False,31.4,19.0,57.0,False,2022
TSU,AlphaTauri,33.0,95.196,15.0,335,16.0,HARD,False,1,,,True,31.4,19.0,57.0,False,2022
LEC,Ferrari,34.0,92.124,1.0,336,9.0,HARD,True,1,,,True,31.4,19.0,57.0,False,2022
SAI,Ferrari,34.0,92.72,2.0,336,14.0,HARD,True,1,,,True,31.4,19.0,57.0,False,2022
HAM,Mercedes,34.0,116.216,3.0,337,1.0,HARD,True,1,,0 days 02:47:24.586000,False,31.4,19.0,57.0,False,2022
NOR,McLaren,34.0,93.055,4.0,337,34.0,MEDIUM,False,1,0 days 02:49:03.114000,,False,31.4,19.0,57.0,False,2022
PER,Red Bull Racing,34.0,92.727,5.0,338,30.0,MEDIUM,False,1,,,True,31.4,19.0,57.0,False,2022
ALO,Alpine,34.0,114.833,6.0,339,1.0,HARD,True,1,,0 days 02:48:00.919000,False,31.4,19.0,57.0,False,2022
VET,Aston Martin,34.0,94.258,7.0,339,30.0,MEDIUM,False,1,,,True,31.4,18.8,57.0,False,2022
VER,Red Bull Racing,34.0,94.21,8.0,340,11.0,HARD,True,1,,,True,31.4,18.8,57.0,False,2022
OCO,Alpine,34.0,93.962,9.0,340,12.0,HARD,True,1,,,True,31.4,18.8,57.0,False,2022
MSC,Haas F1 Team,34.0,93.794,10.0,340,15.0,HARD,True,1,,,True,31.4,18.8,57.0,False,2022
MAG,Haas F1 Team,34.0,94.438,11.0,341,12.0,MEDIUM,True,1,,,True,31.4,18.8,57.0,False,2022
LAT,Williams,34.0,95.085,12.0,341,15.0,MEDIUM,True,1,,,True,31.4,18.8,57.0,False,2022
STR,Aston Martin,34.0,93.781,13.0,341,20.0,HARD,False,1,,,True,31.4,18.8,57.0,False,2022
RIC,McLaren,34.0,92.644,14.0,342,2.0,SOFT,True,1,,,True,31.4,18.8,57.0,False,2022
TSU,AlphaTauri,34.0,95.12,15.0,342,17.0,HARD,False,1,,,True,31.4,18.8,57.0,False,2022
LEC,Ferrari,35.0,91.774,1.0,343,10.0,HARD,True,1,,,True,31.4,18.8,57.0,False,2022
SAI,Ferrari,35.0,92.463,2.0,343,15.0,HARD,True,1,,,True,31.4,18.8,57.0,False,2022
HAM,Mercedes,35.0,92.111,3.0,344,2.0,HARD,True,1,,,True,31.4,18.8,57.0,False,2022
PER,Red Bull Racing,35.0,92.305,4.0,344,31.0,MEDIUM,False,1,,,True,31.4,18.8,57.0,False,2022
NOR,McLaren,35.0,114.367,5.0,345,1.0,HARD,True,1,,0 days 02:49:32.073000,False,31.1,18.6,58.0,False,2022
ALO,Alpine,35.0,92.744,6.0,345,2.0,HARD,True,1,,,True,31.1,18.6,58.0,False,2022
VET,Aston Martin,35.0,93.985,7.0,345,31.0,MEDIUM,False,1,,,True,31.1,18.6,58.0,False,2022
VER,Red Bull Racing,35.0,94.068,8.0,346,12.0,HARD,True,1,,,True,31.1,18.6,58.0,False,2022
OCO,Alpine,35.0,93.726,9.0,346,13.0,HARD,True,1,,,True,31.1,18.6,58.0,False,2022
MSC,Haas F1 Team,35.0,93.864,10.0,346,16.0,HARD,True,1,,,True,31.1,18.6,58.0,False,2022
MAG,Haas F1 Team,35.0,94.241,11.0,347,13.0,MEDIUM,True,1,,,True,31.1,18.6,58.0,False,2022
LAT,Williams,35.0,94.71,12.0,347,16.0,MEDIUM,True,1,,,True,31.1,18.6,58.0,False,2022
STR,Aston Martin,35.0,93.748,13.0,347,21.0,HARD,False,1,,,True,31.1,18.6,58.0,False,2022
RIC,McLaren,35.0,94.517,14.0,348,3.0,SOFT,True,1,,,True,31.0,18.6,58.0,False,2022
TSU,AlphaTauri,35.0,94.797,15.0,348,18.0,HARD,False,1,,,True,31.0,18.6,58.0,False,2022
LEC,Ferrari,36.0,91.692,1.0,349,11.0,HARD,True,1,,,True,31.0,18.6,58.0,False,2022
SAI,Ferrari,36.0,92.416,2.0,349,16.0,HARD,True,1,,,True,31.0,18.6,58.0,False,2022
HAM,Mercedes,36.0,91.711,3.0,350,3.0,HARD,True,1,,,True,31.0,18.6,58.0,False,2022
PER,Red Bull Racing,36.0,92.323,4.0,350,32.0,MEDIUM,False,1,,,True,31.0,18.6,58.0,False,2022
NOR,McLaren,36.0,92.702,5.0,351,2.0,HARD,True,1,,,True,31.0,18.6,58.0,False,2022
ALO,Alpine,36.0,92.529,6.0,351,3.0,HARD,True,1,,,True,31.0,18.6,58.0,False,2022
VET,Aston Martin,36.0,93.997,7.0,351,32.0,MEDIUM,False,1,,,True,30.7,18.5,58.0,False,2022
OCO,Alpine,36.0,94.258,8.0,352,14.0,HARD,True,1,,,True,30.7,18.5,58.0,False,2022
VER,Red Bull Racing,36.0,94.924,9.0,353,13.0,HARD,True,1,,,True,30.7,18.5,58.0,False,2022
MSC,Haas F1 Team,36.0,93.796,10.0,353,17.0,HARD,True,1,,,True,30.7,18.5,58.0,False,2022
MAG,Haas F1 Team,36.0,93.934,11.0,354,14.0,MEDIUM,True,1,,,True,30.7,18.5,58.0,False,2022
LAT,Williams,36.0,94.513,12.0,354,17.0,MEDIUM,True,1,,,True,30.7,18.5,58.0,False,2022
STR,Aston Martin,36.0,93.788,13.0,354,22.0,HARD,False,1,,,True,30.7,18.5,58.0,False,2022
RIC,McLaren,36.0,92.978,14.0,355,4.0,SOFT,True,1,,,True,30.7,18.5,58.0,False,2022
TSU,AlphaTauri,36.0,94.607,15.0,355,19.0,HARD,False,1,,,True,30.7,18.5,58.0,False,2022
LEC,Ferrari,37.0,91.613,1.0,356,12.0,HARD,True,1,,,True,30.7,18.5,58.0,False,2022
SAI,Ferrari,37.0,92.169,2.0,356,17.0,HARD,True,1,,,True,30.7,18.5,58.0,False,2022
HAM,Mercedes,37.0,91.521,3.0,357,4.0,HARD,True,1,,,True,30.7,18.5,58.0,False,2022
PER,Red Bull Racing,37.0,92.401,4.0,357,33.0,MEDIUM,False,1,,,True,30.6,18.6,58.0,False,2022
NOR,McLaren,37.0,92.425,5.0,358,3.0,HARD,True,1,,,True,30.6,18.6,58.0,False,2022
ALO,Alpine,37.0,92.233,6.0,358,4.0,HARD,True,1,,,True,30.6,18.6,58.0,False,2022
VET,Aston Martin,37.0,93.709,7.0,358,33.0,MEDIUM,False,1,,,True,30.6,18.6,58.0,False,2022
OCO,Alpine,37.0,93.537,8.0,359,15.0,HARD,True,1,,,True,30.6,18.6,58.0,False,2022
VER,Red Bull Racing,37.0,94.023,9.0,360,14.0,HARD,True,1,,,True,30.6,18.6,58.0,False,2022
MSC,Haas F1 Team,37.0,93.275,10.0,360,18.0,HARD,True,1,,,True,30.6,18.6,58.0,False,2022
MAG,Haas F1 Team,37.0,93.525,11.0,361,15.0,MEDIUM,True,1,,,True,30.6,18.6,58.0,False,2022
LAT,Williams,37.0,94.878,12.0,361,18.0,MEDIUM,True,1,,,True,30.6,18.6,58.0,False,2022
STR,Aston Martin,37.0,93.722,13.0,361,23.0,HARD,False,1,,,True,30.6,18.6,58.0,False,2022
RIC,McLaren,37.0,93.122,14.0,362,5.0,SOFT,True,1,,,True,30.2,18.6,58.0,False,2022
TSU,AlphaTauri,37.0,94.75,15.0,362,20.0,HARD,False,1,,,True,30.2,18.6,58.0,False,2022
LEC,Ferrari,38.0,91.347,1.0,363,13.0,HARD,True,1,,,True,30.2,18.6,58.0,False,2022
SAI,Ferrari,38.0,92.072,2.0,363,18.0,HARD,True,1,,,True,30.2,18.6,58.0,False,2022
HAM,Mercedes,38.0,91.302,3.0,364,5.0,HARD,True,1,,,True,30.2,18.6,58.0,False,2022
PER,Red Bull Racing,38.0,92.759,4.0,364,34.0,MEDIUM,False,1,,,True,30.2,18.6,58.0,False,2022
NOR,McLaren,38.0,92.271,5.0,365,4.0,HARD,True,1,,,True,30.2,18.6,58.0,False,2022
ALO,Alpine,38.0,92.707,6.0,365,5.0,HARD,True,1,,,True,30.2,18.6,58.0,False,2022
VET,Aston Martin,38.0,93.71,7.0,365,34.0,MEDIUM,False,12,,,True,30.1,18.6,59.0,False,2022
VER,Red Bull Racing,38.0,93.527,8.0,366,15.0,HARD,True,124,,,False,30.1,18.6,59.0,False,2022
MSC,Haas F1 Team,38.0,93.782,9.0,366,19.0,HARD,True,124,,,False,30.1,18.6,59.0,False,2022
MAG,Haas F1 Team,38.0,96.941,10.0,367,16.0,MEDIUM,True,124,,,False,30.1,18.6,59.0,False,2022
LAT,Williams,38.0,99.717,11.0,367,19.0,MEDIUM,True,124,,,False,30.1,18.6,59.0,False,2022
STR,Aston Martin,38.0,99.54,12.0,367,24.0,HARD,False,124,,,False,30.1,18.6,59.0,False,2022
RIC,McLaren,38.0,102.605,13.0,368,6.0,SOFT,True,124,0 days 02:56:44.515000,,False,30.1,18.6,59.0,False,2022
TSU,AlphaTauri,38.0,110.542,14.0,368,21.0,HARD,False,124,0 days 02:57:09.355000,,False,30.1,18.5,58.0,False,2022
SAI,Ferrari,39.0,98.36,1.0,369,19.0,HARD,True,124,0 days 02:56:34.155000,,False,30.1,18.6,59.0,False,2022
LEC,Ferrari,39.0,102.891,2.0,370,14.0,HARD,True,124,,,False,30.1,18.6,59.0,False,2022
HAM,Mercedes,39.0,97.878,3.0,371,6.0,HARD,True,124,0 days 02:56:35.512000,,False,30.1,18.6,59.0,False,2022
PER,Red Bull Racing,39.0,108.331,4.0,371,35.0,MEDIUM,False,124,0 days 02:57:08.705000,,False,30.1,18.5,58.0,False,2022
ALO,Alpine,39.0,115.176,5.0,372,6.0,HARD,True,124,0 days 02:57:32.467000,,False,30.1,18.5,58.0,False,2022
NOR,McLaren,39.0,118.803,6.0,373,5.0,HARD,True,124,,,False,30.1,18.5,58.0,False,2022
VET,Aston Martin,39.0,122.98,7.0,373,35.0,MEDIUM,False,24,0 days 02:58:03.944000,,False,30.3,18.5,59.0,False,2022
VER,Red Bull Racing,39.0,123.868,8.0,374,16.0,HARD,True,4,0 days 02:58:10.593000,,False,30.3,18.5,59.0,False,2022
MSC,Haas F1 Team,39.0,125.584,9.0,374,20.0,HARD,True,4,0 days 02:58:13.135000,,False,30.3,18.5,59.0,False,2022
MAG,Haas F1 Team,39.0,128.698,10.0,375,17.0,MEDIUM,True,4,,,False,30.3,18.5,59.0,False,2022
LAT,Williams,39.0,123.623,11.0,375,20.0,MEDIUM,True,4,0 days 02:58:24.505000,,False,30.3,18.5,59.0,False,2022
STR,Aston Martin,39.0,126.48,12.0,375,25.0,HARD,False,4,,,False,30.3,18.5,59.0,False,2022
TSU,AlphaTauri,39.0,143.56,14.0,376,1.0,SOFT,True,4,,0 days 02:57:38.817000,False,30.3,18.4,59.0,False,2022
PER,Red Bull Racing,40.0,141.424,4.0,377,1.0,SOFT,True,4,,0 days 02:57:36.876000,False,30.3,18.4,59.0,False,2022
NOR,McLaren,40.0,123.07,5.0,377,6.0,HARD,True,4,0 days 02:59:36.752000,,False,30.3,18.4,59.0,False,2022
ALO,Alpine,40.0,143.212,6.0,378,1.0,SOFT,True,4,,0 days 02:58:01.263000,False,30.1,18.3,59.0,False,2022
VET,Aston Martin,40.0,142.448,7.0,378,3.0,MEDIUM,False,4,,0 days 02:58:32.528000,False,30.1,18.3,59.0,False,2022
MAG,Haas F1 Team,40.0,125.3,8.0,378,18.0,MEDIUM,True,4,,,False,30.1,18.3,59.0,False,2022
STR,Aston Martin,40.0,125.554,9.0,378,26.0,HARD,False,4,0 days 03:00:33.756000,,False,30.1,18.3,59.0,False,2022
VER,Red Bull Racing,40.0,143.569,10.0,379,1.0,SOFT,True,4,,0 days 02:58:39.289000,False,30.1,18.3,59.0,False,2022
MSC,Haas F1 Team,40.0,144.596,11.0,380,1.0,SOFT,True,4,,0 days 02:58:43.985000,False,30.1,18.3,59.0,False,2022
LAT,Williams,40.0,142.826,12.0,380,2.0,SOFT,False,4,,0 days 02:58:52.955000,False,29.9,18.2,60.0,False,2022
RIC,McLaren,40.0,142.255,13.0,381,2.0,SOFT,True,4,,,False,29.9,18.2,60.0,False,2022
TSU,AlphaTauri,40.0,138.882,14.0,382,2.0,SOFT,True,4,,,False,29.9,18.2,60.0,False,2022
ALO,Alpine,41.0,137.172,5.0,383,2.0,SOFT,True,4,,,False,29.9,18.2,60.0,False,2022
VET,Aston Martin,41.0,109.38,7.0,383,4.0,MEDIUM,False,4,,,False,29.9,18.2,60.0,False,2022
MAG,Haas F1 Team,41.0,108.83,8.0,383,19.0,MEDIUM,True,4,,,False,29.9,18.2,60.0,False,2022
VER,Red Bull Racing,41.0,103.866,9.0,384,2.0,SOFT,True,4,,,False,29.9,18.2,60.0,False,2022
MSC,Haas F1 Team,41.0,101.44,10.0,385,2.0,SOFT,True,4,,,False,29.9,18.2,60.0,False,2022
LAT,Williams,41.0,108.361,11.0,385,3.0,SOFT,False,4,,,False,29.9,18.2,60.0,False,2022
STR,Aston Martin,41.0,123.087,12.0,385,4.0,MEDIUM,False,4,,0 days 03:01:03.517000,False,29.9,18.2,60.0,False,2022
RIC,McLaren,41.0,93.058,13.0,386,3.0,SOFT,True,4,,,False,29.8,18.1,60.0,False,2022
TSU,AlphaTauri,41.0,93.981,14.0,387,3.0,SOFT,True,4,,,False,29.8,18.1,60.0,False,2022
LAT,Williams,42.0,136.906,11.0,387,4.0,SOFT,False,41,,,False,29.5,18.1,61.0,False,2022
STR,Aston Martin,42.0,136.621,12.0,387,5.0,MEDIUM,False,41,,,False,29.5,18.1,61.0,False,2022
RIC,McLaren,42.0,94.75,13.0,388,4.0,SOFT,True,41,,,False,29.5,18.1,61.0,False,2022
TSU,AlphaTauri,42.0,93.965,14.0,389,4.0,SOFT,True,41,,,False,29.5,18.1,61.0,False,2022
SAI,Ferrari,43.0,90.886,1.0,390,4.0,SOFT,True,1,,,True,29.5,18.1,62.0,False,2022
LEC,Ferrari,43.0,92.617,2.0,390,18.0,HARD,True,1,,,True,29.5,18.1,62.0,False,2022
PER,Red Bull Racing,43.0,91.892,3.0,391,4.0,SOFT,True,1,,,True,29.5,18.1,62.0,False,2022
HAM,Mercedes,43.0,92.498,4.0,392,4.0,SOFT,True,1,,,True,29.5,18.1,62.0,False,2022
ALO,Alpine,43.0,92.306,5.0,393,4.0,SOFT,True,1,,,True,29.5,18.1,62.0,False,2022
NOR,McLaren,43.0,92.168,6.0,394,3.0,SOFT,True,1,,,True,29.5,18.1,62.0,False,2022
VET,Aston Martin,43.0,93.605,7.0,394,6.0,MEDIUM,False,1,,,True,29.5,18.1,62.0,False,2022
VER,Red Bull Racing,43.0,93.322,8.0,395,4.0,SOFT,True,1,,,True,29.5,18.1,62.0,False,2022
MSC,Haas F1 Team,43.0,93.351,9.0,396,4.0,SOFT,True,1,,,True,29.5,18.1,62.0,False,2022
MAG,Haas F1 Team,43.0,95.475,10.0,396,21.0,MEDIUM,True,1,,,True,29.5,18.1,62.0,False,2022
LAT,Williams,43.0,94.694,11.0,397,5.0,SOFT,False,1,,,True,29.5,18.1,62.0,False,2022
STR,Aston Martin,43.0,94.564,12.0,397,6.0,MEDIUM,False,1,,,True,29.5,18.1,62.0,False,2022
RIC,McLaren,43.0,94.706,13.0,398,5.0,SOFT,True,1,,,True,29.5,18.1,62.0,False,2022
TSU,AlphaTauri,43.0,93.912,14.0,399,5.0,SOFT,True,1,,,True,29.5,18.1,62.0,False,2022
SAI,Ferrari,44.0,90.813,1.0,400,5.0,SOFT,True,1,,,True,29.7,18.1,62.0,False,2022
LEC,Ferrari,44.0,91.893,2.0,400,19.0,HARD,True,1,,,True,29.7,18.1,62.0,False,2022
PER,Red Bull Racing,44.0,92.091,3.0,401,5.0,SOFT,True,1,,,True,29.7,18.1,62.0,False,2022
HAM,Mercedes,44.0,92.062,4.0,402,5.0,SOFT,True,1,,,True,29.7,18.1,62.0,False,2022
ALO,Alpine,44.0,92.142,5.0,403,5.0,SOFT,True,1,,,True,29.7,18.1,62.0,False,2022
NOR,McLaren,44.0,92.211,6.0,404,4.0,SOFT,True,1,,,True,29.7,18.1,62.0,False,2022
VER,Red Bull Racing,44.0,92.354,7.0,404,5.0,SOFT,True,1,,,True,29.7,18.1,62.0,False,2022
VET,Aston Martin,44.0,94.04,8.0,404,7.0,MEDIUM,False,1,,,True,29.7,18.1,62.0,False,2022
MSC,Haas F1 Team,44.0,93.597,9.0,405,5.0,SOFT,True,1,,,True,29.7,18.1,62.0,False,2022
MAG,Haas F1 Team,44.0,93.692,10.0,405,22.0,MEDIUM,True,1,,,True,29.7,18.1,62.0,False,2022
LAT,Williams,44.0,93.79,11.0,406,6.0,SOFT,False,1,,,True,29.7,18.1,62.0,False,2022
STR,Aston Martin,44.0,93.775,12.0,406,7.0,MEDIUM,False,1,,,True,29.7,18.1,62.0,False,2022
RIC,McLaren,44.0,93.967,13.0,407,6.0,SOFT,True,1,,,True,29.7,18.1,62.0,False,2022
TSU,AlphaTauri,44.0,94.99,14.0,408,6.0,SOFT,True,1,,,True,29.7,18.1,62.0,False,2022
SAI,Ferrari,45.0,91.215,1.0,409,6.0,SOFT,True,1,,,True,29.4,18.1,62.0,False,2022
HAM,Mercedes,45.0,91.659,2.0,410,6.0,SOFT,True,1,,,True,29.4,18.1,62.0,False,2022
PER,Red Bull Racing,45.0,92.207,3.0,411,6.0,SOFT,True,1,,,True,29.4,18.1,62.0,False,2022
LEC,Ferrari,45.0,93.088,4.0,411,20.0,HARD,True,1,,,True,29.4,18.1,62.0,False,2022
ALO,Alpine,45.0,91.808,5.0,412,6.0,SOFT,True,1,,,True,29.4,18.1,62.0,False,2022
NOR,McLaren,45.0,91.774,6.0,413,5.0,SOFT,True,1,,,True,29.4,18.1,62.0,False,2022
VER,Red Bull Racing,45.0,92.135,7.0,413,6.0,SOFT,True,1,,,True,29.4,18.1,62.0,False,2022
MSC,Haas F1 Team,45.0,92.29,8.0,414,6.0,SOFT,True,1,,,True,29.4,18.1,62.0,False,2022
VET,Aston Martin,45.0,93.679,9.0,414,8.0,MEDIUM,False,1,,,True,29.4,18.1,62.0,False,2022
MAG,Haas F1 Team,45.0,93.407,10.0,414,23.0,MEDIUM,True,1,,,True,29.4,18.1,62.0,False,2022
LAT,Williams,45.0,93.365,11.0,415,7.0,SOFT,False,1,,,True,29.4,18.1,62.0,False,2022
STR,Aston Martin,45.0,93.213,12.0,415,8.0,MEDIUM,False,1,,,True,29.4,18.1,62.0,False,2022
RIC,McLaren,45.0,93.398,13.0,416,7.0,SOFT,True,1,,,True,29.4,18.1,62.0,False,2022
TSU,AlphaTauri,45.0,94.488,14.0,417,7.0,SOFT,True,1,,,True,29.4,18.1,62.0,False,2022
SAI,Ferrari,46.0,91.416,1.0,418,7.0,SOFT,True,1,,,True,29.4,18.1,63.0,False,2022
PER,Red Bull Racing,46.0,91.466,2.0,419,7.0,SOFT,True,1,,,True,29.4,18.1,63.0,False,2022
LEC,Ferrari,46.0,92.022,3.0,419,21.0,HARD,True,1,,,True,29.4,18.1,63.0,False,2022
HAM,Mercedes,46.0,92.894,4.0,420,7.0,SOFT,True,1,,,True,29.4,18.1,63.0,False,2022
ALO,Alpine,46.0,92.84,5.0,421,7.0,SOFT,True,1,,,True,29.4,18.1,63.0,False,2022
NOR,McLaren,46.0,92.831,6.0,422,6.0,SOFT,True,1,,,True,29.4,18.1,63.0,False,2022
VER,Red Bull Racing,46.0,92.516,7.0,422,7.0,SOFT,True,1,,,True,29.4,18.1,63.0,False,2022
MSC,Haas F1 Team,46.0,92.35,8.0,423,7.0,SOFT,True,1,,,True,29.4,18.1,63.0,False,2022
VET,Aston Martin,46.0,93.317,9.0,423,9.0,MEDIUM,False,1,,,True,29.4,18.1,63.0,False,2022
MAG,Haas F1 Team,46.0,93.301,10.0,423,24.0,MEDIUM,True,1,,,True,29.4,18.1,63.0,False,2022
LAT,Williams,46.0,93.425,11.0,424,8.0,SOFT,False,1,,,True,29.4,18.1,63.0,False,2022
STR,Aston Martin,46.0,93.461,12.0,424,9.0,MEDIUM,False,1,,,True,29.4,18.1,63.0,False,2022
RIC,McLaren,46.0,93.419,13.0,425,8.0,SOFT,True,1,,,True,29.4,18.1,63.0,False,2022
TSU,AlphaTauri,46.0,94.144,14.0,426,8.0,SOFT,True,1,,,True,29.4,18.1,63.0,False,2022
SAI,Ferrari,47.0,91.315,1.0,427,8.0,SOFT,True,1,,,True,29.1,18.1,63.0,False,2022
PER,Red Bull Racing,47.0,90.937,2.0,428,8.0,SOFT,True,1,,,True,29.1,18.1,63.0,False,2022
LEC,Ferrari,47.0,92.048,3.0,428,22.0,HARD,True,1,,,True,29.1,18.1,63.0,False,2022
HAM,Mercedes,47.0,91.933,4.0,429,8.0,SOFT,True,1,,,True,29.1,18.1,63.0,False,2022
ALO,Alpine,47.0,91.609,5.0,430,8.0,SOFT,True,1,,,True,29.1,18.1,63.0,False,2022
NOR,McLaren,47.0,91.645,6.0,431,7.0,SOFT,True,1,,,True,29.1,18.1,63.0,False,2022
VER,Red Bull Racing,47.0,92.584,7.0,431,8.0,SOFT,True,1,,,True,29.1,18.1,63.0,False,2022
MSC,Haas F1 Team,47.0,92.224,8.0,432,8.0,SOFT,True,1,,,True,29.1,18.1,63.0,False,2022
VET,Aston Martin,47.0,92.841,9.0,432,10.0,MEDIUM,False,1,,,True,29.1,18.1,63.0,False,2022
MAG,Haas F1 Team,47.0,93.478,10.0,432,25.0,MEDIUM,True,1,,,True,29.1,18.1,63.0,False,2022
LAT,Williams,47.0,93.558,11.0,433,9.0,SOFT,False,1,,,True,29.1,18.1,63.0,False,2022
STR,Aston Martin,47.0,93.495,12.0,433,10.0,MEDIUM,False,1,,,True,29.1,18.1,63.0,False,2022
RIC,McLaren,47.0,93.438,13.0,434,9.0,SOFT,True,1,,,True,29.1,18.1,63.0,False,2022
TSU,AlphaTauri,47.0,94.132,14.0,435,9.0,SOFT,True,1,,,True,28.9,18.0,63.0,False,2022
SAI,Ferrari,48.0,91.25,1.0,436,9.0,SOFT,True,1,,,True,28.7,17.9,63.0,False,2022
PER,Red Bull Racing,48.0,91.296,2.0,437,9.0,SOFT,True,1,,,True,28.7,17.9,63.0,False,2022
HAM,Mercedes,48.0,91.628,3.0,438,9.0,SOFT,True,1,,,True,28.7,17.9,63.0,False,2022
LEC,Ferrari,48.0,93.143,4.0,438,23.0,HARD,True,1,,,True,28.7,17.9,63.0,False,2022
ALO,Alpine,48.0,92.838,5.0,439,9.0,SOFT,True,1,,,True,28.7,17.9,63.0,False,2022
NOR,McLaren,48.0,92.664,6.0,440,8.0,SOFT,True,1,,,True,28.7,17.9,63.0,False,2022
VER,Red Bull Racing,48.0,92.566,7.0,440,9.0,SOFT,True,1,,,True,28.7,17.9,63.0,False,2022
MSC,Haas F1 Team,48.0,92.109,8.0,441,9.0,SOFT,True,1,,,True,28.7,17.9,63.0,False,2022
VET,Aston Martin,48.0,93.053,9.0,441,11.0,MEDIUM,False,1,,,True,28.7,17.9,63.0,False,2022
MAG,Haas F1 Team,48.0,93.309,10.0,441,26.0,MEDIUM,True,1,,,True,28.7,17.9,63.0,False,2022
LAT,Williams,48.0,93.286,11.0,442,10.0,SOFT,False,1,,,True,28.7,17.9,63.0,False,2022
STR,Aston Martin,48.0,93.196,12.0,442,11.0,MEDIUM,False,1,,,True,28.7,17.9,63.0,False,2022
RIC,McLaren,48.0,93.445,13.0,443,10.0,SOFT,True,1,,,True,28.7,17.9,63.0,False,2022
TSU,AlphaTauri,48.0,93.947,14.0,444,10.0,SOFT,True,1,,,True,28.7,17.9,63.0,False,2022
SAI,Ferrari,49.0,91.317,1.0,445,10.0,SOFT,True,1,,,True,28.5,17.9,61.0,False,2022
PER,Red Bull Racing,49.0,90.997,2.0,446,10.0,SOFT,True,1,,,True,28.5,17.9,61.0,False,2022
HAM,Mercedes,49.0,91.201,3.0,447,10.0,SOFT,True,1,,,True,28.5,17.9,61.0,False,2022
LEC,Ferrari,49.0,91.724,4.0,447,24.0,HARD,True,1,,,True,28.5,17.9,61.0,False,2022
ALO,Alpine,49.0,91.973,5.0,448,10.0,SOFT,True,1,,,True,28.5,17.9,61.0,False,2022
NOR,McLaren,49.0,92.121,6.0,449,9.0,SOFT,True,1,,,True,28.5,17.9,61.0,False,2022
VER,Red Bull Racing,49.0,92.964,7.0,449,10.0,SOFT,True,1,,,True,28.5,17.9,61.0,False,2022
MSC,Haas F1 Team,49.0,92.339,8.0,450,10.0,SOFT,True,1,,,True,28.5,17.9,61.0,False,2022
VET,Aston Martin,49.0,92.988,9.0,450,12.0,MEDIUM,False,1,,,True,28.5,17.9,61.0,False,2022
MAG,Haas F1 Team,49.0,92.813,10.0,450,27.0,MEDIUM,True,1,,,True,28.5,17.8,61.0,False,2022
STR,Aston Martin,49.0,94.124,11.0,451,12.0,MEDIUM,False,1,,,True,28.5,17.8,61.0,False,2022
LAT,Williams,49.0,95.043,12.0,452,11.0,SOFT,False,1,,,True,28.5,17.8,61.0,False,2022
RIC,McLaren,49.0,94.159,13.0,453,11.0,SOFT,True,1,,,True,28.5,17.8,61.0,False,2022
TSU,AlphaTauri,49.0,94.072,14.0,454,11.0,SOFT,True,1,,,True,28.5,17.8,61.0,False,2022
SAI,Ferrari,50.0,91.141,1.0,455,11.0,SOFT,True,1,,,True,28.5,17.8,61.0,False,2022
PER,Red Bull Racing,50.0,91.102,2.0,456,11.0,SOFT,True,1,,,True,28.5,17.8,61.0,False,2022
HAM,Mercedes,50.0,91.397,3.0,457,11.0,SOFT,True,1,,,True,28.5,17.8,61.0,False,2022
LEC,Ferrari,50.0,91.747,4.0,457,25.0,HARD,True,1,,,True,28.5,17.8,61.0,False,2022
ALO,Alpine,50.0,91.707,5.0,458,11.0,SOFT,True,1,,,True,28.5,17.8,61.0,False,2022
NOR,McLaren,50.0,92.07,6.0,459,10.0,SOFT,True,1,,,True,28.5,17.8,61.0,False,2022
VER,Red Bull Racing,50.0,93.051,7.0,459,11.0,SOFT,True,1,,,True,28.5,17.8,61.0,False,2022
MSC,Haas F1 Team,50.0,93.27,8.0,460,11.0,SOFT,True,1,,,True,28.5,17.8,61.0,False,2022
VET,Aston Martin,50.0,93.005,9.0,460,13.0,MEDIUM,False,1,,,True,28.5,17.8,61.0,False,2022
MAG,Haas F1 Team,50.0,93.123,10.0,460,28.0,MEDIUM,True,1,,,True,28.5,17.8,61.0,False,2022
STR,Aston Martin,50.0,92.812,11.0,461,13.0,MEDIUM,False,1,,,True,28.5,17.8,61.0,False,2022
LAT,Williams,50.0,93.937,12.0,462,12.0,SOFT,False,1,,,True,28.5,17.8,61.0,False,2022
RIC,McLaren,50.0,93.798,13.0,463,12.0,SOFT,True,1,,,True,28.5,17.8,61.0,False,2022
TSU,AlphaTauri,50.0,94.191,14.0,464,12.0,SOFT,True,1,,,True,28.5,17.8,61.0,False,2022
SAI,Ferrari,51.0,91.474,1.0,465,12.0,SOFT,True,1,,,True,28.3,17.7,61.0,False,2022
PER,Red Bull Racing,51.0,91.976,2.0,466,12.0,SOFT,True,1,,,True,28.3,17.7,61.0,False,2022
HAM,Mercedes,51.0,92.277,3.0,467,12.0,SOFT,True,1,,,True,28.3,17.7,61.0,False,2022
LEC,Ferrari,51.0,91.77,4.0,467,26.0,HARD,True,1,,,True,28.3,17.7,61.0,False,2022
ALO,Alpine,51.0,91.758,5.0,468,12.0,SOFT,True,1,,,True,28.3,17.7,61.0,False,2022
NOR,McLaren,51.0,92.585,6.0,469,11.0,SOFT,True,1,,,True,28.3,17.7,61.0,False,2022
VER,Red Bull Racing,51.0,92.858,7.0,469,12.0,SOFT,True,1,,,True,28.3,17.7,61.0,False,2022
MSC,Haas F1 Team,51.0,92.74,8.0,470,12.0,SOFT,True,1,,,True,28.3,17.7,61.0,False,2022
VET,Aston Martin,51.0,93.169,9.0,470,14.0,MEDIUM,False,1,,,True,28.3,17.7,61.0,False,2022
MAG,Haas F1 Team,51.0,92.827,10.0,470,29.0,MEDIUM,True,1,,,True,28.3,17.7,61.0,False,2022
STR,Aston Martin,51.0,92.416,11.0,471,14.0,MEDIUM,False,1,,,True,28.3,17.7,61.0,False,2022
LAT,Williams,51.0,94.867,12.0,472,13.0,SOFT,False,1,,,True,28.3,17.7,61.0,False,2022
RIC,McLaren,51.0,94.981,13.0,473,13.0,SOFT,True,1,,,True,28.3,17.7,61.0,False,2022
TSU,AlphaTauri,51.0,93.832,14.0,474,13.0,SOFT,True,1,,,True,28.3,17.7,61.0,False,2022
SAI,Ferrari,52.0,91.526,1.0,475,13.0,SOFT,True,1,,,True,28.2,17.7,61.0,False,2022
PER,Red Bull Racing,52.0,91.391,2.0,476,13.0,SOFT,True,1,,,True,28.2,17.7,61.0,False,2022
HAM,Mercedes,52.0,90.51,3.0,477,13.0,SOFT,True,1,,,True,28.2,17.7,61.0,False,2022
LEC,Ferrari,52.0,91.282,4.0,477,27.0,HARD,True,1,,,True,28.2,17.7,61.0,False,2022
ALO,Alpine,52.0,91.694,5.0,478,13.0,SOFT,True,1,,,True,28.2,17.7,61.0,False,2022
NOR,McLaren,52.0,92.325,6.0,479,12.0,SOFT,True,1,,,True,28.2,17.7,61.0,False,2022
VER,Red Bull Racing,52.0,93.581,7.0,479,13.0,SOFT,True,1,,,True,28.2,17.7,61.0,False,2022
MSC,Haas F1 Team,52.0,93.479,8.0,480,13.0,SOFT,True,1,,,True,28.2,17.7,61.0,False,2022
VET,Aston Martin,52.0,92.471,9.0,480,15.0,MEDIUM,False,1,,,True,28.2,17.7,61.0,False,2022
MAG,Haas F1 Team,52.0,92.661,10.0,480,30.0,MEDIUM,True,1,,,True,28.2,17.7,61.0,False,2022
STR,Aston Martin,52.0,92.379,11.0,481,15.0,MEDIUM,False,1,,,True,28.2,17.7,61.0,False,2022
LAT,Williams,52.0,94.663,12.0,482,14.0,SOFT,False,1,,,True,28.2,17.7,61.0,False,2022
RIC,McLaren,52.0,94.608,13.0,483,14.0,SOFT,True,1,,,True,28.2,17.7,61.0,False,2022
TSU,AlphaTauri,52.0,94.089,14.0,484,14.0,SOFT,True,1,,,True,28.2,17.7,61.0,False,2022
NOR,McLaren,1.0,96.551,1.0,1,1.0,MEDIUM,True,1,,,False,29.6,21.4,55.0,False,2023
VER,Red Bull Racing,1.0,97.167,2.0,2,1.0,MEDIUM,True,1,,,False,29.6,21.4,55.0,False,2023
PIA,McLaren,1.0,97.773,3.0,3,1.0,MEDIUM,True,1,,,False,29.6,21.4,55.0,False,2023
LEC,Ferrari,1.0,98.3,4.0,4,1.0,MEDIUM,True,1,,,False,29.6,21.4,55.0,False,2023
RUS,Mercedes,1.0,98.651,5.0,4,4.0,SOFT,False,1,,,False,29.6,21.4,55.0,False,2023
SAI,Ferrari,1.0,99.284,6.0,5,1.0,MEDIUM,True,1,,,False,29.6,21.4,55.0,False,2023
ALO,Aston Martin,1.0,100.026,7.0,5,2.0,MEDIUM,False,1,,,False,29.6,21.4,55.0,False,2023
HAM,Mercedes,1.0,100.664,8.0,6,1.0,MEDIUM,True,1,,,False,29.6,21.4,55.0,False,2023
GAS,Alpine,1.0,101.014,9.0,7,1.0,MEDIUM,True,1,,,False,29.6,21.4,55.0,False,2023
ALB,Williams,1.0,101.364,10.0,8,1.0,MEDIUM,True,1,,,False,29.6,21.4,55.0,False,2023
STR,Aston Martin,1.0,102.049,11.0,8,2.0,MEDIUM,False,1,,,False,29.6,21.4,55.0,False,2023
OCO,Alpine,1.0,102.516,12.0,9,1.0,SOFT,True,1,,,False,29.6,21.4,55.0,False,2023
TSU,AlphaTauri,1.0,103.165,13.0,10,1.0,SOFT,True,1,,,False,29.6,21.4,55.0,False,2023
HUL,Haas F1 Team,1.0,103.503,14.0,11,1.0,HARD,True,1,,,False,29.6,21.4,55.0,False,2023
SAR,Williams,1.0,103.792,15.0,12,1.0,MEDIUM,True,1,,,False,29.6,21.4,55.0,False,2023
PER,Red Bull Racing,1.0,104.033,16.0,13,1.0,MEDIUM,True,1,,,False,29.6,21.4,55.0,False,2023
DEV,AlphaTauri,1.0,104.444,17.0,14,1.0,SOFT,True,1,,,False,29.6,21.4,55.0,False,2023
BOT,Alfa Romeo,1.0,104.975,18.0,15,1.0,HARD,True,1,,,False,29.6,21.4,55.0,False,2023
ZHO,Alfa Romeo,1.0,105.239,19.0,16,1.0,MEDIUM,True,1,,,False,29.6,21.4,55.0,False,2023
MAG,Haas F1 Team,1.0,105.771,20.0,17,1.0,MEDIUM,True,1,,,False,29.6,21.4,55.0,False,2023
NOR,McLaren,2.0,93.046,1.0,17,2.0,MEDIUM,True,1,,,True,29.6,21.5,54.0,False,2023
VER,Red Bull Racing,2.0,93.433,2.0,18,2.0,MEDIUM,True,1,,,True,29.6,21.5,54.0,False,2023
PIA,McLaren,2.0,93.845,3.0,19,2.0,MEDIUM,True,1,,,True,29.6,21.5,54.0,False,2023
LEC,Ferrari,2.0,93.994,4.0,20,2.0,MEDIUM,True,1,,,True,29.6,21.5,54.0,False,2023
RUS,Mercedes,2.0,94.115,5.0,20,5.0,SOFT,False,1,,,True,29.6,21.5,54.0,False,2023
SAI,Ferrari,2.0,94.177,6.0,21,2.0,MEDIUM,True,1,,,True,29.6,21.5,54.0,False,2023
ALO,Aston Martin,2.0,94.419,7.0,21,3.0,MEDIUM,False,1,,,True,29.6,21.5,54.0,False,2023
HAM,Mercedes,2.0,94.361,8.0,22,2.0,MEDIUM,True,1,,,True,29.6,21.5,54.0,False,2023
GAS,Alpine,2.0,94.706,9.0,23,2.0,MEDIUM,True,1,,,True,29.6,21.5,54.0,False,2023
ALB,Williams,2.0,95.004,10.0,24,2.0,MEDIUM,True,1,,,True,29.6,21.5,54.0,False,2023
STR,Aston Martin,2.0,95.093,11.0,24,3.0,MEDIUM,False,1,,,True,29.6,21.5,54.0,False,2023
OCO,Alpine,2.0,95.23,12.0,25,2.0,SOFT,True,1,,,True,29.6,21.5,54.0,False,2023
TSU,AlphaTauri,2.0,95.252,13.0,26,2.0,SOFT,True,1,,,True,29.6,21.5,54.0,False,2023
HUL,Haas F1 Team,2.0,95.277,14.0,27,2.0,HARD,True,1,,,True,29.6,21.5,54.0,False,2023
PER,Red Bull Racing,2.0,95.482,15.0,28,2.0,MEDIUM,True,1,,,True,29.6,21.5,54.0,False,2023
SAR,Williams,2.0,96.266,16.0,29,2.0,MEDIUM,True,1,,,True,29.6,21.5,54.0,False,2023
DEV,AlphaTauri,2.0,96.208,17.0,30,2.0,SOFT,True,1,,,True,29.6,21.5,54.0,False,2023
ZHO,Alfa Romeo,2.0,95.912,18.0,31,2.0,MEDIUM,True,1,,,True,29.6,21.5,54.0,False,2023
BOT,Alfa Romeo,2.0,96.741,19.0,32,2.0,HARD,True,1,,,True,29.6,21.5,54.0,False,2023
MAG,Haas F1 Team,2.0,96.337,20.0,33,2.0,MEDIUM,True,1,,,True,29.6,21.5,54.0,False,2023
NOR,McLaren,3.0,93.18,1.0,33,3.0,MEDIUM,True,1,,,True,29.4,21.5,54.0,False,2023
VER,Red Bull Racing,3.0,92.73,2.0,34,3.0,MEDIUM,True,1,,,True,29.4,21.5,54.0,False,2023
PIA,McLaren,3.0,92.499,3.0,35,3.0,MEDIUM,True,1,,,True,29.4,21.5,54.0,False,2023
LEC,Ferrari,3.0,92.934,4.0,36,3.0,MEDIUM,True,1,,,True,29.4,21.5,54.0,False,2023
RUS,Mercedes,3.0,93.096,5.0,36,6.0,SOFT,False,1,,,True,29.4,21.5,54.0,False,2023
SAI,Ferrari,3.0,93.456,6.0,37,3.0,MEDIUM,True,1,,,True,29.4,21.5,54.0,False,2023
ALO,Aston Martin,3.0,93.424,7.0,37,4.0,MEDIUM,False,1,,,True,29.4,21.5,54.0,False,2023
HAM,Mercedes,3.0,93.662,8.0,38,3.0,MEDIUM,True,1,,,True,29.4,21.5,54.0,False,2023
GAS,Alpine,3.0,93.605,9.0,39,3.0,MEDIUM,True,1,,,True,29.4,21.5,54.0,False,2023
ALB,Williams,3.0,93.809,10.0,40,3.0,MEDIUM,True,1,,,True,29.4,21.5,54.0,False,2023
STR,Aston Martin,3.0,94.021,11.0,40,4.0,MEDIUM,False,1,,,True,29.4,21.5,54.0,False,2023
OCO,Alpine,3.0,94.113,12.0,41,3.0,SOFT,True,1,,,True,29.4,21.5,54.0,False,2023
TSU,AlphaTauri,3.0,94.229,13.0,42,3.0,SOFT,True,1,,,True,29.4,21.5,54.0,False,2023
HUL,Haas F1 Team,3.0,94.53,14.0,43,3.0,HARD,True,1,,,True,29.4,21.5,54.0,False,2023
PER,Red Bull Racing,3.0,94.38,15.0,44,3.0,MEDIUM,True,1,,,True,29.4,21.5,54.0,False,2023
SAR,Williams,3.0,94.577,16.0,45,3.0,MEDIUM,True,1,,,True,29.4,21.5,54.0,False,2023
DEV,AlphaTauri,3.0,94.746,17.0,46,3.0,SOFT,True,1,,,True,29.4,21.5,54.0,False,2023
ZHO,Alfa Romeo,3.0,94.679,18.0,47,3.0,MEDIUM,True,1,,,True,29.4,21.5,54.0,False,2023
BOT,Alfa Romeo,3.0,94.865,19.0,48,3.0,HARD,True,1,,,True,29.4,21.5,54.0,False,2023
MAG,Haas F1 Team,3.0,95.169,20.0,49,3.0,MEDIUM,True,1,,,True,29.4,21.5,54.0,False,2023
NOR,McLaren,4.0,92.772,1.0,49,4.0,MEDIUM,True,1,,,True,29.3,21.4,55.0,False,2023
VER,Red Bull Racing,4.0,92.78,2.0,50,4.0,MEDIUM,True,1,,,True,29.3,21.4,55.0,False,2023
PIA,McLaren,4.0,92.581,3.0,51,4.0,MEDIUM,True,1,,,True,29.3,21.4,55.0,False,2023
LEC,Ferrari,4.0,92.961,4.0,52,4.0,MEDIUM,True,1,,,True,29.3,21.4,55.0,False,2023
RUS,Mercedes,4.0,93.084,5.0,52,7.0,SOFT,False,1,,,True,29.3,21.4,55.0,False,2023
SAI,Ferrari,4.0,92.975,6.0,53,4.0,MEDIUM,True,1,,,True,29.3,21.4,55.0,False,2023
ALO,Aston Martin,4.0,93.156,7.0,53,5.0,MEDIUM,False,1,,,True,29.3,21.4,55.0,False,2023
HAM,Mercedes,4.0,93.086,8.0,54,4.0,MEDIUM,True,1,,,True,29.3,21.4,55.0,False,2023
GAS,Alpine,4.0,93.349,9.0,55,4.0,MEDIUM,True,1,,,True,29.3,21.4,55.0,False,2023
ALB,Williams,4.0,93.866,10.0,56,4.0,MEDIUM,True,1,,,True,29.3,21.4,55.0,False,2023
STR,Aston Martin,4.0,93.799,11.0,56,5.0,MEDIUM,False,1,,,True,29.3,21.4,55.0,False,2023
OCO,Alpine,4.0,93.941,12.0,57,4.0,SOFT,True,1,,,True,29.3,21.4,55.0,False,2023
TSU,AlphaTauri,4.0,94.362,13.0,58,4.0,SOFT,True,1,,,True,29.3,21.4,55.0,False,2023
HUL,Haas F1 Team,4.0,94.354,14.0,59,4.0,HARD,True,1,,,True,29.3,21.4,55.0,False,2023
PER,Red Bull Racing,4.0,94.339,15.0,60,4.0,MEDIUM,True,1,,,True,29.3,21.4,55.0,False,2023
SAR,Williams,4.0,94.332,16.0,61,4.0,MEDIUM,True,1,,,True,29.3,21.4,55.0,False,2023
DEV,AlphaTauri,4.0,94.199,17.0,62,4.0,SOFT,True,1,,,True,29.3,21.4,55.0,False,2023
ZHO,Alfa Romeo,4.0,94.408,18.0,63,4.0,MEDIUM,True,1,,,True,29.3,21.4,55.0,False,2023
BOT,Alfa Romeo,4.0,94.611,19.0,64,4.0,HARD,True,1,,,True,29.3,21.4,55.0,False,2023
MAG,Haas F1 Team,4.0,94.731,20.0,65,4.0,MEDIUM,True,1,,,True,29.3,21.4,55.0,False,2023
VER,Red Bull Racing,5.0,92.582,1.0,65,5.0,MEDIUM,True,1,,,True,29.3,21.4,55.0,False,2023
NOR,McLaren,5.0,93.914,2.0,66,5.0,MEDIUM,True,1,,,True,29.3,21.4,55.0,False,2023
PIA,McLaren,5.0,93.461,3.0,67,5.0,MEDIUM,True,1,,,True,29.3,21.4,55.0,False,2023
LEC,Ferrari,5.0,94.409,4.0,68,5.0,MEDIUM,True,1,,,True,29.3,21.4,55.0,False,2023
RUS,Mercedes,5.0,94.211,5.0,68,8.0,SOFT,False,1,,,True,29.3,21.4,55.0,False,2023
SAI,Ferrari,5.0,93.666,6.0,69,5.0,MEDIUM,True,1,,,True,29.3,21.4,55.0,False,2023
ALO,Aston Martin,5.0,94.157,7.0,69,6.0,MEDIUM,False,1,,,True,29.3,21.4,55.0,False,2023
HAM,Mercedes,5.0,93.718,8.0,70,5.0,MEDIUM,True,1,,,True,29.3,21.4,55.0,False,2023
GAS,Alpine,5.0,93.863,9.0,71,5.0,MEDIUM,True,1,,,True,29.3,21.4,55.0,False,2023
ALB,Williams,5.0,93.86,10.0,72,5.0,MEDIUM,True,1,,,True,29.3,21.4,55.0,False,2023
STR,Aston Martin,5.0,93.856,11.0,72,6.0,MEDIUM,False,1,,,True,29.3,21.4,55.0,False,2023
OCO,Alpine,5.0,93.946,12.0,73,5.0,SOFT,True,1,,,True,29.3,21.4,55.0,False,2023
TSU,AlphaTauri,5.0,94.457,13.0,74,5.0,SOFT,True,1,,,True,29.3,21.4,55.0,False,2023
PER,Red Bull Racing,5.0,94.073,14.0,75,5.0,MEDIUM,True,1,,,True,29.3,21.4,55.0,False,2023
HUL,Haas F1 Team,5.0,95.588,15.0,76,5.0,HARD,True,1,,,True,29.3,21.4,55.0,False,2023
SAR,Williams,5.0,94.842,16.0,77,5.0,MEDIUM,True,1,,,True,29.4,21.5,55.0,False,2023
DEV,AlphaTauri,5.0,94.761,17.0,78,5.0,SOFT,True,1,,,True,29.4,21.5,55.0,False,2023
ZHO,Alfa Romeo,5.0,94.736,18.0,79,5.0,MEDIUM,True,1,,,True,29.4,21.5,55.0,False,2023
BOT,Alfa Romeo,5.0,94.804,19.0,80,5.0,HARD,True,1,,,True,29.4,21.5,55.0,False,2023
MAG,Haas F1 Team,5.0,94.598,20.0,81,5.0,MEDIUM,True,1,,,True,29.4,21.5,55.0,False,2023
VER,Red Bull Racing,6.0,93.027,1.0,81,6.0,MEDIUM,True,1,,,True,29.5,21.4,55.0,False,2023
NOR,McLaren,6.0,93.112,2.0,82,6.0,MEDIUM,True,1,,,True,29.5,21.4,55.0,False,2023
PIA,McLaren,6.0,93.008,3.0,83,6.0,MEDIUM,True,1,,,True,29.5,21.4,55.0,False,2023
LEC,Ferrari,6.0,93.761,4.0,84,6.0,MEDIUM,True,1,,,True,29.5,21.4,55.0,False,2023
RUS,Mercedes,6.0,93.839,5.0,84,9.0,SOFT,False,1,,,True,29.5,21.4,55.0,False,2023
SAI,Ferrari,6.0,94.215,6.0,85,6.0,MEDIUM,True,1,,,True,29.5,21.4,55.0,False,2023
ALO,Aston Martin,6.0,94.636,7.0,85,7.0,MEDIUM,False,1,,,True,29.5,21.4,55.0,False,2023
HAM,Mercedes,6.0,94.556,8.0,86,6.0,MEDIUM,True,1,,,True,29.5,21.4,55.0,False,2023
GAS,Alpine,6.0,94.143,9.0,87,6.0,MEDIUM,True,1,,,True,29.5,21.4,55.0,False,2023
ALB,Williams,6.0,94.21,10.0,88,6.0,MEDIUM,True,1,,,True,29.5,21.4,55.0,False,2023
STR,Aston Martin,6.0,94.189,11.0,88,7.0,MEDIUM,False,1,,,True,29.5,21.4,55.0,False,2023
OCO,Alpine,6.0,94.381,12.0,89,6.0,SOFT,True,1,,,True,29.5,21.4,55.0,False,2023
PER,Red Bull Racing,6.0,93.671,13.0,90,6.0,MEDIUM,True,1,,,True,29.5,21.4,55.0,False,2023
TSU,AlphaTauri,6.0,95.373,14.0,91,6.0,SOFT,True,1,,,True,29.5,21.4,55.0,False,2023
SAR,Williams,6.0,94.356,15.0,92,6.0,MEDIUM,True,1,,,True,29.5,21.4,55.0,False,2023
HUL,Haas F1 Team,6.0,95.631,16.0,93,6.0,HARD,True,1,,,True,29.5,21.4,55.0,False,2023
DEV,AlphaTauri,6.0,94.907,17.0,94,6.0,SOFT,True,1,,,True,29.5,21.4,55.0,False,2023
ZHO,Alfa Romeo,6.0,94.807,18.0,95,6.0,MEDIUM,True,1,,,True,29.5,21.4,55.0,False,2023
BOT,Alfa Romeo,6.0,94.791,19.0,96,6.0,HARD,True,1,,,True,29.5,21.4,55.0,False,2023
MAG,Haas F1 Team,6.0,94.933,20.0,97,6.0,MEDIUM,True,1,,,True,29.5,21.4,55.0,False,2023
VER,Red Bull Racing,7.0,93.1,1.0,97,7.0,MEDIUM,True,1,,,True,29.3,21.4,54.0,False,2023
NOR,McLaren,7.0,93.19,2.0,98,7.0,MEDIUM,True,1,,,True,29.3,21.4,54.0,False,2023
PIA,McLaren,7.0,93.29,3.0,99,7.0,MEDIUM,True,1,,,True,29.3,21.4,54.0,False,2023
LEC,Ferrari,7.0,93.403,4.0,100,7.0,MEDIUM,True,1,,,True,29.3,21.4,54.0,False,2023
RUS,Mercedes,7.0,93.432,5.0,100,10.0,SOFT,False,1,,,True,29.3,21.4,54.0,False,2023
SAI,Ferrari,7.0,93.427,6.0,101,7.0,MEDIUM,True,1,,,True,29.3,21.4,54.0,False,2023
HAM,Mercedes,7.0,93.328,7.0,102,7.0,MEDIUM,True,1,,,True,29.3,21.4,54.0,False,2023
ALO,Aston Martin,7.0,94.645,8.0,102,8.0,MEDIUM,False,1,,,True,29.2,21.4,55.0,False,2023
GAS,Alpine,7.0,94.399,9.0,103,7.0,MEDIUM,True,1,,,True,29.2,21.4,55.0,False,2023
ALB,Williams,7.0,94.099,10.0,104,7.0,MEDIUM,True,1,,,True,29.2,21.4,55.0,False,2023
STR,Aston Martin,7.0,94.115,11.0,104,8.0,MEDIUM,False,1,,,True,29.2,21.4,55.0,False,2023
OCO,Alpine,7.0,94.346,12.0,105,7.0,SOFT,True,1,,,True,29.2,21.4,55.0,False,2023
PER,Red Bull Racing,7.0,93.919,13.0,106,7.0,MEDIUM,True,1,,,True,29.2,21.4,55.0,False,2023
TSU,AlphaTauri,7.0,94.571,14.0,107,7.0,SOFT,True,1,,,True,29.2,21.4,55.0,False,2023
SAR,Williams,7.0,94.581,15.0,108,7.0,MEDIUM,True,1,,,True,29.2,21.4,55.0,False,2023
HUL,Haas F1 Team,7.0,94.412,16.0,109,7.0,HARD,True,1,0 days 01:13:16.312000,,False,29.2,21.4,55.0,False,2023
DEV,AlphaTauri,7.0,95.054,17.0,110,7.0,SOFT,True,1,,,True,29.2,21.4,55.0,False,2023
ZHO,Alfa Romeo,7.0,94.995,18.0,111,7.0,MEDIUM,True,1,,,True,29.2,21.4,55.0,False,2023
BOT,Alfa Romeo,7.0,94.879,19.0,112,7.0,HARD,True,1,,,True,29.2,21.4,55.0,False,2023
MAG,Haas F1 Team,7.0,94.95,20.0,113,7.0,MEDIUM,True,1,,,True,29.2,21.4,55.0,False,2023
VER,Red Bull Racing,8.0,92.884,1.0,113,8.0,MEDIUM,True,1,,,True,29.1,21.5,55.0,False,2023
NOR,McLaren,8.0,93.101,2.0,114,8.0,MEDIUM,True,1,,,True,29.1,21.5,55.0,False,2023
PIA,McLaren,8.0,93.233,3.0,115,8.0,MEDIUM,True,1,,,True,29.1,21.5,55.0,False,2023
LEC,Ferrari,8.0,93.244,4.0,116,8.0,MEDIUM,True,1,,,True,29.1,21.5,55.0,False,2023
RUS,Mercedes,8.0,93.136,5.0,116,11.0,SOFT,False,1,,,True,29.1,21.5,55.0,False,2023
SAI,Ferrari,8.0,93.442,6.0,117,8.0,MEDIUM,True,1,,,True,29.1,21.5,55.0,False,2023
HAM,Mercedes,8.0,93.483,7.0,118,8.0,MEDIUM,True,1,,,True,29.1,21.5,55.0,False,2023
ALO,Aston Martin,8.0,94.019,8.0,118,9.0,MEDIUM,False,1,,,True,29.1,21.5,55.0,False,2023
GAS,Alpine,8.0,93.905,9.0,119,8.0,MEDIUM,True,1,,,True,29.1,21.5,55.0,False,2023
ALB,Williams,8.0,93.922,10.0,120,8.0,MEDIUM,True,1,,,True,29.1,21.5,55.0,False,2023
STR,Aston Martin,8.0,93.872,11.0,120,9.0,MEDIUM,False,1,,,True,29.1,21.5,55.0,False,2023
OCO,Alpine,8.0,94.032,12.0,121,8.0,SOFT,True,1,,,True,29.1,21.5,55.0,False,2023
PER,Red Bull Racing,8.0,93.568,13.0,122,8.0,MEDIUM,True,1,,,True,29.1,21.5,55.0,False,2023
TSU,AlphaTauri,8.0,94.486,14.0,123,8.0,SOFT,True,1,,,True,29.1,21.5,55.0,False,2023
SAR,Williams,8.0,94.108,15.0,124,8.0,MEDIUM,True,1,,,True,29.1,21.5,55.0,False,2023
DEV,AlphaTauri,8.0,93.896,16.0,125,8.0,SOFT,True,1,,,True,29.1,21.5,55.0,False,2023
ZHO,Alfa Romeo,8.0,94.267,17.0,126,8.0,MEDIUM,True,1,,,True,29.1,21.5,55.0,False,2023
BOT,Alfa Romeo,8.0,94.476,18.0,127,8.0,HARD,True,1,,,True,29.1,21.5,55.0,False,2023
MAG,Haas F1 Team,8.0,94.427,19.0,128,8.0,MEDIUM,True,1,,,True,29.1,21.5,55.0,False,2023
HUL,Haas F1 Team,8.0,127.922,20.0,129,1.0,MEDIUM,True,1,,0 days 01:13:58.296000,False,29.1,21.4,55.0,False,2023
VER,Red Bull Racing,9.0,92.822,1.0,129,9.0,MEDIUM,True,1,,,True,29.1,21.4,55.0,False,2023
NOR,McLaren,9.0,92.612,2.0,130,9.0,MEDIUM,True,1,,,True,29.1,21.4,55.0,False,2023
PIA,McLaren,9.0,92.79,3.0,131,9.0,MEDIUM,True,1,,,True,29.1,21.4,55.0,False,2023
LEC,Ferrari,9.0,93.087,4.0,132,9.0,MEDIUM,True,1,,,True,29.1,21.3,55.0,False,2023
RUS,Mercedes,9.0,93.154,5.0,132,12.0,SOFT,False,1,,,True,29.1,21.3,55.0,False,2023
SAI,Ferrari,9.0,93.417,6.0,133,9.0,MEDIUM,True,1,,,True,29.1,21.3,55.0,False,2023
HAM,Mercedes,9.0,93.331,7.0,134,9.0,MEDIUM,True,1,,,True,29.1,21.3,55.0,False,2023
ALO,Aston Martin,9.0,93.657,8.0,134,10.0,MEDIUM,False,1,,,True,29.1,21.3,55.0,False,2023
GAS,Alpine,9.0,93.592,9.0,135,9.0,MEDIUM,True,1,,,True,29.1,21.3,55.0,False,2023
ALB,Williams,9.0,93.731,10.0,136,9.0,MEDIUM,True,1,,,True,29.1,21.3,55.0,False,2023
STR,Aston Martin,9.0,93.871,11.0,136,10.0,MEDIUM,False,1,,,True,29.1,21.3,55.0,False,2023
OCO,Alpine,9.0,93.846,12.0,137,9.0,SOFT,True,1,0 days 01:16:19.340000,,False,29.1,21.3,55.0,False,2023
PER,Red Bull Racing,9.0,93.271,13.0,138,9.0,MEDIUM,True,1,,,True,29.1,21.3,55.0,False,2023
TSU,AlphaTauri,9.0,94.235,14.0,139,9.0,SOFT,True,1,,,True,29.1,21.3,55.0,False,2023
SAR,Williams,9.0,93.94,15.0,140,9.0,MEDIUM,True,1,,,True,29.1,21.3,55.0,False,2023
DEV,AlphaTauri,9.0,93.774,16.0,141,9.0,SOFT,True,1,,,True,29.1,21.3,55.0,False,2023
ZHO,Alfa Romeo,9.0,94.044,17.0,142,9.0,MEDIUM,True,1,,,True,29.1,21.3,55.0,False,2023
BOT,Alfa Romeo,9.0,94.386,18.0,143,9.0,HARD,True,1,,,True,29.1,21.3,55.0,False,2023
MAG,Haas F1 Team,9.0,94.577,19.0,144,9.0,MEDIUM,True,1,,,True,29.1,21.3,55.0,False,2023
HUL,Haas F1 Team,9.0,93.669,20.0,145,2.0,MEDIUM,True,1,,,True,29.1,21.3,55.0,False,2023
VER,Red Bull Racing,10.0,92.594,1.0,145,10.0,MEDIUM,True,1,,,True,29.2,21.3,55.0,False,2023
NOR,McLaren,10.0,92.977,2.0,146,10.0,MEDIUM,True,1,,,True,29.2,21.3,55.0,False,2023
PIA,McLaren,10.0,93.379,3.0,147,10.0,MEDIUM,True,1,,,True,29.2,21.3,55.0,False,2023
LEC,Ferrari,10.0,93.167,4.0,148,10.0,MEDIUM,True,1,,,True,29.2,21.3,55.0,False,2023
RUS,Mercedes,10.0,93.424,5.0,148,13.0,SOFT,False,1,,,True,29.2,21.3,55.0,False,2023
SAI,Ferrari,10.0,93.405,6.0,149,10.0,MEDIUM,True,1,,,True,29.2,21.3,55.0,False,2023
HAM,Mercedes,10.0,93.624,7.0,150,10.0,MEDIUM,True,1,,,True,29.2,21.3,55.0,False,2023
ALO,Aston Martin,10.0,93.711,8.0,150,11.0,MEDIUM,False,1,,,True,29.2,21.3,55.0,False,2023
GAS,Alpine,10.0,93.855,9.0,151,10.0,MEDIUM,True,1,,,True,29.2,21.3,55.0,False,2023
ALB,Williams,10.0,94.045,10.0,152,10.0,MEDIUM,True,1,,,True,29.2,21.3,55.0,False,2023
STR,Aston Martin,10.0,94.007,11.0,152,11.0,MEDIUM,False,1,,,True,29.2,21.3,55.0,False,2023
PER,Red Bull Racing,10.0,93.364,12.0,153,10.0,MEDIUM,True,1,,,True,29.2,21.3,55.0,False,2023
TSU,AlphaTauri,10.0,94.173,13.0,154,10.0,SOFT,True,1,,,True,29.2,21.3,55.0,False,2023
SAR,Williams,10.0,94.31,14.0,155,10.0,MEDIUM,True,1,,,True,29.2,21.3,55.0,False,2023
DEV,AlphaTauri,10.0,93.985,15.0,156,10.0,SOFT,True,1,,,True,29.2,21.3,55.0,False,2023
ZHO,Alfa Romeo,10.0,94.392,16.0,157,10.0,MEDIUM,True,1,,,True,29.2,21.3,55.0,False,2023
BOT,Alfa Romeo,10.0,94.306,17.0,158,10.0,HARD,True,1,,,True,29.2,21.3,55.0,False,2023
MAG,Haas F1 Team,10.0,94.715,18.0,159,10.0,MEDIUM,True,1,,,True,29.2,21.3,55.0,False,2023
HUL,Haas F1 Team,10.0,93.525,19.0,160,3.0,MEDIUM,True,1,,,True,29.2,21.4,55.0,False,2023
VER,Red Bull Racing,11.0,92.597,1.0,160,11.0,MEDIUM,True,1,,,True,29.1,21.3,55.0,False,2023
NOR,McLaren,11.0,92.978,2.0,161,11.0,MEDIUM,True,1,,,True,29.1,21.3,55.0,False,2023
PIA,McLaren,11.0,92.976,3.0,162,11.0,MEDIUM,True,1,,,True,29.1,21.3,55.0,False,2023
LEC,Ferrari,11.0,93.048,4.0,163,11.0,MEDIUM,True,1,,,True,29.1,21.3,55.0,False,2023
RUS,Mercedes,11.0,93.089,5.0,163,14.0,SOFT,False,1,,,True,29.1,21.3,55.0,False,2023
SAI,Ferrari,11.0,93.279,6.0,164,11.0,MEDIUM,True,1,,,True,29.1,21.3,55.0,False,2023
HAM,Mercedes,11.0,93.519,7.0,165,11.0,MEDIUM,True,1,,,True,29.1,21.3,55.0,False,2023
ALO,Aston Martin,11.0,93.737,8.0,165,12.0,MEDIUM,False,1,,,True,29.1,21.3,55.0,False,2023
GAS,Alpine,11.0,93.836,9.0,166,11.0,MEDIUM,True,1,,,True,29.1,21.3,55.0,False,2023
ALB,Williams,11.0,93.842,10.0,167,11.0,MEDIUM,True,1,,,True,29.1,21.3,55.0,False,2023
STR,Aston Martin,11.0,94.198,11.0,167,12.0,MEDIUM,False,1,,,True,29.1,21.3,55.0,False,2023
PER,Red Bull Racing,11.0,93.547,12.0,168,11.0,MEDIUM,True,1,,,True,29.1,21.3,55.0,False,2023
TSU,AlphaTauri,11.0,94.085,13.0,169,11.0,SOFT,True,1,,,True,29.1,21.3,55.0,False,2023
SAR,Williams,11.0,93.925,14.0,170,11.0,MEDIUM,True,1,,,True,29.1,21.3,55.0,False,2023
DEV,AlphaTauri,11.0,93.758,15.0,171,11.0,SOFT,True,1,,,True,29.1,21.3,55.0,False,2023
ZHO,Alfa Romeo,11.0,94.221,16.0,172,11.0,MEDIUM,True,1,,,True,29.1,21.3,55.0,False,2023
BOT,Alfa Romeo,11.0,94.354,17.0,173,11.0,HARD,True,1,,,True,29.1,21.3,55.0,False,2023
MAG,Haas F1 Team,11.0,94.31,18.0,174,11.0,MEDIUM,True,1,,,True,29.1,21.3,55.0,False,2023
HUL,Haas F1 Team,11.0,93.966,19.0,175,4.0,MEDIUM,True,1,,,True,29.1,21.3,55.0,False,2023
VER,Red Bull Racing,12.0,92.687,1.0,175,12.0,MEDIUM,True,1,,,True,29.1,21.3,55.0,False,2023
NOR,McLaren,12.0,93.116,2.0,176,12.0,MEDIUM,True,1,,,True,29.1,21.3,55.0,False,2023
PIA,McLaren,12.0,93.464,3.0,177,12.0,MEDIUM,True,1,,,True,29.1,21.3,55.0,False,2023
LEC,Ferrari,12.0,93.621,4.0,178,12.0,MEDIUM,True,1,,,True,29.1,21.3,55.0,False,2023
RUS,Mercedes,12.0,93.354,5.0,178,15.0,SOFT,False,1,,,True,29.1,21.3,55.0,False,2023
SAI,Ferrari,12.0,93.323,6.0,179,12.0,MEDIUM,True,1,,,True,29.1,21.3,55.0,False,2023
HAM,Mercedes,12.0,93.908,7.0,180,12.0,MEDIUM,True,1,,,True,29.1,21.3,55.0,False,2023
ALO,Aston Martin,12.0,93.951,8.0,180,13.0,MEDIUM,False,1,,,True,29.1,21.3,55.0,False,2023
GAS,Alpine,12.0,93.705,9.0,181,12.0,MEDIUM,True,1,,,True,29.1,21.3,55.0,False,2023
ALB,Williams,12.0,93.857,10.0,182,12.0,MEDIUM,True,1,,,True,29.1,21.3,55.0,False,2023
PER,Red Bull Racing,12.0,93.429,11.0,183,12.0,MEDIUM,True,1,,,True,29.1,21.3,55.0,False,2023
STR,Aston Martin,12.0,94.766,12.0,183,13.0,MEDIUM,False,1,,,True,29.1,21.3,55.0,False,2023
TSU,AlphaTauri,12.0,94.237,13.0,184,12.0,SOFT,True,1,,,True,29.1,21.3,55.0,False,2023
SAR,Williams,12.0,94.239,14.0,185,12.0,MEDIUM,True,1,,,True,29.1,21.3,55.0,False,2023
DEV,AlphaTauri,12.0,94.165,15.0,186,12.0,SOFT,True,1,,,True,28.9,21.4,56.0,False,2023
ZHO,Alfa Romeo,12.0,94.235,16.0,187,12.0,MEDIUM,True,1,,,True,28.9,21.4,56.0,False,2023
BOT,Alfa Romeo,12.0,94.541,17.0,188,12.0,HARD,True,1,,,True,28.9,21.4,56.0,False,2023
MAG,Haas F1 Team,12.0,94.544,18.0,189,12.0,MEDIUM,True,1,,,True,28.9,21.4,56.0,False,2023
HUL,Haas F1 Team,12.0,94.022,19.0,190,5.0,MEDIUM,True,1,,,True,28.9,21.4,56.0,False,2023
VER,Red Bull Racing,13.0,92.678,1.0,190,13.0,MEDIUM,True,1,,,True,28.8,21.4,57.0,False,2023
NOR,McLaren,13.0,92.986,2.0,191,13.0,MEDIUM,True,1,,,True,28.8,21.4,57.0,False,2023
PIA,McLaren,13.0,93.144,3.0,192,13.0,MEDIUM,True,1,,,True,28.8,21.4,57.0,False,2023
LEC,Ferrari,13.0,93.214,4.0,193,13.0,MEDIUM,True,1,,,True,28.8,21.4,57.0,False,2023
RUS,Mercedes,13.0,93.159,5.0,193,16.0,SOFT,False,1,,,True,28.8,21.4,57.0,False,2023
SAI,Ferrari,13.0,93.105,6.0,194,13.0,MEDIUM,True,1,,,True,28.8,21.4,57.0,False,2023
HAM,Mercedes,13.0,93.28,7.0,195,13.0,MEDIUM,True,1,,,True,28.8,21.4,57.0,False,2023
ALO,Aston Martin,13.0,93.565,8.0,195,14.0,MEDIUM,False,1,,,True,28.8,21.4,57.0,False,2023
GAS,Alpine,13.0,93.683,9.0,196,13.0,MEDIUM,True,1,,,True,28.8,21.4,57.0,False,2023
ALB,Williams,13.0,93.751,10.0,197,13.0,MEDIUM,True,1,,,True,28.8,21.4,57.0,False,2023
PER,Red Bull Racing,13.0,93.452,11.0,198,13.0,MEDIUM,True,1,,,True,28.8,21.4,57.0,False,2023
STR,Aston Martin,13.0,94.308,12.0,198,14.0,MEDIUM,False,1,,,True,28.8,21.4,57.0,False,2023
TSU,AlphaTauri,13.0,94.433,13.0,199,13.0,SOFT,True,1,,,True,28.8,21.4,57.0,False,2023
SAR,Williams,13.0,94.329,14.0,200,13.0,MEDIUM,True,1,,,True,28.8,21.4,57.0,False,2023
DEV,AlphaTauri,13.0,94.232,15.0,201,13.0,SOFT,True,1,,,True,28.8,21.4,57.0,False,2023
ZHO,Alfa Romeo,13.0,94.13,16.0,202,13.0,MEDIUM,True,1,,,True,28.8,21.4,57.0,False,2023
BOT,Alfa Romeo,13.0,94.618,17.0,203,13.0,HARD,True,1,,,True,28.8,21.4,57.0,False,2023
MAG,Haas F1 Team,13.0,94.339,18.0,204,13.0,MEDIUM,True,1,,,True,28.8,21.4,57.0,False,2023
HUL,Haas F1 Team,13.0,94.3,19.0,205,6.0,MEDIUM,True,1,,,True,28.7,21.4,58.0,False,2023
VER,Red Bull Racing,14.0,93.046,1.0,205,14.0,MEDIUM,True,1,,,True,28.7,21.4,58.0,False,2023
NOR,McLaren,14.0,93.67,2.0,206,14.0,MEDIUM,True,1,,,True,28.7,21.4,58.0,False,2023
PIA,McLaren,14.0,93.603,3.0,207,14.0,MEDIUM,True,1,,,True,28.7,21.4,58.0,False,2023
LEC,Ferrari,14.0,93.523,4.0,208,14.0,MEDIUM,True,1,,,True,28.7,21.4,58.0,False,2023
RUS,Mercedes,14.0,93.729,5.0,208,17.0,SOFT,False,1,,,True,28.7,21.4,58.0,False,2023
SAI,Ferrari,14.0,93.941,6.0,209,14.0,MEDIUM,True,1,,,True,28.7,21.4,58.0,False,2023
HAM,Mercedes,14.0,93.324,7.0,210,14.0,MEDIUM,True,1,,,True,28.7,21.4,58.0,False,2023
ALO,Aston Martin,14.0,93.88,8.0,210,15.0,MEDIUM,False,1,,,True,28.7,21.4,58.0,False,2023
GAS,Alpine,14.0,93.843,9.0,211,14.0,MEDIUM,True,1,,,True,28.7,21.4,58.0,False,2023
ALB,Williams,14.0,93.951,10.0,212,14.0,MEDIUM,True,1,,,True,28.7,21.4,58.0,False,2023
PER,Red Bull Racing,14.0,93.751,11.0,213,14.0,MEDIUM,True,1,,,True,27.8,21.1,60.0,False,2023
STR,Aston Martin,14.0,94.213,12.0,213,15.0,MEDIUM,False,1,,,True,27.8,21.1,60.0,False,2023
SAR,Williams,14.0,93.683,13.0,214,14.0,MEDIUM,True,1,,,True,27.8,21.1,60.0,False,2023
TSU,AlphaTauri,14.0,94.769,14.0,215,14.0,SOFT,True,1,0 days 01:24:14.879000,,False,27.8,21.1,60.0,False,2023
DEV,AlphaTauri,14.0,94.879,15.0,216,14.0,SOFT,True,1,,,True,27.8,21.1,60.0,False,2023
ZHO,Alfa Romeo,14.0,94.418,16.0,217,14.0,MEDIUM,True,1,,,True,27.8,21.1,60.0,False,2023
BOT,Alfa Romeo,14.0,94.604,17.0,218,14.0,HARD,True,1,,,True,27.8,21.1,60.0,False,2023
MAG,Haas F1 Team,14.0,95.024,18.0,219,14.0,MEDIUM,True,1,,,True,27.8,21.1,60.0,False,2023
HUL,Haas F1 Team,14.0,94.186,19.0,220,7.0,MEDIUM,True,1,,,True,27.8,21.1,60.0,False,2023
VER,Red Bull Racing,15.0,92.99,1.0,220,15.0,MEDIUM,True,1,,,True,27.7,20.9,61.0,False,2023
NOR,McLaren,15.0,93.221,2.0,221,15.0,MEDIUM,True,1,,,True,27.7,20.9,61.0,False,2023
PIA,McLaren,15.0,93.267,3.0,222,15.0,MEDIUM,True,1,,,True,27.7,20.9,61.0,False,2023
LEC,Ferrari,15.0,93.542,4.0,223,15.0,MEDIUM,True,1,,,True,27.7,20.9,61.0,False,2023
RUS,Mercedes,15.0,93.27,5.0,223,18.0,SOFT,False,1,,,True,27.7,20.9,61.0,False,2023
SAI,Ferrari,15.0,93.623,6.0,224,15.0,MEDIUM,True,1,,,True,27.7,20.9,61.0,False,2023
HAM,Mercedes,15.0,93.156,7.0,225,15.0,MEDIUM,True,1,,,True,27.7,20.9,61.0,False,2023
ALO,Aston Martin,15.0,93.736,8.0,225,16.0,MEDIUM,False,1,,,True,27.7,20.9,61.0,False,2023
GAS,Alpine,15.0,93.769,9.0,226,15.0,MEDIUM,True,1,,,True,27.7,20.9,61.0,False,2023
ALB,Williams,15.0,93.786,10.0,227,15.0,MEDIUM,True,1,,,True,27.7,20.9,61.0,False,2023
PER,Red Bull Racing,15.0,93.48,11.0,228,15.0,MEDIUM,True,1,,,True,27.7,20.9,61.0,False,2023
STR,Aston Martin,15.0,93.931,12.0,228,16.0,MEDIUM,False,1,,,True,27.7,20.9,61.0,False,2023
SAR,Williams,15.0,94.123,13.0,229,15.0,MEDIUM,True,1,,,True,27.7,20.9,61.0,False,2023
DEV,AlphaTauri,15.0,94.17,14.0,230,15.0,SOFT,True,1,,,True,27.7,20.9,61.0,False,2023
ZHO,Alfa Romeo,15.0,94.677,15.0,231,15.0,MEDIUM,True,1,,,True,27.7,20.9,61.0,False,2023
BOT,Alfa Romeo,15.0,94.627,16.0,232,15.0,HARD,True,1,,,True,27.7,20.9,61.0,False,2023
MAG,Haas F1 Team,15.0,94.606,17.0,233,15.0,MEDIUM,True,1,,,True,27.7,20.9,61.0,False,2023
TSU,AlphaTauri,15.0,114.644,18.0,234,1.0,HARD,True,1,,0 days 01:24:43.191000,False,27.7,20.7,63.0,False,2023
HUL,Haas F1 Team,15.0,93.925,19.0,234,8.0,MEDIUM,True,1,,,True,27.7,20.7,63.0,False,2023
VER,Red Bull Racing,16.0,92.808,1.0,234,16.0,MEDIUM,True,1,,,True,27.7,20.7,63.0,False,2023
NOR,McLaren,16.0,92.903,2.0,235,16.0,MEDIUM,True,1,,,True,27.7,20.7,63.0,False,2023
PIA,McLaren,16.0,93.005,3.0,236,16.0,MEDIUM,True,1,,,True,27.7,20.7,63.0,False,2023
LEC,Ferrari,16.0,93.248,4.0,237,16.0,MEDIUM,True,1,,,True,27.7,20.7,63.0,False,2023
RUS,Mercedes,16.0,93.309,5.0,237,19.0,SOFT,False,1,,,True,27.7,20.7,63.0,False,2023
SAI,Ferrari,16.0,93.498,6.0,238,16.0,MEDIUM,True,1,,,True,27.7,20.7,63.0,False,2023
HAM,Mercedes,16.0,92.931,7.0,239,16.0,MEDIUM,True,1,,,True,27.8,20.5,63.0,False,2023
ALO,Aston Martin,16.0,93.437,8.0,239,17.0,MEDIUM,False,1,,,True,27.8,20.5,63.0,False,2023
GAS,Alpine,16.0,93.535,9.0,240,16.0,MEDIUM,True,1,,,True,27.8,20.5,63.0,False,2023
PER,Red Bull Racing,16.0,93.055,10.0,241,16.0,MEDIUM,True,1,,,True,27.8,20.5,63.0,False,2023
ALB,Williams,16.0,94.343,11.0,242,16.0,MEDIUM,True,1,,,True,27.8,20.5,63.0,False,2023
STR,Aston Martin,16.0,93.798,12.0,242,17.0,MEDIUM,False,1,,,True,27.8,20.5,63.0,False,2023
SAR,Williams,16.0,93.771,13.0,243,16.0,MEDIUM,True,1,,,True,27.8,20.5,63.0,False,2023
DEV,AlphaTauri,16.0,94.148,14.0,244,16.0,SOFT,True,1,,,True,27.8,20.5,63.0,False,2023
ZHO,Alfa Romeo,16.0,94.263,15.0,245,16.0,MEDIUM,True,1,,,True,27.8,20.5,63.0,False,2023
BOT,Alfa Romeo,16.0,94.367,16.0,246,16.0,HARD,True,1,,,True,27.8,20.5,63.0,False,2023
MAG,Haas F1 Team,16.0,94.559,17.0,247,16.0,MEDIUM,True,1,,,True,27.8,20.5,63.0,False,2023
TSU,AlphaTauri,16.0,93.058,18.0,248,2.0,HARD,True,1,,,True,27.8,20.5,63.0,False,2023
HUL,Haas F1 Team,16.0,93.64,19.0,248,9.0,MEDIUM,True,1,,,True,27.8,20.5,63.0,False,2023
VER,Red Bull Racing,17.0,92.603,1.0,248,17.0,MEDIUM,True,1,,,True,27.9,20.1,63.0,False,2023
NOR,McLaren,17.0,92.985,2.0,249,17.0,MEDIUM,True,1,,,True,27.9,20.1,63.0,False,2023
PIA,McLaren,17.0,92.775,3.0,250,17.0,MEDIUM,True,1,,,True,27.9,20.1,63.0,False,2023
LEC,Ferrari,17.0,93.151,4.0,251,17.0,MEDIUM,True,1,,,True,27.9,20.1,63.0,False,2023
RUS,Mercedes,17.0,93.174,5.0,251,20.0,SOFT,False,1,,,True,27.9,20.1,63.0,False,2023
SAI,Ferrari,17.0,93.076,6.0,252,17.0,MEDIUM,True,1,,,True,27.9,20.1,63.0,False,2023
HAM,Mercedes,17.0,93.12,7.0,253,17.0,MEDIUM,True,1,,,True,27.9,20.1,63.0,False,2023
ALO,Aston Martin,17.0,93.188,8.0,253,18.0,MEDIUM,False,1,,,True,27.9,20.1,63.0,False,2023
GAS,Alpine,17.0,93.138,9.0,254,17.0,MEDIUM,True,1,,,True,27.9,20.1,63.0,False,2023
PER,Red Bull Racing,17.0,93.28,10.0,255,17.0,MEDIUM,True,1,,,True,27.9,20.1,63.0,False,2023
ALB,Williams,17.0,93.707,11.0,256,17.0,MEDIUM,True,1,,,True,27.9,20.1,63.0,False,2023
STR,Aston Martin,17.0,93.651,12.0,256,18.0,MEDIUM,False,1,,,True,27.9,20.1,63.0,False,2023
SAR,Williams,17.0,93.728,13.0,257,17.0,MEDIUM,True,1,,,True,27.9,20.1,63.0,False,2023
DEV,AlphaTauri,17.0,93.637,14.0,258,17.0,SOFT,True,1,,,True,27.9,20.1,63.0,False,2023
ZHO,Alfa Romeo,17.0,94.027,15.0,259,17.0,MEDIUM,True,1,,,True,27.9,20.1,63.0,False,2023
BOT,Alfa Romeo,17.0,93.867,16.0,260,17.0,HARD,True,1,,,True,27.9,20.1,63.0,False,2023
MAG,Haas F1 Team,17.0,94.216,17.0,261,17.0,MEDIUM,True,1,,,True,27.9,20.1,63.0,False,2023
TSU,AlphaTauri,17.0,92.952,18.0,262,3.0,HARD,True,1,,,True,28.3,20.1,64.0,False,2023
HUL,Haas F1 Team,17.0,93.616,19.0,262,10.0,MEDIUM,True,1,,,True,28.3,20.1,64.0,False,2023
VER,Red Bull Racing,18.0,92.507,1.0,262,18.0,MEDIUM,True,1,,,True,28.3,20.1,64.0,False,2023
NOR,McLaren,18.0,92.731,2.0,263,18.0,MEDIUM,True,1,,,True,28.3,20.1,64.0,False,2023
PIA,McLaren,18.0,93.019,3.0,264,18.0,MEDIUM,True,1,,,True,28.3,20.1,64.0,False,2023
LEC,Ferrari,18.0,92.475,4.0,265,18.0,MEDIUM,True,1,0 days 01:30:08.076000,,False,28.3,20.1,64.0,False,2023
RUS,Mercedes,18.0,93.072,5.0,265,21.0,SOFT,False,1,,,True,28.3,20.1,64.0,False,2023
SAI,Ferrari,18.0,93.302,6.0,266,18.0,MEDIUM,True,1,,,True,28.3,20.1,64.0,False,2023
HAM,Mercedes,18.0,93.313,7.0,267,18.0,MEDIUM,True,1,,,True,28.3,20.1,64.0,False,2023
ALO,Aston Martin,18.0,93.317,8.0,267,19.0,MEDIUM,False,1,,,True,28.3,20.1,64.0,False,2023
GAS,Alpine,18.0,93.291,9.0,268,18.0,MEDIUM,True,1,,,True,28.3,20.1,64.0,False,2023
PER,Red Bull Racing,18.0,93.099,10.0,269,18.0,MEDIUM,True,1,,,True,28.3,20.1,64.0,False,2023
ALB,Williams,18.0,93.615,11.0,270,18.0,MEDIUM,True,1,,,True,28.3,20.1,64.0,False,2023
STR,Aston Martin,18.0,93.294,12.0,270,19.0,MEDIUM,False,1,,,True,28.3,20.1,64.0,False,2023
SAR,Williams,18.0,93.465,13.0,271,18.0,MEDIUM,True,1,,,True,28.3,20.1,64.0,False,2023
DEV,AlphaTauri,18.0,93.453,14.0,272,18.0,SOFT,True,1,,,True,28.3,20.1,64.0,False,2023
ZHO,Alfa Romeo,18.0,93.861,15.0,273,18.0,MEDIUM,True,1,,,True,28.3,20.1,64.0,False,2023
BOT,Alfa Romeo,18.0,93.749,16.0,274,18.0,HARD,True,1,,,True,28.3,20.1,64.0,False,2023
MAG,Haas F1 Team,18.0,93.795,17.0,275,18.0,MEDIUM,True,1,,,True,28.3,20.1,64.0,False,2023
TSU,AlphaTauri,18.0,93.094,18.0,276,4.0,HARD,True,1,,,True,28.3,20.1,64.0,False,2023
HUL,Haas F1 Team,18.0,93.591,19.0,276,11.0,MEDIUM,True,1,,,True,28.3,20.1,64.0,False,2023
VER,Red Bull Racing,19.0,92.338,1.0,276,19.0,MEDIUM,True,1,,,True,28.9,20.1,64.0,False,2023
NOR,McLaren,19.0,92.5,2.0,277,19.0,MEDIUM,True,1,,,True,28.9,20.1,64.0,False,2023
PIA,McLaren,19.0,92.88,3.0,278,19.0,MEDIUM,True,1,,,True,28.9,20.1,64.0,False,2023
RUS,Mercedes,19.0,92.807,4.0,278,22.0,SOFT,False,1,,,True,28.9,20.1,64.0,False,2023
SAI,Ferrari,19.0,93.242,5.0,279,19.0,MEDIUM,True,1,,,True,28.9,20.1,64.0,False,2023
HAM,Mercedes,19.0,93.201,6.0,280,19.0,MEDIUM,True,1,,,True,28.9,20.1,64.0,False,2023
ALO,Aston Martin,19.0,93.185,7.0,280,20.0,MEDIUM,False,1,,,True,28.9,20.1,64.0,False,2023
GAS,Alpine,19.0,93.199,8.0,281,19.0,MEDIUM,True,1,,,True,28.9,20.1,64.0,False,2023
PER,Red Bull Racing,19.0,93.276,9.0,282,19.0,MEDIUM,True,1,,,True,28.9,20.1,64.0,False,2023
ALB,Williams,19.0,93.654,10.0,283,19.0,MEDIUM,True,1,,,True,28.9,20.1,64.0,False,2023
STR,Aston Martin,19.0,93.338,11.0,283,20.0,MEDIUM,False,1,,,True,28.9,20.1,64.0,False,2023
LEC,Ferrari,19.0,112.861,12.0,284,1.0,HARD,True,1,,0 days 01:30:36.278000,False,28.9,20.1,64.0,False,2023
SAR,Williams,19.0,93.573,13.0,284,19.0,MEDIUM,True,1,,,True,28.9,20.1,64.0,False,2023
DEV,AlphaTauri,19.0,93.835,14.0,285,19.0,SOFT,True,1,,,True,28.9,20.1,64.0,False,2023
ZHO,Alfa Romeo,19.0,93.907,15.0,286,19.0,MEDIUM,True,1,,,True,29.1,20.2,64.0,False,2023
BOT,Alfa Romeo,19.0,93.73,16.0,287,19.0,HARD,True,1,,,True,29.1,20.2,64.0,False,2023
MAG,Haas F1 Team,19.0,94.281,17.0,288,19.0,MEDIUM,True,1,,,True,29.1,20.2,64.0,False,2023
TSU,AlphaTauri,19.0,93.424,18.0,289,5.0,HARD,True,1,,,True,29.1,20.2,64.0,False,2023
HUL,Haas F1 Team,19.0,93.763,19.0,289,12.0,MEDIUM,True,1,,,True,29.1,20.2,64.0,False,2023
VER,Red Bull Racing,20.0,92.295,1.0,289,20.0,MEDIUM,True,1,,,True,29.1,20.2,64.0,False,2023
NOR,McLaren,20.0,92.77,2.0,290,20.0,MEDIUM,True,1,,,True,29.3,20.3,64.0,False,2023
PIA,McLaren,20.0,92.66,3.0,291,20.0,MEDIUM,True,1,,,True,29.3,20.3,64.0,False,2023
RUS,Mercedes,20.0,92.803,4.0,291,23.0,SOFT,False,1,,,True,29.3,20.3,64.0,False,2023
SAI,Ferrari,20.0,93.007,5.0,292,20.0,MEDIUM,True,1,,,True,29.3,20.3,64.0,False,2023
HAM,Mercedes,20.0,92.956,6.0,293,20.0,MEDIUM,True,1,,,True,29.3,20.3,64.0,False,2023
ALO,Aston Martin,20.0,93.016,7.0,293,21.0,MEDIUM,False,1,,,True,29.3,20.3,64.0,False,2023
GAS,Alpine,20.0,93.248,8.0,294,20.0,MEDIUM,True,1,,,True,29.3,20.3,64.0,False,2023
PER,Red Bull Racing,20.0,93.202,9.0,295,20.0,MEDIUM,True,1,,,True,29.3,20.3,64.0,False,2023
ALB,Williams,20.0,93.44,10.0,296,20.0,MEDIUM,True,1,,,True,29.3,20.3,64.0,False,2023
STR,Aston Martin,20.0,93.489,11.0,296,21.0,MEDIUM,False,1,,,True,29.3,20.3,64.0,False,2023
LEC,Ferrari,20.0,92.87,12.0,297,2.0,HARD,True,1,,,True,29.3,20.3,64.0,False,2023
SAR,Williams,20.0,93.387,13.0,297,20.0,MEDIUM,True,1,,,True,29.3,20.3,64.0,False,2023
DEV,AlphaTauri,20.0,93.48,14.0,298,20.0,SOFT,True,1,,,True,29.3,20.3,64.0,False,2023
ZHO,Alfa Romeo,20.0,93.726,15.0,299,20.0,MEDIUM,True,1,,,True,29.3,20.3,64.0,False,2023
BOT,Alfa Romeo,20.0,93.671,16.0,300,20.0,HARD,True,1,,,True,29.3,20.3,64.0,False,2023
MAG,Haas F1 Team,20.0,93.935,17.0,301,20.0,MEDIUM,True,1,,,True,29.3,20.3,64.0,False,2023
TSU,AlphaTauri,20.0,93.281,18.0,302,6.0,HARD,True,1,,,True,29.3,20.3,64.0,False,2023
HUL,Haas F1 Team,20.0,93.555,19.0,302,13.0,MEDIUM,True,1,,,True,29.4,20.2,64.0,False,2023
VER,Red Bull Racing,21.0,92.494,1.0,302,21.0,MEDIUM,True,1,,,True,29.4,20.2,64.0,False,2023
NOR,McLaren,21.0,92.604,2.0,303,21.0,MEDIUM,True,1,,,True,29.4,20.2,64.0,False,2023
PIA,McLaren,21.0,92.749,3.0,304,21.0,MEDIUM,True,1,,,True,29.4,20.2,64.0,False,2023
RUS,Mercedes,21.0,92.85,4.0,304,24.0,SOFT,False,1,,,True,29.4,20.2,64.0,False,2023
SAI,Ferrari,21.0,93.261,5.0,305,21.0,MEDIUM,True,1,,,True,29.4,20.2,64.0,False,2023
HAM,Mercedes,21.0,92.779,6.0,306,21.0,MEDIUM,True,1,,,True,29.4,20.2,64.0,False,2023
ALO,Aston Martin,21.0,93.19,7.0,306,22.0,MEDIUM,False,1,,,True,29.4,20.2,64.0,False,2023
GAS,Alpine,21.0,93.098,8.0,307,21.0,MEDIUM,True,1,,,True,29.4,20.2,64.0,False,2023
PER,Red Bull Racing,21.0,93.233,9.0,308,21.0,MEDIUM,True,1,,,True,29.4,20.2,64.0,False,2023
ALB,Williams,21.0,93.195,10.0,309,21.0,MEDIUM,True,1,,,True,29.4,20.2,64.0,False,2023
STR,Aston Martin,21.0,93.498,11.0,309,22.0,MEDIUM,False,1,,,True,29.4,20.2,64.0,False,2023
LEC,Ferrari,21.0,92.848,12.0,310,3.0,HARD,True,1,,,True,29.6,20.2,64.0,False,2023
SAR,Williams,21.0,93.458,13.0,310,21.0,MEDIUM,True,1,,,True,29.6,20.2,64.0,False,2023
DEV,AlphaTauri,21.0,93.652,14.0,311,21.0,SOFT,True,1,,,True,29.6,20.2,64.0,False,2023
ZHO,Alfa Romeo,21.0,93.56,15.0,312,21.0,MEDIUM,True,1,,,True,29.6,20.2,64.0,False,2023
BOT,Alfa Romeo,21.0,93.607,16.0,313,21.0,HARD,True,1,,,True,29.6,20.2,64.0,False,2023
MAG,Haas F1 Team,21.0,94.083,17.0,314,21.0,MEDIUM,True,1,,,True,29.6,20.2,64.0,False,2023
TSU,AlphaTauri,21.0,93.189,18.0,315,7.0,HARD,True,1,,,True,29.6,20.2,64.0,False,2023
HUL,Haas F1 Team,21.0,93.35,19.0,315,14.0,MEDIUM,True,1,,,True,29.6,20.2,64.0,False,2023
VER,Red Bull Racing,22.0,92.184,1.0,315,22.0,MEDIUM,True,1,,,True,29.6,20.0,64.0,False,2023
NOR,McLaren,22.0,92.637,2.0,316,22.0,MEDIUM,True,1,,,True,29.6,20.0,64.0,False,2023
PIA,McLaren,22.0,92.537,3.0,317,22.0,MEDIUM,True,1,,,True,29.6,20.0,64.0,False,2023
RUS,Mercedes,22.0,92.568,4.0,317,25.0,SOFT,False,1,,,True,29.6,20.0,64.0,False,2023
SAI,Ferrari,22.0,92.871,5.0,318,22.0,MEDIUM,True,1,,,True,29.6,20.0,64.0,False,2023
HAM,Mercedes,22.0,92.821,6.0,319,22.0,MEDIUM,True,1,,,True,29.6,20.0,64.0,False,2023
ALO,Aston Martin,22.0,93.092,7.0,319,23.0,MEDIUM,False,1,,,True,29.6,20.0,64.0,False,2023
GAS,Alpine,22.0,93.168,8.0,320,22.0,MEDIUM,True,1,,,True,29.6,20.0,64.0,False,2023
PER,Red Bull Racing,22.0,93.026,9.0,321,22.0,MEDIUM,True,1,,,True,29.6,20.0,64.0,False,2023
ALB,Williams,22.0,93.021,10.0,322,22.0,MEDIUM,True,1,,,True,29.6,20.0,64.0,False,2023
STR,Aston Martin,22.0,93.431,11.0,322,23.0,MEDIUM,False,1,,,True,29.6,20.0,64.0,False,2023
LEC,Ferrari,22.0,93.035,12.0,323,4.0,HARD,True,1,,,True,29.6,20.0,64.0,False,2023
SAR,Williams,22.0,93.479,13.0,323,22.0,MEDIUM,True,1,,,True,29.6,20.0,64.0,False,2023
DEV,AlphaTauri,22.0,93.647,14.0,324,22.0,SOFT,True,1,,,True,29.6,20.0,64.0,False,2023
ZHO,Alfa Romeo,22.0,93.679,15.0,325,22.0,MEDIUM,True,1,,,True,29.6,20.0,64.0,False,2023
BOT,Alfa Romeo,22.0,93.468,16.0,326,22.0,HARD,True,1,,,True,29.6,20.0,64.0,False,2023
MAG,Haas F1 Team,22.0,93.997,17.0,327,22.0,MEDIUM,True,1,,,True,29.6,20.0,64.0,False,2023
TSU,AlphaTauri,22.0,93.004,18.0,328,8.0,HARD,True,1,,,True,29.6,20.0,64.0,False,2023
HUL,Haas F1 Team,22.0,93.143,19.0,328,15.0,MEDIUM,True,1,,,True,29.6,20.2,64.0,False,2023
VER,Red Bull Racing,23.0,92.272,1.0,328,23.0,MEDIUM,True,1,,,True,29.6,20.2,64.0,False,2023
NOR,McLaren,23.0,92.619,2.0,329,23.0,MEDIUM,True,1,,,True,29.6,20.2,64.0,False,2023
PIA,McLaren,23.0,92.732,3.0,330,23.0,MEDIUM,True,1,,,True,29.6,20.2,64.0,False,2023
RUS,Mercedes,23.0,92.683,4.0,330,26.0,SOFT,False,1,,,True,29.6,20.2,64.0,False,2023
SAI,Ferrari,23.0,92.755,5.0,331,23.0,MEDIUM,True,1,,,True,29.6,20.2,64.0,False,2023
HAM,Mercedes,23.0,92.974,6.0,332,23.0,MEDIUM,True,1,,,True,29.6,20.2,64.0,False,2023
ALO,Aston Martin,23.0,93.026,7.0,332,24.0,MEDIUM,False,1,,,True,29.6,20.2,64.0,False,2023
GAS,Alpine,23.0,92.846,8.0,333,23.0,MEDIUM,True,1,,,True,29.6,20.2,64.0,False,2023
PER,Red Bull Racing,23.0,93.262,9.0,334,23.0,MEDIUM,True,1,,,True,29.6,20.2,64.0,False,2023
ALB,Williams,23.0,93.117,10.0,335,23.0,MEDIUM,True,1,,,True,29.6,20.2,63.0,False,2023
STR,Aston Martin,23.0,93.114,11.0,335,24.0,MEDIUM,False,1,,,True,29.6,20.2,63.0,False,2023
LEC,Ferrari,23.0,92.554,12.0,336,5.0,HARD,True,1,,,True,29.6,20.2,63.0,False,2023
SAR,Williams,23.0,93.212,13.0,336,23.0,MEDIUM,True,1,,,True,29.6,20.2,63.0,False,2023
DEV,AlphaTauri,23.0,93.622,14.0,337,23.0,SOFT,True,1,,,True,29.6,20.2,63.0,False,2023
ZHO,Alfa Romeo,23.0,93.642,15.0,338,23.0,MEDIUM,True,1,,,True,29.6,20.2,63.0,False,2023
BOT,Alfa Romeo,23.0,93.787,16.0,339,23.0,HARD,True,1,,,True,29.6,20.2,63.0,False,2023
MAG,Haas F1 Team,23.0,93.98,17.0,340,23.0,MEDIUM,True,1,,,True,29.6,20.2,63.0,False,2023
TSU,AlphaTauri,23.0,93.098,18.0,341,9.0,HARD,True,1,,,True,29.6,20.2,63.0,False,2023
HUL,Haas F1 Team,23.0,93.294,19.0,341,16.0,MEDIUM,True,1,,,True,29.6,20.2,63.0,False,2023
VER,Red Bull Racing,24.0,92.35,1.0,341,24.0,MEDIUM,True,1,,,True,29.7,20.4,63.0,False,2023
NOR,McLaren,24.0,92.721,2.0,342,24.0,MEDIUM,True,1,,,True,29.7,20.4,63.0,False,2023
PIA,McLaren,24.0,92.676,3.0,343,24.0,MEDIUM,True,1,,,True,29.7,20.4,63.0,False,2023
RUS,Mercedes,24.0,92.852,4.0,343,27.0,SOFT,False,1,,,True,29.7,20.4,63.0,False,2023
SAI,Ferrari,24.0,92.77,5.0,344,24.0,MEDIUM,True,1,,,True,29.7,20.4,63.0,False,2023
HAM,Mercedes,24.0,92.703,6.0,345,24.0,MEDIUM,True,1,,,True,29.7,20.4,63.0,False,2023
ALO,Aston Martin,24.0,93.017,7.0,345,25.0,MEDIUM,False,1,,,True,29.7,20.4,63.0,False,2023
GAS,Alpine,24.0,93.164,8.0,346,24.0,MEDIUM,True,1,,,True,29.7,20.4,63.0,False,2023
PER,Red Bull Racing,24.0,92.726,9.0,347,24.0,MEDIUM,True,1,,,True,29.7,20.4,63.0,False,2023
ALB,Williams,24.0,93.163,10.0,348,24.0,MEDIUM,True,1,,,True,29.7,20.4,63.0,False,2023
STR,Aston Martin,24.0,93.391,11.0,348,25.0,MEDIUM,False,1,,,True,29.7,20.4,63.0,False,2023
LEC,Ferrari,24.0,92.731,12.0,349,6.0,HARD,True,1,,,True,29.7,20.4,63.0,False,2023
SAR,Williams,24.0,93.502,13.0,349,24.0,MEDIUM,True,1,,,True,29.7,20.4,63.0,False,2023
DEV,AlphaTauri,24.0,93.663,14.0,350,24.0,SOFT,True,1,,,True,29.7,20.4,63.0,False,2023
ZHO,Alfa Romeo,24.0,93.17,15.0,351,24.0,MEDIUM,True,1,0 days 01:39:56.003000,,False,29.7,20.4,63.0,False,2023
BOT,Alfa Romeo,24.0,93.464,16.0,352,24.0,HARD,True,1,,,True,29.7,20.4,63.0,False,2023
MAG,Haas F1 Team,24.0,93.891,17.0,353,24.0,MEDIUM,True,1,,,True,29.7,20.4,63.0,False,2023
TSU,AlphaTauri,24.0,93.205,18.0,354,10.0,HARD,True,1,,,True,30.9,20.4,62.0,False,2023
HUL,Haas F1 Team,24.0,93.461,19.0,354,17.0,MEDIUM,True,1,,,True,30.9,20.4,62.0,False,2023
VER,Red Bull Racing,25.0,92.295,1.0,354,25.0,MEDIUM,True,1,,,True,30.9,20.4,62.0,False,2023
NOR,McLaren,25.0,92.949,2.0,355,25.0,MEDIUM,True,1,,,True,30.9,20.4,62.0,False,2023
PIA,McLaren,25.0,92.809,3.0,356,25.0,MEDIUM,True,1,,,True,30.9,20.4,62.0,False,2023
RUS,Mercedes,25.0,92.863,4.0,356,28.0,SOFT,False,1,,,True,30.9,20.4,62.0,False,2023
SAI,Ferrari,25.0,93.133,5.0,357,25.0,MEDIUM,True,1,,,True,30.9,20.4,62.0,False,2023
HAM,Mercedes,25.0,93.087,6.0,358,25.0,MEDIUM,True,1,,,True,30.9,20.4,62.0,False,2023
ALO,Aston Martin,25.0,93.078,7.0,358,26.0,MEDIUM,False,1,,,True,31.4,20.5,62.0,False,2023
GAS,Alpine,25.0,93.098,8.0,359,25.0,MEDIUM,True,1,,,True,31.4,20.5,62.0,False,2023
PER,Red Bull Racing,25.0,92.907,9.0,360,25.0,MEDIUM,True,1,,,True,31.4,20.5,62.0,False,2023
ALB,Williams,25.0,93.374,10.0,361,25.0,MEDIUM,True,1,,,True,31.4,20.5,62.0,False,2023
LEC,Ferrari,25.0,92.798,11.0,362,7.0,HARD,True,1,,,True,31.4,20.5,62.0,False,2023
STR,Aston Martin,25.0,94.28,12.0,362,26.0,MEDIUM,False,1,,,True,31.4,20.5,62.0,False,2023
SAR,Williams,25.0,93.508,13.0,363,25.0,MEDIUM,True,1,,,True,31.4,20.5,62.0,False,2023
DEV,AlphaTauri,25.0,93.553,14.0,364,25.0,SOFT,True,1,,,True,31.4,20.5,62.0,False,2023
BOT,Alfa Romeo,25.0,93.292,15.0,365,25.0,HARD,True,1,,,True,31.4,20.5,62.0,False,2023
MAG,Haas F1 Team,25.0,94.037,16.0,366,25.0,MEDIUM,True,1,,,True,31.4,20.5,62.0,False,2023
TSU,AlphaTauri,25.0,93.224,17.0,367,11.0,HARD,True,1,,,True,31.4,20.5,62.0,False,2023
ZHO,Alfa Romeo,25.0,115.24,18.0,368,1.0,HARD,True,1,,0 days 01:40:25.174000,False,31.4,20.5,62.0,False,2023
HUL,Haas F1 Team,25.0,93.351,19.0,368,18.0,MEDIUM,True,1,,,True,31.4,20.5,62.0,False,2023
VER,Red Bull Racing,26.0,92.276,1.0,368,26.0,MEDIUM,True,1,,,True,31.7,20.5,63.0,False,2023
NOR,McLaren,26.0,92.758,2.0,369,26.0,MEDIUM,True,1,,,True,31.7,20.5,63.0,False,2023
PIA,McLaren,26.0,93.052,3.0,370,26.0,MEDIUM,True,1,,,True,31.7,20.5,63.0,False,2023
RUS,Mercedes,26.0,92.958,4.0,370,29.0,SOFT,False,1,,,True,31.7,20.5,63.0,False,2023
SAI,Ferrari,26.0,93.181,5.0,371,26.0,MEDIUM,True,1,0 days 01:42:35.441000,,False,31.7,20.5,63.0,False,2023
HAM,Mercedes,26.0,92.769,6.0,372,26.0,MEDIUM,True,1,,,True,31.7,20.5,63.0,False,2023
ALO,Aston Martin,26.0,93.152,7.0,372,27.0,MEDIUM,False,1,,,True,31.7,20.5,63.0,False,2023
GAS,Alpine,26.0,93.243,8.0,373,26.0,MEDIUM,True,1,,,True,31.7,20.5,63.0,False,2023
PER,Red Bull Racing,26.0,92.962,9.0,374,26.0,MEDIUM,True,1,,,True,31.7,20.5,63.0,False,2023
ALB,Williams,26.0,93.175,10.0,375,26.0,MEDIUM,True,1,,,True,31.7,20.5,63.0,False,2023
LEC,Ferrari,26.0,92.794,11.0,376,8.0,HARD,True,1,,,True,31.7,20.5,63.0,False,2023
STR,Aston Martin,26.0,93.557,12.0,376,27.0,MEDIUM,False,1,,,True,31.7,20.5,63.0,False,2023
SAR,Williams,26.0,93.553,13.0,377,26.0,MEDIUM,True,1,,,True,31.7,20.5,63.0,False,2023
DEV,AlphaTauri,26.0,93.754,14.0,378,26.0,SOFT,True,1,,,True,31.7,20.5,63.0,False,2023
BOT,Alfa Romeo,26.0,93.47,15.0,379,26.0,HARD,True,1,,,True,31.7,20.5,63.0,False,2023
MAG,Haas F1 Team,26.0,94.119,16.0,380,26.0,MEDIUM,True,1,,,True,32.4,20.6,61.0,False,2023
TSU,AlphaTauri,26.0,93.319,17.0,381,12.0,HARD,True,1,,,True,32.4,20.6,61.0,False,2023
ZHO,Alfa Romeo,26.0,92.524,18.0,382,2.0,HARD,True,1,,,True,32.4,20.6,61.0,False,2023
HUL,Haas F1 Team,26.0,93.644,19.0,382,19.0,MEDIUM,True,1,,,True,32.4,20.6,61.0,False,2023
VER,Red Bull Racing,27.0,92.138,1.0,382,27.0,MEDIUM,True,1,,,True,32.4,20.6,61.0,False,2023
NOR,McLaren,27.0,92.734,2.0,383,27.0,MEDIUM,True,1,,,True,32.4,20.6,61.0,False,2023
PIA,McLaren,27.0,92.844,3.0,384,27.0,MEDIUM,True,1,,,True,32.4,20.6,61.0,False,2023
RUS,Mercedes,27.0,93.062,4.0,384,30.0,SOFT,False,1,,,True,32.4,20.6,61.0,False,2023
HAM,Mercedes,27.0,92.714,5.0,385,27.0,MEDIUM,True,1,,,True,32.4,20.8,62.0,False,2023
ALO,Aston Martin,27.0,92.914,6.0,385,28.0,MEDIUM,False,1,,,True,32.4,20.8,62.0,False,2023
GAS,Alpine,27.0,92.988,7.0,386,27.0,MEDIUM,True,1,,,True,32.4,20.8,62.0,False,2023
PER,Red Bull Racing,27.0,92.742,8.0,387,27.0,MEDIUM,True,1,,,True,32.4,20.8,62.0,False,2023
ALB,Williams,27.0,93.126,9.0,388,27.0,MEDIUM,True,1,,,True,32.4,20.8,62.0,False,2023
LEC,Ferrari,27.0,92.942,10.0,389,9.0,HARD,True,1,,,True,32.4,20.8,62.0,False,2023
STR,Aston Martin,27.0,93.237,11.0,389,28.0,MEDIUM,False,1,,,True,32.4,20.8,62.0,False,2023
SAI,Ferrari,27.0,112.728,12.0,390,1.0,HARD,True,1,,0 days 01:43:04.300000,False,32.4,20.8,62.0,False,2023
SAR,Williams,27.0,93.731,13.0,390,27.0,MEDIUM,True,1,,,True,32.4,20.8,62.0,False,2023
DEV,AlphaTauri,27.0,93.299,14.0,391,27.0,SOFT,True,1,0 days 01:44:33.924000,,False,32.4,20.8,62.0,False,2023
BOT,Alfa Romeo,27.0,93.588,15.0,392,27.0,HARD,True,1,,,True,32.4,20.8,62.0,False,2023
MAG,Haas F1 Team,27.0,93.935,16.0,393,27.0,MEDIUM,True,1,,,True,32.4,20.8,62.0,False,2023
TSU,AlphaTauri,27.0,93.418,17.0,394,13.0,HARD,True,1,,,True,32.4,20.8,62.0,False,2023
ZHO,Alfa Romeo,27.0,92.912,18.0,395,3.0,HARD,True,1,,,True,32.4,20.8,62.0,False,2023
HUL,Haas F1 Team,27.0,93.122,19.0,395,20.0,MEDIUM,True,1,,,True,32.4,20.8,62.0,False,2023
VER,Red Bull Racing,28.0,92.215,1.0,395,28.0,MEDIUM,True,1,,,True,32.8,20.8,62.0,False,2023
NOR,McLaren,28.0,92.714,2.0,396,28.0,MEDIUM,True,1,,,True,32.8,20.8,62.0,False,2023
PIA,McLaren,28.0,93.19,3.0,397,28.0,MEDIUM,True,1,,,True,32.8,20.8,62.0,False,2023
RUS,Mercedes,28.0,92.504,4.0,397,31.0,SOFT,False,1,0 days 01:45:37.282000,,False,32.8,20.8,62.0,False,2023
HAM,Mercedes,28.0,92.32,5.0,398,28.0,MEDIUM,True,1,,,True,32.8,20.8,62.0,False,2023
ALO,Aston Martin,28.0,92.744,6.0,398,29.0,MEDIUM,False,1,,,True,32.8,20.8,62.0,False,2023
GAS,Alpine,28.0,93.255,7.0,399,28.0,MEDIUM,True,1,,,True,32.8,20.8,62.0,False,2023
PER,Red Bull Racing,28.0,92.235,8.0,400,28.0,MEDIUM,True,1,0 days 01:45:49.766000,,False,32.8,20.8,62.0,False,2023
ALB,Williams,28.0,93.084,9.0,401,28.0,MEDIUM,True,1,,,True,32.8,20.8,62.0,False,2023
LEC,Ferrari,28.0,92.814,10.0,402,10.0,HARD,True,1,,,True,32.8,20.8,62.0,False,2023
STR,Aston Martin,28.0,93.26,11.0,402,29.0,MEDIUM,False,1,,,True,32.8,20.8,62.0,False,2023
SAI,Ferrari,28.0,92.22,12.0,403,2.0,HARD,True,1,,,True,32.8,20.8,62.0,False,2023
SAR,Williams,28.0,93.49,13.0,403,28.0,MEDIUM,True,1,,,True,32.8,20.8,62.0,False,2023
BOT,Alfa Romeo,28.0,93.5,14.0,404,28.0,HARD,True,1,,,True,33.3,20.9,61.0,False,2023
MAG,Haas F1 Team,28.0,93.76,15.0,405,28.0,MEDIUM,True,1,,,True,33.3,20.9,61.0,False,2023
TSU,AlphaTauri,28.0,93.275,16.0,406,14.0,HARD,True,1,,,True,33.3,20.9,61.0,False,2023
DEV,AlphaTauri,28.0,113.094,17.0,407,1.0,MEDIUM,True,1,,0 days 01:45:02.298000,False,33.3,20.9,61.0,False,2023
ZHO,Alfa Romeo,28.0,92.999,18.0,407,4.0,HARD,True,1,,,True,33.3,20.9,61.0,False,2023
HUL,Haas F1 Team,28.0,93.28,19.0,407,21.0,MEDIUM,True,1,,,True,33.3,20.9,61.0,False,2023
VER,Red Bull Racing,29.0,92.251,1.0,407,29.0,MEDIUM,True,1,,,True,33.3,20.9,61.0,False,2023
NOR,McLaren,29.0,92.806,2.0,408,29.0,MEDIUM,True,1,,,True,33.3,20.9,61.0,False,2023
PIA,McLaren,29.0,92.563,3.0,409,29.0,MEDIUM,True,1,0 days 01:47:04.827000,,False,33.3,20.9,61.0,False,2023
HAM,Mercedes,29.0,92.155,4.0,410,29.0,MEDIUM,True,1,,,True,33.3,21.0,61.0,False,2023
ALO,Aston Martin,29.0,92.727,5.0,410,30.0,MEDIUM,False,1,,,True,33.3,21.0,61.0,False,2023
GAS,Alpine,29.0,93.283,6.0,411,29.0,MEDIUM,True,1,,,True,33.3,21.0,61.0,False,2023
ALB,Williams,29.0,92.869,7.0,412,29.0,MEDIUM,True,1,,,True,33.3,21.0,61.0,False,2023
LEC,Ferrari,29.0,92.658,8.0,413,11.0,HARD,True,1,,,True,33.3,21.0,61.0,False,2023
RUS,Mercedes,29.0,113.262,9.0,414,1.0,MEDIUM,True,1,,0 days 01:46:06.781000,False,33.3,21.0,61.0,False,2023
STR,Aston Martin,29.0,93.702,10.0,414,30.0,MEDIUM,False,1,,,True,33.3,21.0,61.0,False,2023
SAI,Ferrari,29.0,91.945,11.0,415,3.0,HARD,True,1,,,True,33.3,21.0,61.0,False,2023
SAR,Williams,29.0,92.723,12.0,415,29.0,MEDIUM,True,1,0 days 01:47:37.014000,,False,33.3,21.0,61.0,False,2023
PER,Red Bull Racing,29.0,110.559,13.0,416,1.0,SOFT,True,1,,0 days 01:46:17.828000,False,33.3,21.0,61.0,False,2023
BOT,Alfa Romeo,29.0,93.351,14.0,416,29.0,HARD,True,1,,,True,33.3,21.0,61.0,False,2023
MAG,Haas F1 Team,29.0,93.356,15.0,417,29.0,MEDIUM,True,1,,,True,33.3,21.0,61.0,False,2023
TSU,AlphaTauri,29.0,93.118,16.0,418,15.0,HARD,True,1,,,True,33.3,21.0,61.0,False,2023
DEV,AlphaTauri,29.0,92.499,17.0,419,2.0,MEDIUM,True,1,,,True,33.3,21.0,61.0,False,2023
ZHO,Alfa Romeo,29.0,92.812,18.0,419,5.0,HARD,True,1,,,True,33.3,21.0,61.0,False,2023
HUL,Haas F1 Team,29.0,93.107,19.0,419,22.0,MEDIUM,True,1,,,True,32.7,21.0,61.0,False,2023
VER,Red Bull Racing,30.0,92.363,1.0,419,30.0,MEDIUM,True,1,,,True,32.7,21.0,61.0,False,2023
NOR,McLaren,30.0,92.609,2.0,420,30.0,MEDIUM,True,1,,,True,32.7,21.0,61.0,False,2023
HAM,Mercedes,30.0,92.246,3.0,421,30.0,MEDIUM,True,1,,,True,32.7,21.0,61.0,False,2023
ALO,Aston Martin,30.0,92.686,4.0,421,31.0,MEDIUM,False,1,,,True,32.7,21.0,61.0,False,2023
GAS,Alpine,30.0,93.299,5.0,422,30.0,MEDIUM,True,1,,,True,32.7,21.0,61.0,False,2023
PIA,McLaren,30.0,112.49,6.0,423,1.0,HARD,True,1,,0 days 01:47:33.436000,False,32.7,21.0,61.0,False,2023
ALB,Williams,30.0,92.882,7.0,423,30.0,MEDIUM,True,1,,,True,32.7,21.0,61.0,False,2023
LEC,Ferrari,30.0,92.464,8.0,424,12.0,HARD,True,1,,,True,32.7,21.0,61.0,False,2023
RUS,Mercedes,30.0,91.51,9.0,425,2.0,MEDIUM,True,1,,,True,32.7,21.0,61.0,False,2023
SAI,Ferrari,30.0,92.129,10.0,425,4.0,HARD,True,1,,,True,32.7,21.0,61.0,False,2023
STR,Aston Martin,30.0,94.014,11.0,425,31.0,MEDIUM,False,1,,,True,32.7,21.0,61.0,False,2023
PER,Red Bull Racing,30.0,91.408,12.0,426,2.0,SOFT,True,1,,,True,32.4,21.1,62.0,False,2023
BOT,Alfa Romeo,30.0,93.367,13.0,426,30.0,HARD,True,1,,,True,32.4,21.1,62.0,False,2023
MAG,Haas F1 Team,30.0,93.466,14.0,427,30.0,MEDIUM,True,1,,,True,32.4,21.1,62.0,False,2023
TSU,AlphaTauri,30.0,93.211,15.0,428,16.0,HARD,True,1,,,True,32.4,21.1,62.0,False,2023
SAR,Williams,30.0,112.724,16.0,429,1.0,SOFT,True,1,,0 days 01:48:05.857000,False,32.4,21.1,62.0,False,2023
DEV,AlphaTauri,30.0,92.564,17.0,429,3.0,MEDIUM,True,1,,,True,32.4,21.1,62.0,False,2023
ZHO,Alfa Romeo,30.0,93.006,18.0,429,6.0,HARD,True,1,,,True,32.4,21.1,62.0,False,2023
HUL,Haas F1 Team,30.0,93.332,19.0,429,23.0,MEDIUM,True,1,,,True,32.4,21.1,62.0,False,2023
VER,Red Bull Racing,31.0,92.388,1.0,429,31.0,MEDIUM,True,1,,,True,32.4,21.1,62.0,False,2023
NOR,McLaren,31.0,92.808,2.0,430,31.0,MEDIUM,True,1,,,True,31.4,21.0,62.0,False,2023
HAM,Mercedes,31.0,92.744,3.0,431,31.0,MEDIUM,True,1,,,True,31.4,21.0,62.0,False,2023
ALO,Aston Martin,31.0,92.916,4.0,431,32.0,MEDIUM,False,1,,,True,31.4,21.0,62.0,False,2023
PIA,McLaren,31.0,91.68,5.0,432,2.0,HARD,True,1,,,True,31.4,21.0,62.0,False,2023
GAS,Alpine,31.0,93.391,6.0,432,31.0,MEDIUM,True,1,0 days 01:50:29.495000,,False,31.4,21.0,62.0,False,2023
ALB,Williams,31.0,92.816,7.0,433,31.0,MEDIUM,True,1,,,True,31.4,21.0,62.0,False,2023
RUS,Mercedes,31.0,91.8,8.0,434,3.0,MEDIUM,True,1,,,True,31.4,21.0,62.0,False,2023
LEC,Ferrari,31.0,93.233,9.0,434,13.0,HARD,True,1,,,True,31.4,21.0,62.0,False,2023
SAI,Ferrari,31.0,92.494,10.0,435,5.0,HARD,True,1,,,True,31.4,21.0,62.0,False,2023
STR,Aston Martin,31.0,92.933,11.0,435,32.0,MEDIUM,False,1,0 days 01:50:39.308000,,False,31.4,21.0,62.0,False,2023
PER,Red Bull Racing,31.0,91.532,12.0,436,3.0,SOFT,True,1,,,True,31.4,21.0,62.0,False,2023
BOT,Alfa Romeo,31.0,93.44,13.0,436,31.0,HARD,True,1,,,True,31.4,21.0,62.0,False,2023
MAG,Haas F1 Team,31.0,93.464,14.0,437,31.0,MEDIUM,True,1,,,True,31.4,21.0,62.0,False,2023
TSU,AlphaTauri,31.0,93.279,15.0,438,17.0,HARD,True,1,,,True,31.4,21.0,62.0,False,2023
SAR,Williams,31.0,91.994,16.0,439,2.0,SOFT,True,1,,,True,31.4,21.0,62.0,False,2023
DEV,AlphaTauri,31.0,92.829,17.0,439,4.0,MEDIUM,True,1,,,True,31.4,21.0,62.0,False,2023
ZHO,Alfa Romeo,31.0,93.073,18.0,439,7.0,HARD,True,1,,,True,31.4,21.0,62.0,False,2023
HUL,Haas F1 Team,31.0,93.133,19.0,439,24.0,MEDIUM,True,1,,,True,31.4,21.0,62.0,False,2023
VER,Red Bull Racing,32.0,92.21,1.0,439,32.0,MEDIUM,True,1,,,True,31.4,21.0,62.0,False,2023
NOR,McLaren,32.0,92.571,2.0,440,32.0,MEDIUM,True,1,,,True,31.4,21.0,62.0,False,2023
HAM,Mercedes,32.0,95.161,3.0,441,32.0,MEDIUM,True,126,,,False,31.4,21.0,62.0,False,2023
ALO,Aston Martin,32.0,98.559,4.0,441,33.0,MEDIUM,False,126,,,False,31.4,21.0,62.0,False,2023
PIA,McLaren,32.0,99.41,5.0,442,3.0,HARD,True,126,,,False,30.6,21.0,63.0,False,2023
ALB,Williams,32.0,96.773,6.0,442,32.0,MEDIUM,True,126,0 days 01:52:09.478000,,False,30.6,21.0,63.0,False,2023
LEC,Ferrari,32.0,96.215,7.0,443,14.0,HARD,True,126,0 days 01:52:10.697000,,False,30.6,21.0,63.0,False,2023
RUS,Mercedes,32.0,100.097,8.0,444,4.0,MEDIUM,True,126,,,False,30.6,21.0,63.0,False,2023
SAI,Ferrari,32.0,102.583,9.0,444,6.0,HARD,True,126,,,False,30.6,21.0,63.0,False,2023
PER,Red Bull Racing,32.0,104.38,10.0,445,4.0,SOFT,True,126,,,False,30.6,21.0,63.0,False,2023
GAS,Alpine,32.0,126.804,11.0,446,4.0,SOFT,False,126,,0 days 01:50:57.995000,False,30.6,21.0,63.0,False,2023
BOT,Alfa Romeo,32.0,105.965,12.0,446,32.0,HARD,True,126,0 days 01:52:38.227000,,False,30.6,21.0,63.0,False,2023
TSU,AlphaTauri,32.0,107.079,13.0,447,18.0,HARD,True,126,0 days 01:52:47.743000,,False,30.6,21.0,63.0,False,2023
STR,Aston Martin,32.0,131.273,14.0,448,4.0,SOFT,False,126,,0 days 01:51:07.917000,False,30.6,21.0,63.0,False,2023
SAR,Williams,32.0,112.267,15.0,449,3.0,SOFT,True,126,,,False,30.6,21.0,63.0,False,2023
DEV,AlphaTauri,32.0,110.128,16.0,449,5.0,MEDIUM,True,126,0 days 01:52:55.071000,,False,30.6,21.0,63.0,False,2023
ZHO,Alfa Romeo,32.0,115.002,17.0,449,8.0,HARD,True,126,,,False,30.6,21.0,63.0,False,2023
HUL,Haas F1 Team,32.0,114.146,18.0,449,25.0,MEDIUM,True,126,0 days 01:53:10.368000,,False,30.6,21.0,63.0,False,2023
VER,Red Bull Racing,33.0,118.611,1.0,449,33.0,MEDIUM,True,1264,0 days 01:53:28.742000,,False,30.6,21.0,63.0,False,2023
NOR,McLaren,33.0,122.83,2.0,450,33.0,MEDIUM,True,1264,0 days 01:53:42.648000,,False,30.6,21.0,63.0,False,2023
HAM,Mercedes,33.0,123.496,3.0,451,33.0,MEDIUM,True,64,0 days 01:53:57.539000,,False,30.6,21.0,63.0,False,2023
ALO,Aston Martin,33.0,123.93,4.0,451,34.0,MEDIUM,False,64,0 days 01:54:08.945000,,False,30.5,21.0,63.0,False,2023
PIA,McLaren,33.0,127.856,5.0,452,4.0,HARD,True,64,,,False,30.5,21.0,63.0,False,2023
RUS,Mercedes,33.0,128.178,6.0,452,5.0,MEDIUM,True,64,,,False,30.5,21.0,63.0,False,2023
SAI,Ferrari,33.0,129.65,7.0,452,7.0,HARD,True,64,,,False,30.5,21.0,63.0,False,2023
PER,Red Bull Racing,33.0,128.084,8.0,453,5.0,SOFT,True,64,,,False,30.5,21.0,63.0,False,2023
ALB,Williams,33.0,146.603,9.0,454,5.0,SOFT,False,64,,0 days 01:52:39.118000,False,30.5,21.0,63.0,False,2023
LEC,Ferrari,33.0,146.13,10.0,455,1.0,MEDIUM,True,64,,0 days 01:52:39.509000,False,30.5,21.0,63.0,False,2023
GAS,Alpine,33.0,128.973,11.0,455,5.0,SOFT,False,64,,,False,30.5,21.0,63.0,False,2023
STR,Aston Martin,33.0,128.963,12.0,456,5.0,SOFT,False,64,,,False,30.5,21.0,63.0,False,2023
SAR,Williams,33.0,128.913,13.0,457,4.0,SOFT,True,64,,,False,30.5,21.0,63.0,False,2023
BOT,Alfa Romeo,33.0,146.908,14.0,458,1.0,SOFT,True,64,,0 days 01:53:07.883000,False,30.5,21.0,63.0,False,2023
ZHO,Alfa Romeo,33.0,124.102,15.0,458,9.0,HARD,True,64,0 days 01:55:07.647000,,False,30.5,20.9,63.0,False,2023
TSU,AlphaTauri,33.0,145.863,16.0,459,1.0,SOFT,True,64,,0 days 01:53:16.352000,False,30.5,20.9,63.0,False,2023
DEV,AlphaTauri,33.0,144.933,17.0,460,1.0,SOFT,True,64,,0 days 01:53:23.477000,False,30.5,20.9,63.0,False,2023
HUL,Haas F1 Team,33.0,146.674,18.0,461,1.0,SOFT,True,64,,0 days 01:53:40.398000,False,30.5,20.9,63.0,False,2023
PIA,McLaren,34.0,134.583,4.0,461,5.0,HARD,True,4,,,False,30.3,20.9,62.0,False,2023
RUS,Mercedes,34.0,131.011,5.0,461,6.0,MEDIUM,True,4,,,False,30.3,20.9,62.0,False,2023
ALO,Aston Martin,34.0,147.213,6.0,462,4.0,SOFT,False,4,,0 days 01:54:37.569000,False,30.3,20.9,62.0,False,2023
SAI,Ferrari,34.0,130.323,7.0,462,8.0,HARD,True,4,,,False,30.3,20.9,62.0,False,2023
PER,Red Bull Racing,34.0,125.804,8.0,463,6.0,SOFT,True,4,,,False,30.3,20.9,62.0,False,2023
ALB,Williams,34.0,126.403,9.0,464,6.0,SOFT,False,4,,,False,30.3,20.9,62.0,False,2023
LEC,Ferrari,34.0,126.609,10.0,465,2.0,MEDIUM,True,4,,,False,30.3,20.9,62.0,False,2023
GAS,Alpine,34.0,125.716,11.0,465,6.0,SOFT,False,4,,,False,30.3,20.9,62.0,False,2023
STR,Aston Martin,34.0,126.623,12.0,466,6.0,SOFT,False,4,,,False,30.3,20.9,62.0,False,2023
SAR,Williams,34.0,125.672,13.0,467,5.0,SOFT,True,4,,,False,30.1,20.9,63.0,False,2023
BOT,Alfa Romeo,34.0,126.68,14.0,468,2.0,SOFT,True,4,,,False,30.1,20.9,63.0,False,2023
TSU,AlphaTauri,34.0,127.037,15.0,469,2.0,SOFT,True,4,,,False,30.1,20.9,63.0,False,2023
DEV,AlphaTauri,34.0,126.545,16.0,470,2.0,SOFT,True,4,,,False,30.1,20.9,63.0,False,2023
ZHO,Alfa Romeo,34.0,142.914,17.0,471,1.0,SOFT,True,4,,0 days 01:55:36.349000,False,30.1,20.9,63.0,False,2023
HUL,Haas F1 Team,34.0,125.892,18.0,471,2.0,SOFT,True,4,,,False,30.1,20.9,63.0,False,2023
VER,Red Bull Racing,35.0,147.771,1.0,471,5.0,SOFT,False,4,,,False,30.1,21.0,62.0,False,2023
NOR,McLaren,35.0,147.853,2.0,472,2.0,HARD,True,4,,,False,30.1,21.0,62.0,False,2023
HAM,Mercedes,35.0,147.418,3.0,472,5.0,SOFT,False,4,,,False,30.1,21.0,62.0,False,2023
PIA,McLaren,35.0,148.389,4.0,472,6.0,HARD,True,4,,,False,30.1,21.0,62.0,False,2023
RUS,Mercedes,35.0,146.512,5.0,472,7.0,MEDIUM,True,4,,,False,30.1,21.0,62.0,False,2023
ALO,Aston Martin,35.0,145.191,6.0,473,5.0,SOFT,False,4,,,False,30.1,21.0,62.0,False,2023
SAI,Ferrari,35.0,143.064,7.0,473,9.0,HARD,True,4,,,False,30.1,21.0,62.0,False,2023
PER,Red Bull Racing,35.0,142.313,8.0,474,7.0,SOFT,True,4,,,False,30.1,21.0,62.0,False,2023
ALB,Williams,35.0,142.565,9.0,475,7.0,SOFT,False,4,,,False,30.1,21.0,62.0,False,2023
LEC,Ferrari,35.0,143.719,10.0,476,3.0,MEDIUM,True,4,,,False,30.1,21.0,63.0,False,2023
GAS,Alpine,35.0,137.502,11.0,476,7.0,SOFT,False,4,,,False,30.1,21.0,63.0,False,2023
STR,Aston Martin,35.0,123.428,12.0,477,7.0,SOFT,False,4,,,False,30.1,21.0,63.0,False,2023
SAR,Williams,35.0,122.167,13.0,478,6.0,SOFT,True,4,,,False,30.1,21.0,63.0,False,2023
BOT,Alfa Romeo,35.0,120.029,14.0,479,3.0,SOFT,True,4,,,False,30.1,21.0,63.0,False,2023
TSU,AlphaTauri,35.0,114.219,15.0,480,3.0,SOFT,True,4,,,False,30.1,21.0,63.0,False,2023
DEV,AlphaTauri,35.0,108.964,16.0,481,3.0,SOFT,True,4,,,False,30.1,21.0,63.0,False,2023
ZHO,Alfa Romeo,35.0,107.368,17.0,482,2.0,SOFT,True,4,,,False,30.1,21.0,63.0,False,2023
HUL,Haas F1 Team,35.0,101.883,18.0,482,3.0,SOFT,True,4,,,False,30.1,21.0,63.0,False,2023
VER,Red Bull Racing,36.0,146.545,1.0,482,6.0,SOFT,False,4,,,False,29.7,20.9,63.0,False,2023
NOR,McLaren,36.0,146.496,2.0,483,3.0,HARD,True,4,,,False,29.7,20.9,63.0,False,2023
HAM,Mercedes,36.0,146.619,3.0,483,6.0,SOFT,False,4,,,False,29.7,20.9,63.0,False,2023
PIA,McLaren,36.0,145.4,4.0,483,7.0,HARD,True,4,,,False,29.7,20.9,63.0,False,2023
RUS,Mercedes,36.0,146.366,5.0,483,8.0,MEDIUM,True,4,,,False,29.7,20.9,63.0,False,2023
ALO,Aston Martin,36.0,145.427,6.0,484,6.0,SOFT,False,4,,,False,29.7,20.9,63.0,False,2023
SAI,Ferrari,36.0,145.182,7.0,484,10.0,HARD,True,4,,,False,29.7,20.9,63.0,False,2023
PER,Red Bull Racing,36.0,145.094,8.0,485,8.0,SOFT,True,4,,,False,29.7,20.9,63.0,False,2023
ALB,Williams,36.0,145.067,9.0,486,8.0,SOFT,False,4,,,False,29.7,20.9,63.0,False,2023
LEC,Ferrari,36.0,143.86,10.0,487,4.0,MEDIUM,True,4,,,False,29.7,20.9,63.0,False,2023
GAS,Alpine,36.0,144.007,11.0,487,8.0,SOFT,False,4,,,False,29.7,20.9,63.0,False,2023
STR,Aston Martin,36.0,144.06,12.0,488,8.0,SOFT,False,4,,,False,29.7,20.9,63.0,False,2023
SAR,Williams,36.0,144.892,13.0,489,7.0,SOFT,True,4,,,False,29.7,20.9,63.0,False,2023
BOT,Alfa Romeo,36.0,145.248,14.0,490,4.0,SOFT,True,4,,,False,29.7,20.9,63.0,False,2023
ZHO,Alfa Romeo,36.0,140.527,15.0,491,3.0,SOFT,True,4,0 days 02:01:38.499000,,False,29.7,20.9,63.0,False,2023
TSU,AlphaTauri,36.0,144.84,16.0,491,4.0,SOFT,True,4,,,False,29.7,20.9,63.0,False,2023
DEV,AlphaTauri,36.0,145.061,17.0,492,4.0,SOFT,True,4,,,False,29.7,20.9,63.0,False,2023
HUL,Haas F1 Team,36.0,137.786,18.0,493,4.0,SOFT,True,4,,,False,29.7,20.9,63.0,False,2023
VER,Red Bull Racing,37.0,143.835,1.0,493,7.0,SOFT,False,4,,,False,29.4,20.9,63.0,False,2023
NOR,McLaren,37.0,144.316,2.0,494,4.0,HARD,True,4,,,False,29.4,20.9,63.0,False,2023
HAM,Mercedes,37.0,145.19,3.0,494,7.0,SOFT,False,4,,,False,29.4,20.9,63.0,False,2023
PIA,McLaren,37.0,145.067,4.0,494,8.0,HARD,True,4,,,False,29.4,20.9,63.0,False,2023
RUS,Mercedes,37.0,144.727,5.0,494,9.0,MEDIUM,True,4,,,False,29.4,20.9,63.0,False,2023
ALO,Aston Martin,37.0,145.274,6.0,495,7.0,SOFT,False,4,,,False,29.4,20.9,63.0,False,2023
SAI,Ferrari,37.0,145.086,7.0,495,11.0,HARD,True,4,,,False,29.4,20.9,63.0,False,2023
PER,Red Bull Racing,37.0,145.46,8.0,496,9.0,SOFT,True,4,,,False,29.4,20.9,63.0,False,2023
ALB,Williams,37.0,145.628,9.0,497,9.0,SOFT,False,4,,,False,29.4,20.9,63.0,False,2023
LEC,Ferrari,37.0,145.892,10.0,498,5.0,MEDIUM,True,4,,,False,29.4,20.9,63.0,False,2023
GAS,Alpine,37.0,145.817,11.0,498,9.0,SOFT,False,4,,,False,29.4,20.9,63.0,False,2023
STR,Aston Martin,37.0,145.969,12.0,499,9.0,SOFT,False,4,,,False,29.4,20.9,63.0,False,2023
SAR,Williams,37.0,145.271,13.0,500,8.0,SOFT,True,4,,,False,29.4,20.9,63.0,False,2023
BOT,Alfa Romeo,37.0,145.027,14.0,501,5.0,SOFT,True,4,,,False,29.4,20.9,63.0,False,2023
TSU,AlphaTauri,37.0,143.518,15.0,502,5.0,SOFT,True,4,,,False,29.4,20.9,63.0,False,2023
DEV,AlphaTauri,37.0,143.969,16.0,503,5.0,SOFT,True,4,,,False,29.4,20.9,63.0,False,2023
HUL,Haas F1 Team,37.0,143.16,17.0,504,5.0,SOFT,True,4,,,False,29.4,20.9,63.0,False,2023
ZHO,Alfa Romeo,37.0,148.721,18.0,505,4.0,SOFT,False,4,,0 days 02:02:12.858000,False,29.4,20.9,63.0,False,2023
VER,Red Bull Racing,38.0,141.674,1.0,505,8.0,SOFT,False,41,,,False,29.5,20.9,64.0,False,2023
NOR,McLaren,38.0,141.488,2.0,506,5.0,HARD,True,41,,,False,29.5,20.9,64.0,False,2023
HAM,Mercedes,38.0,140.046,3.0,506,8.0,SOFT,False,41,,,False,29.5,20.9,64.0,False,2023
PIA,McLaren,38.0,139.502,4.0,506,9.0,HARD,True,41,,,False,29.5,20.9,64.0,False,2023
RUS,Mercedes,38.0,138.924,5.0,506,10.0,MEDIUM,True,41,,,False,29.5,20.9,64.0,False,2023
ALO,Aston Martin,38.0,137.955,6.0,507,8.0,SOFT,False,41,,,False,29.5,20.9,64.0,False,2023
SAI,Ferrari,38.0,137.408,7.0,507,12.0,HARD,True,41,,,False,29.5,20.9,64.0,False,2023
PER,Red Bull Racing,38.0,136.625,8.0,508,10.0,SOFT,True,41,,,False,29.5,20.9,64.0,False,2023
ALB,Williams,38.0,135.556,9.0,509,10.0,SOFT,False,41,,,False,29.5,20.9,64.0,False,2023
LEC,Ferrari,38.0,134.823,10.0,510,6.0,MEDIUM,True,41,,,False,29.5,20.9,64.0,False,2023
GAS,Alpine,38.0,133.934,11.0,510,10.0,SOFT,False,41,,,False,29.5,20.9,64.0,False,2023
STR,Aston Martin,38.0,133.174,12.0,511,10.0,SOFT,False,41,,,False,29.5,20.9,64.0,False,2023
SAR,Williams,38.0,132.192,13.0,512,9.0,SOFT,True,41,,,False,29.5,20.9,64.0,False,2023
BOT,Alfa Romeo,38.0,131.371,14.0,513,6.0,SOFT,True,41,,,False,29.5,20.9,64.0,False,2023
TSU,AlphaTauri,38.0,130.75,15.0,514,6.0,SOFT,True,41,,,False,29.5,20.9,64.0,False,2023
DEV,AlphaTauri,38.0,129.789,16.0,515,6.0,SOFT,True,41,,,False,29.5,20.9,64.0,False,2023
HUL,Haas F1 Team,38.0,128.983,17.0,516,6.0,SOFT,True,41,,,False,29.5,20.9,64.0,False,2023
ZHO,Alfa Romeo,38.0,127.914,18.0,517,5.0,SOFT,False,41,,,False,29.5,20.9,64.0,False,2023
VER,Red Bull Racing,39.0,90.348,1.0,517,9.0,SOFT,False,1,,,True,29.3,21.0,64.0,False,2023
NOR,McLaren,39.0,91.243,2.0,518,6.0,HARD,True,1,,,True,29.3,21.0,64.0,False,2023
HAM,Mercedes,39.0,91.427,3.0,518,9.0,SOFT,False,1,,,True,29.3,21.0,64.0,False,2023
PIA,McLaren,39.0,91.646,4.0,518,10.0,HARD,True,1,,,True,29.3,21.0,64.0,False,2023
RUS,Mercedes,39.0,91.848,5.0,518,11.0,MEDIUM,True,1,,,True,29.3,21.0,64.0,False,2023
ALO,Aston Martin,39.0,92.32,6.0,519,9.0,SOFT,False,1,,,True,29.3,21.0,64.0,False,2023
SAI,Ferrari,39.0,92.459,7.0,519,13.0,HARD,True,1,,,True,29.3,21.0,64.0,False,2023
PER,Red Bull Racing,39.0,92.503,8.0,520,11.0,SOFT,True,1,,,True,29.3,21.0,64.0,False,2023
ALB,Williams,39.0,92.63,9.0,521,11.0,SOFT,False,1,,,True,29.3,21.0,64.0,False,2023
LEC,Ferrari,39.0,92.5,10.0,522,7.0,MEDIUM,True,1,,,True,29.3,21.0,64.0,False,2023
STR,Aston Martin,39.0,92.306,11.0,522,11.0,SOFT,False,1,,,True,29.3,21.0,64.0,False,2023
GAS,Alpine,39.0,92.98,12.0,523,11.0,SOFT,False,1,,,True,29.3,21.0,64.0,False,2023
SAR,Williams,39.0,92.794,13.0,524,10.0,SOFT,True,1,,,True,29.3,21.0,64.0,False,2023
BOT,Alfa Romeo,39.0,92.618,14.0,525,7.0,SOFT,True,1,,,True,29.3,21.0,64.0,False,2023
TSU,AlphaTauri,39.0,92.882,15.0,526,7.0,SOFT,True,1,,,True,29.3,21.0,64.0,False,2023
HUL,Haas F1 Team,39.0,92.527,16.0,527,7.0,SOFT,True,1,,,True,29.3,21.0,64.0,False,2023
DEV,AlphaTauri,39.0,93.647,17.0,528,7.0,SOFT,True,1,,,True,29.3,21.0,64.0,False,2023
ZHO,Alfa Romeo,39.0,93.188,18.0,529,6.0,SOFT,False,1,,,True,29.3,21.0,64.0,False,2023
VER,Red Bull Racing,40.0,90.547,1.0,529,10.0,SOFT,False,1,,,True,29.7,21.0,63.0,False,2023
NOR,McLaren,40.0,90.997,2.0,530,7.0,HARD,True,1,,,True,29.7,21.0,63.0,False,2023
HAM,Mercedes,40.0,91.279,3.0,530,10.0,SOFT,False,1,,,True,29.7,21.0,63.0,False,2023
PIA,McLaren,40.0,91.475,4.0,530,11.0,HARD,True,1,,,True,29.7,21.0,63.0,False,2023
RUS,Mercedes,40.0,91.606,5.0,530,12.0,MEDIUM,True,1,,,True,29.7,21.0,63.0,False,2023
ALO,Aston Martin,40.0,91.691,6.0,531,10.0,SOFT,False,1,,,True,29.7,21.0,63.0,False,2023
SAI,Ferrari,40.0,91.783,7.0,531,14.0,HARD,True,1,,,True,29.7,21.0,63.0,False,2023
PER,Red Bull Racing,40.0,91.909,8.0,532,12.0,SOFT,True,1,,,True,29.7,21.0,63.0,False,2023
ALB,Williams,40.0,92.176,9.0,533,12.0,SOFT,False,1,,,True,29.7,21.0,63.0,False,2023
LEC,Ferrari,40.0,92.234,10.0,534,8.0,MEDIUM,True,1,,,True,29.7,21.0,63.0,False,2023
STR,Aston Martin,40.0,92.32,11.0,534,12.0,SOFT,False,1,,,True,29.7,21.0,63.0,False,2023
GAS,Alpine,40.0,92.823,12.0,535,12.0,SOFT,False,1,,,True,29.7,21.0,63.0,False,2023
SAR,Williams,40.0,92.949,13.0,536,11.0,SOFT,True,1,,,True,29.7,21.0,63.0,False,2023
BOT,Alfa Romeo,40.0,93.056,14.0,537,8.0,SOFT,True,1,,,True,29.7,21.0,63.0,False,2023
TSU,AlphaTauri,40.0,92.932,15.0,538,8.0,SOFT,True,1,,,True,29.7,21.0,63.0,False,2023
HUL,Haas F1 Team,40.0,92.932,16.0,539,8.0,SOFT,True,1,,,True,29.7,21.0,63.0,False,2023
DEV,AlphaTauri,40.0,93.18,17.0,540,8.0,SOFT,True,1,,,True,29.7,21.0,63.0,False,2023
ZHO,Alfa Romeo,40.0,93.31,18.0,541,7.0,SOFT,False,1,,,True,29.7,21.0,63.0,False,2023
VER,Red Bull Racing,41.0,90.688,1.0,541,11.0,SOFT,False,1,,,True,29.7,21.1,62.0,False,2023
NOR,McLaren,41.0,90.76,2.0,542,8.0,HARD,True,1,,,True,29.7,21.1,62.0,False,2023
HAM,Mercedes,41.0,90.673,3.0,542,11.0,SOFT,False,1,,,True,29.7,21.1,62.0,False,2023
PIA,McLaren,41.0,90.85,4.0,542,12.0,HARD,True,1,,,True,29.7,21.1,62.0,False,2023
RUS,Mercedes,41.0,91.124,5.0,542,13.0,MEDIUM,True,1,,,True,29.7,21.1,62.0,False,2023
ALO,Aston Martin,41.0,91.652,6.0,543,11.0,SOFT,False,1,,,True,29.7,21.1,62.0,False,2023
SAI,Ferrari,41.0,91.427,7.0,543,15.0,HARD,True,1,,,True,29.7,21.1,62.0,False,2023
PER,Red Bull Racing,41.0,91.391,8.0,544,13.0,SOFT,True,1,,,True,29.7,21.1,62.0,False,2023
ALB,Williams,41.0,91.273,9.0,545,13.0,SOFT,False,1,,,True,29.7,21.1,62.0,False,2023
LEC,Ferrari,41.0,91.286,10.0,546,9.0,MEDIUM,True,1,,,True,29.7,21.1,62.0,False,2023
STR,Aston Martin,41.0,91.707,11.0,546,13.0,SOFT,False,1,,,True,29.7,21.1,62.0,False,2023
GAS,Alpine,41.0,91.827,12.0,547,13.0,SOFT,False,1,,,True,29.7,21.1,62.0,False,2023
SAR,Williams,41.0,91.84,13.0,548,12.0,SOFT,True,1,,,True,29.7,21.1,62.0,False,2023
BOT,Alfa Romeo,41.0,92.229,14.0,549,9.0,SOFT,True,1,,,True,29.7,21.1,62.0,False,2023
HUL,Haas F1 Team,41.0,92.104,15.0,550,9.0,SOFT,True,1,,,True,29.7,21.1,62.0,False,2023
TSU,AlphaTauri,41.0,93.321,16.0,551,9.0,SOFT,True,1,,,True,29.7,21.1,62.0,False,2023
DEV,AlphaTauri,41.0,92.65,17.0,552,9.0,SOFT,True,1,,,True,29.7,21.1,62.0,False,2023
ZHO,Alfa Romeo,41.0,92.655,18.0,553,8.0,SOFT,False,1,,,True,29.7,21.1,62.0,False,2023
VER,Red Bull Racing,42.0,90.275,1.0,553,12.0,SOFT,False,1,,,True,29.9,21.3,62.0,False,2023
NOR,McLaren,42.0,90.922,2.0,554,9.0,HARD,True,1,,,True,29.9,21.3,62.0,False,2023
HAM,Mercedes,42.0,91.042,3.0,554,12.0,SOFT,False,1,,,True,29.9,21.3,62.0,False,2023
PIA,McLaren,42.0,91.178,4.0,554,13.0,HARD,True,1,,,True,29.9,21.3,62.0,False,2023
RUS,Mercedes,42.0,91.188,5.0,554,14.0,MEDIUM,True,1,,,True,29.9,21.3,62.0,False,2023
ALO,Aston Martin,42.0,91.829,6.0,555,12.0,SOFT,False,1,,,True,29.9,21.3,62.0,False,2023
SAI,Ferrari,42.0,91.643,7.0,555,16.0,HARD,True,1,,,True,29.9,21.3,62.0,False,2023
PER,Red Bull Racing,42.0,91.716,8.0,556,14.0,SOFT,True,1,,,True,29.9,21.3,62.0,False,2023
ALB,Williams,42.0,91.879,9.0,557,14.0,SOFT,False,1,,,True,29.9,21.3,62.0,False,2023
LEC,Ferrari,42.0,91.926,10.0,558,10.0,MEDIUM,True,1,,,True,29.9,21.3,62.0,False,2023
STR,Aston Martin,42.0,91.508,11.0,558,14.0,SOFT,False,1,,,True,29.9,21.3,62.0,False,2023
GAS,Alpine,42.0,91.539,12.0,559,14.0,SOFT,False,1,,,True,29.9,21.3,62.0,False,2023
SAR,Williams,42.0,91.699,13.0,560,13.0,SOFT,True,1,,,True,29.9,21.3,62.0,False,2023
BOT,Alfa Romeo,42.0,91.902,14.0,561,10.0,SOFT,True,1,,,True,29.9,21.3,62.0,False,2023
HUL,Haas F1 Team,42.0,92.097,15.0,562,10.0,SOFT,True,1,,,True,29.9,21.3,62.0,False,2023
TSU,AlphaTauri,42.0,92.306,16.0,563,10.0,SOFT,True,1,,,True,29.9,21.3,62.0,False,2023
DEV,AlphaTauri,42.0,92.369,17.0,564,10.0,SOFT,True,1,,,True,29.9,21.3,62.0,False,2023
ZHO,Alfa Romeo,42.0,92.243,18.0,565,9.0,SOFT,False,1,,,True,29.9,21.3,62.0,False,2023
VER,Red Bull Racing,43.0,90.535,1.0,565,13.0,SOFT,False,1,,,True,30.7,21.4,61.0,False,2023
NOR,McLaren,43.0,90.543,2.0,566,10.0,HARD,True,1,,,True,30.7,21.4,61.0,False,2023
HAM,Mercedes,43.0,90.545,3.0,566,13.0,SOFT,False,1,,,True,30.7,21.4,61.0,False,2023
PIA,McLaren,43.0,91.011,4.0,566,14.0,HARD,True,1,,,True,30.7,21.4,61.0,False,2023
RUS,Mercedes,43.0,91.231,5.0,566,15.0,MEDIUM,True,1,,,True,30.7,21.4,61.0,False,2023
ALO,Aston Martin,43.0,91.747,6.0,567,13.0,SOFT,False,1,,,True,30.7,21.4,61.0,False,2023
PER,Red Bull Racing,43.0,92.005,7.0,567,15.0,SOFT,True,1,,,True,30.7,21.4,61.0,False,2023
SAI,Ferrari,43.0,92.89,8.0,567,17.0,HARD,True,1,,,True,30.7,21.4,61.0,False,2023
ALB,Williams,43.0,91.752,9.0,568,15.0,SOFT,False,1,,,True,30.7,21.4,61.0,False,2023
LEC,Ferrari,43.0,92.052,10.0,569,11.0,MEDIUM,True,1,,,True,30.7,21.4,61.0,False,2023
STR,Aston Martin,43.0,91.803,11.0,569,15.0,SOFT,False,1,,,True,30.7,21.4,61.0,False,2023
GAS,Alpine,43.0,91.648,12.0,570,15.0,SOFT,False,1,,,True,30.7,21.4,61.0,False,2023
SAR,Williams,43.0,91.743,13.0,571,14.0,SOFT,True,1,,,True,30.7,21.4,61.0,False,2023
BOT,Alfa Romeo,43.0,92.047,14.0,572,11.0,SOFT,True,1,,,True,30.7,21.4,61.0,False,2023
HUL,Haas F1 Team,43.0,92.325,15.0,573,11.0,SOFT,True,1,,,True,30.7,21.4,61.0,False,2023
TSU,AlphaTauri,43.0,92.572,16.0,574,11.0,SOFT,True,1,,,True,30.7,21.4,61.0,False,2023
DEV,AlphaTauri,43.0,92.516,17.0,575,11.0,SOFT,True,1,,,True,30.7,21.4,61.0,False,2023
ZHO,Alfa Romeo,43.0,92.645,18.0,576,10.0,SOFT,False,1,,,True,30.7,21.4,61.0,False,2023
VER,Red Bull Racing,44.0,90.648,1.0,576,14.0,SOFT,False,1,,,True,30.9,21.4,58.0,False,2023
NOR,McLaren,44.0,90.786,2.0,577,11.0,HARD,True,1,,,True,30.9,21.4,58.0,False,2023
HAM,Mercedes,44.0,91.589,3.0,577,14.0,SOFT,False,1,,,True,30.9,21.4,58.0,False,2023
PIA,McLaren,44.0,91.465,4.0,577,15.0,HARD,True,1,,,True,30.9,21.4,58.0,False,2023
RUS,Mercedes,44.0,91.568,5.0,577,16.0,MEDIUM,True,1,,,True,30.9,21.4,58.0,False,2023
ALO,Aston Martin,44.0,92.131,6.0,578,14.0,SOFT,False,1,,,True,30.9,21.4,58.0,False,2023
PER,Red Bull Racing,44.0,91.712,7.0,578,16.0,SOFT,True,1,,,True,30.9,21.4,58.0,False,2023
ALB,Williams,44.0,92.057,8.0,579,16.0,SOFT,False,1,,,True,30.9,21.4,58.0,False,2023
LEC,Ferrari,44.0,92.815,9.0,580,12.0,MEDIUM,True,1,,,True,30.9,21.4,58.0,False,2023
SAI,Ferrari,44.0,94.622,10.0,580,18.0,HARD,True,1,,,True,30.9,21.4,58.0,False,2023
GAS,Alpine,44.0,92.862,11.0,581,16.0,SOFT,False,1,,,True,30.9,21.4,58.0,False,2023
STR,Aston Martin,44.0,94.01,12.0,582,16.0,SOFT,False,1,,,True,30.9,21.4,58.0,False,2023
SAR,Williams,44.0,92.849,13.0,583,15.0,SOFT,True,1,,,True,30.9,21.4,58.0,False,2023
BOT,Alfa Romeo,44.0,92.563,14.0,584,12.0,SOFT,True,1,,,True,30.9,21.4,58.0,False,2023
HUL,Haas F1 Team,44.0,92.441,15.0,585,12.0,SOFT,True,1,,,True,30.9,21.4,58.0,False,2023
TSU,AlphaTauri,44.0,92.534,16.0,586,12.0,SOFT,True,1,,,True,30.9,21.4,58.0,False,2023
ZHO,Alfa Romeo,44.0,92.789,17.0,587,11.0,SOFT,False,1,,,True,30.9,21.4,58.0,False,2023
DEV,AlphaTauri,44.0,94.017,18.0,587,12.0,SOFT,True,1,,,True,30.9,21.4,58.0,False,2023
VER,Red Bull Racing,45.0,91.342,1.0,587,15.0,SOFT,False,1,,,True,30.4,21.4,57.0,False,2023
NOR,McLaren,45.0,91.301,2.0,588,12.0,HARD,True,1,,,True,30.4,21.4,57.0,False,2023
HAM,Mercedes,45.0,91.359,3.0,588,15.0,SOFT,False,1,,,True,30.4,21.4,57.0,False,2023
PIA,McLaren,45.0,91.406,4.0,588,16.0,HARD,True,1,,,True,30.4,21.4,57.0,False,2023
RUS,Mercedes,45.0,91.718,5.0,588,17.0,MEDIUM,True,1,,,True,30.4,21.4,57.0,False,2023
ALO,Aston Martin,45.0,92.036,6.0,589,15.0,SOFT,False,1,,,True,30.4,21.4,57.0,False,2023
PER,Red Bull Racing,45.0,91.571,7.0,589,17.0,SOFT,True,1,,,True,30.4,21.4,57.0,False,2023
ALB,Williams,45.0,92.146,8.0,590,17.0,SOFT,False,1,,,True,30.4,21.4,57.0,False,2023
LEC,Ferrari,45.0,91.9,9.0,591,13.0,MEDIUM,True,1,,,True,30.4,21.4,57.0,False,2023
SAI,Ferrari,45.0,92.606,10.0,591,19.0,HARD,True,1,,,True,30.4,21.4,57.0,False,2023
STR,Aston Martin,45.0,93.008,11.0,592,17.0,SOFT,False,1,,,True,30.4,21.4,57.0,False,2023
SAR,Williams,45.0,92.724,12.0,593,16.0,SOFT,True,1,,,True,30.4,21.4,57.0,False,2023
BOT,Alfa Romeo,45.0,93.177,13.0,594,13.0,SOFT,True,1,,,True,30.4,21.4,57.0,False,2023
HUL,Haas F1 Team,45.0,92.534,14.0,595,13.0,SOFT,True,1,,,True,30.4,21.4,57.0,False,2023
GAS,Alpine,45.0,96.665,15.0,595,17.0,SOFT,False,1,,,True,30.4,21.4,57.0,False,2023
TSU,AlphaTauri,45.0,92.494,16.0,596,13.0,SOFT,True,1,,,True,30.4,21.4,57.0,False,2023
ZHO,Alfa Romeo,45.0,92.502,17.0,597,12.0,SOFT,False,1,,,True,30.4,21.4,57.0,False,2023
DEV,AlphaTauri,45.0,92.829,18.0,597,13.0,SOFT,True,1,,,True,30.4,21.4,57.0,False,2023
VER,Red Bull Racing,46.0,91.114,1.0,597,16.0,SOFT,False,1,,,True,30.1,21.4,58.0,False,2023
NOR,McLaren,46.0,91.094,2.0,598,13.0,HARD,True,1,,,True,30.1,21.4,58.0,False,2023
HAM,Mercedes,46.0,91.559,3.0,598,16.0,SOFT,False,1,,,True,30.1,21.4,58.0,False,2023
PIA,McLaren,46.0,91.496,4.0,598,17.0,HARD,True,1,,,True,30.1,21.4,58.0,False,2023
RUS,Mercedes,46.0,91.984,5.0,598,18.0,MEDIUM,True,1,,,True,30.1,21.4,58.0,False,2023
PER,Red Bull Racing,46.0,91.675,6.0,599,18.0,SOFT,True,1,,,True,30.1,21.4,58.0,False,2023
ALO,Aston Martin,46.0,92.891,7.0,600,16.0,SOFT,False,1,,,True,30.1,21.4,58.0,False,2023
ALB,Williams,46.0,92.116,8.0,600,18.0,SOFT,False,1,,,True,30.1,21.4,58.0,False,2023
LEC,Ferrari,46.0,91.85,9.0,601,14.0,MEDIUM,True,1,,,True,30.1,21.4,58.0,False,2023
SAI,Ferrari,46.0,91.906,10.0,601,20.0,HARD,True,1,,,True,30.1,21.4,58.0,False,2023
STR,Aston Martin,46.0,91.998,11.0,602,18.0,SOFT,False,1,,,True,30.1,21.4,58.0,False,2023
SAR,Williams,46.0,92.421,12.0,603,17.0,SOFT,True,1,,,True,30.1,21.4,58.0,False,2023
BOT,Alfa Romeo,46.0,92.284,13.0,604,14.0,SOFT,True,1,,,True,30.1,21.4,58.0,False,2023
HUL,Haas F1 Team,46.0,92.584,14.0,605,14.0,SOFT,True,1,,,True,30.1,21.4,58.0,False,2023
TSU,AlphaTauri,46.0,92.535,15.0,606,14.0,SOFT,True,1,,,True,30.1,21.4,58.0,False,2023
ZHO,Alfa Romeo,46.0,92.329,16.0,607,13.0,SOFT,False,1,,,True,30.1,21.4,58.0,False,2023
DEV,AlphaTauri,46.0,92.716,17.0,607,14.0,SOFT,True,1,,,True,30.1,21.4,58.0,False,2023
VER,Red Bull Racing,47.0,91.148,1.0,607,17.0,SOFT,False,1,,,True,30.0,21.4,59.0,False,2023
NOR,McLaren,47.0,91.593,2.0,608,14.0,HARD,True,1,,,True,30.0,21.4,59.0,False,2023
HAM,Mercedes,47.0,91.248,3.0,608,17.0,SOFT,False,1,,,True,30.0,21.4,59.0,False,2023
PIA,McLaren,47.0,91.427,4.0,608,18.0,HARD,True,1,,,True,30.0,21.4,59.0,False,2023
RUS,Mercedes,47.0,91.644,5.0,608,19.0,MEDIUM,True,1,,,True,30.0,21.4,59.0,False,2023
PER,Red Bull Racing,47.0,91.505,6.0,609,19.0,SOFT,True,1,,,True,30.0,21.4,59.0,False,2023
ALO,Aston Martin,47.0,91.828,7.0,610,17.0,SOFT,False,1,,,True,30.0,21.4,59.0,False,2023
ALB,Williams,47.0,91.537,8.0,610,19.0,SOFT,False,1,,,True,30.0,21.4,59.0,False,2023
LEC,Ferrari,47.0,91.36,9.0,611,15.0,MEDIUM,True,1,,,True,30.0,21.4,59.0,False,2023
SAI,Ferrari,47.0,91.592,10.0,611,21.0,HARD,True,1,,,True,30.0,21.4,59.0,False,2023
STR,Aston Martin,47.0,91.768,11.0,612,19.0,SOFT,False,1,,,True,30.0,21.4,59.0,False,2023
SAR,Williams,47.0,91.868,12.0,613,18.0,SOFT,True,1,,,True,30.0,21.4,59.0,False,2023
BOT,Alfa Romeo,47.0,92.079,13.0,614,15.0,SOFT,True,1,,,True,30.0,21.4,59.0,False,2023
HUL,Haas F1 Team,47.0,92.101,14.0,615,15.0,SOFT,True,1,,,True,30.0,21.4,59.0,False,2023
TSU,AlphaTauri,47.0,92.291,15.0,616,15.0,SOFT,True,1,,,True,30.0,21.5,58.0,False,2023
ZHO,Alfa Romeo,47.0,91.957,16.0,617,14.0,SOFT,False,1,,,True,30.0,21.5,58.0,False,2023
DEV,AlphaTauri,47.0,92.456,17.0,617,15.0,SOFT,True,1,,,True,30.0,21.5,58.0,False,2023
VER,Red Bull Racing,48.0,91.4,1.0,617,18.0,SOFT,False,1,,,True,29.9,21.5,57.0,False,2023
NOR,McLaren,48.0,91.36,2.0,618,15.0,HARD,True,1,,,True,29.9,21.5,57.0,False,2023
HAM,Mercedes,48.0,91.152,3.0,618,18.0,SOFT,False,1,,,True,29.9,21.5,57.0,False,2023
PIA,McLaren,48.0,91.159,4.0,618,19.0,HARD,True,1,,,True,29.9,21.5,57.0,False,2023
RUS,Mercedes,48.0,91.569,5.0,618,20.0,MEDIUM,True,1,,,True,29.9,21.5,57.0,False,2023
PER,Red Bull Racing,48.0,91.209,6.0,619,20.0,SOFT,True,1,,,True,29.9,21.5,57.0,False,2023
ALO,Aston Martin,48.0,91.338,7.0,620,18.0,SOFT,False,1,,,True,29.9,21.5,57.0,False,2023
ALB,Williams,48.0,91.466,8.0,620,20.0,SOFT,False,1,,,True,29.9,21.5,57.0,False,2023
LEC,Ferrari,48.0,91.255,9.0,621,16.0,MEDIUM,True,1,,,True,29.9,21.5,57.0,False,2023
SAI,Ferrari,48.0,91.438,10.0,621,22.0,HARD,True,1,,,True,29.9,21.5,57.0,False,2023
STR,Aston Martin,48.0,91.745,11.0,622,20.0,SOFT,False,1,,,True,29.9,21.5,57.0,False,2023
SAR,Williams,48.0,91.71,12.0,623,19.0,SOFT,True,1,,,True,29.9,21.5,57.0,False,2023
BOT,Alfa Romeo,48.0,91.974,13.0,624,16.0,SOFT,True,1,,,True,29.9,21.5,57.0,False,2023
HUL,Haas F1 Team,48.0,92.06,14.0,625,16.0,SOFT,True,1,,,True,29.9,21.5,57.0,False,2023
TSU,AlphaTauri,48.0,92.084,15.0,626,16.0,SOFT,True,1,,,True,29.9,21.5,57.0,False,2023
ZHO,Alfa Romeo,48.0,91.769,16.0,627,15.0,SOFT,False,1,,,True,29.9,21.5,57.0,False,2023
DEV,AlphaTauri,48.0,92.353,17.0,627,16.0,SOFT,True,1,,,True,29.9,21.5,57.0,False,2023
VER,Red Bull Racing,49.0,91.218,1.0,627,19.0,SOFT,False,1,,,True,29.6,21.5,54.0,False,2023
NOR,McLaren,49.0,91.02,2.0,628,16.0,HARD,True,1,,,True,29.6,21.5,54.0,False,2023
HAM,Mercedes,49.0,91.286,3.0,628,19.0,SOFT,False,1,,,True,29.6,21.5,54.0,False,2023
PIA,McLaren,49.0,91.422,4.0,628,20.0,HARD,True,1,,,True,29.6,21.5,54.0,False,2023
RUS,Mercedes,49.0,91.612,5.0,628,21.0,MEDIUM,True,1,,,True,29.6,21.5,54.0,False,2023
PER,Red Bull Racing,49.0,91.36,6.0,629,21.0,SOFT,True,1,,,True,29.6,21.5,54.0,False,2023
ALO,Aston Martin,49.0,92.075,7.0,630,19.0,SOFT,False,1,,,True,29.6,21.5,54.0,False,2023
ALB,Williams,49.0,91.912,8.0,630,21.0,SOFT,False,1,,,True,29.6,21.5,54.0,False,2023
LEC,Ferrari,49.0,91.781,9.0,631,17.0,MEDIUM,True,1,,,True,29.6,21.5,54.0,False,2023
SAI,Ferrari,49.0,91.723,10.0,631,23.0,HARD,True,1,,,True,29.6,21.5,54.0,False,2023
STR,Aston Martin,49.0,91.86,11.0,632,21.0,SOFT,False,1,,,True,29.6,21.5,54.0,False,2023
SAR,Williams,49.0,91.873,12.0,633,20.0,SOFT,True,1,,,True,29.6,21.6,54.0,False,2023
BOT,Alfa Romeo,49.0,92.167,13.0,634,17.0,SOFT,True,1,,,True,29.6,21.6,54.0,False,2023
HUL,Haas F1 Team,49.0,92.08,14.0,635,17.0,SOFT,True,1,,,True,29.6,21.6,54.0,False,2023
TSU,AlphaTauri,49.0,92.504,15.0,636,17.0,SOFT,True,1,,,True,29.6,21.6,54.0,False,2023
ZHO,Alfa Romeo,49.0,92.599,16.0,637,16.0,SOFT,False,1,,,True,29.6,21.6,54.0,False,2023
DEV,AlphaTauri,49.0,92.54,17.0,637,17.0,SOFT,True,1,,,True,29.6,21.6,54.0,False,2023
VER,Red Bull Racing,50.0,91.292,1.0,637,20.0,SOFT,False,1,,,True,29.7,21.6,54.0,False,2023
NOR,McLaren,50.0,91.56,2.0,638,17.0,HARD,True,1,,,True,29.7,21.6,54.0,False,2023
HAM,Mercedes,50.0,91.526,3.0,638,20.0,SOFT,False,1,,,True,29.7,21.6,54.0,False,2023
PIA,McLaren,50.0,91.752,4.0,638,21.0,HARD,True,1,,,True,29.7,21.6,54.0,False,2023
RUS,Mercedes,50.0,91.421,5.0,638,22.0,MEDIUM,True,1,,,True,29.7,21.6,54.0,False,2023
PER,Red Bull Racing,50.0,91.139,6.0,639,22.0,SOFT,True,1,,,True,29.7,21.6,54.0,False,2023
ALO,Aston Martin,50.0,91.999,7.0,640,20.0,SOFT,False,1,,,True,29.7,21.6,54.0,False,2023
ALB,Williams,50.0,91.86,8.0,640,22.0,SOFT,False,1,,,True,29.7,21.6,54.0,False,2023
LEC,Ferrari,50.0,91.716,9.0,641,18.0,MEDIUM,True,1,,,True,29.7,21.6,54.0,False,2023
SAI,Ferrari,50.0,91.408,10.0,641,24.0,HARD,True,1,,,True,29.7,21.6,54.0,False,2023
STR,Aston Martin,50.0,91.794,11.0,642,22.0,SOFT,False,1,,,True,29.7,21.6,54.0,False,2023
SAR,Williams,50.0,92.085,12.0,643,21.0,SOFT,True,1,,,True,29.7,21.6,54.0,False,2023
BOT,Alfa Romeo,50.0,92.163,13.0,644,18.0,SOFT,True,1,,,True,29.7,21.6,54.0,False,2023
HUL,Haas F1 Team,50.0,92.158,14.0,645,18.0,SOFT,True,1,,,True,29.7,21.6,54.0,False,2023
TSU,AlphaTauri,50.0,92.79,15.0,646,18.0,SOFT,True,1,,,True,29.7,21.6,54.0,False,2023
ZHO,Alfa Romeo,50.0,92.459,16.0,647,17.0,SOFT,False,1,,,True,29.7,21.6,54.0,False,2023
DEV,AlphaTauri,50.0,92.632,17.0,647,18.0,SOFT,True,1,,,True,29.7,21.6,54.0,False,2023
VER,Red Bull Racing,51.0,91.397,1.0,647,21.0,SOFT,False,1,,,True,30.2,21.7,54.0,False,2023
NOR,McLaren,51.0,91.077,2.0,648,18.0,HARD,True,1,,,True,30.2,21.7,54.0,False,2023
HAM,Mercedes,51.0,91.703,3.0,648,21.0,SOFT,False,1,,,True,30.2,21.7,54.0,False,2023
PIA,McLaren,51.0,91.305,4.0,648,22.0,HARD,True,1,,,True,30.2,21.7,54.0,False,2023
RUS,Mercedes,51.0,91.563,5.0,648,23.0,MEDIUM,True,1,,,True,30.2,21.7,54.0,False,2023
PER,Red Bull Racing,51.0,90.914,6.0,649,23.0,SOFT,True,1,,,True,30.2,21.7,54.0,False,2023
ALO,Aston Martin,51.0,91.93,7.0,650,21.0,SOFT,False,1,,,True,30.2,21.7,54.0,False,2023
ALB,Williams,51.0,91.93,8.0,650,23.0,SOFT,False,1,,,True,30.2,21.7,54.0,False,2023
LEC,Ferrari,51.0,91.763,9.0,651,19.0,MEDIUM,True,1,,,True,30.2,21.7,54.0,False,2023
SAI,Ferrari,51.0,91.366,10.0,651,25.0,HARD,True,1,,,True,30.2,21.8,53.0,False,2023
STR,Aston Martin,51.0,91.691,11.0,652,23.0,SOFT,False,1,,,True,30.2,21.8,53.0,False,2023
SAR,Williams,51.0,91.956,12.0,653,22.0,SOFT,True,1,,,True,30.2,21.8,53.0,False,2023
BOT,Alfa Romeo,51.0,92.133,13.0,654,19.0,SOFT,True,1,,,True,30.2,21.8,53.0,False,2023
HUL,Haas F1 Team,51.0,92.166,14.0,655,19.0,SOFT,True,1,,,True,30.2,21.8,53.0,False,2023
ZHO,Alfa Romeo,51.0,92.09,15.0,656,18.0,SOFT,False,1,,,True,30.2,21.8,53.0,False,2023
TSU,AlphaTauri,51.0,93.212,16.0,656,19.0,SOFT,True,1,,,True,30.2,21.8,53.0,False,2023
DEV,AlphaTauri,51.0,92.445,17.0,657,19.0,SOFT,True,1,,,True,30.2,21.8,53.0,False,2023
VER,Red Bull Racing,52.0,90.975,1.0,657,22.0,SOFT,False,1,,,True,29.8,21.8,52.0,False,2023
NOR,McLaren,52.0,91.251,2.0,658,19.0,HARD,True,1,,,True,29.8,21.8,52.0,False,2023
HAM,Mercedes,52.0,91.823,3.0,658,22.0,SOFT,False,1,,,True,29.8,21.8,52.0,False,2023
PIA,McLaren,52.0,90.941,4.0,658,23.0,HARD,True,1,,,True,29.8,21.8,52.0,False,2023
RUS,Mercedes,52.0,91.433,5.0,658,24.0,MEDIUM,True,1,,,True,29.8,21.8,52.0,False,2023
PER,Red Bull Racing,52.0,91.188,6.0,659,24.0,SOFT,True,1,,,True,29.8,21.8,52.0,False,2023
ALO,Aston Martin,52.0,91.711,7.0,660,22.0,SOFT,False,1,,,True,29.8,21.8,52.0,False,2023
ALB,Williams,52.0,91.809,8.0,660,24.0,SOFT,False,1,,,True,29.8,21.8,52.0,False,2023
LEC,Ferrari,52.0,92.257,9.0,661,20.0,MEDIUM,True,1,,,True,29.8,21.8,52.0,False,2023
SAI,Ferrari,52.0,91.88,10.0,661,26.0,HARD,True,1,,,True,29.8,21.8,52.0,False,2023
STR,Aston Martin,52.0,92.138,11.0,662,24.0,SOFT,False,1,,,True,29.8,21.8,52.0,False,2023
SAR,Williams,52.0,91.984,12.0,663,23.0,SOFT,True,1,,,True,29.8,21.8,52.0,False,2023
BOT,Alfa Romeo,52.0,91.852,13.0,664,20.0,SOFT,True,1,,,True,29.8,21.8,52.0,False,2023
HUL,Haas F1 Team,52.0,91.776,14.0,665,20.0,SOFT,True,1,,,True,29.8,21.8,52.0,False,2023
ZHO,Alfa Romeo,52.0,92.114,15.0,666,19.0,SOFT,False,1,,,True,29.8,21.8,52.0,False,2023
TSU,AlphaTauri,52.0,92.78,16.0,666,20.0,SOFT,True,1,,,True,29.8,21.8,52.0,False,2023
DEV,AlphaTauri,52.0,92.42,17.0,667,20.0,SOFT,True,1,,,True,29.8,21.8,52.0,False,2023
RUS,Mercedes,1.0,95.211,1.0,1,1.0,MEDIUM,True,1,,,False,33.0,16.2,63.0,False,2024
HAM,Mercedes,1.0,96.034,2.0,2,1.0,MEDIUM,True,1,,,False,33.0,16.2,63.0,False,2024
VER,Red Bull Racing,1.0,96.711,3.0,3,1.0,MEDIUM,True,1,,,False,33.0,16.2,63.0,False,2024
NOR,McLaren,1.0,97.347,4.0,4,1.0,MEDIUM,True,1,,,False,33.0,16.2,63.0,False,2024
PIA,McLaren,1.0,98.008,5.0,5,1.0,MEDIUM,True,1,,,False,33.0,16.2,63.0,False,2024
SAI,Ferrari,1.0,98.699,6.0,6,1.0,MEDIUM,True,1,,,False,33.0,16.2,63.0,False,2024
STR,Aston Martin,1.0,99.108,7.0,7,1.0,MEDIUM,True,1,,,False,33.0,16.2,63.0,False,2024
LEC,Ferrari,1.0,99.663,8.0,8,1.0,MEDIUM,True,1,,,False,33.0,16.2,63.0,False,2024
HUL,Haas F1 Team,1.0,100.166,9.0,9,1.0,MEDIUM,True,1,,,False,33.0,16.2,63.0,False,2024
ALO,Aston Martin,1.0,100.474,10.0,10,1.0,MEDIUM,True,1,,,False,33.0,16.2,63.0,False,2024
TSU,RB,1.0,101.109,11.0,11,1.0,MEDIUM,True,1,,,False,33.0,16.2,63.0,False,2024
ALB,Williams,1.0,101.588,12.0,12,1.0,MEDIUM,True,1,,,False,33.0,16.2,63.0,False,2024
SAR,Williams,1.0,101.772,13.0,13,1.0,MEDIUM,True,1,,,False,33.0,16.2,63.0,False,2024
ZHO,Kick Sauber,1.0,102.231,14.0,14,1.0,SOFT,True,1,,,False,33.0,16.2,63.0,False,2024
RIC,RB,1.0,102.715,15.0,15,1.0,MEDIUM,True,1,,,False,33.0,16.2,63.0,False,2024
OCO,Alpine,1.0,103.052,16.0,16,1.0,SOFT,True,1,,,False,33.0,16.2,63.0,False,2024
MAG,Haas F1 Team,1.0,103.681,17.0,17,1.0,MEDIUM,True,1,,,False,33.0,16.2,63.0,False,2024
BOT,Kick Sauber,1.0,104.29,18.0,18,1.0,MEDIUM,True,1,,,False,33.0,16.2,63.0,False,2024
PER,Red Bull Racing,1.0,109.458,19.0,19,1.0,HARD,True,1,,0 days 00:58:28.260000,False,33.0,16.2,63.0,False,2024
RUS,Mercedes,2.0,91.418,1.0,19,2.0,MEDIUM,True,1,,,True,33.0,16.3,62.0,False,2024
HAM,Mercedes,2.0,91.42,2.0,20,2.0,MEDIUM,True,1,,,True,33.0,16.3,62.0,False,2024
VER,Red Bull Racing,2.0,91.773,3.0,21,2.0,MEDIUM,True,1,,,True,33.0,16.3,62.0,False,2024
NOR,McLaren,2.0,92.188,4.0,22,2.0,MEDIUM,True,1,,,True,33.0,16.3,62.0,False,2024
PIA,McLaren,2.0,92.361,5.0,23,2.0,MEDIUM,True,1,,,True,33.0,16.3,62.0,False,2024
SAI,Ferrari,2.0,92.359,6.0,24,2.0,MEDIUM,True,1,,,True,33.0,16.3,62.0,False,2024
STR,Aston Martin,2.0,92.683,7.0,25,2.0,MEDIUM,True,1,,,True,33.0,16.3,62.0,False,2024
LEC,Ferrari,2.0,92.858,8.0,26,2.0,MEDIUM,True,1,,,True,33.0,16.3,62.0,False,2024
HUL,Haas F1 Team,2.0,92.844,9.0,27,2.0,MEDIUM,True,1,,,True,33.0,16.3,62.0,False,2024
ALO,Aston Martin,2.0,93.202,10.0,28,2.0,MEDIUM,True,1,,,True,33.0,16.3,62.0,False,2024
TSU,RB,2.0,93.214,11.0,29,2.0,MEDIUM,True,1,,,True,33.0,16.3,62.0,False,2024
ALB,Williams,2.0,93.158,12.0,30,2.0,MEDIUM,True,1,,,True,33.0,16.3,62.0,False,2024
SAR,Williams,2.0,93.435,13.0,31,2.0,MEDIUM,True,1,,,True,33.0,16.3,62.0,False,2024
ZHO,Kick Sauber,2.0,93.563,14.0,32,2.0,SOFT,True,1,,,True,33.0,16.3,62.0,False,2024
RIC,RB,2.0,93.709,15.0,33,2.0,MEDIUM,True,1,,,True,33.0,16.3,62.0,False,2024
OCO,Alpine,2.0,93.846,16.0,34,2.0,SOFT,True,1,,,True,33.0,16.3,62.0,False,2024
MAG,Haas F1 Team,2.0,94.216,17.0,35,2.0,MEDIUM,True,1,,,True,33.0,16.3,62.0,False,2024
BOT,Kick Sauber,2.0,95.368,18.0,36,2.0,MEDIUM,True,1,,,True,33.0,16.3,62.0,False,2024
PER,Red Bull Racing,2.0,92.942,19.0,37,2.0,HARD,True,1,,,True,33.0,16.3,62.0,False,2024
RUS,Mercedes,3.0,91.298,1.0,37,3.0,MEDIUM,True,1,,,True,24.3,16.3,61.0,False,2024
HAM,Mercedes,3.0,91.716,2.0,38,3.0,MEDIUM,True,1,,,True,24.3,16.3,61.0,False,2024
VER,Red Bull Racing,3.0,92.2,3.0,39,3.0,MEDIUM,True,1,,,True,24.3,16.3,61.0,False,2024
NOR,McLaren,3.0,91.991,4.0,40,3.0,MEDIUM,True,1,,,True,24.3,16.3,61.0,False,2024
PIA,McLaren,3.0,91.927,5.0,41,3.0,MEDIUM,True,1,,,True,24.3,16.3,61.0,False,2024
SAI,Ferrari,3.0,92.102,6.0,42,3.0,MEDIUM,True,1,,,True,24.3,16.3,61.0,False,2024
STR,Aston Martin,3.0,92.307,7.0,43,3.0,MEDIUM,True,1,,,True,24.3,16.3,61.0,False,2024
LEC,Ferrari,3.0,92.369,8.0,44,3.0,MEDIUM,True,1,,,True,24.3,16.3,61.0,False,2024
HUL,Haas F1 Team,3.0,92.605,9.0,45,3.0,MEDIUM,True,1,,,True,24.3,16.3,61.0,False,2024
ALO,Aston Martin,3.0,92.951,10.0,46,3.0,MEDIUM,True,1,,,True,24.3,16.3,61.0,False,2024
TSU,RB,3.0,93.062,11.0,47,3.0,MEDIUM,True,1,,,True,24.3,16.3,61.0,False,2024
ALB,Williams,3.0,93.373,12.0,48,3.0,MEDIUM,True,1,,,True,24.3,16.3,61.0,False,2024
SAR,Williams,3.0,93.319,13.0,49,3.0,MEDIUM,True,1,,,True,24.3,16.3,61.0,False,2024
ZHO,Kick Sauber,3.0,93.487,14.0,50,3.0,SOFT,True,1,,,True,24.3,16.3,61.0,False,2024
RIC,RB,3.0,93.429,15.0,51,3.0,MEDIUM,True,1,,,True,24.1,16.3,61.0,False,2024
OCO,Alpine,3.0,93.479,16.0,52,3.0,SOFT,True,1,,,True,24.1,16.3,61.0,False,2024
MAG,Haas F1 Team,3.0,93.259,17.0,53,3.0,MEDIUM,True,1,,,True,24.1,16.3,61.0,False,2024
BOT,Kick Sauber,3.0,94.447,18.0,54,3.0,MEDIUM,True,1,,,True,24.1,16.3,61.0,False,2024
PER,Red Bull Racing,3.0,92.34,19.0,55,3.0,HARD,True,1,,,True,24.1,16.3,61.0,False,2024
RUS,Mercedes,4.0,91.799,1.0,55,4.0,MEDIUM,True,1,,,True,24.0,16.2,60.0,False,2024
HAM,Mercedes,4.0,91.988,2.0,56,4.0,MEDIUM,True,1,,,True,24.0,16.2,60.0,False,2024
VER,Red Bull Racing,4.0,91.933,3.0,57,4.0,MEDIUM,True,1,,,True,24.0,16.2,60.0,False,2024
NOR,McLaren,4.0,91.976,4.0,58,4.0,MEDIUM,True,1,,,True,24.0,16.2,60.0,False,2024
PIA,McLaren,4.0,91.919,5.0,59,4.0,MEDIUM,True,1,,,True,24.0,16.2,60.0,False,2024
SAI,Ferrari,4.0,92.045,6.0,60,4.0,MEDIUM,True,1,,,True,24.0,16.2,60.0,False,2024
STR,Aston Martin,4.0,92.968,7.0,61,4.0,MEDIUM,True,1,,,True,24.0,16.2,60.0,False,2024
LEC,Ferrari,4.0,92.705,8.0,62,4.0,MEDIUM,True,1,,,True,24.0,16.2,60.0,False,2024
HUL,Haas F1 Team,4.0,92.563,9.0,63,4.0,MEDIUM,True,1,,,True,24.0,16.2,60.0,False,2024
ALO,Aston Martin,4.0,93.192,10.0,64,4.0,MEDIUM,True,1,,,True,24.0,16.2,60.0,False,2024
TSU,RB,4.0,93.164,11.0,65,4.0,MEDIUM,True,1,,,True,24.0,16.2,60.0,False,2024
ALB,Williams,4.0,93.059,12.0,66,4.0,MEDIUM,True,1,,,True,24.0,16.2,60.0,False,2024
SAR,Williams,4.0,93.11,13.0,67,4.0,MEDIUM,True,1,,,True,24.0,16.2,60.0,False,2024
ZHO,Kick Sauber,4.0,93.221,14.0,68,4.0,SOFT,True,1,,,True,24.0,16.2,60.0,False,2024
RIC,RB,4.0,93.253,15.0,69,4.0,MEDIUM,True,1,,,True,24.0,16.2,60.0,False,2024
OCO,Alpine,4.0,93.316,16.0,70,4.0,SOFT,True,1,,,True,24.0,16.2,60.0,False,2024
MAG,Haas F1 Team,4.0,93.11,17.0,71,4.0,MEDIUM,True,1,,,True,24.0,16.2,60.0,False,2024
PER,Red Bull Racing,4.0,92.57,18.0,72,4.0,HARD,True,1,,,True,24.0,16.2,60.0,False,2024
BOT,Kick Sauber,4.0,94.322,19.0,73,4.0,MEDIUM,True,1,,,True,24.0,16.2,60.0,False,2024
RUS,Mercedes,5.0,91.628,1.0,73,5.0,MEDIUM,True,1,,,True,24.2,16.3,60.0,False,2024
HAM,Mercedes,5.0,91.677,2.0,74,5.0,MEDIUM,True,1,,,True,24.2,16.3,60.0,False,2024
VER,Red Bull Racing,5.0,91.778,3.0,75,5.0,MEDIUM,True,1,,,True,24.2,16.3,60.0,False,2024
NOR,McLaren,5.0,91.716,4.0,76,5.0,MEDIUM,True,1,,,True,24.2,16.3,60.0,False,2024
PIA,McLaren,5.0,91.832,5.0,77,5.0,MEDIUM,True,1,,,True,24.2,16.3,60.0,False,2024
SAI,Ferrari,5.0,91.939,6.0,78,5.0,MEDIUM,True,1,,,True,24.2,16.3,60.0,False,2024
STR,Aston Martin,5.0,92.706,7.0,79,5.0,MEDIUM,True,1,,,True,24.2,16.3,60.0,False,2024
LEC,Ferrari,5.0,92.697,8.0,80,5.0,MEDIUM,True,1,,,True,24.3,16.2,61.0,False,2024
HUL,Haas F1 Team,5.0,92.768,9.0,81,5.0,MEDIUM,True,1,,,True,24.3,16.2,61.0,False,2024
ALO,Aston Martin,5.0,92.617,10.0,82,5.0,MEDIUM,True,1,,,True,24.3,16.2,61.0,False,2024
TSU,RB,5.0,92.607,11.0,83,5.0,MEDIUM,True,1,,,True,24.3,16.2,61.0,False,2024
ALB,Williams,5.0,92.846,12.0,84,5.0,MEDIUM,True,1,,,True,24.3,16.2,61.0,False,2024
SAR,Williams,5.0,93.139,13.0,85,5.0,MEDIUM,True,1,,,True,24.3,16.2,61.0,False,2024
ZHO,Kick Sauber,5.0,93.271,14.0,86,5.0,SOFT,True,1,,,True,24.3,16.2,61.0,False,2024
RIC,RB,5.0,93.263,15.0,87,5.0,MEDIUM,True,1,,,True,24.3,16.2,61.0,False,2024
OCO,Alpine,5.0,93.21,16.0,88,5.0,SOFT,True,1,,,True,24.3,16.2,61.0,False,2024
MAG,Haas F1 Team,5.0,92.999,17.0,89,5.0,MEDIUM,True,1,,,True,24.3,16.2,61.0,False,2024
PER,Red Bull Racing,5.0,92.111,18.0,90,5.0,HARD,True,1,,,True,24.3,16.2,61.0,False,2024
BOT,Kick Sauber,5.0,93.768,19.0,91,5.0,MEDIUM,True,1,,,True,24.3,16.2,61.0,False,2024
RUS,Mercedes,6.0,91.625,1.0,91,6.0,MEDIUM,True,1,,,True,25.4,16.3,61.0,False,2024
HAM,Mercedes,6.0,91.746,2.0,92,6.0,MEDIUM,True,1,,,True,25.4,16.3,61.0,False,2024
VER,Red Bull Racing,6.0,91.711,3.0,93,6.0,MEDIUM,True,1,,,True,25.4,16.3,61.0,False,2024
NOR,McLaren,6.0,91.896,4.0,94,6.0,MEDIUM,True,1,,,True,25.4,16.3,61.0,False,2024
PIA,McLaren,6.0,92.062,5.0,95,6.0,MEDIUM,True,1,,,True,25.4,16.3,61.0,False,2024
SAI,Ferrari,6.0,91.9,6.0,96,6.0,MEDIUM,True,1,,,True,25.4,16.3,61.0,False,2024
STR,Aston Martin,6.0,92.788,7.0,97,6.0,MEDIUM,True,1,,,True,25.4,16.3,61.0,False,2024
LEC,Ferrari,6.0,92.758,8.0,98,6.0,MEDIUM,True,1,,,True,25.4,16.3,61.0,False,2024
HUL,Haas F1 Team,6.0,92.697,9.0,99,6.0,MEDIUM,True,1,,,True,25.4,16.3,61.0,False,2024
ALO,Aston Martin,6.0,92.673,10.0,100,6.0,MEDIUM,True,1,,,True,25.4,16.3,61.0,False,2024
TSU,RB,6.0,92.614,11.0,101,6.0,MEDIUM,True,1,,,True,25.4,16.3,61.0,False,2024
ALB,Williams,6.0,93.014,12.0,102,6.0,MEDIUM,True,1,,,True,25.4,16.3,61.0,False,2024
SAR,Williams,6.0,92.904,13.0,103,6.0,MEDIUM,True,1,,,True,25.4,16.3,61.0,False,2024
ZHO,Kick Sauber,6.0,93.788,14.0,104,6.0,SOFT,True,1,,,True,25.4,16.3,61.0,False,2024
RIC,RB,6.0,93.666,15.0,105,6.0,MEDIUM,True,1,,,True,25.4,16.3,61.0,False,2024
OCO,Alpine,6.0,93.616,16.0,106,6.0,SOFT,True,1,,,True,25.4,16.3,61.0,False,2024
MAG,Haas F1 Team,6.0,93.544,17.0,107,6.0,MEDIUM,True,1,,,True,25.4,16.3,61.0,False,2024
PER,Red Bull Racing,6.0,92.25,18.0,108,6.0,HARD,True,1,,,True,25.4,16.3,61.0,False,2024
BOT,Kick Sauber,6.0,93.46,19.0,109,6.0,MEDIUM,True,1,,,True,25.4,16.3,61.0,False,2024
RUS,Mercedes,7.0,91.663,1.0,109,7.0,MEDIUM,True,1,,,True,25.8,16.4,60.0,False,2024
HAM,Mercedes,7.0,91.675,2.0,110,7.0,MEDIUM,True,1,,,True,25.8,16.4,60.0,False,2024
VER,Red Bull Racing,7.0,91.935,3.0,111,7.0,MEDIUM,True,1,,,True,25.8,16.4,60.0,False,2024
NOR,McLaren,7.0,92.071,4.0,112,7.0,MEDIUM,True,1,,,True,25.8,16.4,60.0,False,2024
PIA,McLaren,7.0,91.925,5.0,113,7.0,MEDIUM,True,1,,,True,26.0,16.4,60.0,False,2024
SAI,Ferrari,7.0,92.702,6.0,114,7.0,MEDIUM,True,1,,,True,26.0,16.4,60.0,False,2024
STR,Aston Martin,7.0,92.716,7.0,115,7.0,MEDIUM,True,1,,,True,26.0,16.4,60.0,False,2024
LEC,Ferrari,7.0,92.662,8.0,116,7.0,MEDIUM,True,1,,,True,26.0,16.4,60.0,False,2024
HUL,Haas F1 Team,7.0,92.733,9.0,117,7.0,MEDIUM,True,1,,,True,26.0,16.4,60.0,False,2024
ALO,Aston Martin,7.0,92.712,10.0,118,7.0,MEDIUM,True,1,,,True,26.0,16.4,60.0,False,2024
TSU,RB,7.0,92.817,11.0,119,7.0,MEDIUM,True,1,,,True,26.0,16.4,60.0,False,2024
ALB,Williams,7.0,92.939,12.0,120,7.0,MEDIUM,True,1,,,True,26.0,16.4,60.0,False,2024
SAR,Williams,7.0,93.002,13.0,121,7.0,MEDIUM,True,1,,,True,26.0,16.4,60.0,False,2024
RIC,RB,7.0,92.952,14.0,122,7.0,MEDIUM,True,1,,,True,26.0,16.4,60.0,False,2024
ZHO,Kick Sauber,7.0,94.51,15.0,123,7.0,SOFT,True,1,,,True,26.0,16.4,60.0,False,2024
MAG,Haas F1 Team,7.0,93.734,16.0,124,7.0,MEDIUM,True,1,,,True,26.0,16.4,60.0,False,2024
PER,Red Bull Racing,7.0,93.313,17.0,125,7.0,HARD,True,1,,,True,26.0,16.4,60.0,False,2024
OCO,Alpine,7.0,95.183,18.0,126,7.0,SOFT,True,1,,,True,26.0,16.4,60.0,False,2024
BOT,Kick Sauber,7.0,93.648,19.0,127,7.0,MEDIUM,True,1,,,True,26.0,16.4,60.0,False,2024
RUS,Mercedes,8.0,91.731,1.0,127,8.0,MEDIUM,True,1,,,True,26.1,16.5,61.0,False,2024
HAM,Mercedes,8.0,91.76,2.0,128,8.0,MEDIUM,True,1,,,True,26.1,16.5,61.0,False,2024
VER,Red Bull Racing,8.0,92.038,3.0,129,8.0,MEDIUM,True,1,,,True,26.1,16.5,61.0,False,2024
NOR,McLaren,8.0,92.018,4.0,130,8.0,MEDIUM,True,1,,,True,26.1,16.5,61.0,False,2024
PIA,McLaren,8.0,91.994,5.0,131,8.0,MEDIUM,True,1,,,True,26.1,16.5,61.0,False,2024
SAI,Ferrari,8.0,92.372,6.0,132,8.0,MEDIUM,True,1,,,True,26.1,16.5,61.0,False,2024
STR,Aston Martin,8.0,92.648,7.0,133,8.0,MEDIUM,True,1,,,True,26.1,16.5,61.0,False,2024
LEC,Ferrari,8.0,92.86,8.0,134,8.0,MEDIUM,True,1,,,True,26.1,16.5,61.0,False,2024
HUL,Haas F1 Team,8.0,92.802,9.0,135,8.0,MEDIUM,True,1,,,True,26.1,16.5,61.0,False,2024
ALO,Aston Martin,8.0,92.496,10.0,136,8.0,MEDIUM,True,1,,,True,26.1,16.5,61.0,False,2024
TSU,RB,8.0,92.623,11.0,137,8.0,MEDIUM,True,1,,,True,26.1,16.5,61.0,False,2024
ALB,Williams,8.0,92.798,12.0,138,8.0,MEDIUM,True,1,,,True,26.1,16.5,61.0,False,2024
SAR,Williams,8.0,92.806,13.0,139,8.0,MEDIUM,True,1,,,True,26.1,16.5,61.0,False,2024
RIC,RB,8.0,93.095,14.0,140,8.0,MEDIUM,True,1,,,True,26.1,16.5,61.0,False,2024
MAG,Haas F1 Team,8.0,93.204,15.0,141,8.0,MEDIUM,True,1,,,True,26.1,16.5,61.0,False,2024
PER,Red Bull Racing,8.0,93.407,16.0,142,8.0,HARD,True,1,,,True,26.1,16.5,61.0,False,2024
OCO,Alpine,8.0,93.79,17.0,143,8.0,SOFT,True,1,,,True,26.1,16.5,61.0,False,2024
ZHO,Kick Sauber,8.0,96.323,18.0,144,8.0,SOFT,True,1,,,True,26.1,16.5,61.0,False,2024
BOT,Kick Sauber,8.0,93.561,19.0,145,8.0,MEDIUM,True,1,,,True,26.1,16.5,61.0,False,2024
RUS,Mercedes,9.0,91.621,1.0,145,9.0,MEDIUM,True,1,,,True,26.0,16.6,62.0,False,2024
HAM,Mercedes,9.0,91.564,2.0,146,9.0,MEDIUM,True,1,,,True,26.0,16.6,62.0,False,2024
VER,Red Bull Racing,9.0,91.883,3.0,147,9.0,MEDIUM,True,1,,,True,25.7,16.8,61.0,False,2024
NOR,McLaren,9.0,91.976,4.0,148,9.0,MEDIUM,True,1,,,True,25.7,16.8,61.0,False,2024
PIA,McLaren,9.0,92.0,5.0,149,9.0,MEDIUM,True,1,,,True,25.7,16.8,61.0,False,2024
SAI,Ferrari,9.0,92.484,6.0,150,9.0,MEDIUM,True,1,,,True,25.7,16.8,61.0,False,2024
STR,Aston Martin,9.0,92.291,7.0,151,9.0,MEDIUM,True,1,,,True,25.7,16.8,61.0,False,2024
LEC,Ferrari,9.0,92.326,8.0,152,9.0,MEDIUM,True,1,,,True,25.7,16.8,61.0,False,2024
HUL,Haas F1 Team,9.0,92.396,9.0,153,9.0,MEDIUM,True,1,,,True,25.7,16.8,61.0,False,2024
ALO,Aston Martin,9.0,92.579,10.0,154,9.0,MEDIUM,True,1,,,True,25.7,16.8,61.0,False,2024
TSU,RB,9.0,92.57,11.0,155,9.0,MEDIUM,True,1,,,True,25.7,16.8,61.0,False,2024
ALB,Williams,9.0,92.933,12.0,156,9.0,MEDIUM,True,1,,,True,25.7,16.8,61.0,False,2024
SAR,Williams,9.0,93.019,13.0,157,9.0,MEDIUM,True,1,,,True,25.7,16.8,61.0,False,2024
RIC,RB,9.0,92.762,14.0,158,9.0,MEDIUM,True,1,,,True,25.7,16.8,61.0,False,2024
MAG,Haas F1 Team,9.0,92.783,15.0,159,9.0,MEDIUM,True,1,,,True,25.7,16.8,61.0,False,2024
PER,Red Bull Racing,9.0,92.8,16.0,160,9.0,HARD,True,1,,,True,25.7,16.8,61.0,False,2024
OCO,Alpine,9.0,93.898,17.0,161,9.0,SOFT,True,1,,,True,25.7,16.8,61.0,False,2024
ZHO,Kick Sauber,9.0,95.322,18.0,162,9.0,SOFT,True,1,,,True,25.7,16.8,61.0,False,2024
BOT,Kick Sauber,9.0,93.645,19.0,163,9.0,MEDIUM,True,1,,,True,25.7,16.8,61.0,False,2024
RUS,Mercedes,10.0,91.639,1.0,163,10.0,MEDIUM,True,1,,,True,25.6,16.8,62.0,False,2024
HAM,Mercedes,10.0,91.515,2.0,164,10.0,MEDIUM,True,1,,,True,25.6,16.8,62.0,False,2024
VER,Red Bull Racing,10.0,91.661,3.0,165,10.0,MEDIUM,True,1,,,True,25.6,16.8,62.0,False,2024
NOR,McLaren,10.0,91.83,4.0,166,10.0,MEDIUM,True,1,,,True,25.6,16.8,62.0,False,2024
PIA,McLaren,10.0,91.811,5.0,167,10.0,MEDIUM,True,1,,,True,25.6,16.8,62.0,False,2024
SAI,Ferrari,10.0,92.362,6.0,168,10.0,MEDIUM,True,1,,,True,25.6,16.8,62.0,False,2024
STR,Aston Martin,10.0,92.619,7.0,169,10.0,MEDIUM,True,1,,,True,25.6,16.8,62.0,False,2024
LEC,Ferrari,10.0,92.496,8.0,170,10.0,MEDIUM,True,1,,,True,25.6,16.8,62.0,False,2024
HUL,Haas F1 Team,10.0,92.439,9.0,171,10.0,MEDIUM,True,1,,,True,25.6,16.8,62.0,False,2024
ALO,Aston Martin,10.0,92.741,10.0,172,10.0,MEDIUM,True,1,,,True,25.6,16.8,62.0,False,2024
TSU,RB,10.0,93.438,11.0,173,10.0,MEDIUM,True,1,,,True,25.6,16.8,62.0,False,2024
ALB,Williams,10.0,93.073,12.0,174,10.0,MEDIUM,True,1,,,True,25.6,16.8,62.0,False,2024
SAR,Williams,10.0,92.956,13.0,175,10.0,MEDIUM,True,1,,,True,25.6,16.8,62.0,False,2024
RIC,RB,10.0,92.721,14.0,176,10.0,MEDIUM,True,1,,,True,25.6,16.8,62.0,False,2024
MAG,Haas F1 Team,10.0,92.647,15.0,177,10.0,MEDIUM,True,1,,,True,25.6,16.8,62.0,False,2024
PER,Red Bull Racing,10.0,92.709,16.0,178,10.0,HARD,True,1,,,True,25.6,16.8,62.0,False,2024
OCO,Alpine,10.0,93.843,17.0,179,10.0,SOFT,True,1,,,True,25.6,16.8,62.0,False,2024
BOT,Kick Sauber,10.0,93.787,18.0,180,10.0,MEDIUM,True,1,,,True,25.4,16.8,60.0,False,2024
ZHO,Kick Sauber,10.0,95.828,19.0,181,10.0,SOFT,True,1,,,True,25.4,16.8,60.0,False,2024
RUS,Mercedes,11.0,91.586,1.0,181,11.0,MEDIUM,True,1,,,True,25.3,16.7,59.0,False,2024
HAM,Mercedes,11.0,91.487,2.0,182,11.0,MEDIUM,True,1,,,True,25.3,16.7,59.0,False,2024
VER,Red Bull Racing,11.0,91.81,3.0,183,11.0,MEDIUM,True,1,,,True,25.3,16.7,59.0,False,2024
NOR,McLaren,11.0,91.748,4.0,184,11.0,MEDIUM,True,1,,,True,25.3,16.7,59.0,False,2024
PIA,McLaren,11.0,91.855,5.0,185,11.0,MEDIUM,True,1,,,True,25.3,16.7,59.0,False,2024
SAI,Ferrari,11.0,92.123,6.0,186,11.0,MEDIUM,True,1,,,True,25.3,16.7,59.0,False,2024
STR,Aston Martin,11.0,92.273,7.0,187,11.0,MEDIUM,True,1,,,True,25.3,16.7,59.0,False,2024
LEC,Ferrari,11.0,92.348,8.0,188,11.0,MEDIUM,True,1,,,True,25.3,16.7,59.0,False,2024
HUL,Haas F1 Team,11.0,92.428,9.0,189,11.0,MEDIUM,True,1,,,True,25.3,16.7,59.0,False,2024
ALO,Aston Martin,11.0,92.548,10.0,190,11.0,MEDIUM,True,1,,,True,25.3,16.7,59.0,False,2024
TSU,RB,11.0,92.805,11.0,191,11.0,MEDIUM,True,1,,,True,25.3,16.7,59.0,False,2024
ALB,Williams,11.0,92.981,12.0,192,11.0,MEDIUM,True,1,,,True,25.3,16.7,59.0,False,2024
SAR,Williams,11.0,92.897,13.0,193,11.0,MEDIUM,True,1,,,True,25.3,16.7,59.0,False,2024
RIC,RB,11.0,92.804,14.0,194,11.0,MEDIUM,True,1,,,True,25.3,16.7,59.0,False,2024
MAG,Haas F1 Team,11.0,92.671,15.0,195,11.0,MEDIUM,True,1,,,True,25.3,16.7,59.0,False,2024
PER,Red Bull Racing,11.0,92.491,16.0,196,11.0,HARD,True,1,,,True,25.3,16.7,59.0,False,2024
OCO,Alpine,11.0,93.846,17.0,197,11.0,SOFT,True,1,,,True,25.3,16.7,59.0,False,2024
BOT,Kick Sauber,11.0,93.561,18.0,198,11.0,MEDIUM,True,1,,,True,25.3,16.7,59.0,False,2024
ZHO,Kick Sauber,11.0,95.012,19.0,199,11.0,SOFT,True,1,,,True,25.3,16.7,59.0,False,2024
RUS,Mercedes,12.0,91.619,1.0,199,12.0,MEDIUM,True,1,,,True,25.2,16.7,61.0,False,2024
HAM,Mercedes,12.0,91.563,2.0,200,12.0,MEDIUM,True,1,,,True,25.2,16.7,61.0,False,2024
VER,Red Bull Racing,12.0,91.894,3.0,201,12.0,MEDIUM,True,1,,,True,25.2,16.7,61.0,False,2024
NOR,McLaren,12.0,91.718,4.0,202,12.0,MEDIUM,True,1,,,True,25.2,16.7,61.0,False,2024
PIA,McLaren,12.0,91.663,5.0,203,12.0,MEDIUM,True,1,,,True,25.2,16.7,61.0,False,2024
SAI,Ferrari,12.0,92.358,6.0,204,12.0,MEDIUM,True,1,,,True,25.2,16.7,61.0,False,2024
STR,Aston Martin,12.0,92.362,7.0,205,12.0,MEDIUM,True,1,,,True,25.2,16.7,61.0,False,2024
LEC,Ferrari,12.0,92.236,8.0,206,12.0,MEDIUM,True,1,,,True,25.2,16.7,61.0,False,2024
HUL,Haas F1 Team,12.0,92.401,9.0,207,12.0,MEDIUM,True,1,,,True,25.2,16.7,61.0,False,2024
ALO,Aston Martin,12.0,92.427,10.0,208,12.0,MEDIUM,True,1,,,True,25.2,16.7,61.0,False,2024
TSU,RB,12.0,92.782,11.0,209,12.0,MEDIUM,True,1,,,True,25.2,16.7,61.0,False,2024
ALB,Williams,12.0,92.567,12.0,210,12.0,MEDIUM,True,1,,,True,25.2,16.7,61.0,False,2024
SAR,Williams,12.0,92.748,13.0,211,12.0,MEDIUM,True,1,,,True,25.2,16.7,61.0,False,2024
RIC,RB,12.0,92.797,14.0,212,12.0,MEDIUM,True,1,,,True,25.2,16.7,61.0,False,2024
MAG,Haas F1 Team,12.0,92.531,15.0,213,12.0,MEDIUM,True,1,,,True,25.2,16.7,61.0,False,2024
PER,Red Bull Racing,12.0,92.509,16.0,214,12.0,HARD,True,1,,,True,25.2,16.7,61.0,False,2024
OCO,Alpine,12.0,94.071,17.0,215,12.0,SOFT,True,1,,,True,24.9,16.7,60.0,False,2024
BOT,Kick Sauber,12.0,93.269,18.0,216,12.0,MEDIUM,True,1,,,True,24.9,16.7,60.0,False,2024
ZHO,Kick Sauber,12.0,94.235,19.0,217,12.0,SOFT,True,1,0 days 01:17:10.690000,,False,24.9,16.7,60.0,False,2024
RUS,Mercedes,13.0,91.716,1.0,217,13.0,MEDIUM,True,1,,,True,24.8,16.6,59.0,False,2024
HAM,Mercedes,13.0,91.881,2.0,218,13.0,MEDIUM,True,1,,,True,24.8,16.6,59.0,False,2024
VER,Red Bull Racing,13.0,91.759,3.0,219,13.0,MEDIUM,True,1,,,True,24.8,16.6,59.0,False,2024
NOR,McLaren,13.0,91.472,4.0,220,13.0,MEDIUM,True,1,,,True,24.8,16.6,59.0,False,2024
PIA,McLaren,13.0,91.896,5.0,221,13.0,MEDIUM,True,1,,,True,24.8,16.6,59.0,False,2024
SAI,Ferrari,13.0,92.251,6.0,222,13.0,MEDIUM,True,1,,,True,24.8,16.6,59.0,False,2024
LEC,Ferrari,13.0,91.989,7.0,223,13.0,MEDIUM,True,1,,,True,24.8,16.6,59.0,False,2024
STR,Aston Martin,13.0,93.092,8.0,224,13.0,MEDIUM,True,1,,,True,24.8,16.6,59.0,False,2024
HUL,Haas F1 Team,13.0,92.468,9.0,225,13.0,MEDIUM,True,1,,,True,24.8,16.6,59.0,False,2024
ALO,Aston Martin,13.0,92.517,10.0,226,13.0,MEDIUM,True,1,,,True,24.8,16.6,59.0,False,2024
TSU,RB,13.0,93.031,11.0,227,13.0,MEDIUM,True,1,,,True,24.8,16.6,59.0,False,2024
ALB,Williams,13.0,92.769,12.0,228,13.0,MEDIUM,True,1,,,True,24.8,16.6,59.0,False,2024
SAR,Williams,13.0,93.04,13.0,229,13.0,MEDIUM,True,1,,,True,24.8,16.6,59.0,False,2024
RIC,RB,13.0,92.88,14.0,230,13.0,MEDIUM,True,1,,,True,24.8,16.6,59.0,False,2024
MAG,Haas F1 Team,13.0,92.74,15.0,231,13.0,MEDIUM,True,1,,,True,24.8,16.6,59.0,False,2024
PER,Red Bull Racing,13.0,92.772,16.0,232,13.0,HARD,True,1,,,True,24.8,16.6,59.0,False,2024
OCO,Alpine,13.0,94.491,17.0,233,13.0,SOFT,True,1,,,True,24.8,16.6,59.0,False,2024
BOT,Kick Sauber,13.0,93.65,18.0,234,13.0,MEDIUM,True,1,,,True,24.8,16.6,59.0,False,2024
ZHO,Kick Sauber,13.0,115.049,19.0,235,1.0,MEDIUM,True,1,,0 days 01:17:39.833000,False,24.6,16.5,60.0,False,2024
RUS,Mercedes,14.0,91.478,1.0,235,14.0,MEDIUM,True,1,,,True,24.6,16.5,60.0,False,2024
HAM,Mercedes,14.0,91.609,2.0,236,14.0,MEDIUM,True,1,,,True,24.6,16.5,60.0,False,2024
VER,Red Bull Racing,14.0,91.7,3.0,237,14.0,MEDIUM,True,1,,,True,24.6,16.5,60.0,False,2024
NOR,McLaren,14.0,91.407,4.0,238,14.0,MEDIUM,True,1,,,True,24.6,16.5,60.0,False,2024
PIA,McLaren,14.0,91.697,5.0,239,14.0,MEDIUM,True,1,,,True,24.6,16.5,60.0,False,2024
SAI,Ferrari,14.0,92.106,6.0,240,14.0,MEDIUM,True,1,,,True,24.6,16.5,60.0,False,2024
LEC,Ferrari,14.0,92.396,7.0,241,14.0,MEDIUM,True,1,,,True,24.6,16.5,60.0,False,2024
STR,Aston Martin,14.0,92.641,8.0,242,14.0,MEDIUM,True,1,,,True,24.6,16.5,60.0,False,2024
HUL,Haas F1 Team,14.0,92.621,9.0,243,14.0,MEDIUM,True,1,,,True,24.6,16.5,60.0,False,2024
ALO,Aston Martin,14.0,92.383,10.0,244,14.0,MEDIUM,True,1,,,True,24.6,16.5,60.0,False,2024
TSU,RB,14.0,92.731,11.0,245,14.0,MEDIUM,True,1,,,True,24.6,16.5,60.0,False,2024
ALB,Williams,14.0,92.538,12.0,246,14.0,MEDIUM,True,1,,,True,24.6,16.5,60.0,False,2024
SAR,Williams,14.0,92.607,13.0,247,14.0,MEDIUM,True,1,,,True,24.6,16.5,59.0,False,2024
RIC,RB,14.0,92.933,14.0,248,14.0,MEDIUM,True,1,,,True,24.6,16.5,59.0,False,2024
MAG,Haas F1 Team,14.0,92.506,15.0,249,14.0,MEDIUM,True,1,,,True,24.6,16.5,59.0,False,2024
PER,Red Bull Racing,14.0,92.488,16.0,250,14.0,HARD,True,1,,,True,24.6,16.5,59.0,False,2024
BOT,Kick Sauber,14.0,93.156,17.0,251,14.0,MEDIUM,True,1,,,True,24.6,16.5,59.0,False,2024
OCO,Alpine,14.0,95.293,18.0,252,14.0,SOFT,True,1,,,True,24.6,16.5,59.0,False,2024
ZHO,Kick Sauber,14.0,92.45,19.0,253,2.0,MEDIUM,True,1,,,True,24.6,16.5,59.0,False,2024
RUS,Mercedes,15.0,91.566,1.0,253,15.0,MEDIUM,True,1,,,True,24.4,16.5,59.0,False,2024
HAM,Mercedes,15.0,91.563,2.0,254,15.0,MEDIUM,True,1,,,True,24.4,16.5,59.0,False,2024
NOR,McLaren,15.0,90.946,3.0,255,15.0,MEDIUM,True,1,,,True,24.4,16.5,59.0,False,2024
VER,Red Bull Racing,15.0,92.249,4.0,256,15.0,MEDIUM,True,1,,,True,24.4,16.5,59.0,False,2024
PIA,McLaren,15.0,91.514,5.0,257,15.0,MEDIUM,True,1,,,True,24.4,16.5,59.0,False,2024
SAI,Ferrari,15.0,91.916,6.0,258,15.0,MEDIUM,True,1,,,True,24.4,16.5,59.0,False,2024
LEC,Ferrari,15.0,92.755,7.0,259,15.0,MEDIUM,True,1,,,True,24.4,16.5,59.0,False,2024
STR,Aston Martin,15.0,92.649,8.0,260,15.0,MEDIUM,True,1,,,True,24.4,16.5,59.0,False,2024
HUL,Haas F1 Team,15.0,92.672,9.0,261,15.0,MEDIUM,True,1,,,True,24.4,16.5,59.0,False,2024
ALO,Aston Martin,15.0,92.259,10.0,262,15.0,MEDIUM,True,1,,,True,24.4,16.5,59.0,False,2024
TSU,RB,15.0,92.589,11.0,263,15.0,MEDIUM,True,1,,,True,24.4,16.5,59.0,False,2024
ALB,Williams,15.0,92.265,12.0,264,15.0,MEDIUM,True,1,,,True,24.4,16.5,59.0,False,2024
SAR,Williams,15.0,92.543,13.0,265,15.0,MEDIUM,True,1,,,True,24.4,16.5,59.0,False,2024
RIC,RB,15.0,93.171,14.0,266,15.0,MEDIUM,True,1,,,True,24.4,16.5,59.0,False,2024
MAG,Haas F1 Team,15.0,92.953,15.0,267,15.0,MEDIUM,True,1,,,True,24.4,16.5,59.0,False,2024
PER,Red Bull Racing,15.0,92.702,16.0,268,15.0,HARD,True,1,,,True,24.4,16.5,59.0,False,2024
BOT,Kick Sauber,15.0,93.228,17.0,269,15.0,MEDIUM,True,1,,,True,24.4,16.5,59.0,False,2024
OCO,Alpine,15.0,94.884,18.0,270,15.0,SOFT,True,1,,,True,24.4,16.5,59.0,False,2024
ZHO,Kick Sauber,15.0,92.479,19.0,271,3.0,MEDIUM,True,1,,,True,24.3,16.5,60.0,False,2024
RUS,Mercedes,16.0,91.626,1.0,271,16.0,MEDIUM,True,1,,,True,24.3,16.5,60.0,False,2024
HAM,Mercedes,16.0,91.931,2.0,272,16.0,MEDIUM,True,1,,,True,24.3,16.5,60.0,False,2024
NOR,McLaren,16.0,91.69,3.0,273,16.0,MEDIUM,True,1,,,True,24.3,16.5,60.0,False,2024
VER,Red Bull Racing,16.0,92.504,4.0,274,16.0,MEDIUM,True,1,,,True,24.3,16.5,60.0,False,2024
PIA,McLaren,16.0,92.118,5.0,275,16.0,MEDIUM,True,1,,,True,24.3,16.5,60.0,False,2024
SAI,Ferrari,16.0,92.455,6.0,276,16.0,MEDIUM,True,1,,,True,24.3,16.5,60.0,False,2024
LEC,Ferrari,16.0,92.923,7.0,277,16.0,MEDIUM,True,1,,,True,24.3,16.5,60.0,False,2024
STR,Aston Martin,16.0,93.091,8.0,278,16.0,MEDIUM,True,1,,,True,24.3,16.5,60.0,False,2024
HUL,Haas F1 Team,16.0,93.194,9.0,279,16.0,MEDIUM,True,1,,,True,24.3,16.5,60.0,False,2024
ALO,Aston Martin,16.0,92.59,10.0,280,16.0,MEDIUM,True,1,,,True,24.3,16.4,62.0,False,2024
TSU,RB,16.0,93.209,11.0,281,16.0,MEDIUM,True,1,,,True,24.3,16.4,62.0,False,2024
ALB,Williams,16.0,93.178,12.0,282,16.0,MEDIUM,True,1,,,True,24.3,16.4,62.0,False,2024
SAR,Williams,16.0,93.701,13.0,283,16.0,MEDIUM,True,1,,,True,24.3,16.4,62.0,False,2024
MAG,Haas F1 Team,16.0,93.486,14.0,284,16.0,MEDIUM,True,1,,,True,24.3,16.4,62.0,False,2024
RIC,RB,16.0,94.437,15.0,285,16.0,MEDIUM,True,1,,,True,24.3,16.4,62.0,False,2024
PER,Red Bull Racing,16.0,94.231,16.0,286,16.0,HARD,True,1,,,True,24.3,16.4,62.0,False,2024
BOT,Kick Sauber,16.0,93.967,17.0,287,16.0,MEDIUM,True,1,,,True,24.3,16.4,62.0,False,2024
OCO,Alpine,16.0,96.522,18.0,288,16.0,SOFT,True,1,,,True,24.3,16.4,62.0,False,2024
ZHO,Kick Sauber,16.0,95.202,19.0,289,4.0,MEDIUM,True,1,,,True,24.3,16.4,62.0,False,2024
RUS,Mercedes,17.0,94.793,1.0,289,17.0,MEDIUM,True,1,,,True,24.3,16.5,61.0,False,2024
HAM,Mercedes,17.0,93.721,2.0,290,17.0,MEDIUM,True,1,,,True,24.3,16.5,61.0,False,2024
NOR,McLaren,17.0,94.304,3.0,291,17.0,MEDIUM,True,1,,,True,24.3,16.5,61.0,False,2024
PIA,McLaren,17.0,93.988,4.0,292,17.0,MEDIUM,True,1,,,True,24.3,16.5,61.0,False,2024
VER,Red Bull Racing,17.0,95.359,5.0,293,17.0,MEDIUM,True,1,,,True,24.3,16.5,61.0,False,2024
SAI,Ferrari,17.0,94.228,6.0,294,17.0,MEDIUM,True,1,,,True,24.3,16.5,61.0,False,2024
LEC,Ferrari,17.0,95.28,7.0,295,17.0,MEDIUM,True,1,,,True,24.3,16.5,61.0,False,2024
STR,Aston Martin,17.0,95.713,8.0,296,17.0,MEDIUM,True,1,,,True,24.3,16.5,61.0,False,2024
HUL,Haas F1 Team,17.0,95.447,9.0,297,17.0,MEDIUM,True,1,,,True,24.3,16.5,61.0,False,2024
ALO,Aston Martin,17.0,95.014,10.0,298,17.0,MEDIUM,True,1,,,True,24.3,16.5,61.0,False,2024
TSU,RB,17.0,94.738,11.0,299,17.0,MEDIUM,True,1,,,True,24.3,16.5,61.0,False,2024
ALB,Williams,17.0,94.873,12.0,300,17.0,MEDIUM,True,1,,,True,24.3,16.5,61.0,False,2024
SAR,Williams,17.0,95.258,13.0,301,17.0,MEDIUM,True,1,,,True,24.3,16.5,61.0,False,2024
MAG,Haas F1 Team,17.0,94.661,14.0,302,17.0,MEDIUM,True,1,,,True,24.3,16.5,61.0,False,2024
PER,Red Bull Racing,17.0,94.829,15.0,303,17.0,HARD,True,1,,,True,24.3,16.5,61.0,False,2024
RIC,RB,17.0,95.885,16.0,304,17.0,MEDIUM,True,1,,,True,24.3,16.5,61.0,False,2024
BOT,Kick Sauber,17.0,95.498,17.0,305,17.0,MEDIUM,True,1,,,True,24.3,16.5,61.0,False,2024
OCO,Alpine,17.0,98.735,18.0,306,17.0,SOFT,True,1,,,True,23.9,16.6,60.0,True,2024
ZHO,Kick Sauber,17.0,98.106,19.0,307,5.0,MEDIUM,True,1,,,True,23.9,16.6,60.0,True,2024
HAM,Mercedes,18.0,95.071,1.0,307,18.0,MEDIUM,True,1,,,True,23.9,16.6,60.0,True,2024
RUS,Mercedes,18.0,96.365,2.0,308,18.0,MEDIUM,True,1,,,True,23.9,16.6,60.0,True,2024
NOR,McLaren,18.0,94.125,3.0,309,18.0,MEDIUM,True,1,,,True,23.9,16.6,60.0,True,2024
PIA,McLaren,18.0,94.269,4.0,310,18.0,MEDIUM,True,1,,,True,23.9,16.6,60.0,True,2024
VER,Red Bull Racing,18.0,96.172,5.0,311,18.0,MEDIUM,True,1,,,True,23.9,16.6,60.0,True,2024
SAI,Ferrari,18.0,94.31,6.0,312,18.0,MEDIUM,True,1,,,True,23.2,16.4,63.0,True,2024
LEC,Ferrari,18.0,95.951,7.0,313,18.0,MEDIUM,True,1,,,True,23.2,16.4,63.0,True,2024
STR,Aston Martin,18.0,95.789,8.0,314,18.0,MEDIUM,True,1,,,True,23.2,16.4,63.0,True,2024
HUL,Haas F1 Team,18.0,95.834,9.0,315,18.0,MEDIUM,True,1,,,True,23.2,16.4,63.0,True,2024
ALO,Aston Martin,18.0,95.88,10.0,316,18.0,MEDIUM,True,1,,,True,23.2,16.4,63.0,True,2024
TSU,RB,18.0,95.392,11.0,317,18.0,MEDIUM,True,1,,,True,23.2,16.4,63.0,True,2024
ALB,Williams,18.0,95.323,12.0,318,18.0,MEDIUM,True,1,,,True,23.2,16.4,63.0,True,2024
SAR,Williams,18.0,94.9,13.0,319,18.0,MEDIUM,True,1,,,True,23.2,16.4,63.0,True,2024
MAG,Haas F1 Team,18.0,94.73,14.0,320,18.0,MEDIUM,True,1,,,True,23.2,16.4,63.0,True,2024
PER,Red Bull Racing,18.0,95.384,15.0,321,18.0,HARD,True,1,,,True,23.2,16.4,63.0,True,2024
RIC,RB,18.0,96.827,16.0,322,18.0,MEDIUM,True,1,,,True,23.2,16.4,63.0,True,2024
BOT,Kick Sauber,18.0,96.075,17.0,323,18.0,MEDIUM,True,1,,,True,23.2,16.4,63.0,True,2024
OCO,Alpine,18.0,98.497,18.0,324,18.0,SOFT,True,1,,,True,23.2,16.4,63.0,True,2024
ZHO,Kick Sauber,18.0,99.637,19.0,325,6.0,MEDIUM,True,1,,,True,22.9,16.2,64.0,True,2024
HAM,Mercedes,19.0,103.711,1.0,325,19.0,MEDIUM,True,1,,,True,22.9,16.2,64.0,True,2024
NOR,McLaren,19.0,101.436,2.0,326,19.0,MEDIUM,True,1,,,True,22.9,16.2,64.0,True,2024
RUS,Mercedes,19.0,104.151,3.0,327,19.0,MEDIUM,True,1,,,True,22.9,16.2,64.0,True,2024
PIA,McLaren,19.0,100.728,4.0,328,19.0,MEDIUM,True,1,,,True,22.9,16.2,64.0,True,2024
VER,Red Bull Racing,19.0,102.485,5.0,329,19.0,MEDIUM,True,1,,,True,22.9,16.2,64.0,True,2024
SAI,Ferrari,19.0,100.51,6.0,330,19.0,MEDIUM,True,1,,,True,22.9,16.2,64.0,True,2024
LEC,Ferrari,19.0,105.868,7.0,331,19.0,MEDIUM,True,1,0 days 01:27:54.908000,,False,22.9,16.2,64.0,True,2024
HUL,Haas F1 Team,19.0,105.752,8.0,332,19.0,MEDIUM,True,1,,,True,22.9,16.2,64.0,True,2024
STR,Aston Martin,19.0,107.568,9.0,333,19.0,MEDIUM,True,1,,,True,22.9,16.2,64.0,True,2024
ALO,Aston Martin,19.0,107.27,10.0,334,19.0,MEDIUM,True,1,,,True,22.9,16.2,64.0,True,2024
TSU,RB,19.0,104.585,11.0,335,19.0,MEDIUM,True,1,,,True,22.9,16.2,64.0,True,2024
ALB,Williams,19.0,104.619,12.0,336,19.0,MEDIUM,True,1,,,True,22.9,16.2,64.0,True,2024
SAR,Williams,19.0,104.09,13.0,337,19.0,MEDIUM,True,1,,,True,22.5,16.1,67.0,True,2024
MAG,Haas F1 Team,19.0,103.505,14.0,338,19.0,MEDIUM,True,1,,,True,22.5,16.1,67.0,True,2024
PER,Red Bull Racing,19.0,101.868,15.0,339,19.0,HARD,True,1,0 days 01:28:03.182000,,False,22.5,16.1,67.0,True,2024
RIC,RB,19.0,104.922,16.0,340,19.0,MEDIUM,True,1,,,True,22.5,16.1,67.0,True,2024
BOT,Kick Sauber,19.0,104.426,17.0,341,19.0,MEDIUM,True,1,,,True,22.5,16.1,67.0,True,2024
OCO,Alpine,19.0,101.731,18.0,342,19.0,SOFT,True,1,0 days 01:28:25.181000,,False,22.5,16.1,67.0,True,2024
ZHO,Kick Sauber,19.0,106.313,19.0,343,7.0,MEDIUM,True,1,0 days 01:28:49.813000,,False,22.5,16.1,67.0,True,2024
NOR,McLaren,20.0,97.704,1.0,343,20.0,MEDIUM,True,1,,,True,22.3,15.9,67.0,True,2024
PIA,McLaren,20.0,97.348,2.0,344,20.0,MEDIUM,True,1,,,True,22.3,15.9,67.0,True,2024
HAM,Mercedes,20.0,100.021,3.0,345,20.0,MEDIUM,True,1,,,True,22.3,15.9,67.0,True,2024
RUS,Mercedes,20.0,99.962,4.0,346,20.0,MEDIUM,True,1,,,True,22.3,15.9,67.0,True,2024
VER,Red Bull Racing,20.0,97.108,5.0,347,20.0,MEDIUM,True,1,,,True,22.3,15.9,67.0,True,2024
SAI,Ferrari,20.0,96.538,6.0,348,20.0,MEDIUM,True,1,,,True,22.3,15.9,67.0,True,2024
HUL,Haas F1 Team,20.0,97.529,7.0,349,20.0,MEDIUM,True,1,,,True,22.3,15.9,67.0,True,2024
ALO,Aston Martin,20.0,96.48,8.0,350,20.0,MEDIUM,True,1,,,True,22.3,15.9,67.0,True,2024
STR,Aston Martin,20.0,97.491,9.0,351,20.0,MEDIUM,True,1,,,True,22.3,15.9,67.0,True,2024
TSU,RB,20.0,96.875,10.0,352,20.0,MEDIUM,True,1,,,True,22.3,15.9,67.0,True,2024
ALB,Williams,20.0,96.53,11.0,353,20.0,MEDIUM,True,1,,,True,22.3,15.9,67.0,True,2024
SAR,Williams,20.0,96.116,12.0,354,20.0,MEDIUM,True,1,,,True,22.3,15.9,67.0,True,2024
MAG,Haas F1 Team,20.0,95.181,13.0,355,20.0,MEDIUM,True,1,,,True,22.3,15.9,67.0,True,2024
RIC,RB,20.0,97.33,14.0,356,20.0,MEDIUM,True,1,,,True,22.3,15.9,67.0,True,2024
LEC,Ferrari,20.0,120.269,15.0,357,1.0,INTERMEDIATE,True,1,,0 days 01:28:23.453000,False,22.3,15.9,67.0,True,2024
BOT,Kick Sauber,20.0,98.542,16.0,357,20.0,MEDIUM,True,1,,,True,22.3,15.9,67.0,True,2024
PER,Red Bull Racing,20.0,119.15,17.0,358,1.0,INTERMEDIATE,True,1,,0 days 01:28:31.485000,False,22.1,15.6,69.0,True,2024
OCO,Alpine,20.0,121.025,18.0,359,1.0,INTERMEDIATE,True,1,,0 days 01:28:53.720000,False,22.1,15.6,69.0,True,2024
ZHO,Kick Sauber,20.0,125.955,19.0,360,1.0,INTERMEDIATE,True,1,,0 days 01:29:19.709000,False,22.1,15.6,69.0,True,2024
NOR,McLaren,21.0,91.513,1.0,360,21.0,MEDIUM,True,1,,,True,22.1,15.6,69.0,True,2024
PIA,McLaren,21.0,91.819,2.0,361,21.0,MEDIUM,True,1,,,True,22.1,15.6,69.0,True,2024
HAM,Mercedes,21.0,92.156,3.0,362,21.0,MEDIUM,True,1,,,True,22.1,15.6,69.0,True,2024
RUS,Mercedes,21.0,92.753,4.0,363,21.0,MEDIUM,True,1,,,True,22.1,15.6,69.0,True,2024
VER,Red Bull Racing,21.0,93.488,5.0,364,21.0,MEDIUM,True,1,,,True,22.1,15.6,69.0,True,2024
SAI,Ferrari,21.0,93.507,6.0,365,21.0,MEDIUM,True,1,,,True,22.1,15.6,69.0,True,2024
HUL,Haas F1 Team,21.0,92.649,7.0,366,21.0,MEDIUM,True,1,,,True,22.1,15.4,68.0,True,2024
ALO,Aston Martin,21.0,92.999,8.0,367,21.0,MEDIUM,True,1,,,True,22.1,15.4,68.0,True,2024
STR,Aston Martin,21.0,93.291,9.0,368,21.0,MEDIUM,True,1,,,True,22.1,15.4,68.0,True,2024
TSU,RB,21.0,93.724,10.0,369,21.0,MEDIUM,True,1,,,True,22.1,15.4,68.0,True,2024
ALB,Williams,21.0,93.646,11.0,370,21.0,MEDIUM,True,1,,,True,22.1,15.4,68.0,True,2024
SAR,Williams,21.0,93.632,12.0,371,21.0,MEDIUM,True,1,,,True,22.1,15.4,68.0,True,2024
MAG,Haas F1 Team,21.0,93.484,13.0,372,21.0,MEDIUM,True,1,,,True,22.1,15.4,68.0,True,2024
RIC,RB,21.0,94.722,14.0,373,21.0,MEDIUM,True,1,,,True,22.1,15.4,68.0,True,2024
BOT,Kick Sauber,21.0,95.235,15.0,374,21.0,MEDIUM,True,1,,,True,22.1,15.4,68.0,True,2024
LEC,Ferrari,21.0,102.846,16.0,375,2.0,INTERMEDIATE,True,1,,,True,22.1,15.4,68.0,True,2024
PER,Red Bull Racing,21.0,101.997,17.0,376,2.0,INTERMEDIATE,True,1,,,True,22.1,15.4,68.0,True,2024
OCO,Alpine,21.0,99.736,18.0,377,2.0,INTERMEDIATE,True,1,0 days 01:32:05.879000,,False,22.0,15.2,68.0,True,2024
ZHO,Kick Sauber,21.0,104.56,19.0,378,2.0,INTERMEDIATE,True,1,,,True,22.0,15.2,68.0,True,2024
NOR,McLaren,22.0,90.86,1.0,378,22.0,MEDIUM,True,1,,,True,22.0,15.2,68.0,True,2024
PIA,McLaren,22.0,91.169,2.0,379,22.0,MEDIUM,True,1,,,True,22.0,15.2,68.0,True,2024
HAM,Mercedes,22.0,91.095,3.0,380,22.0,MEDIUM,True,1,,,True,22.0,15.2,68.0,True,2024
RUS,Mercedes,22.0,91.344,4.0,381,22.0,MEDIUM,True,1,,,True,22.0,15.2,68.0,True,2024
VER,Red Bull Racing,22.0,91.904,5.0,382,22.0,MEDIUM,True,1,,,True,22.0,15.2,68.0,True,2024
SAI,Ferrari,22.0,92.157,6.0,383,22.0,MEDIUM,True,1,,,True,22.0,15.2,68.0,True,2024
HUL,Haas F1 Team,22.0,92.233,7.0,384,22.0,MEDIUM,True,1,,,True,22.0,15.2,68.0,True,2024
ALO,Aston Martin,22.0,92.673,8.0,385,22.0,MEDIUM,True,1,,,True,22.0,15.2,68.0,True,2024
STR,Aston Martin,22.0,92.495,9.0,386,22.0,MEDIUM,True,1,,,True,22.0,15.2,68.0,True,2024
TSU,RB,22.0,92.681,10.0,387,22.0,MEDIUM,True,1,,,True,22.0,15.2,68.0,True,2024
ALB,Williams,22.0,93.086,11.0,388,22.0,MEDIUM,True,1,,,True,22.0,15.2,68.0,True,2024
SAR,Williams,22.0,92.826,12.0,389,22.0,MEDIUM,True,1,,,True,22.0,15.2,68.0,True,2024
MAG,Haas F1 Team,22.0,92.766,13.0,390,22.0,MEDIUM,True,1,,,True,22.0,15.2,68.0,True,2024
RIC,RB,22.0,93.015,14.0,391,22.0,MEDIUM,True,1,,,True,22.0,15.2,68.0,True,2024
BOT,Kick Sauber,22.0,94.03,15.0,392,22.0,MEDIUM,True,1,,,True,22.0,15.2,69.0,True,2024
LEC,Ferrari,22.0,104.352,16.0,393,3.0,INTERMEDIATE,True,1,,,True,22.0,15.2,69.0,True,2024
PER,Red Bull Racing,22.0,104.936,17.0,394,3.0,INTERMEDIATE,True,1,,,True,22.0,15.2,69.0,True,2024
OCO,Alpine,22.0,115.208,18.0,395,1.0,MEDIUM,True,1,,0 days 01:32:34.278000,False,21.9,15.1,68.0,True,2024
ZHO,Kick Sauber,22.0,110.248,19.0,395,3.0,INTERMEDIATE,True,1,,,True,21.9,15.1,68.0,True,2024
NOR,McLaren,23.0,91.176,1.0,395,23.0,MEDIUM,True,1,,,True,22.0,15.2,69.0,True,2024
PIA,McLaren,23.0,90.976,2.0,396,23.0,MEDIUM,True,1,,,True,22.0,15.2,69.0,True,2024
HAM,Mercedes,23.0,91.107,3.0,397,23.0,MEDIUM,True,1,,,True,22.0,15.2,69.0,True,2024
RUS,Mercedes,23.0,91.497,4.0,398,23.0,MEDIUM,True,1,,,True,22.0,15.2,69.0,True,2024
VER,Red Bull Racing,23.0,92.143,5.0,399,23.0,MEDIUM,True,1,,,True,22.0,15.2,69.0,True,2024
SAI,Ferrari,23.0,92.297,6.0,400,23.0,MEDIUM,True,1,,,True,22.0,15.2,69.0,True,2024
HUL,Haas F1 Team,23.0,92.612,7.0,401,23.0,MEDIUM,True,1,,,True,21.9,15.1,68.0,True,2024
ALO,Aston Martin,23.0,92.593,8.0,402,23.0,MEDIUM,True,1,,,True,21.9,15.1,68.0,True,2024
STR,Aston Martin,23.0,93.062,9.0,403,23.0,MEDIUM,True,1,,,True,21.9,15.1,68.0,True,2024
TSU,RB,23.0,93.106,10.0,404,23.0,MEDIUM,True,1,,,True,21.9,15.1,68.0,True,2024
ALB,Williams,23.0,92.891,11.0,405,23.0,MEDIUM,True,1,,,True,21.9,15.1,68.0,True,2024
MAG,Haas F1 Team,23.0,93.278,12.0,406,23.0,MEDIUM,True,1,,,True,21.9,15.1,68.0,True,2024
SAR,Williams,23.0,94.494,13.0,407,23.0,MEDIUM,True,1,,,True,21.9,15.1,68.0,True,2024
RIC,RB,23.0,94.224,14.0,408,23.0,MEDIUM,True,1,,,True,21.9,15.1,68.0,True,2024
BOT,Kick Sauber,23.0,94.076,15.0,409,23.0,MEDIUM,True,1,,,True,21.9,15.1,68.0,True,2024
LEC,Ferrari,23.0,106.593,16.0,410,4.0,INTERMEDIATE,True,1,,,True,22.0,15.1,68.0,True,2024
PER,Red Bull Racing,23.0,106.214,17.0,411,4.0,INTERMEDIATE,True,1,,,True,22.0,15.1,68.0,True,2024
OCO,Alpine,23.0,95.488,18.0,412,2.0,MEDIUM,True,1,,,True,22.0,15.1,68.0,True,2024
ZHO,Kick Sauber,23.0,110.081,19.0,412,4.0,INTERMEDIATE,True,1,,,True,22.0,15.1,69.0,True,2024
NOR,McLaren,24.0,91.629,1.0,412,24.0,MEDIUM,True,1,,,True,22.0,15.1,68.0,True,2024
PIA,McLaren,24.0,91.392,2.0,413,24.0,MEDIUM,True,1,,,True,22.0,15.1,68.0,True,2024
HAM,Mercedes,24.0,91.635,3.0,414,24.0,MEDIUM,True,1,,,True,22.0,15.1,68.0,True,2024
RUS,Mercedes,24.0,91.968,4.0,415,24.0,MEDIUM,True,1,,,True,22.0,15.1,68.0,True,2024
VER,Red Bull Racing,24.0,93.02,5.0,416,24.0,MEDIUM,True,1,,,True,22.0,15.1,68.0,True,2024
SAI,Ferrari,24.0,92.734,6.0,417,24.0,MEDIUM,True,1,,,True,22.0,15.1,68.0,True,2024
HUL,Haas F1 Team,24.0,93.352,7.0,418,24.0,MEDIUM,True,1,,,True,22.0,15.1,68.0,True,2024
ALO,Aston Martin,24.0,94.088,8.0,419,24.0,MEDIUM,True,1,,,True,22.0,15.1,68.0,True,2024
STR,Aston Martin,24.0,94.585,9.0,420,24.0,MEDIUM,True,1,,,True,22.0,15.1,68.0,True,2024
TSU,RB,24.0,94.106,10.0,421,24.0,MEDIUM,True,1,,,True,22.0,15.1,68.0,True,2024
ALB,Williams,24.0,93.96,11.0,422,24.0,MEDIUM,True,1,,,True,22.0,15.1,68.0,True,2024
MAG,Haas F1 Team,24.0,93.625,12.0,423,24.0,MEDIUM,True,1,,,True,22.0,15.1,68.0,True,2024
SAR,Williams,24.0,94.037,13.0,424,24.0,MEDIUM,True,1,,,True,22.0,15.1,68.0,True,2024
RIC,RB,24.0,96.483,14.0,425,24.0,MEDIUM,True,1,,,True,22.0,15.1,69.0,True,2024
BOT,Kick Sauber,24.0,97.35,15.0,426,24.0,MEDIUM,True,1,,,True,22.0,15.1,69.0,True,2024
LEC,Ferrari,24.0,111.732,16.0,427,5.0,INTERMEDIATE,True,1,,,True,22.0,15.1,67.0,True,2024
PER,Red Bull Racing,24.0,110.729,17.0,428,5.0,INTERMEDIATE,True,1,,,True,22.0,15.1,67.0,True,2024
OCO,Alpine,24.0,98.005,18.0,429,3.0,MEDIUM,True,1,,,True,22.0,15.1,67.0,True,2024
ZHO,Kick Sauber,24.0,108.867,19.0,429,5.0,INTERMEDIATE,True,1,,,True,21.5,15.1,68.0,True,2024
NOR,McLaren,25.0,94.307,1.0,429,25.0,MEDIUM,True,1,,,True,22.0,15.1,69.0,True,2024
PIA,McLaren,25.0,94.271,2.0,430,25.0,MEDIUM,True,1,,,True,22.0,15.1,69.0,True,2024
HAM,Mercedes,25.0,94.988,3.0,431,25.0,MEDIUM,True,1,,,True,22.0,15.1,69.0,True,2024
RUS,Mercedes,25.0,94.781,4.0,432,25.0,MEDIUM,True,1,,,True,22.0,15.1,69.0,True,2024
VER,Red Bull Racing,25.0,96.063,5.0,433,25.0,MEDIUM,True,1,,,True,22.0,15.1,67.0,True,2024
SAI,Ferrari,25.0,95.143,6.0,434,25.0,MEDIUM,True,1,,,True,22.0,15.1,67.0,True,2024
HUL,Haas F1 Team,25.0,95.918,7.0,435,25.0,MEDIUM,True,1,,,True,22.0,15.1,67.0,True,2024
ALO,Aston Martin,25.0,95.687,8.0,436,25.0,MEDIUM,True,1,,,True,22.0,15.1,67.0,True,2024
STR,Aston Martin,25.0,95.351,9.0,437,25.0,MEDIUM,True,1,,,True,22.0,15.1,67.0,True,2024
TSU,RB,25.0,95.473,10.0,438,25.0,MEDIUM,True,1,,,True,22.0,15.1,67.0,True,2024
ALB,Williams,25.0,95.612,11.0,439,25.0,MEDIUM,True,1,,,True,22.0,15.1,67.0,True,2024
MAG,Haas F1 Team,25.0,95.15,12.0,440,25.0,MEDIUM,True,1,,,True,22.0,15.1,67.0,True,2024
SAR,Williams,25.0,96.166,13.0,441,25.0,MEDIUM,True,1,,,True,22.0,15.1,67.0,True,2024
RIC,RB,25.0,98.725,14.0,442,25.0,MEDIUM,True,1,,,True,22.0,15.1,67.0,True,2024
BOT,Kick Sauber,25.0,99.761,15.0,443,25.0,MEDIUM,True,1,,,True,22.0,15.1,67.0,True,2024
LEC,Ferrari,25.0,109.301,16.0,444,6.0,INTERMEDIATE,True,1,,,True,21.5,15.1,68.0,True,2024
PER,Red Bull Racing,25.0,107.327,17.0,445,6.0,INTERMEDIATE,True,1,,,True,21.5,15.1,68.0,True,2024
OCO,Alpine,25.0,107.432,18.0,446,4.0,MEDIUM,True,1,,,True,21.4,15.1,68.0,True,2024
ZHO,Kick Sauber,25.0,108.245,19.0,446,6.0,INTERMEDIATE,True,1,,,True,21.4,15.1,68.0,True,2024
NOR,McLaren,26.0,101.515,1.0,446,26.0,MEDIUM,True,1,,,True,21.5,15.1,68.0,True,2024
PIA,McLaren,26.0,100.622,2.0,447,26.0,MEDIUM,True,1,,,True,21.5,15.1,68.0,True,2024
HAM,Mercedes,26.0,100.792,3.0,448,26.0,MEDIUM,True,1,,,True,21.5,15.1,68.0,True,2024
RUS,Mercedes,26.0,99.949,4.0,449,26.0,MEDIUM,True,1,,,True,21.5,15.1,68.0,True,2024
VER,Red Bull Racing,26.0,101.491,5.0,450,26.0,MEDIUM,True,1,0 days 01:38:44.599000,,False,21.5,15.1,68.0,True,2024
SAI,Ferrari,26.0,102.481,6.0,451,26.0,MEDIUM,True,1,0 days 01:38:45.781000,,False,21.5,15.1,68.0,True,2024
HUL,Haas F1 Team,26.0,101.853,7.0,452,26.0,MEDIUM,True,1,0 days 01:39:02.808000,,False,21.4,15.1,68.0,True,2024
STR,Aston Martin,26.0,100.784,8.0,453,26.0,MEDIUM,True,1,0 days 01:39:05.009000,,False,21.4,15.1,68.0,True,2024
ALO,Aston Martin,26.0,103.618,9.0,454,26.0,MEDIUM,True,1,,,True,21.4,15.1,68.0,True,2024
TSU,RB,26.0,103.26,10.0,455,26.0,MEDIUM,True,1,,,True,21.4,15.1,68.0,True,2024
ALB,Williams,26.0,103.771,11.0,456,26.0,MEDIUM,True,1,,,True,21.4,15.1,68.0,True,2024
MAG,Haas F1 Team,26.0,105.466,12.0,457,26.0,MEDIUM,True,1,,,True,21.4,15.1,68.0,True,2024
SAR,Williams,26.0,104.642,13.0,458,26.0,MEDIUM,True,1,,,True,21.4,15.1,68.0,True,2024
RIC,RB,26.0,104.813,14.0,459,26.0,MEDIUM,True,1,0 days 01:39:27.190000,,False,21.4,15.1,68.0,True,2024
BOT,Kick Sauber,26.0,109.533,15.0,460,26.0,MEDIUM,True,1,0 days 01:39:45.423000,,False,21.4,15.1,68.0,True,2024
LEC,Ferrari,26.0,105.655,16.0,461,7.0,INTERMEDIATE,True,1,,,True,21.2,15.1,68.0,True,2024
PER,Red Bull Racing,26.0,105.736,17.0,462,7.0,INTERMEDIATE,True,1,,,True,21.2,15.1,68.0,True,2024
OCO,Alpine,26.0,118.71,18.0,463,5.0,MEDIUM,True,1,0 days 01:41:00.845000,,False,21.1,15.0,70.0,True,2024
ZHO,Kick Sauber,26.0,105.113,19.0,463,7.0,INTERMEDIATE,True,1,0 days 01:41:42.992000,,False,21.1,15.0,70.0,True,2024
NOR,McLaren,27.0,104.806,1.0,463,27.0,MEDIUM,True,1,0 days 01:40:17.147000,,False,21.2,15.1,68.0,True,2024
HAM,Mercedes,27.0,105.183,2.0,464,27.0,MEDIUM,True,1,0 days 01:40:20.422000,,False,21.2,15.1,68.0,True,2024
PIA,McLaren,27.0,109.747,3.0,465,27.0,MEDIUM,True,1,,,True,21.2,15.1,68.0,True,2024
RUS,Mercedes,27.0,107.698,4.0,466,27.0,MEDIUM,True,1,0 days 01:40:23.995000,,False,21.2,15.1,68.0,True,2024
VER,Red Bull Racing,27.0,119.169,5.0,467,1.0,INTERMEDIATE,True,1,,0 days 01:39:13.065000,False,21.2,15.1,68.0,True,2024
SAI,Ferrari,27.0,121.664,6.0,468,1.0,INTERMEDIATE,True,1,,0 days 01:39:15.047000,False,21.2,15.1,68.0,True,2024
ALO,Aston Martin,27.0,108.513,7.0,468,27.0,MEDIUM,True,1,0 days 01:40:55.058000,,False,21.2,15.1,68.0,True,2024
TSU,RB,27.0,108.126,8.0,469,27.0,MEDIUM,True,1,0 days 01:40:56.345000,,False,21.2,15.1,68.0,True,2024
ALB,Williams,27.0,107.754,9.0,470,27.0,MEDIUM,True,1,0 days 01:40:56.978000,,False,21.2,15.1,68.0,True,2024
MAG,Haas F1 Team,27.0,111.325,10.0,471,27.0,MEDIUM,True,1,0 days 01:41:03.244000,,False,21.1,15.0,70.0,True,2024
SAR,Williams,27.0,112.246,11.0,472,27.0,MEDIUM,True,1,0 days 01:41:05.089000,,False,21.1,15.0,70.0,True,2024
HUL,Haas F1 Team,27.0,122.727,12.0,473,1.0,INTERMEDIATE,True,1,,0 days 01:39:32.267000,False,21.1,15.0,70.0,True,2024
STR,Aston Martin,27.0,121.611,13.0,474,1.0,INTERMEDIATE,True,1,,0 days 01:39:34.064000,False,21.1,15.0,70.0,True,2024
RIC,RB,27.0,122.788,14.0,475,1.0,INTERMEDIATE,True,1,,0 days 01:39:56.001000,False,21.1,15.0,70.0,True,2024
BOT,Kick Sauber,27.0,125.367,15.0,476,1.0,INTERMEDIATE,True,1,,0 days 01:40:16.020000,False,21.1,15.0,70.0,True,2024
LEC,Ferrari,27.0,105.912,16.0,476,8.0,INTERMEDIATE,True,1,0 days 01:42:21.352000,,False,21.0,15.0,69.0,True,2024
PER,Red Bull Racing,27.0,112.538,17.0,477,8.0,INTERMEDIATE,True,1,,,True,21.0,15.0,69.0,True,2024
OCO,Alpine,27.0,122.736,18.0,478,1.0,INTERMEDIATE,True,1,,0 days 01:41:30.027000,False,20.9,14.9,71.0,True,2024
ZHO,Kick Sauber,27.0,124.515,19.0,479,1.0,INTERMEDIATE,True,1,,0 days 01:42:12.065000,False,20.9,14.9,71.0,True,2024
PIA,McLaren,28.0,112.976,1.0,479,28.0,MEDIUM,True,1,0 days 01:42:15.701000,,False,21.0,15.0,69.0,True,2024
NOR,McLaren,28.0,120.915,2.0,480,1.0,INTERMEDIATE,True,1,,0 days 01:40:45.890000,False,21.0,15.0,69.0,True,2024
HAM,Mercedes,28.0,120.866,3.0,481,1.0,INTERMEDIATE,True,1,,0 days 01:40:49.411000,False,21.0,15.0,69.0,True,2024
VER,Red Bull Racing,28.0,101.176,4.0,481,2.0,INTERMEDIATE,True,1,,,True,21.0,15.0,69.0,True,2024
RUS,Mercedes,28.0,124.342,5.0,482,1.0,INTERMEDIATE,True,1,,0 days 01:40:56.134000,False,21.0,15.0,69.0,True,2024
SAI,Ferrari,28.0,102.641,6.0,482,2.0,INTERMEDIATE,True,1,,,True,21.0,15.0,69.0,True,2024
HUL,Haas F1 Team,28.0,101.897,7.0,483,2.0,INTERMEDIATE,True,1,,,True,21.0,15.0,69.0,True,2024
STR,Aston Martin,28.0,102.187,8.0,484,2.0,INTERMEDIATE,True,1,,,True,21.0,15.0,69.0,True,2024
ALO,Aston Martin,28.0,124.427,9.0,485,1.0,INTERMEDIATE,True,1,,0 days 01:41:24.436000,False,21.0,15.0,69.0,True,2024
TSU,RB,28.0,123.448,10.0,486,1.0,INTERMEDIATE,True,1,,0 days 01:41:26.285000,False,21.0,15.0,69.0,True,2024
ALB,Williams,28.0,128.459,11.0,487,1.0,INTERMEDIATE,True,1,,0 days 01:41:31.731000,False,20.9,14.9,71.0,True,2024
MAG,Haas F1 Team,28.0,125.299,12.0,488,1.0,INTERMEDIATE,True,1,,0 days 01:41:33.409000,False,20.9,14.9,71.0,True,2024
SAR,Williams,28.0,125.981,13.0,489,1.0,INTERMEDIATE,True,1,,0 days 01:41:37.946000,False,20.9,14.9,71.0,True,2024
RIC,RB,28.0,103.338,14.0,489,2.0,INTERMEDIATE,True,1,,,True,20.9,14.9,71.0,True,2024
BOT,Kick Sauber,28.0,102.562,15.0,490,2.0,INTERMEDIATE,True,1,,,True,20.9,14.9,71.0,True,2024
PER,Red Bull Racing,28.0,105.224,16.0,490,9.0,INTERMEDIATE,True,1,0 days 01:44:16.811000,,False,20.7,14.9,70.0,True,2024
LEC,Ferrari,28.0,123.138,17.0,491,1.0,INTERMEDIATE,True,1,,0 days 01:42:50.558000,False,20.7,14.9,70.0,True,2024
OCO,Alpine,28.0,101.716,18.0,491,2.0,INTERMEDIATE,True,1,,,True,20.7,14.9,70.0,True,2024
ZHO,Kick Sauber,28.0,101.866,19.0,492,2.0,INTERMEDIATE,True,1,,,True,20.7,14.9,72.0,True,2024
NOR,McLaren,29.0,100.266,1.0,493,2.0,INTERMEDIATE,True,1,,,True,20.9,14.9,71.0,True,2024
HAM,Mercedes,29.0,100.42,2.0,494,2.0,INTERMEDIATE,True,1,,,True,20.7,14.9,70.0,True,2024
VER,Red Bull Racing,29.0,101.533,3.0,494,3.0,INTERMEDIATE,True,1,,,True,20.7,14.9,70.0,True,2024
RUS,Mercedes,29.0,100.405,4.0,495,2.0,INTERMEDIATE,True,1,,,True,20.7,14.9,70.0,True,2024
SAI,Ferrari,29.0,102.447,5.0,495,3.0,INTERMEDIATE,True,1,,,True,20.7,14.9,70.0,True,2024
PIA,McLaren,29.0,121.184,6.0,496,1.0,INTERMEDIATE,True,1,,0 days 01:42:45.296000,False,20.7,14.9,70.0,True,2024
HUL,Haas F1 Team,29.0,102.641,7.0,496,3.0,INTERMEDIATE,True,1,,,True,20.7,14.9,70.0,True,2024
STR,Aston Martin,29.0,102.992,8.0,497,3.0,INTERMEDIATE,True,1,,,True,20.7,14.9,70.0,True,2024
ALO,Aston Martin,29.0,103.072,9.0,498,2.0,INTERMEDIATE,True,1,,,True,20.7,14.9,70.0,True,2024
TSU,RB,29.0,103.749,10.0,499,2.0,INTERMEDIATE,True,1,,,True,20.7,14.9,70.0,True,2024
ALB,Williams,29.0,101.726,11.0,500,2.0,INTERMEDIATE,True,1,,,True,20.7,14.9,70.0,True,2024
MAG,Haas F1 Team,29.0,102.842,12.0,501,2.0,INTERMEDIATE,True,1,,,True,20.7,14.9,70.0,True,2024
SAR,Williams,29.0,102.215,13.0,502,2.0,INTERMEDIATE,True,1,,,True,20.7,14.9,70.0,True,2024
RIC,RB,29.0,103.377,14.0,502,3.0,INTERMEDIATE,True,1,,,True,20.7,14.9,70.0,True,2024
BOT,Kick Sauber,29.0,103.302,15.0,503,3.0,INTERMEDIATE,True,1,,,True,20.7,14.9,72.0,True,2024
LEC,Ferrari,29.0,101.602,16.0,504,2.0,INTERMEDIATE,True,1,,,True,20.7,14.8,73.0,True,2024
PER,Red Bull Racing,29.0,124.385,17.0,505,1.0,INTERMEDIATE,True,1,,0 days 01:44:49.177000,False,20.7,14.8,73.0,True,2024
OCO,Alpine,29.0,102.362,18.0,505,3.0,INTERMEDIATE,True,1,,,True,20.7,14.8,73.0,True,2024
ZHO,Kick Sauber,29.0,101.993,19.0,506,3.0,INTERMEDIATE,True,1,,,True,20.7,14.7,73.0,True,2024
NOR,McLaren,30.0,100.717,1.0,507,3.0,INTERMEDIATE,True,1,,,True,20.7,14.9,72.0,True,2024
HAM,Mercedes,30.0,100.467,2.0,508,3.0,INTERMEDIATE,True,1,,,True,20.7,14.9,72.0,True,2024
VER,Red Bull Racing,30.0,102.098,3.0,508,4.0,INTERMEDIATE,True,1,,,True,20.7,14.9,72.0,True,2024
RUS,Mercedes,30.0,101.237,4.0,509,3.0,INTERMEDIATE,True,1,,,True,20.7,14.9,72.0,True,2024
SAI,Ferrari,30.0,102.737,5.0,509,4.0,INTERMEDIATE,True,1,,,True,20.7,14.9,72.0,True,2024
PIA,McLaren,30.0,100.492,6.0,510,2.0,INTERMEDIATE,True,1,,,True,20.7,14.9,72.0,True,2024
HUL,Haas F1 Team,30.0,102.811,7.0,510,4.0,INTERMEDIATE,True,1,,,True,20.7,14.8,73.0,True,2024
STR,Aston Martin,30.0,103.066,8.0,511,4.0,INTERMEDIATE,True,1,,,True,20.7,14.8,73.0,True,2024
ALO,Aston Martin,30.0,102.577,9.0,512,3.0,INTERMEDIATE,True,1,,,True,20.7,14.8,73.0,True,2024
TSU,RB,30.0,102.967,10.0,513,3.0,INTERMEDIATE,True,1,,,True,20.7,14.8,73.0,True,2024
ALB,Williams,30.0,103.271,11.0,514,3.0,INTERMEDIATE,True,1,,,True,20.7,14.8,73.0,True,2024
MAG,Haas F1 Team,30.0,102.133,12.0,515,3.0,INTERMEDIATE,True,1,,,True,20.7,14.8,73.0,True,2024
SAR,Williams,30.0,102.476,13.0,516,3.0,INTERMEDIATE,True,1,,,True,20.7,14.8,73.0,True,2024
RIC,RB,30.0,103.298,14.0,516,4.0,INTERMEDIATE,True,1,,,True,20.7,14.8,73.0,True,2024
BOT,Kick Sauber,30.0,103.472,15.0,517,4.0,INTERMEDIATE,True,1,,,True,20.7,14.7,73.0,True,2024
LEC,Ferrari,30.0,102.299,16.0,518,3.0,INTERMEDIATE,True,1,,,True,20.7,14.7,73.0,True,2024
PER,Red Bull Racing,30.0,100.021,17.0,519,2.0,INTERMEDIATE,True,1,,,True,20.7,14.6,73.0,True,2024
OCO,Alpine,30.0,103.336,18.0,519,4.0,INTERMEDIATE,True,1,,,True,20.7,14.6,73.0,True,2024
ZHO,Kick Sauber,30.0,103.157,19.0,520,4.0,INTERMEDIATE,True,1,,,True,20.7,14.6,73.0,True,2024
NOR,McLaren,31.0,101.313,1.0,521,4.0,INTERMEDIATE,True,1,,,True,20.7,14.7,73.0,True,2024
HAM,Mercedes,31.0,101.538,2.0,522,4.0,INTERMEDIATE,True,1,,,True,20.7,14.7,73.0,True,2024
VER,Red Bull Racing,31.0,102.025,3.0,522,5.0,INTERMEDIATE,True,1,,,True,20.7,14.7,73.0,True,2024
RUS,Mercedes,31.0,101.902,4.0,523,4.0,INTERMEDIATE,True,1,,,True,20.7,14.7,73.0,True,2024
SAI,Ferrari,31.0,103.007,5.0,523,5.0,INTERMEDIATE,True,1,,,True,20.7,14.7,73.0,True,2024
PIA,McLaren,31.0,102.161,6.0,524,3.0,INTERMEDIATE,True,1,,,True,20.7,14.7,73.0,True,2024
HUL,Haas F1 Team,31.0,103.274,7.0,524,5.0,INTERMEDIATE,True,1,,,True,20.7,14.7,73.0,True,2024
STR,Aston Martin,31.0,103.714,8.0,525,5.0,INTERMEDIATE,True,1,,,True,20.7,14.7,73.0,True,2024
ALO,Aston Martin,31.0,102.796,9.0,526,4.0,INTERMEDIATE,True,1,,,True,20.7,14.6,73.0,True,2024
TSU,RB,31.0,103.355,10.0,527,4.0,INTERMEDIATE,True,1,,,True,20.7,14.6,73.0,True,2024
ALB,Williams,31.0,103.229,11.0,528,4.0,INTERMEDIATE,True,1,,,True,20.7,14.6,73.0,True,2024
MAG,Haas F1 Team,31.0,104.06,12.0,529,4.0,INTERMEDIATE,True,1,,,True,20.7,14.6,73.0,True,2024
SAR,Williams,31.0,104.332,13.0,530,4.0,INTERMEDIATE,True,1,,,True,20.7,14.6,73.0,True,2024
RIC,RB,31.0,103.699,14.0,530,5.0,INTERMEDIATE,True,1,,,True,20.7,14.6,73.0,True,2024
BOT,Kick Sauber,31.0,104.51,15.0,531,5.0,INTERMEDIATE,True,1,,,True,20.7,14.6,73.0,True,2024
LEC,Ferrari,31.0,103.95,16.0,532,4.0,INTERMEDIATE,True,1,,,True,20.7,14.5,73.0,True,2024
PER,Red Bull Racing,31.0,102.676,17.0,533,3.0,INTERMEDIATE,True,1,,,True,20.7,14.5,73.0,True,2024
OCO,Alpine,31.0,104.019,18.0,533,5.0,INTERMEDIATE,True,1,,,True,20.7,14.5,73.0,True,2024
ZHO,Kick Sauber,31.0,104.316,19.0,534,5.0,INTERMEDIATE,True,1,,,True,20.7,14.5,74.0,True,2024
NOR,McLaren,32.0,102.216,1.0,535,5.0,INTERMEDIATE,True,1,,,True,20.7,14.5,73.0,True,2024
HAM,Mercedes,32.0,102.475,2.0,536,5.0,INTERMEDIATE,True,1,,,True,20.7,14.5,73.0,True,2024
VER,Red Bull Racing,32.0,102.538,3.0,536,6.0,INTERMEDIATE,True,1,,,True,20.7,14.5,73.0,True,2024
RUS,Mercedes,32.0,103.085,4.0,537,5.0,INTERMEDIATE,True,1,,,True,20.7,14.5,73.0,True,2024
SAI,Ferrari,32.0,103.298,5.0,537,6.0,INTERMEDIATE,True,1,,,True,20.7,14.5,73.0,True,2024
PIA,McLaren,32.0,103.137,6.0,538,4.0,INTERMEDIATE,True,1,,,True,20.7,14.5,73.0,True,2024
HUL,Haas F1 Team,32.0,104.134,7.0,538,6.0,INTERMEDIATE,True,1,,,True,20.7,14.5,73.0,True,2024
STR,Aston Martin,32.0,104.545,8.0,539,6.0,INTERMEDIATE,True,1,,,True,20.7,14.5,73.0,True,2024
ALO,Aston Martin,32.0,103.69,9.0,540,5.0,INTERMEDIATE,True,1,,,True,20.7,14.5,73.0,True,2024
TSU,RB,32.0,104.456,10.0,541,5.0,INTERMEDIATE,True,1,,,True,20.7,14.5,73.0,True,2024
ALB,Williams,32.0,104.304,11.0,542,5.0,INTERMEDIATE,True,1,,,True,20.7,14.5,73.0,True,2024
MAG,Haas F1 Team,32.0,105.084,12.0,543,5.0,INTERMEDIATE,True,1,,,True,20.7,14.5,74.0,True,2024
SAR,Williams,32.0,104.912,13.0,544,5.0,INTERMEDIATE,True,1,,,True,20.7,14.5,74.0,True,2024
RIC,RB,32.0,104.144,14.0,544,6.0,INTERMEDIATE,True,1,,,True,20.7,14.5,74.0,True,2024
BOT,Kick Sauber,32.0,105.199,15.0,545,6.0,INTERMEDIATE,True,1,,,True,20.7,14.5,74.0,True,2024
LEC,Ferrari,32.0,103.795,16.0,546,5.0,INTERMEDIATE,True,1,,,True,21.0,14.6,75.0,True,2024
PER,Red Bull Racing,32.0,104.035,17.0,547,4.0,INTERMEDIATE,True,1,,,True,21.0,14.6,75.0,True,2024
OCO,Alpine,32.0,104.673,18.0,547,6.0,INTERMEDIATE,True,1,,,True,21.0,14.6,75.0,True,2024
ZHO,Kick Sauber,32.0,105.029,19.0,548,6.0,INTERMEDIATE,True,1,,,True,21.2,14.6,76.0,True,2024
NOR,McLaren,33.0,102.607,1.0,549,6.0,INTERMEDIATE,True,1,,,True,20.7,14.5,74.0,True,2024
HAM,Mercedes,33.0,102.435,2.0,550,6.0,INTERMEDIATE,True,1,,,True,20.7,14.5,74.0,True,2024
VER,Red Bull Racing,33.0,102.606,3.0,550,7.0,INTERMEDIATE,True,1,,,True,20.7,14.5,74.0,True,2024
RUS,Mercedes,33.0,106.221,4.0,551,6.0,INTERMEDIATE,True,1,0 days 01:50:59.953000,,False,21.0,14.6,75.0,True,2024
SAI,Ferrari,33.0,103.201,5.0,551,7.0,INTERMEDIATE,True,1,,,True,21.0,14.6,75.0,True,2024
PIA,McLaren,33.0,103.325,6.0,552,5.0,INTERMEDIATE,True,1,,,True,21.0,14.6,75.0,True,2024
HUL,Haas F1 Team,33.0,103.685,7.0,552,7.0,INTERMEDIATE,True,1,,,True,21.0,14.6,75.0,True,2024
STR,Aston Martin,33.0,104.213,8.0,553,7.0,INTERMEDIATE,True,1,,,True,21.0,14.6,75.0,True,2024
ALO,Aston Martin,33.0,104.262,9.0,554,6.0,INTERMEDIATE,True,1,,,True,21.0,14.6,75.0,True,2024
TSU,RB,33.0,104.979,10.0,555,6.0,INTERMEDIATE,True,1,,,True,21.0,14.6,75.0,True,2024
ALB,Williams,33.0,104.82,11.0,556,6.0,INTERMEDIATE,True,1,,,True,21.0,14.6,75.0,True,2024
MAG,Haas F1 Team,33.0,105.266,12.0,557,6.0,INTERMEDIATE,True,1,,,True,21.0,14.6,75.0,True,2024
SAR,Williams,33.0,105.684,13.0,558,6.0,INTERMEDIATE,True,1,,,True,21.0,14.6,75.0,True,2024
RIC,RB,33.0,104.855,14.0,558,7.0,INTERMEDIATE,True,1,,,True,21.0,14.6,75.0,True,2024
BOT,Kick Sauber,33.0,105.552,15.0,559,7.0,INTERMEDIATE,True,1,,,True,21.2,14.6,76.0,True,2024
LEC,Ferrari,33.0,103.217,16.0,560,6.0,INTERMEDIATE,True,1,,,True,21.2,14.6,76.0,True,2024
PER,Red Bull Racing,33.0,104.641,17.0,561,5.0,INTERMEDIATE,True,1,,,True,21.3,14.6,76.0,True,2024
OCO,Alpine,33.0,105.29,18.0,561,7.0,INTERMEDIATE,True,1,,,True,21.3,14.6,76.0,True,2024
ZHO,Kick Sauber,33.0,105.412,19.0,562,7.0,INTERMEDIATE,True,1,,,True,21.2,14.5,75.0,True,2024
NOR,McLaren,34.0,103.078,1.0,563,7.0,INTERMEDIATE,True,1,,,True,21.2,14.6,76.0,True,2024
HAM,Mercedes,34.0,102.757,2.0,564,7.0,INTERMEDIATE,True,1,,,True,21.2,14.6,76.0,True,2024
VER,Red Bull Racing,34.0,102.447,3.0,564,8.0,INTERMEDIATE,True,1,,,True,21.2,14.6,76.0,True,2024
SAI,Ferrari,34.0,102.794,4.0,565,8.0,INTERMEDIATE,True,1,,,True,21.2,14.6,76.0,True,2024
PIA,McLaren,34.0,103.954,5.0,566,6.0,INTERMEDIATE,True,1,,,True,21.2,14.6,76.0,True,2024
HUL,Haas F1 Team,34.0,104.263,6.0,566,8.0,INTERMEDIATE,True,1,,,True,21.3,14.6,76.0,True,2024
STR,Aston Martin,34.0,104.171,7.0,567,8.0,INTERMEDIATE,True,1,,,True,21.3,14.6,76.0,True,2024
ALO,Aston Martin,34.0,104.375,8.0,568,7.0,INTERMEDIATE,True,1,,,True,21.3,14.6,76.0,True,2024
TSU,RB,34.0,104.923,9.0,569,7.0,INTERMEDIATE,True,1,,,True,21.3,14.6,76.0,True,2024
ALB,Williams,34.0,105.216,10.0,570,7.0,INTERMEDIATE,True,1,,,True,21.3,14.6,76.0,True,2024
MAG,Haas F1 Team,34.0,106.135,11.0,571,7.0,INTERMEDIATE,True,1,,,True,21.3,14.6,76.0,True,2024
SAR,Williams,34.0,106.095,12.0,572,7.0,INTERMEDIATE,True,1,,,True,21.3,14.6,76.0,True,2024
RIC,RB,34.0,105.969,13.0,572,8.0,INTERMEDIATE,True,1,,,True,21.3,14.6,76.0,True,2024
BOT,Kick Sauber,34.0,105.199,14.0,573,8.0,INTERMEDIATE,True,1,,,True,21.2,14.5,75.0,True,2024
LEC,Ferrari,34.0,103.604,15.0,574,7.0,INTERMEDIATE,True,1,,,True,21.2,14.5,75.0,True,2024
PER,Red Bull Racing,34.0,105.045,16.0,575,6.0,INTERMEDIATE,True,1,,,True,21.2,14.5,75.0,True,2024
OCO,Alpine,34.0,105.511,17.0,575,8.0,INTERMEDIATE,True,1,,,True,21.2,14.6,75.0,True,2024
ZHO,Kick Sauber,34.0,108.01,18.0,576,8.0,INTERMEDIATE,True,1,,,True,21.2,14.6,75.0,True,2024
NOR,McLaren,35.0,102.935,1.0,577,8.0,INTERMEDIATE,True,1,,,True,21.2,14.5,75.0,True,2024
HAM,Mercedes,35.0,102.271,2.0,578,8.0,INTERMEDIATE,True,1,,,True,21.2,14.5,75.0,True,2024
VER,Red Bull Racing,35.0,103.029,3.0,578,9.0,INTERMEDIATE,True,1,,,True,21.2,14.5,75.0,True,2024
SAI,Ferrari,35.0,103.59,4.0,579,9.0,INTERMEDIATE,True,1,,,True,21.2,14.5,75.0,True,2024
PIA,McLaren,35.0,103.309,5.0,580,7.0,INTERMEDIATE,True,1,,,True,21.2,14.5,75.0,True,2024
HUL,Haas F1 Team,35.0,104.042,6.0,580,9.0,INTERMEDIATE,True,1,,,True,21.2,14.5,75.0,True,2024
STR,Aston Martin,35.0,104.422,7.0,581,9.0,INTERMEDIATE,True,1,,,True,21.2,14.5,75.0,True,2024
ALO,Aston Martin,35.0,104.251,8.0,582,8.0,INTERMEDIATE,True,1,,,True,21.2,14.6,75.0,True,2024
TSU,RB,35.0,104.782,9.0,583,8.0,INTERMEDIATE,True,1,,,True,21.2,14.6,75.0,True,2024
ALB,Williams,35.0,105.202,10.0,584,8.0,INTERMEDIATE,True,1,,,True,21.2,14.6,75.0,True,2024
MAG,Haas F1 Team,35.0,105.557,11.0,585,8.0,INTERMEDIATE,True,1,,,True,21.2,14.6,75.0,True,2024
SAR,Williams,35.0,105.851,12.0,586,8.0,INTERMEDIATE,True,1,,,True,21.2,14.6,75.0,True,2024
RIC,RB,35.0,105.535,13.0,586,9.0,INTERMEDIATE,True,1,,,True,21.2,14.6,75.0,True,2024
BOT,Kick Sauber,35.0,105.476,14.0,587,9.0,INTERMEDIATE,True,1,,,True,21.2,14.6,75.0,True,2024
LEC,Ferrari,35.0,102.415,15.0,588,8.0,INTERMEDIATE,True,1,,,True,21.4,14.5,76.0,True,2024
PER,Red Bull Racing,35.0,103.534,16.0,589,7.0,INTERMEDIATE,True,1,,,True,21.4,14.5,76.0,True,2024
OCO,Alpine,35.0,102.995,17.0,589,9.0,INTERMEDIATE,True,1,,,True,21.4,14.5,76.0,True,2024
ZHO,Kick Sauber,35.0,102.569,18.0,590,9.0,INTERMEDIATE,True,1,,,True,22.5,14.6,78.0,True,2024
NOR,McLaren,36.0,102.34,1.0,591,9.0,INTERMEDIATE,True,1,,,True,21.2,14.6,75.0,True,2024
HAM,Mercedes,36.0,101.924,2.0,592,9.0,INTERMEDIATE,True,1,,,True,21.2,14.6,75.0,True,2024
VER,Red Bull Racing,36.0,101.958,3.0,592,10.0,INTERMEDIATE,True,1,,,True,21.4,14.5,76.0,True,2024
SAI,Ferrari,36.0,102.748,4.0,593,10.0,INTERMEDIATE,True,1,,,True,21.4,14.5,76.0,True,2024
PIA,McLaren,36.0,102.52,5.0,594,8.0,INTERMEDIATE,True,1,,,True,21.4,14.5,76.0,True,2024
HUL,Haas F1 Team,36.0,103.044,6.0,594,10.0,INTERMEDIATE,True,1,,,True,21.4,14.5,76.0,True,2024
STR,Aston Martin,36.0,103.0,7.0,595,10.0,INTERMEDIATE,True,1,,,True,21.4,14.5,76.0,True,2024
ALO,Aston Martin,36.0,102.513,8.0,596,9.0,INTERMEDIATE,True,1,,,True,21.4,14.5,76.0,True,2024
TSU,RB,36.0,102.726,9.0,597,9.0,INTERMEDIATE,True,1,,,True,21.4,14.5,76.0,True,2024
ALB,Williams,36.0,103.075,10.0,598,9.0,INTERMEDIATE,True,1,,,True,21.4,14.5,76.0,True,2024
MAG,Haas F1 Team,36.0,103.611,11.0,599,9.0,INTERMEDIATE,True,1,,,True,22.5,14.6,78.0,True,2024
SAR,Williams,36.0,103.365,12.0,600,9.0,INTERMEDIATE,True,1,,,True,22.5,14.6,78.0,True,2024
RIC,RB,36.0,103.213,13.0,600,10.0,INTERMEDIATE,True,1,,,True,22.5,14.6,78.0,True,2024
BOT,Kick Sauber,36.0,102.968,14.0,601,10.0,INTERMEDIATE,True,1,,,True,22.5,14.6,78.0,True,2024
LEC,Ferrari,36.0,100.091,15.0,602,9.0,INTERMEDIATE,True,1,,,True,23.8,14.6,77.0,True,2024
PER,Red Bull Racing,36.0,101.845,16.0,603,8.0,INTERMEDIATE,True,1,,,True,23.8,14.6,77.0,True,2024
OCO,Alpine,36.0,101.215,17.0,603,10.0,INTERMEDIATE,True,1,,,True,23.8,14.6,77.0,True,2024
ZHO,Kick Sauber,36.0,102.823,18.0,604,10.0,INTERMEDIATE,True,1,,,True,24.2,14.6,76.0,True,2024
NOR,McLaren,37.0,99.786,1.0,605,10.0,INTERMEDIATE,True,1,,,True,22.5,14.6,78.0,True,2024
HAM,Mercedes,37.0,99.711,2.0,606,10.0,INTERMEDIATE,True,1,,,True,22.5,14.6,78.0,True,2024
VER,Red Bull Racing,37.0,98.869,3.0,606,11.0,INTERMEDIATE,True,1,,,True,22.5,14.6,78.0,True,2024
SAI,Ferrari,37.0,100.432,4.0,607,11.0,INTERMEDIATE,True,1,,,True,22.5,14.6,78.0,True,2024
PIA,McLaren,37.0,99.635,5.0,608,9.0,INTERMEDIATE,True,1,,,True,22.5,14.6,78.0,True,2024
HUL,Haas F1 Team,37.0,100.657,6.0,608,11.0,INTERMEDIATE,True,1,,,True,23.8,14.6,77.0,True,2024
STR,Aston Martin,37.0,100.825,7.0,609,11.0,INTERMEDIATE,True,1,,,True,23.8,14.6,77.0,True,2024
ALO,Aston Martin,37.0,100.747,8.0,610,10.0,INTERMEDIATE,True,1,,,True,23.8,14.6,77.0,True,2024
TSU,RB,37.0,101.098,9.0,611,10.0,INTERMEDIATE,True,1,,,True,23.8,14.6,77.0,True,2024
ALB,Williams,37.0,100.273,10.0,612,10.0,INTERMEDIATE,True,1,,,True,23.8,14.6,77.0,True,2024
MAG,Haas F1 Team,37.0,102.038,11.0,613,10.0,INTERMEDIATE,True,1,0 days 01:58:45.121000,,False,23.8,14.6,77.0,True,2024
RIC,RB,37.0,100.483,12.0,613,11.0,INTERMEDIATE,True,1,0 days 01:58:47.921000,,False,23.8,14.6,77.0,True,2024
SAR,Williams,37.0,102.207,13.0,614,10.0,INTERMEDIATE,True,1,,,True,23.8,14.6,77.0,True,2024
BOT,Kick Sauber,37.0,99.987,14.0,614,11.0,INTERMEDIATE,True,1,0 days 01:59:09.116000,,False,24.2,14.6,76.0,True,2024
LEC,Ferrari,37.0,98.357,15.0,615,10.0,INTERMEDIATE,True,1,0 days 01:59:44.116000,,False,24.2,14.6,76.0,True,2024
PER,Red Bull Racing,37.0,99.697,16.0,616,9.0,INTERMEDIATE,True,1,0 days 02:00:02.791000,,False,24.6,14.6,78.0,False,2024
OCO,Alpine,37.0,102.235,17.0,616,11.0,INTERMEDIATE,True,1,,,True,24.6,14.6,78.0,False,2024
ZHO,Kick Sauber,37.0,101.608,18.0,617,11.0,INTERMEDIATE,True,1,0 days 02:01:04.272000,,False,24.6,14.8,75.0,False,2024
NOR,McLaren,38.0,97.999,1.0,618,11.0,INTERMEDIATE,True,1,,,True,24.2,14.6,76.0,True,2024
HAM,Mercedes,38.0,97.22,2.0,619,11.0,INTERMEDIATE,True,1,0 days 01:59:12.470000,,False,24.2,14.6,76.0,True,2024
VER,Red Bull Racing,38.0,95.963,3.0,619,12.0,INTERMEDIATE,True,1,0 days 01:59:18.092000,,False,24.2,14.6,76.0,True,2024
PIA,McLaren,38.0,97.106,4.0,620,10.0,INTERMEDIATE,True,1,0 days 01:59:32.481000,,False,24.2,14.6,76.0,True,2024
SAI,Ferrari,38.0,98.37,5.0,620,12.0,INTERMEDIATE,True,1,,,True,24.2,14.6,76.0,True,2024
HUL,Haas F1 Team,38.0,98.854,6.0,621,12.0,INTERMEDIATE,True,1,,,True,24.2,14.6,76.0,True,2024
STR,Aston Martin,38.0,99.373,7.0,622,12.0,INTERMEDIATE,True,1,,,True,24.2,14.6,76.0,True,2024
ALO,Aston Martin,38.0,98.684,8.0,623,11.0,INTERMEDIATE,True,1,0 days 02:00:06.460000,,False,24.6,14.6,78.0,False,2024
TSU,RB,38.0,98.67,9.0,624,11.0,INTERMEDIATE,True,1,0 days 02:00:11.160000,,False,24.6,14.6,78.0,False,2024
ALB,Williams,38.0,97.843,10.0,625,11.0,INTERMEDIATE,True,1,0 days 02:00:14.387000,,False,24.6,14.6,78.0,False,2024
SAR,Williams,38.0,98.811,11.0,626,11.0,INTERMEDIATE,True,1,0 days 02:00:27.139000,,False,24.6,14.6,78.0,False,2024
MAG,Haas F1 Team,38.0,123.931,12.0,627,1.0,SOFT,True,1,,0 days 01:59:15.005000,False,24.6,14.6,78.0,False,2024
RIC,RB,38.0,123.328,13.0,628,1.0,SOFT,True,1,,0 days 01:59:17.887000,False,24.6,14.6,78.0,False,2024
BOT,Kick Sauber,38.0,126.628,14.0,629,1.0,SOFT,True,1,,0 days 01:59:40.628000,False,24.6,14.8,75.0,False,2024
LEC,Ferrari,38.0,117.811,15.0,630,1.0,SOFT,True,1,,0 days 02:00:13.195000,False,24.6,14.8,75.0,False,2024
OCO,Alpine,38.0,99.44,16.0,630,12.0,INTERMEDIATE,True,1,0 days 02:01:56.244000,,False,24.6,14.8,75.0,False,2024
PER,Red Bull Racing,38.0,120.171,17.0,631,1.0,MEDIUM,True,1,,0 days 02:00:31.987000,False,24.4,15.1,74.0,False,2024
ZHO,Kick Sauber,38.0,126.729,18.0,631,2.0,SOFT,False,1,,0 days 02:01:37.255000,False,24.2,15.2,73.0,False,2024
NOR,McLaren,39.0,96.746,1.0,631,12.0,INTERMEDIATE,True,1,0 days 02:00:48.120000,,False,24.6,14.6,78.0,False,2024
SAI,Ferrari,39.0,96.802,2.0,631,13.0,INTERMEDIATE,True,1,0 days 02:01:09.712000,,False,24.6,14.8,75.0,False,2024
HAM,Mercedes,39.0,117.389,3.0,632,2.0,SOFT,False,1,,0 days 01:59:42.507000,False,24.6,14.8,75.0,False,2024
VER,Red Bull Racing,39.0,118.311,4.0,633,1.0,HARD,True,1,,0 days 01:59:47.248000,False,24.6,14.8,75.0,False,2024
PIA,McLaren,39.0,114.658,5.0,634,1.0,MEDIUM,True,1,,0 days 02:00:01.822000,False,24.6,14.8,75.0,False,2024
HUL,Haas F1 Team,39.0,97.245,6.0,634,13.0,INTERMEDIATE,True,1,0 days 02:01:32.097000,,False,24.6,14.8,75.0,False,2024
STR,Aston Martin,39.0,97.759,7.0,635,13.0,INTERMEDIATE,True,1,0 days 02:01:36.764000,,False,24.6,14.8,75.0,False,2024
ALO,Aston Martin,39.0,119.234,8.0,636,1.0,MEDIUM,True,1,,0 days 02:00:36.179000,False,24.4,15.1,74.0,False,2024
TSU,RB,39.0,118.637,9.0,637,1.0,SOFT,True,1,,0 days 02:00:40.841000,False,24.4,15.1,74.0,False,2024
ALB,Williams,39.0,117.678,10.0,638,1.0,MEDIUM,True,1,,0 days 02:00:43.902000,False,24.4,15.1,74.0,False,2024
MAG,Haas F1 Team,39.0,93.212,11.0,638,2.0,SOFT,True,1,,,True,24.4,15.1,74.0,False,2024
SAR,Williams,39.0,116.256,12.0,639,1.0,SOFT,True,1,,0 days 02:00:56.574000,False,24.4,15.1,74.0,False,2024
RIC,RB,39.0,93.138,13.0,639,2.0,SOFT,True,1,,,True,24.4,15.1,74.0,False,2024
BOT,Kick Sauber,39.0,97.114,14.0,640,2.0,SOFT,True,1,,,True,24.4,15.1,74.0,False,2024
LEC,Ferrari,39.0,91.481,15.0,641,2.0,SOFT,True,1,,,True,24.2,15.2,73.0,False,2024
PER,Red Bull Racing,39.0,92.722,16.0,642,2.0,MEDIUM,True,1,,,True,24.2,15.2,73.0,False,2024
OCO,Alpine,39.0,120.13,17.0,643,1.0,MEDIUM,True,1,,0 days 02:02:25.298000,False,24.2,15.2,73.0,False,2024
ZHO,Kick Sauber,39.0,92.696,18.0,643,3.0,SOFT,False,1,,,True,24.2,15.3,76.0,False,2024
HAM,Mercedes,40.0,90.318,1.0,644,3.0,SOFT,False,1,,,True,24.4,15.1,74.0,False,2024
NOR,McLaren,40.0,114.84,2.0,645,3.0,SOFT,False,1,,0 days 02:01:18.481000,False,24.4,15.1,74.0,False,2024
VER,Red Bull Racing,40.0,90.056,3.0,646,2.0,HARD,True,1,,,True,24.4,15.1,74.0,False,2024
PIA,McLaren,40.0,89.913,4.0,647,2.0,MEDIUM,True,1,,,True,24.4,15.1,74.0,False,2024
SAI,Ferrari,40.0,116.753,5.0,648,1.0,HARD,True,1,,0 days 02:01:38.639000,False,24.2,15.2,73.0,False,2024
HUL,Haas F1 Team,40.0,115.659,6.0,648,4.0,SOFT,False,1,,0 days 02:02:02.561000,False,24.2,15.2,73.0,False,2024
STR,Aston Martin,40.0,116.032,7.0,649,1.0,MEDIUM,True,1,,0 days 02:02:06.198000,False,24.2,15.2,73.0,False,2024
ALO,Aston Martin,40.0,91.146,8.0,649,2.0,MEDIUM,True,1,,,True,24.2,15.2,73.0,False,2024
TSU,RB,40.0,92.318,9.0,650,2.0,SOFT,True,1,,,True,24.2,15.2,73.0,False,2024
ALB,Williams,40.0,90.889,10.0,651,2.0,MEDIUM,True,1,,,True,24.2,15.2,73.0,False,2024
MAG,Haas F1 Team,40.0,92.071,11.0,651,3.0,SOFT,True,1,,,True,24.2,15.2,73.0,False,2024
SAR,Williams,40.0,91.353,12.0,652,2.0,SOFT,True,1,,,True,24.2,15.2,73.0,False,2024
RIC,RB,40.0,92.428,13.0,652,3.0,SOFT,True,1,,,True,24.2,15.2,73.0,False,2024
BOT,Kick Sauber,40.0,92.973,14.0,653,3.0,SOFT,True,1,,,True,24.2,15.3,76.0,False,2024
LEC,Ferrari,40.0,90.878,15.0,654,3.0,SOFT,True,1,,,True,24.2,15.3,76.0,False,2024
PER,Red Bull Racing,40.0,93.219,16.0,655,3.0,MEDIUM,True,1,,,True,24.7,15.3,75.0,False,2024
OCO,Alpine,40.0,92.838,17.0,656,2.0,MEDIUM,True,1,,,True,24.7,15.3,75.0,False,2024
ZHO,Kick Sauber,40.0,93.17,18.0,656,4.0,SOFT,False,1,,,True,25.0,15.2,75.0,False,2024
HAM,Mercedes,41.0,90.118,1.0,657,4.0,SOFT,False,1,,,True,24.2,15.3,76.0,False,2024
NOR,McLaren,41.0,89.733,2.0,658,4.0,SOFT,False,1,,,True,24.2,15.3,76.0,False,2024
VER,Red Bull Racing,41.0,89.604,3.0,659,3.0,HARD,True,1,,,True,24.2,15.3,76.0,False,2024
PIA,McLaren,41.0,89.574,4.0,660,3.0,MEDIUM,True,1,,,True,24.2,15.3,76.0,False,2024
SAI,Ferrari,41.0,90.475,5.0,661,2.0,HARD,True,1,,,True,24.2,15.3,76.0,False,2024
HUL,Haas F1 Team,41.0,91.097,6.0,661,5.0,SOFT,False,1,,,True,24.2,15.3,76.0,False,2024
STR,Aston Martin,41.0,90.098,7.0,662,2.0,MEDIUM,True,1,,,True,24.7,15.3,75.0,False,2024
ALO,Aston Martin,41.0,90.594,8.0,662,3.0,MEDIUM,True,1,,,True,24.7,15.3,75.0,False,2024
TSU,RB,41.0,90.812,9.0,663,3.0,SOFT,True,1,,,True,24.7,15.3,75.0,False,2024
ALB,Williams,41.0,90.715,10.0,664,3.0,MEDIUM,True,1,,,True,24.7,15.3,75.0,False,2024
MAG,Haas F1 Team,41.0,90.61,11.0,664,4.0,SOFT,True,1,,,True,24.7,15.3,75.0,False,2024
SAR,Williams,41.0,90.875,12.0,665,3.0,SOFT,True,1,,,True,24.7,15.3,75.0,False,2024
RIC,RB,41.0,91.289,13.0,665,4.0,SOFT,True,1,,,True,24.7,15.3,75.0,False,2024
BOT,Kick Sauber,41.0,93.344,14.0,666,4.0,SOFT,True,1,,,True,24.7,15.3,75.0,False,2024
LEC,Ferrari,41.0,90.035,15.0,667,4.0,SOFT,True,1,,,True,25.0,15.2,75.0,False,2024
PER,Red Bull Racing,41.0,90.689,16.0,668,4.0,MEDIUM,True,1,,,True,25.0,15.2,75.0,False,2024
OCO,Alpine,41.0,91.114,17.0,669,3.0,MEDIUM,True,1,,,True,24.9,15.3,75.0,False,2024
ZHO,Kick Sauber,41.0,91.151,18.0,669,5.0,SOFT,False,1,,,True,24.9,15.3,75.0,False,2024
HAM,Mercedes,42.0,89.617,1.0,670,5.0,SOFT,False,1,,,True,24.7,15.3,75.0,False,2024
NOR,McLaren,42.0,90.006,2.0,671,5.0,SOFT,False,1,,,True,24.7,15.3,75.0,False,2024
VER,Red Bull Racing,42.0,89.472,3.0,672,4.0,HARD,True,1,,,True,24.7,15.3,75.0,False,2024
PIA,McLaren,42.0,89.581,4.0,673,4.0,MEDIUM,True,1,,,True,24.7,15.3,75.0,False,2024
SAI,Ferrari,42.0,89.872,5.0,674,3.0,HARD,True,1,,,True,25.0,15.2,75.0,False,2024
HUL,Haas F1 Team,42.0,90.701,6.0,674,6.0,SOFT,False,1,,,True,25.0,15.2,75.0,False,2024
STR,Aston Martin,42.0,90.161,7.0,675,3.0,MEDIUM,True,1,,,True,25.0,15.2,75.0,False,2024
ALO,Aston Martin,42.0,90.167,8.0,675,4.0,MEDIUM,True,1,,,True,25.0,15.2,75.0,False,2024
TSU,RB,42.0,90.319,9.0,676,4.0,SOFT,True,1,,,True,25.0,15.2,75.0,False,2024
ALB,Williams,42.0,90.458,10.0,677,4.0,MEDIUM,True,1,,,True,25.0,15.2,75.0,False,2024
MAG,Haas F1 Team,42.0,90.093,11.0,677,5.0,SOFT,True,1,,,True,25.0,15.2,75.0,False,2024
SAR,Williams,42.0,89.972,12.0,678,4.0,SOFT,True,1,,,True,25.0,15.2,75.0,False,2024
RIC,RB,42.0,90.765,13.0,678,5.0,SOFT,True,1,,,True,25.0,15.2,75.0,False,2024
BOT,Kick Sauber,42.0,92.348,14.0,679,5.0,SOFT,True,1,,,True,24.9,15.3,75.0,False,2024
LEC,Ferrari,42.0,89.832,15.0,680,5.0,SOFT,True,1,,,True,24.9,15.3,75.0,False,2024
PER,Red Bull Racing,42.0,90.542,16.0,681,5.0,MEDIUM,True,1,,,True,24.5,15.4,72.0,True,2024
OCO,Alpine,42.0,91.187,17.0,682,4.0,MEDIUM,True,1,,,True,24.5,15.4,72.0,True,2024
ZHO,Kick Sauber,42.0,91.121,18.0,682,6.0,SOFT,False,1,,,True,24.5,15.4,73.0,True,2024
HAM,Mercedes,43.0,89.793,1.0,683,6.0,SOFT,False,1,,,True,24.9,15.3,75.0,False,2024
NOR,McLaren,43.0,89.262,2.0,684,6.0,SOFT,False,1,,,True,24.9,15.3,75.0,False,2024
VER,Red Bull Racing,43.0,89.105,3.0,685,5.0,HARD,True,1,,,True,24.9,15.3,75.0,False,2024
PIA,McLaren,43.0,89.286,4.0,686,5.0,MEDIUM,True,1,,,True,24.9,15.3,75.0,False,2024
SAI,Ferrari,43.0,89.872,5.0,687,4.0,HARD,True,1,,,True,24.9,15.3,75.0,False,2024
HUL,Haas F1 Team,43.0,89.836,6.0,687,7.0,SOFT,False,1,,,True,24.9,15.3,75.0,False,2024
STR,Aston Martin,43.0,90.196,7.0,688,4.0,MEDIUM,True,1,,,True,24.5,15.4,72.0,True,2024
ALO,Aston Martin,43.0,90.098,8.0,688,5.0,MEDIUM,True,1,,,True,24.5,15.4,72.0,True,2024
TSU,RB,43.0,90.229,9.0,689,5.0,SOFT,True,1,,,True,24.5,15.4,72.0,True,2024
ALB,Williams,43.0,90.126,10.0,690,5.0,MEDIUM,True,1,,,True,24.5,15.4,72.0,True,2024
MAG,Haas F1 Team,43.0,90.454,11.0,690,6.0,SOFT,True,1,,,True,24.5,15.4,72.0,True,2024
SAR,Williams,43.0,90.162,12.0,691,5.0,SOFT,True,1,,,True,24.5,15.4,72.0,True,2024
RIC,RB,43.0,91.198,13.0,691,6.0,SOFT,True,1,,,True,24.5,15.4,72.0,True,2024
BOT,Kick Sauber,43.0,91.732,14.0,692,6.0,SOFT,True,1,,,True,24.5,15.4,73.0,True,2024
LEC,Ferrari,43.0,89.748,15.0,693,6.0,SOFT,True,1,,,True,24.5,15.4,73.0,True,2024
PER,Red Bull Racing,43.0,90.229,16.0,694,6.0,MEDIUM,True,1,,,True,24.5,15.4,73.0,True,2024
OCO,Alpine,43.0,91.084,17.0,695,5.0,MEDIUM,True,1,,,True,25.0,15.5,73.0,False,2024
ZHO,Kick Sauber,43.0,91.014,18.0,695,7.0,SOFT,False,1,,,True,25.0,15.5,73.0,False,2024
HAM,Mercedes,44.0,89.697,1.0,696,7.0,SOFT,False,1,,,True,24.5,15.4,72.0,True,2024
NOR,McLaren,44.0,89.752,2.0,697,7.0,SOFT,False,1,,,True,24.5,15.4,72.0,True,2024
VER,Red Bull Racing,44.0,89.372,3.0,698,6.0,HARD,True,1,,,True,24.5,15.4,72.0,True,2024
PIA,McLaren,44.0,89.221,4.0,699,6.0,MEDIUM,True,1,,,True,24.5,15.4,72.0,True,2024
SAI,Ferrari,44.0,89.739,5.0,700,5.0,HARD,True,1,,,True,24.5,15.4,73.0,True,2024
HUL,Haas F1 Team,44.0,90.392,6.0,700,8.0,SOFT,False,1,,,True,24.5,15.4,73.0,True,2024
STR,Aston Martin,44.0,90.03,7.0,701,5.0,MEDIUM,True,1,,,True,24.5,15.4,73.0,True,2024
ALO,Aston Martin,44.0,89.93,8.0,701,6.0,MEDIUM,True,1,,,True,24.5,15.4,73.0,True,2024
TSU,RB,44.0,90.882,9.0,702,6.0,SOFT,True,1,,,True,24.5,15.4,73.0,True,2024
ALB,Williams,44.0,90.74,10.0,703,6.0,MEDIUM,True,1,,,True,24.5,15.4,73.0,True,2024
SAR,Williams,44.0,90.003,11.0,704,6.0,SOFT,True,1,,,True,24.5,15.4,73.0,True,2024
MAG,Haas F1 Team,44.0,91.342,12.0,704,7.0,SOFT,True,1,,,True,24.5,15.4,73.0,True,2024
RIC,RB,44.0,91.08,13.0,705,7.0,SOFT,True,1,,,True,25.0,15.5,73.0,False,2024
BOT,Kick Sauber,44.0,91.277,14.0,706,7.0,SOFT,True,1,,,True,25.0,15.5,73.0,False,2024
LEC,Ferrari,44.0,89.933,15.0,707,7.0,SOFT,True,1,,,True,25.0,15.5,73.0,False,2024
PER,Red Bull Racing,44.0,90.518,16.0,708,7.0,MEDIUM,True,1,,,True,25.0,15.5,71.0,False,2024
OCO,Alpine,44.0,90.928,17.0,709,6.0,MEDIUM,True,1,,,True,25.0,15.5,71.0,False,2024
ZHO,Kick Sauber,44.0,91.378,18.0,709,8.0,SOFT,False,1,,,True,24.9,15.6,69.0,False,2024
HAM,Mercedes,45.0,89.438,1.0,710,8.0,SOFT,False,1,,,True,25.0,15.5,73.0,False,2024
NOR,McLaren,45.0,89.635,2.0,711,8.0,SOFT,False,1,,,True,25.0,15.5,73.0,False,2024
VER,Red Bull Racing,45.0,89.137,3.0,712,7.0,HARD,True,1,,,True,25.0,15.5,73.0,False,2024
PIA,McLaren,45.0,89.222,4.0,713,7.0,MEDIUM,True,1,,,True,25.0,15.5,73.0,False,2024
SAI,Ferrari,45.0,89.589,5.0,714,6.0,HARD,True,1,,,True,25.0,15.5,73.0,False,2024
HUL,Haas F1 Team,45.0,90.048,6.0,714,9.0,SOFT,False,1,,,True,25.0,15.5,73.0,False,2024
STR,Aston Martin,45.0,90.025,7.0,715,6.0,MEDIUM,True,1,,,True,25.0,15.5,71.0,False,2024
ALO,Aston Martin,45.0,89.871,8.0,715,7.0,MEDIUM,True,1,,,True,25.0,15.5,71.0,False,2024
ALB,Williams,45.0,90.406,9.0,716,7.0,MEDIUM,True,1,,,True,25.0,15.5,71.0,False,2024
TSU,RB,45.0,91.438,10.0,717,7.0,SOFT,True,1,,,True,25.0,15.5,71.0,False,2024
SAR,Williams,45.0,90.613,11.0,718,7.0,SOFT,True,1,,,True,25.0,15.5,71.0,False,2024
MAG,Haas F1 Team,45.0,91.722,12.0,718,8.0,SOFT,True,1,,,True,25.0,15.5,71.0,False,2024
RIC,RB,45.0,90.955,13.0,719,8.0,SOFT,True,1,,,True,25.0,15.5,71.0,False,2024
BOT,Kick Sauber,45.0,93.159,14.0,720,8.0,SOFT,True,1,,,True,24.9,15.6,69.0,False,2024
LEC,Ferrari,45.0,89.911,15.0,721,8.0,SOFT,True,1,,,True,24.9,15.6,69.0,False,2024
PER,Red Bull Racing,45.0,90.565,16.0,722,8.0,MEDIUM,True,1,,,True,24.9,15.6,69.0,False,2024
OCO,Alpine,45.0,90.952,17.0,723,7.0,MEDIUM,True,1,,,True,24.9,15.6,71.0,False,2024
ZHO,Kick Sauber,45.0,91.36,18.0,723,9.0,SOFT,False,1,,,True,24.9,15.6,71.0,False,2024
HAM,Mercedes,46.0,89.641,1.0,724,9.0,SOFT,False,1,,,True,25.0,15.5,71.0,False,2024
NOR,McLaren,46.0,89.96,2.0,725,9.0,SOFT,False,1,,,True,25.0,15.5,71.0,False,2024
VER,Red Bull Racing,46.0,89.543,3.0,726,8.0,HARD,True,1,,,True,25.0,15.5,71.0,False,2024
PIA,McLaren,46.0,89.233,4.0,727,8.0,MEDIUM,True,1,,,True,25.0,15.5,71.0,False,2024
SAI,Ferrari,46.0,89.588,5.0,728,7.0,HARD,True,1,,,True,24.9,15.6,69.0,False,2024
HUL,Haas F1 Team,46.0,90.185,6.0,728,10.0,SOFT,False,1,,,True,24.9,15.6,69.0,False,2024
STR,Aston Martin,46.0,89.897,7.0,729,7.0,MEDIUM,True,1,,,True,24.9,15.6,69.0,False,2024
ALO,Aston Martin,46.0,89.753,8.0,729,8.0,MEDIUM,True,1,,,True,24.9,15.6,69.0,False,2024
ALB,Williams,46.0,90.234,9.0,730,8.0,MEDIUM,True,1,,,True,24.9,15.6,69.0,False,2024
TSU,RB,46.0,91.688,10.0,731,8.0,SOFT,True,1,,,True,24.9,15.6,69.0,False,2024
SAR,Williams,46.0,90.826,11.0,732,8.0,SOFT,True,1,,,True,24.9,15.6,69.0,False,2024
MAG,Haas F1 Team,46.0,91.131,12.0,732,9.0,SOFT,True,1,,,True,24.9,15.6,69.0,False,2024
RIC,RB,46.0,90.849,13.0,733,9.0,SOFT,True,1,,,True,24.9,15.6,71.0,False,2024
BOT,Kick Sauber,46.0,91.396,14.0,734,9.0,SOFT,True,1,,,True,24.9,15.6,71.0,False,2024
LEC,Ferrari,46.0,90.051,15.0,735,9.0,SOFT,True,1,,,True,24.9,15.6,71.0,False,2024
PER,Red Bull Racing,46.0,90.136,16.0,736,9.0,MEDIUM,True,1,,,True,25.2,15.7,71.0,False,2024
OCO,Alpine,46.0,90.875,17.0,737,8.0,MEDIUM,True,1,,,True,25.2,15.7,71.0,False,2024
ZHO,Kick Sauber,46.0,91.43,18.0,737,10.0,SOFT,False,1,,,True,25.2,15.7,72.0,False,2024
HAM,Mercedes,47.0,89.538,1.0,738,10.0,SOFT,False,1,,,True,24.9,15.6,71.0,False,2024
NOR,McLaren,47.0,89.838,2.0,739,10.0,SOFT,False,1,,,True,24.9,15.6,71.0,False,2024
VER,Red Bull Racing,47.0,89.411,3.0,740,9.0,HARD,True,1,,,True,24.9,15.6,71.0,False,2024
PIA,McLaren,47.0,89.049,4.0,741,9.0,MEDIUM,True,1,,,True,24.9,15.6,71.0,False,2024
SAI,Ferrari,47.0,89.553,5.0,742,8.0,HARD,True,1,,,True,24.9,15.6,71.0,False,2024
HUL,Haas F1 Team,47.0,89.864,6.0,742,11.0,SOFT,False,1,,,True,24.9,15.6,71.0,False,2024
STR,Aston Martin,47.0,89.925,7.0,743,8.0,MEDIUM,True,1,,,True,25.2,15.7,71.0,False,2024
ALO,Aston Martin,47.0,89.71,8.0,743,9.0,MEDIUM,True,1,,,True,25.2,15.7,71.0,False,2024
ALB,Williams,47.0,90.148,9.0,744,9.0,MEDIUM,True,1,,,True,25.2,15.7,71.0,False,2024
TSU,RB,47.0,90.982,10.0,745,9.0,SOFT,True,1,,,True,25.2,15.7,71.0,False,2024
SAR,Williams,47.0,91.25,11.0,746,9.0,SOFT,True,1,,,True,25.2,15.7,71.0,False,2024
MAG,Haas F1 Team,47.0,91.036,12.0,746,10.0,SOFT,True,1,,,True,25.2,15.7,71.0,False,2024
RIC,RB,47.0,90.735,13.0,747,10.0,SOFT,True,1,,,True,25.2,15.7,71.0,False,2024
BOT,Kick Sauber,47.0,91.431,14.0,748,10.0,SOFT,True,1,,,True,25.2,15.7,72.0,False,2024
LEC,Ferrari,47.0,90.289,15.0,749,10.0,SOFT,True,1,,,True,25.2,15.7,72.0,False,2024
PER,Red Bull Racing,47.0,90.795,16.0,750,10.0,MEDIUM,True,1,0 days 02:15:42.430000,,False,25.2,15.7,72.0,False,2024
OCO,Alpine,47.0,93.599,17.0,751,9.0,MEDIUM,True,1,,,True,25.2,15.8,69.0,False,2024
ZHO,Kick Sauber,47.0,91.283,18.0,751,11.0,SOFT,False,1,,,True,25.2,15.8,69.0,False,2024
HAM,Mercedes,48.0,89.579,1.0,752,11.0,SOFT,False,1,,,True,25.2,15.7,71.0,False,2024
VER,Red Bull Racing,48.0,88.952,2.0,753,10.0,HARD,True,1,,,True,25.2,15.7,71.0,False,2024
NOR,McLaren,48.0,90.556,3.0,753,11.0,SOFT,False,1,,,True,25.2,15.7,71.0,False,2024
PIA,McLaren,48.0,89.124,4.0,754,10.0,MEDIUM,True,1,,,True,25.2,15.7,71.0,False,2024
SAI,Ferrari,48.0,89.415,5.0,755,9.0,HARD,True,1,,,True,25.2,15.7,72.0,False,2024
HUL,Haas F1 Team,48.0,90.365,6.0,755,12.0,SOFT,False,1,,,True,25.2,15.7,72.0,False,2024
STR,Aston Martin,48.0,90.237,7.0,756,9.0,MEDIUM,True,1,,,True,25.2,15.7,72.0,False,2024
ALO,Aston Martin,48.0,90.114,8.0,756,10.0,MEDIUM,True,1,,,True,25.2,15.7,72.0,False,2024
ALB,Williams,48.0,90.068,9.0,757,10.0,MEDIUM,True,1,,,True,25.2,15.7,72.0,False,2024
TSU,RB,48.0,91.367,10.0,758,10.0,SOFT,True,1,,,True,25.2,15.7,72.0,False,2024
SAR,Williams,48.0,91.201,11.0,759,10.0,SOFT,True,1,,,True,25.2,15.7,72.0,False,2024
MAG,Haas F1 Team,48.0,90.953,12.0,759,11.0,SOFT,True,1,,,True,25.2,15.8,69.0,False,2024
RIC,RB,48.0,91.109,13.0,760,11.0,SOFT,True,1,,,True,25.2,15.8,69.0,False,2024
BOT,Kick Sauber,48.0,92.006,14.0,761,11.0,SOFT,True,1,,,True,25.2,15.8,69.0,False,2024
LEC,Ferrari,48.0,90.204,15.0,762,11.0,SOFT,True,1,,,True,25.2,15.8,69.0,False,2024
OCO,Alpine,48.0,95.931,16.0,763,10.0,MEDIUM,True,1,,,True,25.4,15.8,69.0,False,2024
PER,Red Bull Racing,48.0,125.507,17.0,764,1.0,SOFT,True,1,,0 days 02:16:11.325000,False,25.4,15.8,69.0,False,2024
ZHO,Kick Sauber,48.0,91.556,18.0,764,12.0,SOFT,False,1,,,True,25.5,15.9,69.0,False,2024
HAM,Mercedes,49.0,89.667,1.0,765,12.0,SOFT,False,1,,,True,25.2,15.8,69.0,False,2024
VER,Red Bull Racing,49.0,89.56,2.0,766,11.0,HARD,True,1,,,True,25.2,15.8,69.0,False,2024
NOR,McLaren,49.0,90.515,3.0,766,12.0,SOFT,False,1,,,True,25.2,15.8,69.0,False,2024
PIA,McLaren,49.0,89.283,4.0,767,11.0,MEDIUM,True,1,,,True,25.2,15.8,69.0,False,2024
SAI,Ferrari,49.0,89.439,5.0,768,10.0,HARD,True,1,,,True,25.2,15.8,69.0,False,2024
HUL,Haas F1 Team,49.0,90.371,6.0,768,13.0,SOFT,False,1,,,True,25.4,15.8,69.0,False,2024
STR,Aston Martin,49.0,89.969,7.0,769,10.0,MEDIUM,True,1,,,True,25.4,15.8,69.0,False,2024
ALO,Aston Martin,49.0,90.7,8.0,769,11.0,MEDIUM,True,1,,,True,25.4,15.8,69.0,False,2024
ALB,Williams,49.0,89.96,9.0,770,11.0,MEDIUM,True,1,,,True,25.4,15.8,69.0,False,2024
TSU,RB,49.0,91.08,10.0,771,11.0,SOFT,True,1,,,True,25.4,15.8,69.0,False,2024
SAR,Williams,49.0,91.175,11.0,772,11.0,SOFT,True,1,,,True,25.4,15.8,69.0,False,2024
MAG,Haas F1 Team,49.0,90.803,12.0,772,12.0,SOFT,True,1,,,True,25.4,15.8,69.0,False,2024
RIC,RB,49.0,92.926,13.0,773,12.0,SOFT,True,1,,,True,25.4,15.8,69.0,False,2024
BOT,Kick Sauber,49.0,91.688,14.0,774,12.0,SOFT,True,1,,,True,25.5,15.9,69.0,False,2024
LEC,Ferrari,49.0,90.929,15.0,775,12.0,SOFT,True,1,,,True,25.5,15.9,69.0,False,2024
OCO,Alpine,49.0,91.06,16.0,776,11.0,MEDIUM,True,1,,,True,25.3,15.9,68.0,False,2024
PER,Red Bull Racing,49.0,97.36,17.0,777,2.0,SOFT,True,1,,,True,25.3,15.9,68.0,False,2024
ZHO,Kick Sauber,49.0,92.504,18.0,777,13.0,SOFT,False,1,,,True,25.3,15.9,68.0,False,2024
HAM,Mercedes,50.0,89.682,1.0,778,13.0,SOFT,False,1,,,True,25.4,15.8,69.0,False,2024
VER,Red Bull Racing,50.0,89.286,2.0,779,12.0,HARD,True,1,,,True,25.4,15.8,69.0,False,2024
NOR,McLaren,50.0,90.544,3.0,779,13.0,SOFT,False,1,,,True,25.4,15.8,69.0,False,2024
PIA,McLaren,50.0,89.958,4.0,780,12.0,MEDIUM,True,1,,,True,25.4,15.8,69.0,False,2024
SAI,Ferrari,50.0,89.434,5.0,781,11.0,HARD,True,1,0 days 02:18:03.383000,,False,25.5,15.9,69.0,False,2024
HUL,Haas F1 Team,50.0,90.47,6.0,781,14.0,SOFT,False,1,,,True,25.5,15.9,69.0,False,2024
STR,Aston Martin,50.0,90.03,7.0,782,11.0,MEDIUM,True,1,,,True,25.5,15.9,69.0,False,2024
ALO,Aston Martin,50.0,90.727,8.0,782,12.0,MEDIUM,True,1,,,True,25.5,15.9,69.0,False,2024
ALB,Williams,50.0,89.828,9.0,783,12.0,MEDIUM,True,1,,,True,25.5,15.9,69.0,False,2024
TSU,RB,50.0,91.407,10.0,784,12.0,SOFT,True,1,,,True,25.5,15.9,69.0,False,2024
SAR,Williams,50.0,91.249,11.0,785,12.0,SOFT,True,1,,,True,25.3,15.9,68.0,False,2024
MAG,Haas F1 Team,50.0,91.143,12.0,785,13.0,SOFT,True,1,,,True,25.3,15.9,68.0,False,2024
RIC,RB,50.0,94.15,13.0,786,13.0,SOFT,True,1,,,True,25.3,15.9,68.0,False,2024
LEC,Ferrari,50.0,90.488,14.0,787,13.0,SOFT,True,1,,,True,25.3,15.9,68.0,False,2024
BOT,Kick Sauber,50.0,92.32,15.0,788,13.0,SOFT,True,1,,,True,25.3,15.9,68.0,False,2024
OCO,Alpine,50.0,91.608,16.0,789,12.0,MEDIUM,True,1,,,True,25.2,15.8,69.0,False,2024
PER,Red Bull Racing,50.0,89.707,17.0,790,3.0,SOFT,True,1,,,True,25.2,15.8,69.0,False,2024
ZHO,Kick Sauber,50.0,91.749,18.0,790,14.0,SOFT,False,1,,,True,24.9,15.8,68.0,False,2024
HAM,Mercedes,51.0,89.743,1.0,791,14.0,SOFT,False,1,,,True,25.3,15.9,68.0,False,2024
VER,Red Bull Racing,51.0,89.443,2.0,792,13.0,HARD,True,1,,,True,25.3,15.9,68.0,False,2024
NOR,McLaren,51.0,90.769,3.0,792,14.0,SOFT,False,1,,,True,25.3,15.9,68.0,False,2024
PIA,McLaren,51.0,88.748,4.0,793,13.0,MEDIUM,True,1,,,True,25.3,15.9,68.0,False,2024
SAI,Ferrari,51.0,112.546,5.0,794,4.0,SOFT,False,1,,0 days 02:18:32.054000,False,25.3,15.9,68.0,False,2024
HUL,Haas F1 Team,51.0,90.696,6.0,794,15.0,SOFT,False,1,,,True,25.2,15.8,69.0,False,2024
STR,Aston Martin,51.0,90.026,7.0,795,12.0,MEDIUM,True,1,,,True,25.2,15.8,69.0,False,2024
ALO,Aston Martin,51.0,90.592,8.0,795,13.0,MEDIUM,True,1,,,True,25.2,15.8,69.0,False,2024
ALB,Williams,51.0,89.916,9.0,796,13.0,MEDIUM,True,1,,,True,25.2,15.8,69.0,False,2024
TSU,RB,51.0,91.529,10.0,797,13.0,SOFT,True,1,,,True,25.2,15.8,69.0,False,2024
SAR,Williams,51.0,91.662,11.0,798,13.0,SOFT,True,1,,,True,25.2,15.8,69.0,False,2024
MAG,Haas F1 Team,51.0,91.469,12.0,798,14.0,SOFT,True,1,,,True,25.2,15.8,69.0,False,2024
RIC,RB,51.0,94.814,13.0,799,14.0,SOFT,True,1,,,True,25.2,15.8,69.0,False,2024
LEC,Ferrari,51.0,91.674,14.0,800,14.0,SOFT,True,1,,,True,24.9,15.8,68.0,False,2024
BOT,Kick Sauber,51.0,92.217,15.0,801,14.0,SOFT,True,1,,,True,24.9,15.8,68.0,False,2024
HAM,Mercedes,52.0,90.146,1.0,801,15.0,SOFT,False,1,,,True,25.2,15.8,69.0,False,2024
VER,Red Bull Racing,52.0,89.089,2.0,802,14.0,HARD,True,1,,,True,25.2,15.8,69.0,False,2024
NOR,McLaren,52.0,90.913,3.0,802,15.0,SOFT,False,1,,,True,25.2,15.8,69.0,False,2024
PIA,McLaren,52.0,89.928,4.0,803,14.0,MEDIUM,True,1,,,True,25.2,15.8,69.0,False,2024
SAI,Ferrari,52.0,88.293,5.0,804,5.0,SOFT,False,1,,,True,24.9,15.8,68.0,False,2024
HUL,Haas F1 Team,52.0,90.847,6.0,804,16.0,SOFT,False,1,,,True,24.9,15.8,68.0,False,2024
STR,Aston Martin,52.0,90.053,7.0,805,13.0,MEDIUM,True,1,,,True,24.9,15.8,68.0,False,2024
ALO,Aston Martin,52.0,91.43,8.0,805,14.0,MEDIUM,True,1,,,True,24.9,15.8,68.0,False,2024
ALB,Williams,52.0,89.718,9.0,806,14.0,MEDIUM,True,1,,,True,24.9,15.8,68.0,False,2024
TSU,RB,52.0,92.09,10.0,807,14.0,SOFT,True,1,,,True,24.9,15.8,68.0,False,2024
SAR,Williams,52.0,92.088,11.0,808,14.0,SOFT,True,1,,,True,24.8,15.8,69.0,False,2024
MAG,Haas F1 Team,52.0,91.982,12.0,808,15.0,SOFT,True,1,,,True,24.8,15.8,69.0,False,2024
VER,Red Bull Racing,1.0,105.82,1.0,1,1.0,INTERMEDIATE,True,12,,,False,24.1,18.3,80.0,False,2025
PIA,McLaren,1.0,106.554,2.0,2,1.0,INTERMEDIATE,True,12,,,False,24.1,18.3,80.0,False,2025
NOR,McLaren,1.0,108.196,3.0,3,1.0,INTERMEDIATE,True,12,,,False,24.1,18.3,80.0,False,2025
HAM,Ferrari,1.0,108.827,4.0,4,1.0,INTERMEDIATE,True,12,,,False,24.1,18.3,80.0,False,2025
GAS,Alpine,1.0,109.058,5.0,5,1.0,INTERMEDIATE,True,12,,,False,24.1,18.3,80.0,False,2025
ALO,Aston Martin,1.0,110.468,6.0,6,1.0,INTERMEDIATE,True,12,,,False,24.1,18.3,80.0,False,2025
SAI,Williams,1.0,111.254,7.0,7,1.0,INTERMEDIATE,True,12,,,False,24.1,18.3,80.0,False,2025
ANT,Mercedes,1.0,111.613,8.0,8,1.0,INTERMEDIATE,True,12,,,False,24.1,18.3,80.0,False,2025
ALB,Williams,1.0,112.18,9.0,9,1.0,INTERMEDIATE,True,12,,,False,24.1,18.3,80.0,False,2025
TSU,Red Bull Racing,1.0,112.897,10.0,10,1.0,INTERMEDIATE,True,12,,,False,24.1,18.3,80.0,False,2025
HUL,Kick Sauber,1.0,113.433,11.0,11,1.0,INTERMEDIATE,True,12,,,False,24.1,18.3,80.0,False,2025
STR,Aston Martin,1.0,114.213,12.0,12,1.0,INTERMEDIATE,True,12,,,False,24.1,18.3,80.0,False,2025
OCO,Haas F1 Team,1.0,114.646,13.0,13,1.0,INTERMEDIATE,True,12,,,False,24.1,18.3,80.0,False,2025
RUS,Mercedes,1.0,130.567,14.0,14,1.0,HARD,True,126,,0 days 00:56:22.315000,False,24.1,18.3,80.0,False,2025
LEC,Ferrari,1.0,131.978,15.0,15,1.0,MEDIUM,True,126,,0 days 00:56:24.191000,False,24.5,18.5,82.0,False,2025
HAD,Racing Bulls,1.0,133.171,16.0,16,1.0,MEDIUM,True,126,,0 days 00:56:24.826000,False,24.5,18.5,82.0,False,2025
BOR,Kick Sauber,1.0,135.202,17.0,17,1.0,MEDIUM,True,126,,0 days 00:56:25.786000,False,24.5,18.5,82.0,False,2025
BEA,Haas F1 Team,1.0,136.342,18.0,18,1.0,HARD,True,126,,0 days 00:56:26.410000,False,24.5,18.5,82.0,False,2025
VER,Red Bull Racing,2.0,135.598,1.0,18,2.0,INTERMEDIATE,True,26,,,False,24.5,18.5,78.0,False,2025
PIA,McLaren,2.0,135.131,2.0,19,2.0,INTERMEDIATE,True,26,,,False,24.5,18.5,78.0,False,2025
NOR,McLaren,2.0,136.245,3.0,20,2.0,INTERMEDIATE,True,26,,,False,24.5,18.5,78.0,False,2025
ANT,Mercedes,2.0,133.229,4.0,21,2.0,INTERMEDIATE,True,26,0 days 01:00:08.067000,,False,24.5,18.5,78.0,False,2025
HAM,Ferrari,2.0,137.611,5.0,22,2.0,INTERMEDIATE,True,26,,,False,24.5,18.5,78.0,False,2025
GAS,Alpine,2.0,138.221,6.0,23,2.0,INTERMEDIATE,True,26,,,False,24.5,18.5,78.0,False,2025
ALO,Aston Martin,2.0,137.676,7.0,24,2.0,INTERMEDIATE,True,26,,,False,24.5,18.5,78.0,False,2025
SAI,Williams,2.0,138.077,8.0,25,2.0,INTERMEDIATE,True,26,,,False,24.5,18.5,78.0,False,2025
ALB,Williams,2.0,138.765,9.0,26,2.0,INTERMEDIATE,True,26,,,False,24.5,18.4,80.0,False,2025
TSU,Red Bull Racing,2.0,138.902,10.0,27,2.0,INTERMEDIATE,True,26,,,False,24.5,18.4,80.0,False,2025
HUL,Kick Sauber,2.0,139.63,11.0,28,2.0,INTERMEDIATE,True,26,,,False,24.5,18.4,80.0,False,2025
STR,Aston Martin,2.0,139.999,12.0,29,2.0,INTERMEDIATE,True,26,,,False,24.5,18.4,80.0,False,2025
OCO,Haas F1 Team,2.0,140.933,13.0,30,2.0,INTERMEDIATE,True,26,,,False,24.5,18.4,80.0,False,2025
RUS,Mercedes,2.0,136.938,14.0,31,2.0,HARD,True,6,,,False,24.5,18.4,80.0,False,2025
LEC,Ferrari,2.0,137.868,15.0,32,2.0,MEDIUM,True,6,,,False,24.5,18.4,80.0,False,2025
HAD,Racing Bulls,2.0,138.715,16.0,33,2.0,MEDIUM,True,6,,,False,24.5,18.4,80.0,False,2025
BOR,Kick Sauber,2.0,137.78,17.0,34,2.0,MEDIUM,True,6,,,False,24.5,18.4,80.0,False,2025
BEA,Haas F1 Team,2.0,137.12,18.0,35,2.0,HARD,True,6,,,False,24.5,18.4,80.0,False,2025
VER,Red Bull Racing,3.0,137.357,1.0,35,3.0,INTERMEDIATE,True,6,,,False,24.8,18.6,78.0,False,2025
PIA,McLaren,3.0,137.795,2.0,36,3.0,INTERMEDIATE,True,6,,,False,24.8,18.6,78.0,False,2025
NOR,McLaren,3.0,137.443,3.0,37,3.0,INTERMEDIATE,True,6,,,False,24.8,18.6,78.0,False,2025
HAM,Ferrari,3.0,136.362,4.0,38,3.0,INTERMEDIATE,True,6,,,False,24.8,18.6,78.0,False,2025
GAS,Alpine,3.0,137.418,5.0,39,3.0,INTERMEDIATE,True,6,,,False,24.8,18.6,78.0,False,2025
ALO,Aston Martin,3.0,137.227,6.0,40,3.0,INTERMEDIATE,True,6,,,False,24.8,18.6,78.0,False,2025
SAI,Williams,3.0,137.24,7.0,41,3.0,INTERMEDIATE,True,6,,,False,24.8,18.6,78.0,False,2025
ALB,Williams,3.0,136.656,8.0,42,3.0,INTERMEDIATE,True,6,,,False,24.8,18.6,78.0,False,2025
TSU,Red Bull Racing,3.0,136.524,9.0,43,3.0,INTERMEDIATE,True,67,,,False,24.8,18.6,78.0,False,2025
HUL,Kick Sauber,3.0,135.863,10.0,44,3.0,INTERMEDIATE,True,67,,,False,24.8,18.6,78.0,False,2025
STR,Aston Martin,3.0,135.927,11.0,45,3.0,INTERMEDIATE,True,67,,,False,24.8,18.6,78.0,False,2025
OCO,Haas F1 Team,3.0,135.573,12.0,46,3.0,INTERMEDIATE,True,67,,,False,24.8,18.6,78.0,False,2025
RUS,Mercedes,3.0,136.427,14.0,47,3.0,HARD,True,671,,,False,24.8,18.6,78.0,False,2025
LEC,Ferrari,3.0,135.872,15.0,48,3.0,MEDIUM,True,671,,,False,24.8,18.6,78.0,False,2025
HAD,Racing Bulls,3.0,135.981,16.0,49,3.0,MEDIUM,True,671,,,False,24.8,18.6,78.0,False,2025
BOR,Kick Sauber,3.0,136.121,17.0,50,3.0,MEDIUM,True,671,,,False,24.8,18.6,78.0,False,2025
BEA,Haas F1 Team,3.0,137.209,18.0,51,3.0,HARD,True,671,,,False,24.8,18.6,78.0,False,2025
VER,Red Bull Racing,4.0,105.568,1.0,51,4.0,INTERMEDIATE,True,6712,,,False,24.8,18.7,75.0,False,2025
PIA,McLaren,4.0,105.828,2.0,52,4.0,INTERMEDIATE,True,6712,,,False,24.8,18.7,75.0,False,2025
NOR,McLaren,4.0,105.751,3.0,53,4.0,INTERMEDIATE,True,6712,,,False,24.8,18.7,75.0,False,2025
HAM,Ferrari,4.0,106.333,4.0,54,4.0,INTERMEDIATE,True,6712,,,False,24.8,18.7,75.0,False,2025
GAS,Alpine,4.0,105.466,5.0,55,4.0,INTERMEDIATE,True,6712,,,False,24.8,18.7,75.0,False,2025
ALO,Aston Martin,4.0,105.678,6.0,56,4.0,INTERMEDIATE,True,6712,,,False,24.9,18.6,75.0,False,2025
SAI,Williams,4.0,106.016,7.0,57,4.0,INTERMEDIATE,True,6712,,,False,24.9,18.6,75.0,False,2025
ALB,Williams,4.0,105.774,8.0,58,4.0,INTERMEDIATE,True,6712,,,False,24.9,18.6,75.0,False,2025
TSU,Red Bull Racing,4.0,106.058,9.0,59,4.0,INTERMEDIATE,True,712,,,False,24.9,18.6,75.0,False,2025
HUL,Kick Sauber,4.0,106.563,10.0,60,4.0,INTERMEDIATE,True,712,,,False,24.9,18.6,75.0,False,2025
STR,Aston Martin,4.0,106.197,11.0,61,4.0,INTERMEDIATE,True,712,,,False,24.9,18.6,75.0,False,2025
OCO,Haas F1 Team,4.0,106.266,12.0,62,4.0,INTERMEDIATE,True,712,,,False,24.9,18.6,75.0,False,2025
ANT,Mercedes,4.0,115.035,13.0,63,2.0,HARD,True,712,,,False,24.9,18.6,75.0,False,2025
RUS,Mercedes,4.0,111.418,14.0,63,4.0,HARD,True,12,,,True,24.9,18.6,75.0,False,2025
LEC,Ferrari,4.0,112.993,15.0,64,4.0,MEDIUM,True,12,,,True,24.9,18.6,75.0,False,2025
HAD,Racing Bulls,4.0,113.542,16.0,65,4.0,MEDIUM,True,12,,,True,24.9,18.6,75.0,False,2025
BEA,Haas F1 Team,4.0,111.955,17.0,66,4.0,HARD,True,12,,,True,24.9,18.6,75.0,False,2025
VER,Red Bull Racing,5.0,104.809,1.0,66,5.0,INTERMEDIATE,True,126,,,False,24.9,18.6,75.0,False,2025
PIA,McLaren,5.0,104.455,2.0,67,5.0,INTERMEDIATE,True,126,,,False,24.9,18.6,75.0,False,2025
NOR,McLaren,5.0,105.033,3.0,68,5.0,INTERMEDIATE,True,126,,,False,24.9,18.6,75.0,False,2025
HAM,Ferrari,5.0,107.677,4.0,69,5.0,INTERMEDIATE,True,126,,,False,24.9,18.6,75.0,False,2025
GAS,Alpine,5.0,108.978,5.0,70,5.0,INTERMEDIATE,True,126,,,False,24.9,18.6,75.0,False,2025
ALO,Aston Martin,5.0,109.536,6.0,71,5.0,INTERMEDIATE,True,126,,,False,24.9,18.6,75.0,False,2025
SAI,Williams,5.0,110.644,7.0,72,5.0,INTERMEDIATE,True,126,,,False,24.9,18.6,75.0,False,2025
ALB,Williams,5.0,110.861,8.0,73,5.0,INTERMEDIATE,True,126,,,False,24.9,18.6,75.0,False,2025
TSU,Red Bull Racing,5.0,111.106,9.0,74,5.0,INTERMEDIATE,True,126,,,False,24.9,18.6,75.0,False,2025
HUL,Kick Sauber,5.0,111.575,10.0,75,5.0,INTERMEDIATE,True,126,,,False,24.9,18.6,75.0,False,2025
STR,Aston Martin,5.0,111.895,11.0,76,5.0,INTERMEDIATE,True,126,,,False,24.9,18.6,75.0,False,2025
OCO,Haas F1 Team,5.0,112.165,12.0,77,5.0,INTERMEDIATE,True,126,,,False,24.9,18.6,75.0,False,2025
RUS,Mercedes,5.0,115.425,13.0,78,5.0,HARD,True,126,,,False,25.2,18.8,77.0,False,2025
ANT,Mercedes,5.0,121.805,14.0,79,3.0,HARD,True,126,,,False,25.2,18.8,77.0,False,2025
LEC,Ferrari,5.0,118.458,15.0,79,5.0,MEDIUM,True,126,,,False,25.2,18.8,77.0,False,2025
HAD,Racing Bulls,5.0,119.848,16.0,80,5.0,MEDIUM,True,126,,,False,25.2,18.8,77.0,False,2025
BEA,Haas F1 Team,5.0,120.293,17.0,81,5.0,HARD,True,126,,,False,25.2,18.8,77.0,False,2025
VER,Red Bull Racing,6.0,139.789,1.0,81,6.0,INTERMEDIATE,True,6,,,False,25.0,19.1,74.0,False,2025
PIA,McLaren,6.0,139.626,2.0,82,6.0,INTERMEDIATE,True,6,,,False,25.0,19.1,74.0,False,2025
NOR,McLaren,6.0,139.233,3.0,83,6.0,INTERMEDIATE,True,6,,,False,24.4,19.1,75.0,False,2025
HAM,Ferrari,6.0,136.745,4.0,84,6.0,INTERMEDIATE,True,6,,,False,24.4,19.1,75.0,False,2025
GAS,Alpine,6.0,136.266,5.0,85,6.0,INTERMEDIATE,True,6,,,False,24.4,19.1,75.0,False,2025
ALO,Aston Martin,6.0,136.643,6.0,86,6.0,INTERMEDIATE,True,6,,,False,24.4,19.1,75.0,False,2025
SAI,Williams,6.0,135.577,7.0,87,6.0,INTERMEDIATE,True,6,,,False,24.4,19.1,75.0,False,2025
STR,Aston Martin,6.0,131.987,8.0,88,6.0,INTERMEDIATE,True,6,0 days 01:08:23.537000,,False,24.4,19.1,75.0,False,2025
ALB,Williams,6.0,136.208,9.0,89,6.0,INTERMEDIATE,True,6,,,False,24.4,19.1,75.0,False,2025
TSU,Red Bull Racing,6.0,135.867,10.0,90,6.0,INTERMEDIATE,True,6,,,False,24.4,19.1,75.0,False,2025
HUL,Kick Sauber,6.0,136.14,11.0,91,6.0,INTERMEDIATE,True,6,,,False,24.4,19.1,75.0,False,2025
OCO,Haas F1 Team,6.0,135.737,12.0,92,6.0,INTERMEDIATE,True,6,,,False,24.4,19.1,75.0,False,2025
RUS,Mercedes,6.0,137.488,13.0,93,6.0,HARD,True,6,,,False,24.4,19.1,75.0,False,2025
ANT,Mercedes,6.0,135.762,14.0,94,4.0,HARD,True,6,,,False,24.4,19.1,75.0,False,2025
LEC,Ferrari,6.0,137.909,15.0,94,6.0,MEDIUM,True,6,,,False,24.4,19.1,75.0,False,2025
HAD,Racing Bulls,6.0,137.761,16.0,95,6.0,MEDIUM,True,6,,,False,24.4,19.1,75.0,False,2025
BEA,Haas F1 Team,6.0,137.467,17.0,96,6.0,HARD,True,6,,,False,24.4,19.1,75.0,False,2025
VER,Red Bull Racing,7.0,122.547,1.0,96,7.0,INTERMEDIATE,True,671,,,False,24.0,19.2,74.0,False,2025
PIA,McLaren,7.0,122.77,2.0,97,7.0,INTERMEDIATE,True,671,,,False,24.0,19.2,74.0,False,2025
NOR,McLaren,7.0,123.224,3.0,98,7.0,INTERMEDIATE,True,671,,,False,24.0,19.2,74.0,False,2025
HAM,Ferrari,7.0,124.009,4.0,99,7.0,INTERMEDIATE,True,671,,,False,24.0,19.2,74.0,False,2025
GAS,Alpine,7.0,123.029,5.0,100,7.0,INTERMEDIATE,True,671,,,False,24.0,19.2,74.0,False,2025
ALO,Aston Martin,7.0,122.063,6.0,101,7.0,INTERMEDIATE,True,671,,,False,24.0,19.2,74.0,False,2025
SAI,Williams,7.0,122.205,7.0,102,7.0,INTERMEDIATE,True,671,,,False,24.0,19.2,74.0,False,2025
ALB,Williams,7.0,121.594,8.0,103,7.0,INTERMEDIATE,True,671,,,False,24.0,19.2,74.0,False,2025
TSU,Red Bull Racing,7.0,122.043,9.0,104,7.0,INTERMEDIATE,True,671,,,False,24.0,19.2,74.0,False,2025
HUL,Kick Sauber,7.0,121.737,10.0,105,7.0,INTERMEDIATE,True,671,,,False,24.0,19.2,74.0,False,2025
OCO,Haas F1 Team,7.0,121.435,11.0,106,7.0,INTERMEDIATE,True,671,,,False,24.0,19.2,74.0,False,2025
STR,Aston Martin,7.0,131.823,12.0,107,1.0,SOFT,True,671,,0 days 01:08:52.659000,False,24.0,19.2,74.0,False,2025
RUS,Mercedes,7.0,113.675,13.0,107,7.0,HARD,True,671,,,False,24.0,19.2,74.0,False,2025
ANT,Mercedes,7.0,115.536,14.0,108,5.0,HARD,True,671,,,False,24.0,19.2,74.0,False,2025
LEC,Ferrari,7.0,112.542,15.0,108,7.0,MEDIUM,True,671,,,False,24.0,19.2,74.0,False,2025
HAD,Racing Bulls,7.0,111.751,16.0,109,7.0,MEDIUM,True,671,,,False,24.0,19.2,74.0,False,2025
BEA,Haas F1 Team,7.0,111.212,17.0,110,7.0,HARD,True,671,,,False,24.0,19.2,74.0,False,2025
PIA,McLaren,8.0,104.171,1.0,110,8.0,INTERMEDIATE,True,1,,,True,24.2,19.2,75.0,False,2025
VER,Red Bull Racing,8.0,105.834,2.0,111,8.0,INTERMEDIATE,True,1,,,True,24.2,19.2,75.0,False,2025
NOR,McLaren,8.0,104.869,3.0,112,8.0,INTERMEDIATE,True,1,,,True,24.2,19.2,75.0,False,2025
HAM,Ferrari,8.0,106.102,4.0,113,8.0,INTERMEDIATE,True,1,,,True,24.2,19.2,75.0,False,2025
GAS,Alpine,8.0,106.083,5.0,114,8.0,INTERMEDIATE,True,1,,,True,24.2,19.2,75.0,False,2025
ALO,Aston Martin,8.0,106.42,6.0,115,8.0,INTERMEDIATE,True,1,,,True,24.2,19.2,75.0,False,2025
SAI,Williams,8.0,106.227,7.0,116,8.0,INTERMEDIATE,True,1,,,True,24.2,19.2,75.0,False,2025
ALB,Williams,8.0,106.496,8.0,117,8.0,INTERMEDIATE,True,1,,,True,24.2,19.2,75.0,False,2025
TSU,Red Bull Racing,8.0,106.957,9.0,118,8.0,INTERMEDIATE,True,1,,,True,24.2,19.2,75.0,False,2025
HUL,Kick Sauber,8.0,106.517,10.0,119,8.0,INTERMEDIATE,True,1,,,True,24.8,19.2,74.0,False,2025
OCO,Haas F1 Team,8.0,107.293,11.0,120,8.0,INTERMEDIATE,True,1,,,True,24.8,19.2,74.0,False,2025
STR,Aston Martin,8.0,103.353,12.0,121,2.0,SOFT,True,1,,,True,24.8,19.2,74.0,False,2025
RUS,Mercedes,8.0,101.287,13.0,121,8.0,HARD,True,1,,,True,24.8,19.2,74.0,False,2025
ANT,Mercedes,8.0,105.576,14.0,122,6.0,HARD,True,1,,,True,24.8,19.2,74.0,False,2025
LEC,Ferrari,8.0,104.73,15.0,122,8.0,MEDIUM,True,1,,,True,24.8,19.2,74.0,False,2025
HAD,Racing Bulls,8.0,103.759,16.0,123,8.0,MEDIUM,True,1,,,True,24.8,19.2,74.0,False,2025
BEA,Haas F1 Team,8.0,104.011,17.0,124,8.0,HARD,True,1,,,True,24.8,19.2,74.0,False,2025
PIA,McLaren,9.0,104.393,1.0,124,9.0,INTERMEDIATE,True,1,,,True,24.8,19.2,74.0,False,2025
VER,Red Bull Racing,9.0,106.326,2.0,125,9.0,INTERMEDIATE,True,1,,,True,24.8,19.2,74.0,False,2025
NOR,McLaren,9.0,105.595,3.0,126,9.0,INTERMEDIATE,True,1,,,True,24.8,19.2,74.0,False,2025
HAM,Ferrari,9.0,108.049,4.0,127,9.0,INTERMEDIATE,True,1,,,True,24.8,19.2,74.0,False,2025
GAS,Alpine,9.0,107.962,5.0,128,9.0,INTERMEDIATE,True,1,,,True,24.8,19.2,74.0,False,2025
ALO,Aston Martin,9.0,107.569,6.0,129,9.0,INTERMEDIATE,True,1,,,True,24.8,19.2,74.0,False,2025
SAI,Williams,9.0,107.819,7.0,130,9.0,INTERMEDIATE,True,1,,,True,24.8,19.2,74.0,False,2025
HUL,Kick Sauber,9.0,105.879,8.0,131,9.0,INTERMEDIATE,True,1,0 days 01:14:00.711000,,False,24.8,19.2,74.0,False,2025
ALB,Williams,9.0,108.888,9.0,132,9.0,INTERMEDIATE,True,1,,,True,24.8,19.2,74.0,False,2025
TSU,Red Bull Racing,9.0,109.0,10.0,133,9.0,INTERMEDIATE,True,1,,,True,24.8,19.2,74.0,False,2025
STR,Aston Martin,9.0,104.912,11.0,134,3.0,SOFT,True,1,,,True,24.8,19.2,74.0,False,2025
OCO,Haas F1 Team,9.0,109.361,12.0,134,9.0,INTERMEDIATE,True,1,,,True,24.8,19.2,74.0,False,2025
RUS,Mercedes,9.0,101.503,13.0,135,9.0,HARD,True,1,,,True,24.8,19.2,74.0,False,2025
ANT,Mercedes,9.0,99.336,14.0,136,7.0,HARD,True,1,0 days 01:14:14.745000,,False,24.3,19.2,72.0,False,2025
LEC,Ferrari,9.0,100.941,15.0,136,9.0,MEDIUM,True,1,,,True,24.3,19.2,72.0,False,2025
HAD,Racing Bulls,9.0,101.705,16.0,137,9.0,MEDIUM,True,1,,,True,24.3,19.2,72.0,False,2025
BEA,Haas F1 Team,9.0,102.431,17.0,138,9.0,HARD,True,1,,,True,24.3,19.2,72.0,False,2025
PIA,McLaren,10.0,104.89,1.0,138,10.0,INTERMEDIATE,True,1,,,True,24.1,19.0,74.0,False,2025
VER,Red Bull Racing,10.0,106.432,2.0,139,10.0,INTERMEDIATE,True,1,,,True,24.1,19.0,74.0,False,2025
NOR,McLaren,10.0,105.857,3.0,140,10.0,INTERMEDIATE,True,1,,,True,24.1,19.0,74.0,False,2025
HAM,Ferrari,10.0,108.242,4.0,141,10.0,INTERMEDIATE,True,1,,,True,24.1,19.0,74.0,False,2025
STR,Aston Martin,10.0,100.708,5.0,142,4.0,SOFT,True,1,0 days 01:15:44.281000,,False,24.1,19.0,74.0,False,2025
GAS,Alpine,10.0,108.953,6.0,142,10.0,INTERMEDIATE,True,1,,,True,24.1,19.0,74.0,False,2025
ALO,Aston Martin,10.0,108.951,7.0,143,10.0,INTERMEDIATE,True,1,,,True,24.1,19.0,74.0,False,2025
SAI,Williams,10.0,108.531,8.0,144,10.0,INTERMEDIATE,True,1,,,True,24.1,19.0,74.0,False,2025
ALB,Williams,10.0,109.218,9.0,145,10.0,INTERMEDIATE,True,1,,,True,24.1,19.0,74.0,False,2025
RUS,Mercedes,10.0,102.417,10.0,146,10.0,HARD,True,1,0 days 01:15:50.497000,,False,24.1,19.0,74.0,False,2025
TSU,Red Bull Racing,10.0,110.083,11.0,147,10.0,INTERMEDIATE,True,1,,,True,24.1,19.0,74.0,False,2025
OCO,Haas F1 Team,10.0,109.77,12.0,148,10.0,INTERMEDIATE,True,1,,,True,24.1,19.0,74.0,False,2025
LEC,Ferrari,10.0,100.092,13.0,149,10.0,MEDIUM,True,1,0 days 01:15:56.680000,,False,24.1,19.0,74.0,False,2025
HAD,Racing Bulls,10.0,102.691,14.0,150,10.0,MEDIUM,True,1,0 days 01:16:02.226000,,False,24.1,19.0,74.0,False,2025
BEA,Haas F1 Team,10.0,103.208,15.0,151,10.0,HARD,True,1,0 days 01:16:04.657000,,False,24.1,19.0,74.0,False,2025
HUL,Kick Sauber,10.0,124.672,16.0,152,1.0,INTERMEDIATE,True,1,,0 days 01:14:30.446000,False,24.1,19.0,74.0,False,2025
ANT,Mercedes,10.0,125.979,17.0,153,1.0,INTERMEDIATE,True,1,,0 days 01:14:43.467000,False,24.0,19.0,74.0,True,2025
PIA,McLaren,11.0,105.937,1.0,153,11.0,INTERMEDIATE,True,1,0 days 01:17:14.916000,,False,23.3,18.9,73.0,True,2025
NOR,McLaren,11.0,107.735,2.0,154,11.0,INTERMEDIATE,True,1,0 days 01:17:22.431000,,False,23.3,18.9,73.0,True,2025
VER,Red Bull Racing,11.0,110.497,3.0,155,11.0,INTERMEDIATE,True,1,0 days 01:17:23.948000,,False,23.3,18.9,73.0,True,2025
HAM,Ferrari,11.0,109.484,4.0,156,11.0,INTERMEDIATE,True,1,0 days 01:17:32.787000,,False,23.3,18.9,73.0,True,2025
GAS,Alpine,11.0,109.24,5.0,157,11.0,INTERMEDIATE,True,1,0 days 01:17:34.025000,,False,23.3,18.9,73.0,True,2025
ALO,Aston Martin,11.0,109.478,6.0,158,11.0,INTERMEDIATE,True,1,0 days 01:17:35.022000,,False,23.3,18.9,73.0,True,2025
SAI,Williams,11.0,109.688,7.0,159,11.0,INTERMEDIATE,True,1,0 days 01:17:36.614000,,False,23.3,18.9,73.0,True,2025
ALB,Williams,11.0,111.991,8.0,160,11.0,INTERMEDIATE,True,1,,,True,23.3,18.9,73.0,True,2025
TSU,Red Bull Racing,11.0,111.245,9.0,161,11.0,INTERMEDIATE,True,1,0 days 01:17:43.967000,,False,23.3,18.9,73.0,True,2025
OCO,Haas F1 Team,11.0,111.866,10.0,162,11.0,INTERMEDIATE,True,1,,,True,23.3,18.9,73.0,True,2025
STR,Aston Martin,11.0,126.264,11.0,163,1.0,INTERMEDIATE,True,1,,0 days 01:16:13.146000,False,23.3,18.9,73.0,True,2025
HUL,Kick Sauber,11.0,105.789,12.0,163,2.0,INTERMEDIATE,True,1,,,True,23.3,18.9,73.0,True,2025
RUS,Mercedes,11.0,124.881,13.0,164,1.0,INTERMEDIATE,True,1,,0 days 01:16:19.162000,False,23.3,18.9,73.0,True,2025
LEC,Ferrari,11.0,128.576,14.0,165,1.0,INTERMEDIATE,True,1,,0 days 01:16:25.769000,False,23.3,18.9,73.0,True,2025
ANT,Mercedes,11.0,108.439,15.0,165,2.0,INTERMEDIATE,True,1,,,True,23.3,18.9,73.0,True,2025
HAD,Racing Bulls,11.0,129.977,16.0,166,1.0,INTERMEDIATE,True,1,,0 days 01:16:30.859000,False,23.3,18.9,73.0,True,2025
BEA,Haas F1 Team,11.0,128.816,17.0,167,1.0,INTERMEDIATE,True,1,,0 days 01:16:33.749000,False,23.3,18.9,73.0,True,2025
PIA,McLaren,12.0,126.15,1.0,168,1.0,INTERMEDIATE,True,1,,0 days 01:17:44.304000,False,21.5,18.5,72.0,True,2025
VER,Red Bull Racing,12.0,126.914,2.0,169,1.0,INTERMEDIATE,True,1,,0 days 01:17:52.088000,False,21.5,18.5,72.0,True,2025
ALB,Williams,12.0,109.68,3.0,169,12.0,INTERMEDIATE,True,1,0 days 01:19:31.664000,,False,21.5,18.5,72.0,True,2025
NOR,McLaren,12.0,130.451,4.0,170,1.0,INTERMEDIATE,True,1,,0 days 01:17:53.064000,False,21.5,18.5,72.0,True,2025
STR,Aston Martin,12.0,107.154,5.0,170,2.0,INTERMEDIATE,True,1,,,True,21.5,18.5,72.0,True,2025
HUL,Kick Sauber,12.0,107.347,6.0,170,3.0,INTERMEDIATE,True,1,,,True,21.5,18.5,72.0,True,2025
OCO,Haas F1 Team,12.0,110.786,7.0,170,12.0,INTERMEDIATE,True,1,,,True,21.5,18.5,72.0,True,2025
HAM,Ferrari,12.0,127.044,8.0,171,1.0,INTERMEDIATE,True,1,,0 days 01:18:01.672000,False,21.5,18.5,72.0,True,2025
GAS,Alpine,12.0,127.003,9.0,172,1.0,INTERMEDIATE,True,1,,0 days 01:18:02.828000,False,21.5,18.5,72.0,True,2025
ALO,Aston Martin,12.0,127.516,10.0,173,1.0,INTERMEDIATE,True,1,,0 days 01:18:03.719000,False,21.5,18.5,72.0,True,2025
RUS,Mercedes,12.0,107.571,11.0,173,2.0,INTERMEDIATE,True,1,,,True,21.5,18.5,72.0,True,2025
SAI,Williams,12.0,128.134,12.0,174,1.0,INTERMEDIATE,True,1,,0 days 01:18:06.125000,False,21.5,18.5,72.0,True,2025
TSU,Red Bull Racing,12.0,128.361,13.0,175,1.0,INTERMEDIATE,True,1,,0 days 01:18:12.578000,False,21.5,18.5,72.0,True,2025
LEC,Ferrari,12.0,108.142,14.0,175,2.0,INTERMEDIATE,True,1,,,True,21.5,18.5,72.0,True,2025
ANT,Mercedes,12.0,107.009,15.0,175,3.0,INTERMEDIATE,True,1,,,True,21.5,18.5,72.0,True,2025
HAD,Racing Bulls,12.0,108.339,16.0,176,2.0,INTERMEDIATE,True,1,,,True,21.5,18.5,72.0,True,2025
BEA,Haas F1 Team,12.0,108.51,17.0,177,2.0,INTERMEDIATE,True,1,,,True,21.5,18.5,72.0,True,2025
PIA,McLaren,13.0,107.585,1.0,178,2.0,INTERMEDIATE,True,1,,,True,21.0,18.1,74.0,True,2025
VER,Red Bull Racing,13.0,111.224,2.0,179,2.0,INTERMEDIATE,True,12,,,True,20.5,17.8,77.0,True,2025
NOR,McLaren,13.0,109.605,3.0,180,2.0,INTERMEDIATE,True,12,,,True,20.5,17.8,77.0,True,2025
STR,Aston Martin,13.0,112.134,4.0,180,3.0,INTERMEDIATE,True,124,,,False,20.5,17.8,77.0,True,2025
HUL,Kick Sauber,13.0,113.815,5.0,180,4.0,INTERMEDIATE,True,124,,,False,20.5,17.8,77.0,True,2025
GAS,Alpine,13.0,115.838,6.0,181,2.0,INTERMEDIATE,True,124,,,False,20.5,17.8,77.0,True,2025
OCO,Haas F1 Team,13.0,120.169,7.0,181,13.0,INTERMEDIATE,True,124,,,False,20.5,17.8,77.0,True,2025
HAM,Ferrari,13.0,120.754,8.0,182,2.0,INTERMEDIATE,True,124,,,False,20.5,17.8,77.0,True,2025
RUS,Mercedes,13.0,119.779,9.0,182,3.0,INTERMEDIATE,True,124,,,False,20.5,17.8,77.0,True,2025
ALO,Aston Martin,13.0,122.342,10.0,183,2.0,INTERMEDIATE,True,124,,,False,20.5,17.8,77.0,True,2025
SAI,Williams,13.0,123.101,11.0,184,2.0,INTERMEDIATE,True,124,,,False,20.5,17.8,77.0,True,2025
ALB,Williams,13.0,138.76,12.0,185,1.0,INTERMEDIATE,True,124,,0 days 01:20:00.918000,False,20.5,17.8,77.0,True,2025
TSU,Red Bull Racing,13.0,119.762,13.0,185,2.0,INTERMEDIATE,True,124,,,False,20.5,17.8,77.0,True,2025
LEC,Ferrari,13.0,120.583,14.0,185,3.0,INTERMEDIATE,True,124,,,False,20.5,17.8,77.0,True,2025
ANT,Mercedes,13.0,118.898,15.0,185,4.0,INTERMEDIATE,True,124,,,False,20.5,17.8,77.0,True,2025
HAD,Racing Bulls,13.0,117.216,16.0,186,3.0,INTERMEDIATE,True,124,,,False,20.5,17.8,77.0,True,2025
BEA,Haas F1 Team,13.0,118.712,17.0,187,3.0,INTERMEDIATE,True,124,,,False,20.5,17.8,77.0,True,2025
PIA,McLaren,14.0,135.81,1.0,188,3.0,INTERMEDIATE,True,124,,,False,20.0,17.1,80.0,True,2025
VER,Red Bull Racing,14.0,136.82,2.0,189,3.0,INTERMEDIATE,True,14,,,False,20.0,17.1,80.0,True,2025
NOR,McLaren,14.0,138.86,3.0,190,3.0,INTERMEDIATE,True,14,,,False,20.0,17.1,80.0,True,2025
STR,Aston Martin,14.0,138.76,4.0,190,4.0,INTERMEDIATE,True,4,,,False,20.0,17.1,80.0,True,2025
HUL,Kick Sauber,14.0,138.607,5.0,190,5.0,INTERMEDIATE,True,4,,,False,20.0,17.1,80.0,True,2025
GAS,Alpine,14.0,136.634,6.0,191,3.0,INTERMEDIATE,True,4,,,False,20.0,17.1,80.0,True,2025
OCO,Haas F1 Team,14.0,136.497,7.0,191,14.0,INTERMEDIATE,True,4,,,False,20.0,17.1,80.0,True,2025
HAM,Ferrari,14.0,136.623,8.0,192,3.0,INTERMEDIATE,True,4,,,False,20.0,17.1,80.0,True,2025
RUS,Mercedes,14.0,137.864,9.0,192,4.0,INTERMEDIATE,True,4,,,False,20.0,17.1,80.0,True,2025
ALO,Aston Martin,14.0,136.573,10.0,193,3.0,INTERMEDIATE,True,4,,,False,20.0,17.1,80.0,True,2025
SAI,Williams,14.0,135.643,11.0,194,3.0,INTERMEDIATE,True,4,,,False,20.0,17.1,80.0,True,2025
ALB,Williams,14.0,133.691,12.0,195,2.0,INTERMEDIATE,True,4,,,False,20.0,17.1,80.0,True,2025
TSU,Red Bull Racing,14.0,133.549,13.0,195,3.0,INTERMEDIATE,True,4,,,False,20.0,17.1,80.0,True,2025
LEC,Ferrari,14.0,135.37,14.0,195,4.0,INTERMEDIATE,True,4,,,False,20.0,17.1,80.0,True,2025
ANT,Mercedes,14.0,136.49,15.0,195,5.0,INTERMEDIATE,True,4,,,False,20.0,17.1,80.0,True,2025
HAD,Racing Bulls,14.0,136.377,16.0,196,4.0,INTERMEDIATE,True,4,,,False,20.0,16.7,82.0,True,2025
BEA,Haas F1 Team,14.0,136.851,17.0,197,4.0,INTERMEDIATE,True,4,,,False,20.0,16.7,82.0,True,2025
GAS,Alpine,15.0,148.486,6.0,198,4.0,INTERMEDIATE,True,4,,,False,20.3,16.3,84.0,True,2025
OCO,Haas F1 Team,15.0,147.377,7.0,198,15.0,INTERMEDIATE,True,4,,,False,20.3,16.3,84.0,True,2025
HAM,Ferrari,15.0,146.802,8.0,199,4.0,INTERMEDIATE,True,4,,,False,20.3,16.3,84.0,True,2025
RUS,Mercedes,15.0,144.561,9.0,199,5.0,INTERMEDIATE,True,4,,,False,20.3,16.3,84.0,True,2025
ALO,Aston Martin,15.0,144.268,10.0,200,4.0,INTERMEDIATE,True,4,,,False,20.3,16.3,84.0,True,2025
SAI,Williams,15.0,144.702,11.0,201,4.0,INTERMEDIATE,True,4,,,False,20.3,16.3,84.0,True,2025
ALB,Williams,15.0,144.808,12.0,202,3.0,INTERMEDIATE,True,4,,,False,20.3,16.3,84.0,True,2025
TSU,Red Bull Racing,15.0,144.454,13.0,202,4.0,INTERMEDIATE,True,4,,,False,20.3,16.3,84.0,True,2025
LEC,Ferrari,15.0,142.1,14.0,202,5.0,INTERMEDIATE,True,4,,,False,20.3,16.3,84.0,True,2025
ANT,Mercedes,15.0,140.841,15.0,202,6.0,INTERMEDIATE,True,4,,,False,20.3,16.3,84.0,True,2025
HAD,Racing Bulls,15.0,139.641,16.0,203,5.0,INTERMEDIATE,True,4,,,False,20.3,16.3,84.0,True,2025
BEA,Haas F1 Team,15.0,137.133,17.0,204,5.0,INTERMEDIATE,True,4,,,False,20.3,16.3,84.0,True,2025
PIA,McLaren,18.0,118.043,1.0,204,7.0,INTERMEDIATE,True,124,,,False,21.7,16.1,85.0,False,2025
VER,Red Bull Racing,18.0,118.665,2.0,205,7.0,INTERMEDIATE,True,124,,,False,21.7,16.1,85.0,False,2025
NOR,McLaren,18.0,119.824,3.0,206,7.0,INTERMEDIATE,True,124,,,False,21.7,16.1,85.0,False,2025
STR,Aston Martin,18.0,120.917,4.0,206,8.0,INTERMEDIATE,True,124,,,False,21.7,16.1,85.0,False,2025
HUL,Kick Sauber,18.0,124.183,5.0,206,9.0,INTERMEDIATE,True,124,,,False,21.7,16.1,85.0,False,2025
OCO,Haas F1 Team,18.0,123.452,6.0,206,18.0,INTERMEDIATE,True,124,0 days 01:34:05.049000,,False,21.7,16.1,85.0,False,2025
GAS,Alpine,18.0,124.781,7.0,207,7.0,INTERMEDIATE,True,124,,,False,21.7,16.1,85.0,False,2025
HAM,Ferrari,18.0,124.321,8.0,208,7.0,INTERMEDIATE,True,124,,,False,21.7,16.1,85.0,False,2025
RUS,Mercedes,18.0,125.399,9.0,208,8.0,INTERMEDIATE,True,124,,,False,21.7,16.1,85.0,False,2025
ALO,Aston Martin,18.0,127.029,10.0,209,7.0,INTERMEDIATE,True,124,,,False,21.7,16.1,85.0,False,2025
SAI,Williams,18.0,128.665,11.0,210,7.0,INTERMEDIATE,True,124,,,False,21.7,16.1,85.0,False,2025
ALB,Williams,18.0,128.671,12.0,211,6.0,INTERMEDIATE,True,124,,,False,21.7,16.1,85.0,False,2025
LEC,Ferrari,18.0,130.334,13.0,211,8.0,INTERMEDIATE,True,124,,,False,22.8,16.2,84.0,False,2025
TSU,Red Bull Racing,18.0,132.762,14.0,212,7.0,INTERMEDIATE,True,124,,,False,22.8,16.2,84.0,False,2025
BEA,Haas F1 Team,18.0,131.242,15.0,212,8.0,INTERMEDIATE,True,124,,,False,22.8,16.2,84.0,False,2025
ANT,Mercedes,18.0,133.8,16.0,212,9.0,INTERMEDIATE,True,124,,,False,22.8,16.2,84.0,False,2025
PIA,McLaren,22.0,104.494,1.0,212,11.0,INTERMEDIATE,True,12,,,True,23.1,16.9,81.0,False,2025
NOR,McLaren,22.0,105.339,2.0,213,11.0,INTERMEDIATE,True,12,,,True,23.1,16.9,81.0,False,2025
STR,Aston Martin,22.0,108.945,3.0,213,12.0,INTERMEDIATE,True,12,,,True,23.1,16.9,81.0,False,2025
HUL,Kick Sauber,22.0,109.15,4.0,213,13.0,INTERMEDIATE,True,12,,,True,23.1,16.9,81.0,False,2025
GAS,Alpine,22.0,109.883,5.0,214,11.0,INTERMEDIATE,True,12,,,True,23.1,16.9,81.0,False,2025
HAM,Ferrari,22.0,110.026,6.0,215,11.0,INTERMEDIATE,True,12,,,True,23.1,16.9,81.0,False,2025
RUS,Mercedes,22.0,110.251,7.0,215,12.0,INTERMEDIATE,True,12,,,True,23.1,16.9,81.0,False,2025
ALO,Aston Martin,22.0,110.388,8.0,216,11.0,INTERMEDIATE,True,12,,,True,23.1,16.9,81.0,False,2025
SAI,Williams,22.0,110.697,9.0,217,11.0,INTERMEDIATE,True,12,,,True,23.1,16.9,81.0,False,2025
VER,Red Bull Racing,22.0,111.018,10.0,218,11.0,INTERMEDIATE,True,12,,,True,23.1,16.9,81.0,False,2025
ALB,Williams,22.0,111.437,11.0,219,10.0,INTERMEDIATE,True,12,,,True,23.1,16.9,81.0,False,2025
LEC,Ferrari,22.0,111.791,12.0,219,12.0,INTERMEDIATE,True,12,,,True,23.1,16.9,81.0,False,2025
OCO,Haas F1 Team,22.0,112.94,13.0,220,4.0,INTERMEDIATE,True,12,,,True,23.1,16.9,81.0,False,2025
TSU,Red Bull Racing,22.0,114.618,14.0,220,11.0,INTERMEDIATE,True,12,,,True,23.1,16.9,81.0,False,2025
BEA,Haas F1 Team,22.0,114.756,15.0,220,12.0,INTERMEDIATE,True,12,,,True,23.1,16.9,81.0,False,2025
ANT,Mercedes,22.0,115.501,16.0,221,2.0,INTERMEDIATE,True,12,,,True,23.1,16.9,81.0,False,2025
PIA,McLaren,23.0,102.3,1.0,221,12.0,INTERMEDIATE,True,1,,,True,22.8,17.0,81.0,False,2025
NOR,McLaren,23.0,102.383,2.0,222,12.0,INTERMEDIATE,True,1,,,True,22.8,17.0,81.0,False,2025
STR,Aston Martin,23.0,104.958,3.0,222,13.0,INTERMEDIATE,True,1,,,True,22.8,17.0,81.0,False,2025
HUL,Kick Sauber,23.0,105.226,4.0,222,14.0,INTERMEDIATE,True,1,,,True,22.8,17.0,81.0,False,2025
GAS,Alpine,23.0,105.583,5.0,223,12.0,INTERMEDIATE,True,1,,,True,22.8,17.0,81.0,False,2025
HAM,Ferrari,23.0,105.518,6.0,224,12.0,INTERMEDIATE,True,1,,,True,22.8,17.0,81.0,False,2025
RUS,Mercedes,23.0,105.37,7.0,224,13.0,INTERMEDIATE,True,1,,,True,22.8,17.0,81.0,False,2025
ALO,Aston Martin,23.0,106.209,8.0,225,12.0,INTERMEDIATE,True,1,,,True,22.8,17.0,81.0,False,2025
SAI,Williams,23.0,105.893,9.0,226,12.0,INTERMEDIATE,True,1,,,True,22.8,17.0,81.0,False,2025
VER,Red Bull Racing,23.0,105.863,10.0,227,12.0,INTERMEDIATE,True,1,,,True,22.8,17.0,81.0,False,2025
ALB,Williams,23.0,106.294,11.0,228,11.0,INTERMEDIATE,True,1,,,True,22.8,17.0,81.0,False,2025
LEC,Ferrari,23.0,106.291,12.0,228,13.0,INTERMEDIATE,True,1,,,True,22.8,17.0,81.0,False,2025
OCO,Haas F1 Team,23.0,105.993,13.0,229,5.0,INTERMEDIATE,True,1,,,True,22.8,17.0,81.0,False,2025
TSU,Red Bull Racing,23.0,107.784,14.0,229,12.0,INTERMEDIATE,True,1,,,True,22.8,17.0,81.0,False,2025
BEA,Haas F1 Team,23.0,107.955,15.0,229,13.0,INTERMEDIATE,True,1,,,True,22.8,17.0,81.0,False,2025
ANT,Mercedes,23.0,116.7,16.0,230,3.0,INTERMEDIATE,True,1,0 days 01:46:02.187000,,False,22.8,17.0,81.0,False,2025
PIA,McLaren,24.0,101.978,1.0,230,13.0,INTERMEDIATE,True,1,,,True,22.9,17.0,82.0,False,2025
NOR,McLaren,24.0,101.834,2.0,231,13.0,INTERMEDIATE,True,1,,,True,22.9,17.0,82.0,False,2025
STR,Aston Martin,24.0,103.673,3.0,231,14.0,INTERMEDIATE,True,1,,,True,22.9,17.1,80.0,False,2025
HUL,Kick Sauber,24.0,103.475,4.0,231,15.0,INTERMEDIATE,True,1,,,True,22.9,17.1,80.0,False,2025
GAS,Alpine,24.0,104.631,5.0,232,13.0,INTERMEDIATE,True,1,,,True,22.9,17.1,80.0,False,2025
RUS,Mercedes,24.0,104.023,6.0,232,14.0,INTERMEDIATE,True,1,,,True,22.9,17.1,80.0,False,2025
HAM,Ferrari,24.0,105.853,7.0,233,13.0,INTERMEDIATE,True,1,,,True,22.9,17.1,80.0,False,2025
ALO,Aston Martin,24.0,104.879,8.0,234,13.0,INTERMEDIATE,True,1,,,True,22.9,17.1,80.0,False,2025
SAI,Williams,24.0,104.859,9.0,235,13.0,INTERMEDIATE,True,1,,,True,22.9,17.1,80.0,False,2025
VER,Red Bull Racing,24.0,105.017,10.0,236,13.0,INTERMEDIATE,True,1,,,True,22.9,17.1,80.0,False,2025
ALB,Williams,24.0,104.946,11.0,237,12.0,INTERMEDIATE,True,1,,,True,22.9,17.1,80.0,False,2025
LEC,Ferrari,24.0,104.821,12.0,237,14.0,INTERMEDIATE,True,1,,,True,22.9,17.1,80.0,False,2025
OCO,Haas F1 Team,24.0,104.602,13.0,238,6.0,INTERMEDIATE,True,1,,,True,22.9,17.1,80.0,False,2025
TSU,Red Bull Racing,24.0,105.467,14.0,238,13.0,INTERMEDIATE,True,1,,,True,22.9,17.1,80.0,False,2025
BEA,Haas F1 Team,24.0,105.308,15.0,238,14.0,INTERMEDIATE,True,1,,,True,22.9,17.1,80.0,False,2025
PIA,McLaren,25.0,101.581,1.0,239,14.0,INTERMEDIATE,True,1,,,True,22.8,17.2,80.0,False,2025
NOR,McLaren,25.0,102.017,2.0,240,14.0,INTERMEDIATE,True,1,,,True,22.8,17.2,80.0,False,2025
STR,Aston Martin,25.0,103.667,3.0,240,15.0,INTERMEDIATE,True,1,,,True,22.8,17.2,80.0,False,2025
HUL,Kick Sauber,25.0,103.716,4.0,240,16.0,INTERMEDIATE,True,1,,,True,22.8,17.2,80.0,False,2025
GAS,Alpine,25.0,104.204,5.0,241,14.0,INTERMEDIATE,True,1,,,True,22.8,17.2,80.0,False,2025
RUS,Mercedes,25.0,104.303,6.0,241,15.0,INTERMEDIATE,True,1,,,True,22.8,17.2,80.0,False,2025
HAM,Ferrari,25.0,103.72,7.0,242,14.0,INTERMEDIATE,True,1,,,True,22.8,17.2,80.0,False,2025
ALO,Aston Martin,25.0,104.158,8.0,243,14.0,INTERMEDIATE,True,1,,,True,22.8,17.2,80.0,False,2025
SAI,Williams,25.0,104.229,9.0,244,14.0,INTERMEDIATE,True,1,,,True,22.8,17.2,80.0,False,2025
VER,Red Bull Racing,25.0,104.139,10.0,245,14.0,INTERMEDIATE,True,1,,,True,22.8,17.2,80.0,False,2025
ALB,Williams,25.0,104.01,11.0,246,13.0,INTERMEDIATE,True,1,,,True,22.8,17.2,80.0,False,2025
LEC,Ferrari,25.0,104.251,12.0,246,15.0,INTERMEDIATE,True,1,,,True,22.7,17.1,81.0,False,2025
OCO,Haas F1 Team,25.0,104.235,13.0,247,7.0,INTERMEDIATE,True,1,,,True,22.7,17.1,81.0,False,2025
TSU,Red Bull Racing,25.0,104.662,14.0,247,14.0,INTERMEDIATE,True,1,,,True,22.7,17.1,81.0,False,2025
BEA,Haas F1 Team,25.0,104.627,15.0,247,15.0,INTERMEDIATE,True,1,,,True,22.7,17.1,81.0,False,2025
PIA,McLaren,26.0,101.646,1.0,248,15.0,INTERMEDIATE,True,1,,,True,22.5,17.2,80.0,False,2025
NOR,McLaren,26.0,102.004,2.0,249,15.0,INTERMEDIATE,True,1,,,True,22.5,17.2,80.0,False,2025
STR,Aston Martin,26.0,103.525,3.0,249,16.0,INTERMEDIATE,True,1,,,True,22.5,17.2,80.0,False,2025
HUL,Kick Sauber,26.0,103.905,4.0,249,17.0,INTERMEDIATE,True,1,,,True,22.5,17.2,80.0,False,2025
GAS,Alpine,26.0,104.244,5.0,250,15.0,INTERMEDIATE,True,1,,,True,22.5,17.2,80.0,False,2025
HAM,Ferrari,26.0,103.735,6.0,251,15.0,INTERMEDIATE,True,1,,,True,22.5,17.2,80.0,False,2025
RUS,Mercedes,26.0,104.89,7.0,251,16.0,INTERMEDIATE,True,1,,,True,22.5,17.2,80.0,False,2025
ALO,Aston Martin,26.0,103.977,8.0,252,15.0,INTERMEDIATE,True,1,,,True,22.5,17.2,80.0,False,2025
SAI,Williams,26.0,104.287,9.0,253,15.0,INTERMEDIATE,True,1,,,True,22.5,17.2,80.0,False,2025
VER,Red Bull Racing,26.0,104.304,10.0,254,15.0,INTERMEDIATE,True,1,,,True,22.5,17.2,80.0,False,2025
ALB,Williams,26.0,104.357,11.0,255,14.0,INTERMEDIATE,True,1,,,True,22.5,17.2,80.0,False,2025
LEC,Ferrari,26.0,104.13,12.0,255,16.0,INTERMEDIATE,True,1,,,True,22.5,17.2,80.0,False,2025
OCO,Haas F1 Team,26.0,104.236,13.0,256,8.0,INTERMEDIATE,True,1,,,True,22.5,17.2,80.0,False,2025
BEA,Haas F1 Team,26.0,103.157,14.0,256,16.0,INTERMEDIATE,True,1,,,True,22.5,17.2,80.0,False,2025
TSU,Red Bull Racing,26.0,106.003,15.0,257,15.0,INTERMEDIATE,True,1,,,True,22.5,17.2,80.0,False,2025
PIA,McLaren,27.0,102.133,1.0,257,16.0,INTERMEDIATE,True,1,,,True,22.5,17.1,81.0,False,2025
NOR,McLaren,27.0,102.096,2.0,258,16.0,INTERMEDIATE,True,1,,,True,22.6,17.2,82.0,False,2025
STR,Aston Martin,27.0,103.329,3.0,258,17.0,INTERMEDIATE,True,1,,,True,22.6,17.2,82.0,False,2025
HUL,Kick Sauber,27.0,103.748,4.0,258,18.0,INTERMEDIATE,True,1,,,True,22.6,17.2,82.0,False,2025
GAS,Alpine,27.0,103.205,5.0,259,16.0,INTERMEDIATE,True,1,,,True,22.6,17.2,82.0,False,2025
HAM,Ferrari,27.0,102.922,6.0,260,16.0,INTERMEDIATE,True,1,,,True,22.6,17.2,82.0,False,2025
RUS,Mercedes,27.0,103.854,7.0,260,17.0,INTERMEDIATE,True,1,,,True,22.6,17.2,82.0,False,2025
ALO,Aston Martin,27.0,103.527,8.0,261,16.0,INTERMEDIATE,True,1,,,True,22.6,17.2,82.0,False,2025
SAI,Williams,27.0,103.772,9.0,262,16.0,INTERMEDIATE,True,1,,,True,22.6,17.2,82.0,False,2025
VER,Red Bull Racing,27.0,103.903,10.0,263,16.0,INTERMEDIATE,True,1,,,True,22.6,17.2,82.0,False,2025
ALB,Williams,27.0,104.082,11.0,264,15.0,INTERMEDIATE,True,1,,,True,22.6,17.2,82.0,False,2025
LEC,Ferrari,27.0,103.878,12.0,264,17.0,INTERMEDIATE,True,1,,,True,22.6,17.2,82.0,False,2025
OCO,Haas F1 Team,27.0,103.925,13.0,265,9.0,INTERMEDIATE,True,1,,,True,22.6,17.2,82.0,False,2025
BEA,Haas F1 Team,27.0,102.738,14.0,265,17.0,INTERMEDIATE,True,1,,,True,22.6,17.2,82.0,False,2025
TSU,Red Bull Racing,27.0,104.288,15.0,266,16.0,INTERMEDIATE,True,1,,,True,22.6,17.2,82.0,False,2025
PIA,McLaren,28.0,102.428,1.0,266,17.0,INTERMEDIATE,True,1,,,True,22.6,17.4,81.0,False,2025
NOR,McLaren,28.0,102.362,2.0,267,17.0,INTERMEDIATE,True,1,,,True,22.6,17.4,81.0,False,2025
STR,Aston Martin,28.0,103.656,3.0,267,18.0,INTERMEDIATE,True,1,,,True,22.8,17.4,82.0,False,2025
HUL,Kick Sauber,28.0,103.414,4.0,267,19.0,INTERMEDIATE,True,1,,,True,22.8,17.4,82.0,False,2025
GAS,Alpine,28.0,103.575,5.0,268,17.0,INTERMEDIATE,True,1,,,True,22.8,17.4,82.0,False,2025
HAM,Ferrari,28.0,103.668,6.0,269,17.0,INTERMEDIATE,True,1,,,True,22.8,17.4,82.0,False,2025
RUS,Mercedes,28.0,103.669,7.0,269,18.0,INTERMEDIATE,True,1,,,True,22.8,17.4,82.0,False,2025
ALO,Aston Martin,28.0,103.779,8.0,270,17.0,INTERMEDIATE,True,1,,,True,22.8,17.4,82.0,False,2025
SAI,Williams,28.0,104.265,9.0,271,17.0,INTERMEDIATE,True,1,,,True,22.8,17.4,82.0,False,2025
VER,Red Bull Racing,28.0,104.243,10.0,272,17.0,INTERMEDIATE,True,1,,,True,22.8,17.4,82.0,False,2025
ALB,Williams,28.0,104.367,11.0,273,16.0,INTERMEDIATE,True,1,,,True,22.8,17.4,82.0,False,2025
LEC,Ferrari,28.0,104.728,12.0,273,18.0,INTERMEDIATE,True,1,,,True,22.8,17.4,82.0,False,2025
OCO,Haas F1 Team,28.0,104.874,13.0,274,10.0,INTERMEDIATE,True,1,,,True,22.8,17.4,82.0,False,2025
BEA,Haas F1 Team,28.0,103.912,14.0,274,18.0,INTERMEDIATE,True,1,,,True,22.8,17.4,82.0,False,2025
TSU,Red Bull Racing,28.0,105.522,15.0,275,17.0,INTERMEDIATE,True,1,,,True,22.8,17.4,82.0,False,2025
PIA,McLaren,29.0,102.815,1.0,275,18.0,INTERMEDIATE,True,1,,,True,22.8,17.5,82.0,False,2025
NOR,McLaren,29.0,102.634,2.0,276,18.0,INTERMEDIATE,True,1,,,True,22.8,17.5,82.0,False,2025
STR,Aston Martin,29.0,103.467,3.0,276,19.0,INTERMEDIATE,True,1,,,True,22.8,17.5,82.0,False,2025
HUL,Kick Sauber,29.0,103.643,4.0,276,20.0,INTERMEDIATE,True,1,,,True,22.8,17.5,82.0,False,2025
HAM,Ferrari,29.0,103.851,5.0,277,18.0,INTERMEDIATE,True,1,,,True,22.8,17.5,82.0,False,2025
GAS,Alpine,29.0,104.969,6.0,278,18.0,INTERMEDIATE,True,1,,,True,22.8,17.5,82.0,False,2025
RUS,Mercedes,29.0,103.869,7.0,278,19.0,INTERMEDIATE,True,1,,,True,22.8,17.5,82.0,False,2025
ALO,Aston Martin,29.0,103.763,8.0,279,18.0,INTERMEDIATE,True,1,,,True,22.8,17.5,82.0,False,2025
SAI,Williams,29.0,104.379,9.0,280,18.0,INTERMEDIATE,True,1,,,True,22.8,17.5,82.0,False,2025
VER,Red Bull Racing,29.0,104.716,10.0,281,18.0,INTERMEDIATE,True,1,,,True,22.8,17.5,82.0,False,2025
ALB,Williams,29.0,104.591,11.0,282,17.0,INTERMEDIATE,True,1,,,True,22.8,17.5,82.0,False,2025
LEC,Ferrari,29.0,104.472,12.0,282,19.0,INTERMEDIATE,True,1,,,True,22.8,17.5,82.0,False,2025
OCO,Haas F1 Team,29.0,105.498,13.0,283,11.0,INTERMEDIATE,True,1,,,True,22.4,17.5,81.0,False,2025
BEA,Haas F1 Team,29.0,104.926,14.0,283,19.0,INTERMEDIATE,True,1,,,True,22.4,17.5,81.0,False,2025
TSU,Red Bull Racing,29.0,104.551,15.0,284,18.0,INTERMEDIATE,True,1,,,True,22.4,17.5,81.0,False,2025
PIA,McLaren,30.0,102.887,1.0,284,19.0,INTERMEDIATE,True,1,,,True,22.4,17.6,80.0,False,2025
NOR,McLaren,30.0,102.403,2.0,285,19.0,INTERMEDIATE,True,1,,,True,22.4,17.6,80.0,False,2025
STR,Aston Martin,30.0,104.094,3.0,285,20.0,INTERMEDIATE,True,1,,,True,22.4,17.6,80.0,False,2025
HUL,Kick Sauber,30.0,103.379,4.0,285,21.0,INTERMEDIATE,True,1,,,True,22.4,17.6,80.0,False,2025
HAM,Ferrari,30.0,103.57,5.0,286,19.0,INTERMEDIATE,True,1,,,True,22.4,17.6,80.0,False,2025
GAS,Alpine,30.0,105.061,6.0,287,19.0,INTERMEDIATE,True,1,,,True,22.4,17.6,80.0,False,2025
RUS,Mercedes,30.0,104.714,7.0,287,20.0,INTERMEDIATE,True,1,,,True,22.4,17.6,80.0,False,2025
ALO,Aston Martin,30.0,104.281,8.0,288,19.0,INTERMEDIATE,True,1,,,True,22.4,17.6,80.0,False,2025
SAI,Williams,30.0,104.712,9.0,289,19.0,INTERMEDIATE,True,1,,,True,22.4,17.6,80.0,False,2025
VER,Red Bull Racing,30.0,104.721,10.0,290,19.0,INTERMEDIATE,True,1,,,True,22.4,17.6,80.0,False,2025
ALB,Williams,30.0,104.618,11.0,291,18.0,INTERMEDIATE,True,1,,,True,22.4,17.6,80.0,False,2025
LEC,Ferrari,30.0,104.511,12.0,291,20.0,INTERMEDIATE,True,1,,,True,22.4,17.6,80.0,False,2025
BEA,Haas F1 Team,30.0,104.269,13.0,292,20.0,INTERMEDIATE,True,1,,,True,22.4,17.6,80.0,False,2025
OCO,Haas F1 Team,30.0,106.803,14.0,293,12.0,INTERMEDIATE,True,1,,,True,22.4,17.6,80.0,False,2025
TSU,Red Bull Racing,30.0,104.388,15.0,293,19.0,INTERMEDIATE,True,1,,,True,22.4,17.6,80.0,False,2025
PIA,McLaren,31.0,102.642,1.0,293,20.0,INTERMEDIATE,True,1,,,True,22.4,17.7,82.0,False,2025
NOR,McLaren,31.0,102.087,2.0,294,20.0,INTERMEDIATE,True,1,,,True,22.4,17.7,82.0,False,2025
STR,Aston Martin,31.0,104.096,3.0,294,21.0,INTERMEDIATE,True,1,,,True,23.0,17.7,80.0,False,2025
HUL,Kick Sauber,31.0,103.832,4.0,294,22.0,INTERMEDIATE,True,1,,,True,23.0,17.7,80.0,False,2025
HAM,Ferrari,31.0,103.59,5.0,295,20.0,INTERMEDIATE,True,1,,,True,23.0,17.7,80.0,False,2025
GAS,Alpine,31.0,104.504,6.0,296,20.0,INTERMEDIATE,True,1,,,True,23.0,17.7,80.0,False,2025
RUS,Mercedes,31.0,104.706,7.0,296,21.0,INTERMEDIATE,True,1,,,True,23.0,17.7,80.0,False,2025
ALO,Aston Martin,31.0,104.625,8.0,297,20.0,INTERMEDIATE,True,1,,,True,23.0,17.7,80.0,False,2025
SAI,Williams,31.0,104.747,9.0,298,20.0,INTERMEDIATE,True,1,,,True,23.0,17.7,80.0,False,2025
VER,Red Bull Racing,31.0,104.559,10.0,299,20.0,INTERMEDIATE,True,1,,,True,23.0,17.7,80.0,False,2025
ALB,Williams,31.0,104.761,11.0,300,19.0,INTERMEDIATE,True,1,,,True,23.0,17.7,80.0,False,2025
LEC,Ferrari,31.0,104.832,12.0,300,21.0,INTERMEDIATE,True,1,,,True,23.0,17.7,80.0,False,2025
BEA,Haas F1 Team,31.0,104.0,13.0,301,21.0,INTERMEDIATE,True,1,,,True,23.0,17.7,80.0,False,2025
OCO,Haas F1 Team,31.0,104.509,14.0,302,13.0,INTERMEDIATE,True,1,,,True,23.0,17.7,80.0,False,2025
TSU,Red Bull Racing,31.0,104.794,15.0,302,20.0,INTERMEDIATE,True,1,,,True,23.0,17.7,80.0,False,2025
PIA,McLaren,32.0,102.01,1.0,302,21.0,INTERMEDIATE,True,1,,,True,23.3,17.9,80.0,False,2025
NOR,McLaren,32.0,101.925,2.0,303,21.0,INTERMEDIATE,True,1,,,True,23.3,17.9,80.0,False,2025
STR,Aston Martin,32.0,104.277,3.0,303,22.0,INTERMEDIATE,True,1,,,True,23.3,17.9,80.0,False,2025
HUL,Kick Sauber,32.0,103.946,4.0,303,23.0,INTERMEDIATE,True,1,,,True,23.3,17.9,80.0,False,2025
HAM,Ferrari,32.0,103.029,5.0,304,21.0,INTERMEDIATE,True,1,,,True,23.3,17.9,80.0,False,2025
GAS,Alpine,32.0,104.368,6.0,305,21.0,INTERMEDIATE,True,1,,,True,23.5,17.9,80.0,False,2025
RUS,Mercedes,32.0,104.186,7.0,305,22.0,INTERMEDIATE,True,1,,,True,23.5,17.9,80.0,False,2025
ALO,Aston Martin,32.0,104.587,8.0,306,21.0,INTERMEDIATE,True,1,,,True,23.5,17.9,80.0,False,2025
SAI,Williams,32.0,105.107,9.0,307,21.0,INTERMEDIATE,True,1,,,True,23.5,17.9,80.0,False,2025
VER,Red Bull Racing,32.0,104.511,10.0,308,21.0,INTERMEDIATE,True,1,,,True,23.5,17.9,80.0,False,2025
ALB,Williams,32.0,105.126,11.0,309,20.0,INTERMEDIATE,True,1,,,True,23.5,17.9,80.0,False,2025
LEC,Ferrari,32.0,105.187,12.0,309,22.0,INTERMEDIATE,True,1,,,True,23.5,17.9,80.0,False,2025
BEA,Haas F1 Team,32.0,103.978,13.0,310,22.0,INTERMEDIATE,True,1,,,True,23.5,17.9,80.0,False,2025
OCO,Haas F1 Team,32.0,103.911,14.0,311,14.0,INTERMEDIATE,True,1,,,True,23.5,17.9,80.0,False,2025
TSU,Red Bull Racing,32.0,104.939,15.0,311,21.0,INTERMEDIATE,True,1,,,True,23.5,17.9,80.0,False,2025
PIA,McLaren,33.0,101.663,1.0,311,22.0,INTERMEDIATE,True,1,,,True,23.6,18.0,77.0,False,2025
NOR,McLaren,33.0,101.411,2.0,312,22.0,INTERMEDIATE,True,1,,,True,23.6,18.0,77.0,False,2025
STR,Aston Martin,33.0,103.803,3.0,312,23.0,INTERMEDIATE,True,1,,,True,23.6,18.0,77.0,False,2025
HUL,Kick Sauber,33.0,103.882,4.0,312,24.0,INTERMEDIATE,True,1,,,True,23.6,18.0,77.0,False,2025
HAM,Ferrari,33.0,102.567,5.0,313,22.0,INTERMEDIATE,True,1,,,True,23.6,18.0,77.0,False,2025
GAS,Alpine,33.0,105.205,6.0,314,22.0,INTERMEDIATE,True,1,,,True,23.6,18.0,77.0,False,2025
RUS,Mercedes,33.0,104.928,7.0,314,23.0,INTERMEDIATE,True,1,,,True,23.6,18.0,77.0,False,2025
ALO,Aston Martin,33.0,104.331,8.0,315,22.0,INTERMEDIATE,True,1,,,True,23.6,18.0,77.0,False,2025
SAI,Williams,33.0,104.414,9.0,316,22.0,INTERMEDIATE,True,1,,,True,23.6,18.0,77.0,False,2025
VER,Red Bull Racing,33.0,104.306,10.0,317,22.0,INTERMEDIATE,True,1,,,True,23.6,18.0,77.0,False,2025
ALB,Williams,33.0,104.063,11.0,318,21.0,INTERMEDIATE,True,1,,,True,23.6,18.0,77.0,False,2025
LEC,Ferrari,33.0,104.096,12.0,318,23.0,INTERMEDIATE,True,1,,,True,23.6,18.0,77.0,False,2025
BEA,Haas F1 Team,33.0,103.937,13.0,319,23.0,INTERMEDIATE,True,1,,,True,23.6,18.0,77.0,False,2025
OCO,Haas F1 Team,33.0,103.97,14.0,320,15.0,INTERMEDIATE,True,1,,,True,23.5,18.0,76.0,False,2025
TSU,Red Bull Racing,33.0,105.663,15.0,320,22.0,INTERMEDIATE,True,1,,,True,23.5,18.0,76.0,False,2025
PIA,McLaren,34.0,101.386,1.0,320,23.0,INTERMEDIATE,True,1,,,True,23.5,18.0,76.0,False,2025
NOR,McLaren,34.0,101.136,2.0,321,23.0,INTERMEDIATE,True,1,,,True,23.5,18.0,76.0,False,2025
HUL,Kick Sauber,34.0,103.089,3.0,321,25.0,INTERMEDIATE,True,1,,,True,23.3,18.0,73.0,False,2025
STR,Aston Martin,34.0,104.881,4.0,322,24.0,INTERMEDIATE,True,1,,,True,23.3,18.0,73.0,False,2025
HAM,Ferrari,34.0,103.044,5.0,323,23.0,INTERMEDIATE,True,1,,,True,23.3,18.0,73.0,False,2025
GAS,Alpine,34.0,104.227,6.0,324,23.0,INTERMEDIATE,True,1,,,True,23.3,18.0,73.0,False,2025
RUS,Mercedes,34.0,104.359,7.0,324,24.0,INTERMEDIATE,True,1,,,True,23.3,18.0,73.0,False,2025
ALO,Aston Martin,34.0,104.712,8.0,325,23.0,INTERMEDIATE,True,1,,,True,23.3,18.0,73.0,False,2025
VER,Red Bull Racing,34.0,103.923,9.0,326,23.0,INTERMEDIATE,True,1,,,True,23.3,18.0,73.0,False,2025
SAI,Williams,34.0,105.146,10.0,327,23.0,INTERMEDIATE,True,1,,,True,23.3,18.0,73.0,False,2025
ALB,Williams,34.0,104.29,11.0,328,22.0,INTERMEDIATE,True,1,,,True,23.3,18.0,73.0,False,2025
LEC,Ferrari,34.0,104.024,12.0,328,24.0,INTERMEDIATE,True,1,,,True,23.3,18.0,73.0,False,2025
BEA,Haas F1 Team,34.0,103.948,13.0,329,24.0,INTERMEDIATE,True,1,,,True,23.3,18.0,73.0,False,2025
OCO,Haas F1 Team,34.0,104.039,14.0,330,16.0,INTERMEDIATE,True,1,,,True,23.3,18.0,73.0,False,2025
TSU,Red Bull Racing,34.0,105.52,15.0,330,23.0,INTERMEDIATE,True,1,,,True,23.3,18.0,73.0,False,2025
PIA,McLaren,35.0,101.091,1.0,330,24.0,INTERMEDIATE,True,1,,,True,23.2,18.2,74.0,False,2025
NOR,McLaren,35.0,101.103,2.0,331,24.0,INTERMEDIATE,True,1,,,True,23.2,18.2,74.0,False,2025
HUL,Kick Sauber,35.0,101.463,3.0,331,26.0,INTERMEDIATE,True,1,,,True,23.3,18.3,74.0,False,2025
HAM,Ferrari,35.0,101.444,4.0,332,24.0,INTERMEDIATE,True,1,,,True,23.3,18.3,74.0,False,2025
STR,Aston Martin,35.0,105.225,5.0,332,25.0,INTERMEDIATE,True,1,,,True,23.3,18.3,74.0,False,2025
GAS,Alpine,35.0,102.768,6.0,333,24.0,INTERMEDIATE,True,1,,,True,23.3,18.3,74.0,False,2025
RUS,Mercedes,35.0,102.795,7.0,333,25.0,INTERMEDIATE,True,1,,,True,23.3,18.3,74.0,False,2025
ALO,Aston Martin,35.0,103.238,8.0,334,24.0,INTERMEDIATE,True,1,,,True,23.3,18.3,74.0,False,2025
VER,Red Bull Racing,35.0,102.617,9.0,335,24.0,INTERMEDIATE,True,1,,,True,23.3,18.3,74.0,False,2025
SAI,Williams,35.0,104.475,10.0,336,24.0,INTERMEDIATE,True,1,,,True,23.3,18.3,74.0,False,2025
LEC,Ferrari,35.0,103.415,11.0,336,25.0,INTERMEDIATE,True,1,,,True,23.3,18.3,74.0,False,2025
ALB,Williams,35.0,105.664,12.0,337,23.0,INTERMEDIATE,True,1,,,True,23.3,18.3,74.0,False,2025
BEA,Haas F1 Team,35.0,104.439,13.0,337,25.0,INTERMEDIATE,True,1,,,True,23.3,18.3,74.0,False,2025
OCO,Haas F1 Team,35.0,103.436,14.0,338,17.0,INTERMEDIATE,True,1,,,True,23.3,18.3,74.0,False,2025
TSU,Red Bull Racing,35.0,105.239,15.0,338,24.0,INTERMEDIATE,True,1,,,True,23.3,18.3,74.0,False,2025
PIA,McLaren,36.0,100.97,1.0,338,25.0,INTERMEDIATE,True,1,,,True,23.2,18.5,73.0,False,2025
NOR,McLaren,36.0,100.71,2.0,339,25.0,INTERMEDIATE,True,1,,,True,23.2,18.5,73.0,False,2025
HUL,Kick Sauber,36.0,101.519,3.0,339,27.0,INTERMEDIATE,True,1,,,True,23.2,18.5,73.0,False,2025
HAM,Ferrari,36.0,101.354,4.0,340,25.0,INTERMEDIATE,True,1,,,True,23.2,18.5,73.0,False,2025
STR,Aston Martin,36.0,103.139,5.0,340,26.0,INTERMEDIATE,True,1,,,True,23.2,18.5,73.0,False,2025
GAS,Alpine,36.0,102.42,6.0,341,25.0,INTERMEDIATE,True,1,,,True,23.2,18.5,73.0,False,2025
RUS,Mercedes,36.0,102.502,7.0,341,26.0,INTERMEDIATE,True,1,,,True,23.2,18.5,73.0,False,2025
ALO,Aston Martin,36.0,102.516,8.0,342,25.0,INTERMEDIATE,True,1,,,True,23.2,18.5,72.0,False,2025
VER,Red Bull Racing,36.0,101.924,9.0,343,25.0,INTERMEDIATE,True,1,,,True,23.2,18.5,72.0,False,2025
SAI,Williams,36.0,103.152,10.0,344,25.0,INTERMEDIATE,True,1,,,True,23.2,18.5,72.0,False,2025
LEC,Ferrari,36.0,102.957,11.0,344,26.0,INTERMEDIATE,True,1,,,True,23.2,18.5,72.0,False,2025
ALB,Williams,36.0,102.965,12.0,345,24.0,INTERMEDIATE,True,1,,,True,23.2,18.5,72.0,False,2025
BEA,Haas F1 Team,36.0,102.937,13.0,345,26.0,INTERMEDIATE,True,1,,,True,23.2,18.5,72.0,False,2025
OCO,Haas F1 Team,36.0,102.888,14.0,346,18.0,INTERMEDIATE,True,1,,,True,23.2,18.5,72.0,False,2025
TSU,Red Bull Racing,36.0,104.526,15.0,346,25.0,INTERMEDIATE,True,1,,,True,23.2,18.5,72.0,False,2025
PIA,McLaren,37.0,100.351,1.0,346,26.0,INTERMEDIATE,True,1,,,True,23.2,18.5,72.0,False,2025
NOR,McLaren,37.0,100.803,2.0,347,26.0,INTERMEDIATE,True,1,,,True,23.2,18.5,72.0,False,2025
HUL,Kick Sauber,37.0,101.009,3.0,347,28.0,INTERMEDIATE,True,1,,,True,23.4,18.5,73.0,False,2025
HAM,Ferrari,37.0,100.507,4.0,348,26.0,INTERMEDIATE,True,1,,,True,23.4,18.5,73.0,False,2025
STR,Aston Martin,37.0,102.74,5.0,348,27.0,INTERMEDIATE,True,1,,,True,23.4,18.5,73.0,False,2025
GAS,Alpine,37.0,101.825,6.0,349,26.0,INTERMEDIATE,True,1,,,True,23.4,18.5,73.0,False,2025
ALO,Aston Martin,37.0,100.138,7.0,350,26.0,INTERMEDIATE,True,1,0 days 02:09:54.708000,,False,23.4,18.5,73.0,False,2025
RUS,Mercedes,37.0,101.85,8.0,350,27.0,INTERMEDIATE,True,1,,,True,23.4,18.5,73.0,False,2025
VER,Red Bull Racing,37.0,101.583,9.0,351,26.0,INTERMEDIATE,True,1,,,True,23.4,18.5,73.0,False,2025
SAI,Williams,37.0,103.057,10.0,352,26.0,INTERMEDIATE,True,1,,,True,23.4,18.5,73.0,False,2025
LEC,Ferrari,37.0,102.994,11.0,352,27.0,INTERMEDIATE,True,1,,,True,23.4,18.5,73.0,False,2025
ALB,Williams,37.0,102.684,12.0,353,25.0,INTERMEDIATE,True,1,,,True,23.4,18.5,73.0,False,2025
BEA,Haas F1 Team,37.0,103.169,13.0,353,27.0,INTERMEDIATE,True,1,,,True,23.4,18.5,73.0,False,2025
OCO,Haas F1 Team,37.0,102.966,14.0,354,19.0,INTERMEDIATE,True,1,,,True,23.4,18.5,73.0,False,2025
TSU,Red Bull Racing,37.0,104.616,15.0,354,26.0,INTERMEDIATE,True,1,,,True,23.7,18.5,72.0,False,2025
PIA,McLaren,38.0,100.127,1.0,354,27.0,INTERMEDIATE,True,1,,,True,23.7,18.5,72.0,False,2025
NOR,McLaren,38.0,99.668,2.0,355,27.0,INTERMEDIATE,True,1,,,True,23.7,18.5,72.0,False,2025
HUL,Kick Sauber,38.0,101.023,3.0,355,29.0,INTERMEDIATE,True,1,,,True,24.5,18.6,72.0,False,2025
HAM,Ferrari,38.0,101.149,4.0,356,27.0,INTERMEDIATE,True,1,,,True,24.5,18.6,72.0,False,2025
STR,Aston Martin,38.0,102.379,5.0,356,28.0,INTERMEDIATE,True,1,,,True,24.5,18.6,72.0,False,2025
RUS,Mercedes,38.0,101.178,6.0,357,28.0,INTERMEDIATE,True,1,0 days 02:11:36.329000,,False,24.5,18.6,72.0,False,2025
GAS,Alpine,38.0,102.926,7.0,358,27.0,INTERMEDIATE,True,1,,,True,24.5,18.6,72.0,False,2025
VER,Red Bull Racing,38.0,101.19,8.0,359,27.0,INTERMEDIATE,True,1,,,True,24.5,18.6,72.0,False,2025
SAI,Williams,38.0,102.692,9.0,360,27.0,INTERMEDIATE,True,1,,,True,24.5,18.6,72.0,False,2025
LEC,Ferrari,38.0,102.457,10.0,360,28.0,INTERMEDIATE,True,1,,,True,24.5,18.6,72.0,False,2025
ALB,Williams,38.0,102.667,11.0,361,26.0,INTERMEDIATE,True,1,,,True,24.5,18.6,72.0,False,2025
BEA,Haas F1 Team,38.0,102.626,12.0,361,28.0,INTERMEDIATE,True,1,,,True,24.5,18.6,72.0,False,2025
OCO,Haas F1 Team,38.0,102.672,13.0,362,20.0,INTERMEDIATE,True,1,,,True,24.5,18.6,72.0,False,2025
TSU,Red Bull Racing,38.0,104.811,14.0,362,27.0,INTERMEDIATE,True,1,,,True,24.5,18.6,72.0,False,2025
ALO,Aston Martin,38.0,136.801,15.0,363,2.0,MEDIUM,False,1,,0 days 02:10:23.290000,False,24.5,18.6,72.0,False,2025
PIA,McLaren,39.0,99.8,1.0,363,28.0,INTERMEDIATE,True,1,,,True,24.1,18.7,70.0,False,2025
NOR,McLaren,39.0,99.55,2.0,364,28.0,INTERMEDIATE,True,1,,,True,24.1,18.7,70.0,False,2025
HUL,Kick Sauber,39.0,100.101,3.0,364,30.0,INTERMEDIATE,True,1,,,True,24.1,18.7,70.0,False,2025
HAM,Ferrari,39.0,100.836,4.0,365,28.0,INTERMEDIATE,True,1,,,True,24.1,18.7,70.0,False,2025
STR,Aston Martin,39.0,101.939,5.0,365,29.0,INTERMEDIATE,True,12,,,True,23.7,18.7,70.0,False,2025
GAS,Alpine,39.0,101.869,6.0,366,28.0,INTERMEDIATE,True,12,,,True,23.7,18.7,70.0,False,2025
VER,Red Bull Racing,39.0,100.758,7.0,367,28.0,INTERMEDIATE,True,12,,,True,23.7,18.7,70.0,False,2025
LEC,Ferrari,39.0,101.051,8.0,367,29.0,INTERMEDIATE,True,12,,,True,23.7,18.7,70.0,False,2025
SAI,Williams,39.0,103.891,9.0,368,28.0,INTERMEDIATE,True,12,,,True,23.7,18.7,70.0,False,2025
ALB,Williams,39.0,102.701,10.0,369,27.0,INTERMEDIATE,True,12,,,True,23.7,18.7,70.0,False,2025
BEA,Haas F1 Team,39.0,102.278,11.0,369,29.0,INTERMEDIATE,True,12,,,True,23.7,18.7,70.0,False,2025
OCO,Haas F1 Team,39.0,102.059,12.0,370,21.0,INTERMEDIATE,True,12,,,True,23.7,18.7,70.0,False,2025
TSU,Red Bull Racing,39.0,104.802,13.0,370,28.0,INTERMEDIATE,True,12,,,True,23.7,18.7,70.0,False,2025
RUS,Mercedes,39.0,137.522,14.0,371,1.0,HARD,True,12,,0 days 02:12:04.554000,False,23.7,18.7,70.0,False,2025
ALO,Aston Martin,39.0,107.666,15.0,371,3.0,MEDIUM,False,12,,,True,23.7,18.7,70.0,False,2025
PIA,McLaren,40.0,99.461,1.0,371,29.0,INTERMEDIATE,True,12,,,True,23.7,18.7,70.0,False,2025
NOR,McLaren,40.0,99.286,2.0,372,29.0,INTERMEDIATE,True,12,,,True,23.7,18.7,70.0,False,2025
HUL,Kick Sauber,40.0,100.096,3.0,372,31.0,INTERMEDIATE,True,12,,,True,23.6,18.8,70.0,False,2025
HAM,Ferrari,40.0,100.697,4.0,373,29.0,INTERMEDIATE,True,12,,,True,23.6,18.8,70.0,False,2025
STR,Aston Martin,40.0,102.308,5.0,373,30.0,INTERMEDIATE,True,21,,,True,23.6,18.8,70.0,False,2025
GAS,Alpine,40.0,102.307,6.0,374,29.0,INTERMEDIATE,True,21,,,True,23.6,18.8,70.0,False,2025
VER,Red Bull Racing,40.0,101.474,7.0,375,29.0,INTERMEDIATE,True,1,,,True,23.6,18.8,70.0,False,2025
LEC,Ferrari,40.0,99.633,8.0,375,30.0,INTERMEDIATE,True,1,,,True,23.6,18.8,70.0,False,2025
SAI,Williams,40.0,102.143,9.0,376,29.0,INTERMEDIATE,True,1,,,True,23.6,18.8,70.0,False,2025
ALB,Williams,40.0,102.225,10.0,377,28.0,INTERMEDIATE,True,1,,,True,23.6,18.8,70.0,False,2025
BEA,Haas F1 Team,40.0,102.278,11.0,377,30.0,INTERMEDIATE,True,1,,,True,23.6,18.8,70.0,False,2025
OCO,Haas F1 Team,40.0,101.975,12.0,378,22.0,INTERMEDIATE,True,1,,,True,23.6,18.9,68.0,False,2025
TSU,Red Bull Racing,40.0,104.432,13.0,378,29.0,INTERMEDIATE,True,1,,,True,23.6,18.9,68.0,False,2025
RUS,Mercedes,40.0,105.74,14.0,379,2.0,HARD,True,1,,,True,23.6,18.9,68.0,False,2025
ALO,Aston Martin,40.0,102.659,15.0,379,4.0,MEDIUM,False,1,,,True,23.6,18.9,68.0,False,2025
PIA,McLaren,41.0,99.273,1.0,379,30.0,INTERMEDIATE,True,1,,,True,23.6,18.9,68.0,False,2025
NOR,McLaren,41.0,99.297,2.0,380,30.0,INTERMEDIATE,True,1,,,True,23.6,18.9,68.0,False,2025
HUL,Kick Sauber,41.0,100.716,3.0,380,32.0,INTERMEDIATE,True,1,,,True,23.6,18.9,69.0,False,2025
HAM,Ferrari,41.0,99.553,4.0,381,30.0,INTERMEDIATE,True,1,0 days 02:16:24.964000,,False,23.6,18.9,69.0,False,2025
STR,Aston Martin,41.0,100.951,5.0,381,31.0,INTERMEDIATE,True,1,0 days 02:16:37.690000,,False,23.6,18.9,69.0,False,2025
VER,Red Bull Racing,41.0,99.465,6.0,382,30.0,INTERMEDIATE,True,1,0 days 02:16:41.355000,,False,23.6,18.9,69.0,False,2025
GAS,Alpine,41.0,102.126,7.0,383,30.0,INTERMEDIATE,True,1,0 days 02:16:43.664000,,False,23.6,18.9,69.0,False,2025
LEC,Ferrari,41.0,99.616,8.0,383,31.0,INTERMEDIATE,True,1,,,True,23.6,18.9,69.0,False,2025
SAI,Williams,41.0,100.264,9.0,384,30.0,INTERMEDIATE,True,1,0 days 02:16:52.699000,,False,23.6,18.9,69.0,False,2025
BEA,Haas F1 Team,41.0,99.875,10.0,384,31.0,INTERMEDIATE,True,1,0 days 02:16:53.990000,,False,23.6,18.9,69.0,False,2025
ALB,Williams,41.0,101.5,11.0,385,29.0,INTERMEDIATE,True,1,,,True,23.6,18.9,69.0,False,2025
OCO,Haas F1 Team,41.0,102.031,12.0,386,23.0,INTERMEDIATE,True,1,,,True,23.6,18.9,69.0,False,2025
TSU,Red Bull Racing,41.0,103.258,13.0,386,30.0,INTERMEDIATE,True,1,0 days 02:17:18.191000,,False,23.5,19.0,69.0,False,2025
RUS,Mercedes,41.0,101.089,14.0,387,3.0,HARD,True,1,,,True,23.5,19.0,69.0,False,2025
ALO,Aston Martin,41.0,100.67,15.0,387,5.0,MEDIUM,False,1,,,True,23.5,19.0,69.0,False,2025
PIA,McLaren,42.0,98.87,1.0,387,31.0,INTERMEDIATE,True,1,,,True,23.5,19.0,69.0,False,2025
NOR,McLaren,42.0,98.778,2.0,388,31.0,INTERMEDIATE,True,1,,,True,23.5,19.0,69.0,False,2025
HUL,Kick Sauber,42.0,98.912,3.0,388,33.0,INTERMEDIATE,True,1,0 days 02:18:02.637000,,False,23.5,19.0,69.0,False,2025
LEC,Ferrari,42.0,102.92,4.0,389,32.0,INTERMEDIATE,True,12,0 days 02:18:30.020000,,False,23.2,18.9,68.0,False,2025
ALB,Williams,42.0,99.22,5.0,390,30.0,INTERMEDIATE,True,12,0 days 02:18:33.848000,,False,23.2,18.9,68.0,False,2025
HAM,Ferrari,42.0,129.772,6.0,391,4.0,SOFT,False,12,,0 days 02:16:54.162000,False,23.2,18.9,68.0,False,2025
OCO,Haas F1 Team,42.0,99.944,7.0,391,24.0,INTERMEDIATE,True,12,0 days 02:18:36.551000,,False,23.2,18.9,68.0,False,2025
STR,Aston Martin,42.0,124.425,8.0,392,1.0,SOFT,True,12,,0 days 02:17:06.220000,False,23.2,18.9,68.0,False,2025
VER,Red Bull Racing,42.0,127.784,9.0,393,1.0,MEDIUM,True,12,,0 days 02:17:11.002000,False,23.2,18.9,68.0,False,2025
GAS,Alpine,42.0,126.63,10.0,394,1.0,MEDIUM,True,12,,0 days 02:17:12.127000,False,23.2,18.9,68.0,False,2025
SAI,Williams,42.0,124.071,11.0,395,1.0,MEDIUM,True,12,,0 days 02:17:21.287000,False,23.2,18.9,68.0,False,2025
BEA,Haas F1 Team,42.0,124.956,12.0,396,1.0,MEDIUM,True,12,,0 days 02:17:23.069000,False,23.2,18.9,68.0,False,2025
RUS,Mercedes,42.0,100.654,13.0,396,4.0,HARD,True,12,,,True,23.2,18.9,68.0,False,2025
ALO,Aston Martin,42.0,99.415,14.0,396,6.0,MEDIUM,False,12,,,True,23.2,18.9,68.0,False,2025
TSU,Red Bull Racing,42.0,144.066,15.0,397,1.0,MEDIUM,True,12,,0 days 02:17:58.302000,False,22.8,19.0,68.0,False,2025
PIA,McLaren,43.0,97.478,1.0,397,32.0,INTERMEDIATE,True,12,0 days 02:19:06.693000,,False,23.2,18.9,68.0,False,2025
NOR,McLaren,43.0,99.005,2.0,398,32.0,INTERMEDIATE,True,12,,,True,23.2,18.9,68.0,False,2025
HUL,Kick Sauber,43.0,121.259,3.0,399,1.0,MEDIUM,True,12,,0 days 02:18:32.770000,False,22.8,19.0,68.0,False,2025
HAM,Ferrari,43.0,96.929,4.0,399,5.0,SOFT,False,12,,,True,22.8,19.0,68.0,False,2025
STR,Aston Martin,43.0,96.611,5.0,400,2.0,SOFT,True,12,,,True,23.2,19.0,69.0,False,2025
VER,Red Bull Racing,43.0,99.479,6.0,401,2.0,MEDIUM,True,12,,,True,23.2,19.0,69.0,False,2025
GAS,Alpine,43.0,98.76,7.0,402,2.0,MEDIUM,True,12,,,True,23.2,19.0,69.0,False,2025
ALB,Williams,43.0,124.165,8.0,403,1.0,MEDIUM,True,12,,0 days 02:19:03.131000,False,23.2,19.0,69.0,False,2025
ALO,Aston Martin,43.0,97.153,9.0,403,7.0,MEDIUM,False,12,,,True,23.2,19.0,69.0,False,2025
RUS,Mercedes,43.0,98.569,10.0,404,5.0,HARD,True,12,,,True,23.2,19.0,69.0,False,2025
BEA,Haas F1 Team,43.0,102.511,11.0,405,2.0,MEDIUM,True,12,,,True,23.2,19.0,69.0,False,2025
SAI,Williams,43.0,107.371,12.0,406,2.0,MEDIUM,True,12,,,True,23.2,19.0,69.0,False,2025
OCO,Haas F1 Team,43.0,132.286,13.0,407,1.0,MEDIUM,True,12,,0 days 02:19:05.209000,False,23.2,19.0,69.0,False,2025
LEC,Ferrari,43.0,141.05,14.0,407,4.0,SOFT,False,12,,0 days 02:18:58.818000,False,23.2,19.0,69.0,False,2025
TSU,Red Bull Racing,43.0,101.64,15.0,408,2.0,MEDIUM,True,21,,,True,23.7,18.9,68.0,False,2025
NOR,McLaren,44.0,98.903,1.0,408,33.0,INTERMEDIATE,True,12,0 days 02:20:48.417000,,False,23.2,19.0,69.0,False,2025
PIA,McLaren,44.0,129.636,2.0,409,1.0,MEDIUM,True,12,,0 days 02:19:47.025000,False,23.7,18.9,68.0,False,2025
HUL,Kick Sauber,44.0,95.665,3.0,409,2.0,MEDIUM,True,12,,,True,23.7,18.9,68.0,False,2025
HAM,Ferrari,44.0,94.874,4.0,409,6.0,SOFT,False,12,,,True,23.7,18.9,68.0,False,2025
STR,Aston Martin,44.0,97.279,5.0,410,3.0,SOFT,True,12,,,True,23.7,18.9,68.0,False,2025
VER,Red Bull Racing,44.0,95.165,6.0,411,3.0,MEDIUM,True,21,,,True,23.7,18.9,68.0,False,2025
GAS,Alpine,44.0,95.699,7.0,412,3.0,MEDIUM,True,21,,,True,23.7,18.9,68.0,False,2025
ALO,Aston Martin,44.0,93.635,8.0,412,8.0,MEDIUM,False,1,,,True,23.7,18.9,68.0,False,2025
ALB,Williams,44.0,95.273,9.0,413,2.0,MEDIUM,True,1,,,True,23.7,18.9,68.0,False,2025
RUS,Mercedes,44.0,95.71,10.0,413,6.0,HARD,True,1,,,True,24.0,19.0,67.0,False,2025
BEA,Haas F1 Team,44.0,94.874,11.0,414,3.0,MEDIUM,True,1,,,True,24.0,19.0,67.0,False,2025
SAI,Williams,44.0,96.504,12.0,415,3.0,MEDIUM,True,1,,,True,24.0,19.0,67.0,False,2025
OCO,Haas F1 Team,44.0,96.001,13.0,416,2.0,MEDIUM,True,1,,,True,24.0,19.0,67.0,False,2025
LEC,Ferrari,44.0,99.076,14.0,416,5.0,SOFT,False,1,,,True,24.0,19.0,67.0,False,2025
TSU,Red Bull Racing,44.0,98.597,15.0,417,3.0,MEDIUM,True,1,,,True,24.0,19.0,67.0,False,2025
NOR,McLaren,45.0,117.948,1.0,418,1.0,MEDIUM,True,1,,0 days 02:21:16.628000,False,24.0,19.0,67.0,False,2025
PIA,McLaren,45.0,94.87,2.0,418,2.0,MEDIUM,True,1,,,True,24.0,19.0,67.0,False,2025
HUL,Kick Sauber,45.0,93.473,3.0,418,3.0,MEDIUM,True,1,,,True,24.0,19.0,67.0,False,2025
HAM,Ferrari,45.0,93.938,4.0,418,7.0,SOFT,False,1,,,True,24.0,19.1,66.0,False,2025
STR,Aston Martin,45.0,94.035,5.0,419,4.0,SOFT,True,1,,,True,24.0,19.1,66.0,False,2025
VER,Red Bull Racing,45.0,93.844,6.0,420,4.0,MEDIUM,True,1,,,True,24.0,19.1,66.0,False,2025
GAS,Alpine,45.0,93.758,7.0,421,4.0,MEDIUM,True,1,,,True,24.0,19.1,66.0,False,2025
ALO,Aston Martin,45.0,93.119,8.0,421,9.0,MEDIUM,False,1,,,True,24.0,19.1,66.0,False,2025
ALB,Williams,45.0,94.663,9.0,422,3.0,MEDIUM,True,1,,,True,24.0,19.1,66.0,False,2025
RUS,Mercedes,45.0,93.795,10.0,422,7.0,HARD,True,1,,,True,24.0,19.1,66.0,False,2025
BEA,Haas F1 Team,45.0,93.735,11.0,423,4.0,MEDIUM,True,1,,,True,24.0,19.1,66.0,False,2025
SAI,Williams,45.0,93.517,12.0,424,4.0,MEDIUM,True,1,,,True,24.0,19.1,66.0,False,2025
OCO,Haas F1 Team,45.0,92.673,13.0,425,3.0,MEDIUM,True,1,,,True,24.0,19.1,66.0,False,2025
LEC,Ferrari,45.0,93.731,14.0,425,6.0,SOFT,False,1,,,True,24.0,19.1,66.0,False,2025
TSU,Red Bull Racing,45.0,95.637,15.0,426,4.0,MEDIUM,True,1,,,True,23.8,19.1,66.0,False,2025
NOR,McLaren,46.0,91.777,1.0,427,2.0,MEDIUM,True,1,,,True,23.8,19.1,66.0,False,2025
PIA,McLaren,46.0,91.673,2.0,427,3.0,MEDIUM,True,1,,,True,23.8,19.1,66.0,False,2025
HUL,Kick Sauber,46.0,92.695,3.0,427,4.0,MEDIUM,True,1,,,True,23.8,19.1,66.0,False,2025
HAM,Ferrari,46.0,91.328,4.0,427,8.0,SOFT,False,1,,,True,23.8,19.1,66.0,False,2025
STR,Aston Martin,46.0,93.059,5.0,428,5.0,SOFT,True,1,,,True,23.8,19.1,66.0,False,2025
VER,Red Bull Racing,46.0,92.96,6.0,429,5.0,MEDIUM,True,1,,,True,23.8,19.1,66.0,False,2025
GAS,Alpine,46.0,92.701,7.0,430,5.0,MEDIUM,True,1,,,True,23.8,19.1,66.0,False,2025
ALO,Aston Martin,46.0,92.4,8.0,430,10.0,MEDIUM,False,1,,,True,23.6,19.2,67.0,False,2025
ALB,Williams,46.0,92.681,9.0,431,4.0,MEDIUM,True,1,,,True,23.6,19.2,67.0,False,2025
RUS,Mercedes,46.0,92.141,10.0,431,8.0,HARD,True,1,,,True,23.6,19.2,67.0,False,2025
BEA,Haas F1 Team,46.0,92.102,11.0,432,5.0,MEDIUM,True,1,,,True,23.6,19.2,67.0,False,2025
SAI,Williams,46.0,94.08,12.0,433,5.0,MEDIUM,True,1,,,True,23.6,19.2,67.0,False,2025
OCO,Haas F1 Team,46.0,92.56,13.0,434,4.0,MEDIUM,True,1,,,True,23.6,19.2,67.0,False,2025
LEC,Ferrari,46.0,91.961,14.0,434,7.0,SOFT,False,1,,,True,23.6,19.2,67.0,False,2025
TSU,Red Bull Racing,46.0,94.49,15.0,435,5.0,MEDIUM,True,1,,,True,23.6,19.2,67.0,False,2025
NOR,McLaren,47.0,90.035,1.0,436,3.0,MEDIUM,True,1,,,True,23.6,19.2,67.0,False,2025
PIA,McLaren,47.0,90.609,2.0,436,4.0,MEDIUM,True,1,,,True,23.6,19.2,67.0,False,2025
HUL,Kick Sauber,47.0,91.93,3.0,436,5.0,MEDIUM,True,1,,,True,23.6,19.2,67.0,False,2025
HAM,Ferrari,47.0,93.108,4.0,436,9.0,SOFT,False,1,,,True,23.6,19.2,67.0,False,2025
STR,Aston Martin,47.0,92.273,5.0,437,6.0,SOFT,True,1,,,True,23.6,19.2,67.0,False,2025
VER,Red Bull Racing,47.0,91.712,6.0,438,6.0,MEDIUM,True,1,,,True,23.6,19.2,67.0,False,2025
GAS,Alpine,47.0,91.824,7.0,439,6.0,MEDIUM,True,1,,,True,23.6,19.2,67.0,False,2025
ALO,Aston Martin,47.0,91.386,8.0,439,11.0,MEDIUM,False,1,,,True,23.6,19.2,67.0,False,2025
ALB,Williams,47.0,91.309,9.0,440,5.0,MEDIUM,True,1,,,True,23.6,19.2,67.0,False,2025
RUS,Mercedes,47.0,91.926,10.0,440,9.0,HARD,True,1,,,True,23.6,19.2,67.0,False,2025
BEA,Haas F1 Team,47.0,92.098,11.0,441,6.0,MEDIUM,True,1,,,True,23.6,19.2,67.0,False,2025
SAI,Williams,47.0,91.822,12.0,442,6.0,MEDIUM,True,1,,,True,23.6,19.2,67.0,False,2025
OCO,Haas F1 Team,47.0,91.422,13.0,443,5.0,MEDIUM,True,1,,,True,23.6,19.2,67.0,False,2025
LEC,Ferrari,47.0,91.557,14.0,443,8.0,SOFT,False,1,,,True,23.6,19.2,67.0,False,2025
TSU,Red Bull Racing,47.0,92.976,15.0,444,6.0,MEDIUM,True,1,,,True,23.6,19.2,67.0,False,2025
NOR,McLaren,48.0,89.734,1.0,445,4.0,MEDIUM,True,1,,,True,23.6,19.2,67.0,False,2025
PIA,McLaren,48.0,90.817,2.0,445,5.0,MEDIUM,True,1,,,True,23.6,19.2,67.0,False,2025
HUL,Kick Sauber,48.0,91.468,3.0,445,6.0,MEDIUM,True,1,,,True,23.6,19.2,67.0,False,2025
HAM,Ferrari,48.0,90.785,4.0,445,10.0,SOFT,False,1,,,True,23.6,19.2,67.0,False,2025
STR,Aston Martin,48.0,92.132,5.0,446,7.0,SOFT,True,1,,,True,23.6,19.2,67.0,False,2025
VER,Red Bull Racing,48.0,90.776,6.0,447,7.0,MEDIUM,True,1,,,True,23.6,19.2,67.0,False,2025
GAS,Alpine,48.0,90.751,7.0,448,7.0,MEDIUM,True,1,,,True,23.6,19.2,67.0,False,2025
ALO,Aston Martin,48.0,90.669,8.0,448,12.0,MEDIUM,False,1,,,True,23.7,19.1,67.0,False,2025
ALB,Williams,48.0,90.327,9.0,449,6.0,MEDIUM,True,1,,,True,23.7,19.1,67.0,False,2025
RUS,Mercedes,48.0,91.239,10.0,449,10.0,HARD,True,1,,,True,23.7,19.1,67.0,False,2025
BEA,Haas F1 Team,48.0,91.041,11.0,450,7.0,MEDIUM,True,1,,,True,23.7,19.1,67.0,False,2025
SAI,Williams,48.0,91.07,12.0,451,7.0,MEDIUM,True,1,,,True,23.7,19.1,67.0,False,2025
OCO,Haas F1 Team,48.0,90.823,13.0,452,6.0,MEDIUM,True,1,,,True,23.7,19.1,67.0,False,2025
LEC,Ferrari,48.0,91.274,14.0,452,9.0,SOFT,False,1,,,True,23.7,19.1,67.0,False,2025
TSU,Red Bull Racing,48.0,91.665,15.0,453,7.0,MEDIUM,True,1,,,True,24.4,19.2,68.0,False,2025
NOR,McLaren,49.0,90.235,1.0,454,5.0,MEDIUM,True,1,,,True,23.7,19.1,67.0,False,2025
PIA,McLaren,49.0,90.209,2.0,454,6.0,MEDIUM,True,1,,,True,23.7,19.1,67.0,False,2025
HUL,Kick Sauber,49.0,91.081,3.0,454,7.0,MEDIUM,True,1,,,True,24.4,19.2,68.0,False,2025
HAM,Ferrari,49.0,90.016,4.0,454,11.0,SOFT,False,1,,,True,24.4,19.2,68.0,False,2025
STR,Aston Martin,49.0,93.17,5.0,455,8.0,SOFT,True,1,,,True,24.4,19.2,68.0,False,2025
VER,Red Bull Racing,49.0,90.179,6.0,456,8.0,MEDIUM,True,1,,,True,24.4,19.2,68.0,False,2025
GAS,Alpine,49.0,90.759,7.0,457,8.0,MEDIUM,True,1,,,True,24.4,19.2,68.0,False,2025
ALO,Aston Martin,49.0,90.353,8.0,457,13.0,MEDIUM,False,1,,,True,24.4,19.2,68.0,False,2025
ALB,Williams,49.0,90.148,9.0,458,7.0,MEDIUM,True,1,,,True,24.4,19.2,68.0,False,2025
RUS,Mercedes,49.0,91.315,10.0,458,11.0,HARD,True,1,,,True,24.4,19.2,68.0,False,2025
BEA,Haas F1 Team,49.0,91.273,11.0,459,8.0,MEDIUM,True,1,,,True,24.4,19.2,68.0,False,2025
SAI,Williams,49.0,90.952,12.0,460,8.0,MEDIUM,True,1,,,True,24.4,19.2,68.0,False,2025
OCO,Haas F1 Team,49.0,90.948,13.0,461,7.0,MEDIUM,True,1,,,True,24.4,19.2,68.0,False,2025
LEC,Ferrari,49.0,91.17,14.0,461,10.0,SOFT,False,1,,,True,24.4,19.2,68.0,False,2025
TSU,Red Bull Racing,49.0,90.873,15.0,462,8.0,MEDIUM,True,1,,,True,24.4,19.3,65.0,False,2025
NOR,McLaren,50.0,89.921,1.0,463,6.0,MEDIUM,True,1,,,True,24.4,19.3,65.0,False,2025
PIA,McLaren,50.0,89.686,2.0,463,7.0,MEDIUM,True,1,,,True,24.4,19.3,65.0,False,2025
HUL,Kick Sauber,50.0,90.983,3.0,463,8.0,MEDIUM,True,1,,,True,24.4,19.3,65.0,False,2025
HAM,Ferrari,50.0,90.775,4.0,463,12.0,SOFT,False,1,,,True,24.4,19.3,65.0,False,2025
STR,Aston Martin,50.0,92.088,5.0,464,9.0,SOFT,True,1,,,True,24.4,19.3,65.0,False,2025
VER,Red Bull Racing,50.0,90.29,6.0,465,9.0,MEDIUM,True,1,,,True,24.4,19.3,65.0,False,2025
GAS,Alpine,50.0,91.002,7.0,466,9.0,MEDIUM,True,1,,,True,24.4,19.4,64.0,False,2025
ALO,Aston Martin,50.0,90.943,8.0,466,14.0,MEDIUM,False,1,,,True,24.4,19.4,64.0,False,2025
ALB,Williams,50.0,90.047,9.0,467,8.0,MEDIUM,True,1,,,True,24.4,19.4,64.0,False,2025
RUS,Mercedes,50.0,90.956,10.0,467,12.0,HARD,True,1,,,True,24.4,19.4,64.0,False,2025
BEA,Haas F1 Team,50.0,90.921,11.0,468,9.0,MEDIUM,True,1,,,True,24.4,19.4,64.0,False,2025
SAI,Williams,50.0,91.965,12.0,469,9.0,MEDIUM,True,1,,,True,24.4,19.4,64.0,False,2025
OCO,Haas F1 Team,50.0,91.216,13.0,470,8.0,MEDIUM,True,1,,,True,24.4,19.4,64.0,False,2025
LEC,Ferrari,50.0,90.819,14.0,470,11.0,SOFT,False,1,,,True,24.4,19.4,64.0,False,2025
TSU,Red Bull Racing,50.0,91.649,15.0,471,9.0,MEDIUM,True,1,,,True,24.6,19.5,65.0,False,2025
NOR,McLaren,51.0,90.269,1.0,472,7.0,MEDIUM,True,1,,,True,24.4,19.4,64.0,False,2025
PIA,McLaren,51.0,89.337,2.0,472,8.0,MEDIUM,True,1,,,True,24.4,19.4,64.0,False,2025
HUL,Kick Sauber,51.0,90.933,3.0,472,9.0,MEDIUM,True,1,,,True,24.6,19.5,65.0,False,2025
HAM,Ferrari,51.0,90.664,4.0,472,13.0,SOFT,False,1,,,True,24.6,19.5,65.0,False,2025
VER,Red Bull Racing,51.0,90.973,5.0,473,10.0,MEDIUM,True,1,,,True,24.6,19.5,65.0,False,2025
STR,Aston Martin,51.0,93.653,6.0,474,10.0,SOFT,True,1,,,True,24.6,19.5,65.0,False,2025
GAS,Alpine,51.0,91.465,7.0,475,10.0,MEDIUM,True,1,,,True,24.6,19.5,65.0,False,2025
ALO,Aston Martin,51.0,90.578,8.0,475,15.0,MEDIUM,False,1,,,True,24.6,19.5,65.0,False,2025
ALB,Williams,51.0,90.12,9.0,476,9.0,MEDIUM,True,1,,,True,24.6,19.5,65.0,False,2025
RUS,Mercedes,51.0,90.869,10.0,476,13.0,HARD,True,1,,,True,24.6,19.5,65.0,False,2025
BEA,Haas F1 Team,51.0,91.121,11.0,477,10.0,MEDIUM,True,1,,,True,24.6,19.5,65.0,False,2025
SAI,Williams,51.0,91.017,12.0,478,10.0,MEDIUM,True,1,,,True,24.6,19.5,65.0,False,2025
OCO,Haas F1 Team,51.0,91.029,13.0,479,9.0,MEDIUM,True,1,,,True,24.6,19.5,65.0,False,2025
LEC,Ferrari,51.0,91.24,14.0,479,12.0,SOFT,False,1,,,True,24.6,19.5,65.0,False,2025
TSU,Red Bull Racing,51.0,91.565,15.0,480,10.0,MEDIUM,True,1,,,True,24.6,19.5,64.0,False,2025
NOR,McLaren,52.0,90.69,1.0,481,8.0,MEDIUM,True,1,,,True,24.6,19.5,64.0,False,2025
PIA,McLaren,52.0,92.34,2.0,481,9.0,MEDIUM,True,1,,,True,24.6,19.5,64.0,False,2025
HUL,Kick Sauber,52.0,91.705,3.0,481,10.0,MEDIUM,True,1,,,True,24.6,19.5,64.0,False,2025
HAM,Ferrari,52.0,91.662,4.0,481,14.0,SOFT,False,1,,,True,24.6,19.5,64.0,False,2025
VER,Red Bull Racing,52.0,91.389,5.0,482,11.0,MEDIUM,True,1,,,True,24.3,19.6,63.0,False,2025
GAS,Alpine,52.0,91.884,6.0,483,11.0,MEDIUM,True,1,,,True,24.3,19.6,63.0,False,2025
STR,Aston Martin,52.0,93.247,7.0,484,11.0,SOFT,True,1,,,True,24.3,19.6,63.0,False,2025
ALB,Williams,52.0,90.452,8.0,485,10.0,MEDIUM,True,1,,,True,24.3,19.6,63.0,False,2025
ALO,Aston Martin,52.0,92.745,9.0,485,16.0,MEDIUM,False,1,,,True,24.3,19.6,63.0,False,2025
RUS,Mercedes,52.0,91.9,10.0,486,14.0,HARD,True,1,,,True,24.3,19.6,63.0,False,2025
BEA,Haas F1 Team,52.0,92.585,11.0,487,11.0,MEDIUM,True,1,,,True,24.3,19.6,63.0,False,2025
SAI,Williams,52.0,90.645,12.0,488,11.0,MEDIUM,True,1,,,True,24.3,19.6,63.0,False,2025
OCO,Haas F1 Team,52.0,90.818,13.0,489,10.0,MEDIUM,True,1,,,True,24.3,19.6,63.0,False,2025
LEC,Ferrari,52.0,91.629,14.0,489,13.0,SOFT,False,1,,,True,24.3,19.6,63.0,False,2025
